Image_ID,class,confidence,ymin,xmin,ymax,xmax
ID_a7m7Ky.jpg,anthracnose,0.7062525749206543,448.78997802734375,425.21630859375,2048.0,1179.1588134765625
ID_D99Mnd.jpg,healthy,0.757916271686554,241.9400634765625,996.511474609375,712.953857421875,1497.989990234375
ID_D99Mnd.jpg,healthy,0.5083733201026917,1128.294921875,1121.064697265625,2039.3154296875,1536.0
ID_D99Mnd.jpg,healthy,0.3791470527648926,0.0,643.9892578125,171.94992065429688,1158.268310546875
ID_D99Mnd.jpg,healthy,0.2882515788078308,357.80126953125,217.581787109375,1473.914306640625,987.582763671875
ID_Z7ar8k.jpg,healthy,0.7451666593551636,60.99618911743164,100.5915298461914,252.42413330078125,231.22804260253906
ID_Z7ar8k.jpg,healthy,0.642431914806366,5.252896308898926,1.7216652631759644,68.65917205810547,119.48200225830078
ID_Z7ar8k.jpg,healthy,0.61323481798172,213.03724670410156,190.36952209472656,305.3438720703125,286.3489685058594
ID_Z7ar8k.jpg,healthy,0.43793946504592896,301.0950012207031,220.85012817382812,405.3957214355469,364.3060607910156
ID_Z7ar8k.jpg,healthy,0.34735554456710815,301.5882873535156,252.3801727294922,400.8865661621094,355.0818786621094
ID_tIRab8.jpeg,healthy,0.5292128324508667,1014.8123168945312,501.8050842285156,3792.91357421875,2535.712646484375
ID_tIRab8.jpeg,healthy,0.5200125575065613,288.7652893066406,776.9517822265625,3615.13916015625,2659.736572265625
ID_tIRab8.jpeg,healthy,0.44691506028175354,5.3434062004089355,0.0,1443.33251953125,793.7557373046875
ID_tIRab8.jpeg,healthy,0.4154065251350403,13.39047908782959,0.0,1330.328857421875,574.2225952148438
ID_tIRab8.jpeg,healthy,0.378619521856308,1320.3057861328125,2516.89111328125,3919.1865234375,3024.0
ID_tIRab8.jpeg,healthy,0.3703491985797882,0.5467414259910583,373.6594543457031,1503.8656005859375,1354.6549072265625
ID_tIRab8.jpeg,healthy,0.3006327450275421,1150.037353515625,2572.323974609375,3342.943115234375,3024.0
ID_tIRab8.jpeg,healthy,0.27904221415519714,1336.8106689453125,2297.578125,3901.1513671875,3024.0
ID_tIRab8.jpeg,healthy,0.25761479139328003,0.0,0.0,1080.6971435546875,1093.2703857421875
ID_pa95hB.jpg,anthracnose,0.5295099020004272,875.47998046875,245.38623046875,1534.96484375,1677.06640625
ID_pa95hB.jpg,healthy,0.3430299460887909,702.1213989257812,50.43121337890625,1523.181396484375,408.00701904296875
ID_pa95hB.jpg,healthy,0.32211408019065857,21.26209259033203,869.2637939453125,263.783447265625,1294.7947998046875
ID_pa95hB.jpg,anthracnose,0.3048277199268341,1130.457275390625,1598.379150390625,1536.0,1953.457763671875
ID_pa95hB.jpg,anthracnose,0.30227193236351013,0.0,34.6578369140625,681.4637451171875,1071.10888671875
ID_DJdr6B.jpg,cssvd,0.2582574486732483,312.108154296875,0.0,1279.0218505859375,877.61181640625
ID_eKtHoY.jpeg,healthy,0.5700598955154419,893.7930908203125,548.1317138671875,4026.958740234375,2300.691650390625
ID_eKtHoY.jpeg,healthy,0.5383597612380981,0.0,379.4469909667969,3258.241943359375,2316.25048828125
ID_eKtHoY.jpeg,healthy,0.39592745900154114,0.0,1966.515380859375,492.4184265136719,3024.0
ID_eKtHoY.jpeg,healthy,0.384054571390152,0.0,0.0,2966.80517578125,447.7357177734375
ID_eKtHoY.jpeg,healthy,0.2945297062397003,595.590576171875,963.3560180664062,4032.0,2285.109619140625
ID_eKtHoY.jpeg,healthy,0.2758352756500244,37.13215637207031,2285.25634765625,1559.26123046875,3024.0
ID_hLLkip.jpg,healthy,0.9311623573303223,437.28485107421875,1659.9146728515625,1023.9638061523438,2036.708984375
ID_hLLkip.jpg,healthy,0.857326865196228,1194.82080078125,867.22216796875,1933.7535400390625,1327.902587890625
ID_hLLkip.jpg,healthy,0.7329883575439453,1142.4652099609375,1227.89306640625,1717.3778076171875,1852.8350830078125
ID_hLLkip.jpg,healthy,0.3857558071613312,0.0,946.6513061523438,1501.7808837890625,1581.5123291015625
ID_hLLkip.jpg,healthy,0.3572207987308502,1979.3798828125,1759.289794921875,2482.4453125,2031.705078125
ID_hLLkip.jpg,healthy,0.35432907938957214,0.05335521325469017,1735.84814453125,506.39093017578125,2429.885009765625
ID_hLLkip.jpg,healthy,0.316744863986969,2216.63134765625,2120.463623046875,2584.53076171875,2448.0
ID_eiqfRF.jpg,healthy,0.8767609000205994,696.8104858398438,685.1231689453125,2091.378662109375,1327.4591064453125
ID_eiqfRF.jpg,healthy,0.3286092281341553,973.9226684570312,1946.31298828125,1682.9759521484375,2379.44287109375
ID_eiqfRF.jpg,healthy,0.30930179357528687,761.6106567382812,0.0,1951.7947998046875,459.6234130859375
ID_VOLpYN.jpg,anthracnose,0.8785159587860107,141.486572265625,710.093017578125,1519.545654296875,2048.0
ID_VOLpYN.jpg,anthracnose,0.31856492161750793,518.40185546875,371.1710205078125,1530.852294921875,1253.782470703125
ID_VOLpYN.jpg,anthracnose,0.25454816222190857,540.387451171875,420.7279357910156,1530.630859375,923.4398193359375
ID_D7howW.jpg,2,1.0,,,,
ID_d0hoEZ.jpg,healthy,0.6705764532089233,131.29551696777344,0.0,396.92547607421875,107.02921295166016
ID_d0hoEZ.jpg,healthy,0.5678996443748474,0.2372560352087021,357.74261474609375,95.98052978515625,408.8395690917969
ID_d0hoEZ.jpg,healthy,0.5269466042518616,70.15315246582031,84.8746337890625,378.1231384277344,295.171875
ID_d0hoEZ.jpg,healthy,0.44663673639297485,86.70038604736328,30.665971755981445,394.4620361328125,184.63587951660156
ID_d0hoEZ.jpg,healthy,0.4262867867946625,110.82781982421875,0.34524059295654297,393.87957763671875,153.34300231933594
ID_d0hoEZ.jpg,healthy,0.3768959641456604,61.49269485473633,1.1511573791503906,360.2105712890625,189.34873962402344
ID_d0hoEZ.jpg,healthy,0.35417118668556213,1.9629257917404175,209.09719848632812,101.20794677734375,312.3668212890625
ID_d0hoEZ.jpg,healthy,0.3439333140850067,97.61807250976562,14.295069694519043,399.37567138671875,226.51034545898438
ID_d0hoEZ.jpg,healthy,0.2559811472892761,61.21113967895508,2.3590097427368164,295.54205322265625,169.42803955078125
ID_nGepdO.jpg,cssvd,0.5364610552787781,266.1101989746094,0.0,1080.0,637.0276489257812
ID_nGepdO.jpg,cssvd,0.3131211996078491,30.001110076904297,0.0,980.4623413085938,642.6491088867188
ID_Js3NsK.jpg,healthy,0.8180840611457825,0.0,1821.457763671875,585.9520263671875,2448.0
ID_Js3NsK.jpg,healthy,0.6079822182655334,2491.746826171875,1066.322021484375,3264.0,1472.716552734375
ID_Js3NsK.jpg,healthy,0.47828879952430725,2867.857666015625,702.2984008789062,3264.0,1117.209228515625
ID_Js3NsK.jpg,healthy,0.42708197236061096,2496.781982421875,1398.9478759765625,3039.318115234375,2050.429443359375
ID_Js3NsK.jpg,healthy,0.4012887477874756,2490.949462890625,1351.9688720703125,3264.0,2023.8118896484375
ID_Js3NsK.jpg,cssvd,0.3428211510181427,1249.2283935546875,17.403820037841797,2168.4013671875,1654.0989990234375
ID_Js3NsK.jpg,healthy,0.3110411465167999,1264.2513427734375,61.17085266113281,2156.7333984375,1614.048095703125
ID_Js3NsK.jpg,healthy,0.2876597046852112,2485.9833984375,1441.110107421875,2898.9482421875,2045.2420654296875
ID_qdfgRf.jpg,healthy,0.8706981539726257,452.9585266113281,273.7012939453125,651.388916015625,430.2394104003906
ID_qdfgRf.jpg,healthy,0.7904549241065979,518.5589599609375,419.3574523925781,760.47607421875,599.0003051757812
ID_qdfgRf.jpg,healthy,0.5950607061386108,517.0003051757812,386.63330078125,811.1239624023438,598.648193359375
ID_qdfgRf.jpg,healthy,0.4320678114891052,512.544189453125,384.976806640625,811.7753295898438,526.903564453125
ID_qdfgRf.jpg,healthy,0.3557533323764801,447.8470764160156,288.949462890625,724.082275390625,423.679931640625
ID_qdfgRf.jpg,healthy,0.3473270535469055,0.0,255.43740844726562,499.86187744140625,562.4620971679688
ID_qdfgRf.jpg,healthy,0.34261664748191833,0.0,183.15098571777344,504.0304870605469,514.594970703125
ID_qdfgRf.jpg,healthy,0.28350263833999634,744.6715698242188,267.73046875,878.8424682617188,457.3713684082031
ID_qdfgRf.jpg,healthy,0.28286853432655334,591.1015014648438,299.45355224609375,722.1790161132812,423.8061218261719
ID_FZdNUn.jpeg,healthy,0.5218746662139893,144.38661193847656,994.2810668945312,2540.656494140625,4032.0
ID_f0K6FR.jpg,cssvd,0.4466407895088196,98.20966339111328,0.0,810.0,764.7140502929688
ID_kczq4B.jpg,healthy,0.7353670001029968,885.09814453125,1230.1431884765625,3264.0,2244.180419921875
ID_kczq4B.jpg,healthy,0.5279809832572937,851.1675415039062,215.74884033203125,2969.8955078125,1274.7591552734375
ID_kczq4B.jpg,healthy,0.5088251233100891,3.953246831893921,0.0,1133.72412109375,835.0475463867188
ID_JGxJMG.jpg,cssvd,0.5783962607383728,311.42181396484375,28.253631591796875,1280.0,943.6630859375
ID_Ty8R17.jpg,cssvd,0.5411030650138855,264.5750732421875,181.67269897460938,1080.0,674.2058715820312
ID_Ty8R17.jpg,healthy,0.32808366417884827,0.0,0.0,945.7799682617188,108.04524993896484
ID_Ty8R17.jpg,healthy,0.31026560068130493,230.68907165527344,0.0,1080.0,122.15641784667969
ID_kOvqJh.jpeg,anthracnose,0.7391788363456726,769.47509765625,625.3758544921875,3024.0,2022.2357177734375
ID_kOvqJh.jpeg,anthracnose,0.39526864886283875,179.5117645263672,434.6778869628906,2830.365966796875,2200.03271484375
ID_kOvqJh.jpeg,healthy,0.2698575556278229,0.0,2332.311767578125,1483.1820068359375,2948.427490234375
ID_LeQzfF.jpeg,healthy,0.8764992356300354,144.16551208496094,1167.5784912109375,3024.0,2595.96142578125
ID_LeQzfF.jpeg,healthy,0.7154510617256165,0.0,2483.8818359375,2035.8287353515625,3383.2919921875
ID_LeQzfF.jpeg,healthy,0.48259204626083374,1670.8568115234375,2435.36865234375,3024.0,3806.487548828125
ID_LeQzfF.jpeg,anthracnose,0.31659236550331116,1586.573974609375,0.0,3010.83056640625,872.3969116210938
ID_LeQzfF.jpeg,healthy,0.3014295697212219,2346.207763671875,32.99290466308594,3022.59814453125,1330.59912109375
ID_LeQzfF.jpeg,healthy,0.2906914949417114,200.41514587402344,209.1204376220703,1023.446533203125,1136.3509521484375
ID_eA9nie.jpg,healthy,0.6677928566932678,537.6185302734375,593.51220703125,878.1698608398438,836.4367065429688
ID_eA9nie.jpg,healthy,0.5727299451828003,976.0975341796875,0.0,1279.70751953125,193.685791015625
ID_eA9nie.jpg,healthy,0.4582596719264984,847.73876953125,615.2393188476562,1187.349853515625,960.0
ID_eA9nie.jpg,anthracnose,0.35233408212661743,169.0275115966797,152.01698303222656,1207.5401611328125,707.9905395507812
ID_o2Gyy3.jpg,anthracnose,0.7721591591835022,589.8673095703125,616.3954467773438,3809.10791015625,2616.09716796875
ID_L7tNJ5.jpg,anthracnose,0.32499295473098755,3.895416259765625,105.01201629638672,1108.951904296875,629.5387573242188
ID_L7tNJ5.jpg,anthracnose,0.25699302554130554,0.0,0.0,695.611083984375,195.13351440429688
ID_K2rEzl.jpg,cssvd,0.33933109045028687,583.7841796875,1.597747802734375,1279.462158203125,393.1596374511719
ID_K2rEzl.jpg,cssvd,0.2753337621688843,660.8945922851562,0.0,1274.051025390625,295.92901611328125
ID_K2rEzl.jpg,healthy,0.2550813555717468,573.2992553710938,154.75938415527344,1277.7613525390625,731.6672973632812
ID_pVHXbj.jpeg,healthy,0.7288954257965088,971.274169921875,228.05654907226562,4032.0,2764.367431640625
ID_pVHXbj.jpeg,anthracnose,0.4377748370170593,0.0,2167.09521484375,2868.5234375,3024.0
ID_pVHXbj.jpeg,healthy,0.26637306809425354,0.0,0.0,2061.312255859375,507.6257629394531
ID_IGKW0F.jpg,cssvd,0.5410565137863159,367.73162841796875,0.0,1280.0,751.8201904296875
ID_J06bJZ.jpeg,healthy,0.34392881393432617,1338.513916015625,0.0,3721.835205078125,2849.0517578125
ID_J06bJZ.jpeg,healthy,0.2605697810649872,1889.2952880859375,0.0,3640.984130859375,3009.1328125
ID_GySyuV.jpg,anthracnose,0.703683614730835,248.8828125,226.8228759765625,2048.0,1504.325927734375
ID_GySyuV.jpg,anthracnose,0.39064428210258484,507.787353515625,455.3345947265625,2048.0,1471.3973388671875
ID_Tq3QYm.jpg,cssvd,0.324810266494751,0.0,13.067626953125,1035.3365478515625,958.9963989257812
ID_Tq3QYm.jpg,cssvd,0.2893761992454529,293.3568420410156,0.0,1261.9967041015625,814.710205078125
ID_KmYZLr.jpeg,anthracnose,0.8615545034408569,160.61557006835938,400.654052734375,3023.01025390625,2857.525634765625
ID_b0PKMq.jpg,anthracnose,0.8530391454696655,518.4386596679688,48.77235794067383,3019.012939453125,1679.621337890625
ID_WDpctT.jpg,anthracnose,0.5453709363937378,507.73345947265625,362.6579895019531,1155.0341796875,690.2055053710938
ID_WDpctT.jpg,healthy,0.45787039399147034,261.5184631347656,0.0,1145.21826171875,396.68402099609375
ID_k2LylP.jpg,anthracnose,0.6730088591575623,229.97186279296875,431.7885437011719,1898.633544921875,1172.175048828125
ID_k2LylP.jpg,anthracnose,0.2709366977214813,410.1728515625,13.6375732421875,1177.753173828125,371.35821533203125
ID_BbUwow.jpg,healthy,0.5858454704284668,220.2611846923828,1097.29248046875,501.28717041015625,1483.116455078125
ID_BbUwow.jpg,healthy,0.2954132854938507,0.0,441.0747985839844,1450.9677734375,984.3809814453125
ID_BbUwow.jpg,healthy,0.2650090157985687,44.526611328125,430.0801696777344,1413.2763671875,756.6217041015625
ID_BbUwow.jpg,healthy,0.2522262632846832,0.0,1156.0028076171875,227.13194274902344,1536.0
ID_IabbE3.jpeg,healthy,0.6459020972251892,2060.824951171875,849.5292358398438,3051.3427734375,1778.7171630859375
ID_IabbE3.jpeg,healthy,0.5043394565582275,1496.5916748046875,1494.418212890625,4032.0,3022.428466796875
ID_IabbE3.jpeg,healthy,0.3149909973144531,888.5345458984375,1635.3992919921875,4032.0,3015.55224609375
ID_Dh68Pg.jpeg,healthy,0.8693721890449524,732.4927368164062,577.3017578125,4032.0,2164.47509765625
ID_Dh68Pg.jpeg,healthy,0.7366978526115417,517.3202514648438,0.0,3571.88818359375,686.2586059570312
ID_Dh68Pg.jpeg,healthy,0.647672176361084,0.0,2298.5634765625,2093.212158203125,3024.0
ID_Dh68Pg.jpeg,healthy,0.6234453916549683,0.0,1600.407470703125,3255.0634765625,2843.981689453125
ID_Dh68Pg.jpeg,healthy,0.5305782556533813,0.0,2550.830322265625,2052.9140625,3024.0
ID_Dh68Pg.jpeg,healthy,0.4727124571800232,3282.774169921875,480.49981689453125,3911.34375,1103.1922607421875
ID_Dh68Pg.jpeg,healthy,0.3478214740753174,0.0,643.3423461914062,3489.62744140625,2152.313720703125
ID_YRcFgg.jpeg,healthy,0.25113677978515625,784.4054565429688,682.4635009765625,3024.0,2464.666259765625
ID_rV6NA8.jpg,2,1.0,,,,
ID_A16nzu.jpg,cssvd,0.44838637113571167,365.98907470703125,0.0,1280.0,960.0
ID_FIcPrm.jpeg,healthy,0.6885614395141602,1844.1837158203125,0.0,3740.576171875,2733.091552734375
ID_fPR4u5.jpg,healthy,0.5014856457710266,244.29928588867188,0.0,1090.17919921875,715.24267578125
ID_fPR4u5.jpg,healthy,0.49213936924934387,1146.5509033203125,377.3569641113281,2948.052490234375,1196.998779296875
ID_fPR4u5.jpg,healthy,0.4455493092536926,425.6732482910156,223.22703552246094,2136.119384765625,891.7943115234375
ID_fPR4u5.jpg,healthy,0.3950273394584656,431.16986083984375,187.31895446777344,2561.4638671875,823.7828979492188
ID_fPR4u5.jpg,healthy,0.32056155800819397,678.5209350585938,1067.2041015625,2763.205810546875,1603.5947265625
ID_Cj1prl.jpg,cssvd,0.4150557219982147,319.3460388183594,196.03050231933594,1280.0,729.9149780273438
ID_b3HQYb.jpg,anthracnose,0.7960353493690491,1027.2064208984375,112.91289520263672,4128.0,2650.270751953125
ID_b3HQYb.jpg,anthracnose,0.5427187085151672,1643.2310791015625,74.17510223388672,4111.5712890625,2394.30859375
ID_tKVti2.jpg,healthy,0.8427813053131104,377.76031494140625,733.3489990234375,1722.4833984375,1507.721435546875
ID_tKVti2.jpg,healthy,0.5411828756332397,2107.8583984375,116.03440856933594,3200.66455078125,912.8427734375
ID_tKVti2.jpg,healthy,0.4068903625011444,1659.552001953125,222.64056396484375,2274.467041015625,1087.247802734375
ID_tKVti2.jpg,healthy,0.25500962138175964,0.22275923192501068,1437.1229248046875,668.3983154296875,2431.530029296875
ID_tBKR7L.jpeg,anthracnose,0.33521562814712524,1020.068115234375,550.321533203125,4000.0,1789.2674560546875
ID_tBKR7L.jpeg,cssvd,0.2802881896495819,887.2509765625,513.1915283203125,3975.88427734375,1790.85400390625
ID_h8uMuy.jpg,2,1.0,,,,
ID_d7p17d.jpeg,cssvd,0.4109947681427002,773.0919189453125,10.4702787399292,4032.0,1960.4876708984375
ID_aHPQMO.jpg,anthracnose,0.8574731945991516,311.6376953125,0.0,1280.0,725.7586669921875
ID_aHPQMO.jpg,anthracnose,0.38578540086746216,0.0,587.453125,1021.6232299804688,957.329833984375
ID_rMtiJb.jpg,cssvd,0.49347883462905884,0.0,376.09588623046875,960.0,1280.0
ID_ZQfdtf.jpg,healthy,0.8197826743125916,619.055419921875,642.0472412109375,1248.878662109375,1120.7659912109375
ID_Lh0MPo.jpeg,healthy,0.6086773872375488,1843.7294921875,234.2836456298828,4029.37353515625,3024.0
ID_Lh0MPo.jpeg,healthy,0.4840880036354065,2152.5986328125,128.21051025390625,4004.044677734375,2555.8916015625
ID_Lh0MPo.jpeg,healthy,0.3840479254722595,865.1028442382812,8.311190605163574,3256.3134765625,2320.55810546875
ID_Lh0MPo.jpeg,healthy,0.3277781903743744,0.0,0.0,1376.468994140625,464.7177734375
ID_Lh0MPo.jpeg,healthy,0.2647719383239746,1.150680422782898,0.0,1457.3839111328125,625.6512451171875
ID_Lh0MPo.jpeg,healthy,0.255024790763855,0.0,2366.67431640625,1221.788330078125,3024.0
ID_E5U3se.jpeg,healthy,0.7772772908210754,1173.95361328125,130.02352905273438,4032.0,2642.4501953125
ID_E5U3se.jpeg,healthy,0.26959463953971863,1203.566162109375,826.2745361328125,4032.0,2666.74755859375
ID_VFgZyy.jpg,healthy,0.6127645373344421,164.1044921875,95.63569641113281,376.9173889160156,258.6134338378906
ID_VFgZyy.jpg,healthy,0.5576165318489075,265.0503845214844,311.7994384765625,416.0,416.0
ID_VFgZyy.jpg,healthy,0.3767157793045044,182.7449951171875,135.87225341796875,383.15008544921875,258.5760192871094
ID_rSXpAa.jpg,cssvd,0.5530878305435181,269.4422302246094,3.6698734760284424,1080.0,523.2053833007812
ID_J71gF7.jpeg,healthy,0.42288878560066223,1089.729736328125,315.73370361328125,2905.7060546875,1179.3995361328125
ID_FDAz2F.jpeg,healthy,0.47659972310066223,231.17454528808594,1023.0112915039062,570.6710205078125,1280.0
ID_JDep7x.jpg,anthracnose,0.8317133784294128,282.2056884765625,254.50294494628906,1275.1624755859375,886.2973022460938
ID_PEqgVf.jpg,healthy,0.4995805025100708,818.048583984375,618.63525390625,2392.173095703125,1161.2091064453125
ID_PEqgVf.jpg,healthy,0.2889835834503174,127.39562225341797,1033.497802734375,1388.7369384765625,1498.412109375
ID_PEqgVf.jpg,healthy,0.28891268372535706,1050.865478515625,1217.38037109375,2888.48828125,1904.3656005859375
ID_PEqgVf.jpg,anthracnose,0.2720877230167389,1924.1063232421875,681.4965209960938,3255.669677734375,1343.33349609375
ID_gS3T9S.jpeg,healthy,0.3511267900466919,225.3365478515625,0.0,3024.0,3354.9775390625
ID_IJFePk.jpeg,healthy,0.7500471472740173,1183.4296875,117.87354278564453,4000.0,1612.47412109375
ID_IJFePk.jpeg,healthy,0.5663101077079773,21.846054077148438,1069.84130859375,2560.757568359375,1788.3238525390625
ID_IJFePk.jpeg,healthy,0.4017805755138397,0.0,1189.96875,3005.0380859375,1792.1568603515625
ID_SceXBD.jpg,anthracnose,0.8444696068763733,364.219482421875,273.04638671875,2001.91650390625,1447.271728515625
ID_SceXBD.jpg,anthracnose,0.29296934604644775,426.4781494140625,376.8369140625,1815.9486083984375,1332.885009765625
ID_s2Jw6Z.jpg,healthy,0.9255658388137817,1167.5352783203125,906.0863647460938,2090.939453125,1430.4063720703125
ID_s2Jw6Z.jpg,healthy,0.5482542514801025,2391.345947265625,828.509521484375,3133.452392578125,1856.8341064453125
ID_s2Jw6Z.jpg,anthracnose,0.3513391613960266,0.0,1534.7635498046875,2147.969482421875,2448.0
ID_k2Xu3Z.jpeg,healthy,0.8013197183609009,1006.1729736328125,518.2164306640625,4032.0,2650.792236328125
ID_k2Xu3Z.jpeg,healthy,0.4163907766342163,0.6146935820579529,1896.68310546875,956.680419921875,3024.0
ID_k2Xu3Z.jpeg,anthracnose,0.3880046010017395,0.0,0.0,936.5198974609375,961.7528686523438
ID_k2Xu3Z.jpeg,healthy,0.3410605490207672,213.60287475585938,442.798095703125,3781.177001953125,2733.9912109375
ID_k2Xu3Z.jpeg,anthracnose,0.2553649842739105,0.9454421401023865,8.777663230895996,867.3705444335938,1337.1202392578125
ID_xK8ICq.jpeg,anthracnose,0.4178873896598816,370.36627197265625,0.0,3857.2236328125,2438.641845703125
ID_jDY3MR.jpeg,anthracnose,0.45764344930648804,1153.295166015625,217.5843505859375,4032.0,2781.846435546875
ID_BbuHsd.jpeg,anthracnose,0.8150251507759094,1423.52880859375,156.69754028320312,4025.443115234375,2919.960693359375
ID_UZmHfH.JPG,healthy,0.8989117741584778,1201.98583984375,425.3099365234375,1885.3778076171875,1129.1529541015625
ID_UZmHfH.JPG,healthy,0.524757981300354,1046.3077392578125,1375.6600341796875,1538.927490234375,1676.3134765625
ID_UZmHfH.JPG,healthy,0.4719110131263733,1688.4454345703125,1380.7666015625,2125.303955078125,1726.992431640625
ID_UZmHfH.JPG,healthy,0.3024909496307373,20.166423797607422,890.92236328125,1528.95458984375,1499.6329345703125
ID_UZmHfH.JPG,healthy,0.288694828748703,1661.767333984375,719.7805786132812,2242.5107421875,1217.5975341796875
ID_aRAs2F.jpeg,healthy,0.9054000973701477,77.23714447021484,757.3078002929688,2970.623046875,2099.8720703125
ID_aRAs2F.jpeg,healthy,0.8388243317604065,162.17745971679688,2105.215576171875,3024.0,3660.65673828125
ID_YGrcG9.jpg,anthracnose,0.7754631042480469,512.1333618164062,189.310546875,2048.0,1510.66455078125
ID_YGrcG9.jpg,anthracnose,0.28505051136016846,697.910400390625,489.5308837890625,2048.0,1457.1669921875
ID_O3ydPh.jpg,cssvd,0.43246033787727356,264.8567199707031,0.0,1080.0,619.8935546875
ID_tH76LR.jpg,healthy,0.3772750794887543,9.104349136352539,0.2835369110107422,232.87774658203125,165.56077575683594
ID_tH76LR.jpg,healthy,0.35145947337150574,174.18775939941406,305.9050598144531,249.93544006347656,383.2458801269531
ID_tH76LR.jpg,healthy,0.3038908839225769,57.34764862060547,34.525299072265625,400.3951110839844,285.3636779785156
ID_alEQ0h.jpeg,anthracnose,0.4564725458621979,706.6755981445312,330.331298828125,3706.787841796875,1735.9342041015625
ID_alEQ0h.jpeg,healthy,0.3679906725883484,568.714599609375,329.2016906738281,3695.7529296875,1713.2559814453125
ID_d6gpj1.jpg,cssvd,0.36017969250679016,263.2098083496094,0.0,1080.0,696.3280639648438
ID_VQKJAq.jpg,healthy,0.45572367310523987,438.148193359375,528.012939453125,1668.873046875,1136.19873046875
ID_VQKJAq.jpg,healthy,0.3815726041793823,0.0,1003.0879516601562,209.84339904785156,1512.75
ID_fFDUnh.jpg,cssvd,0.2886209487915039,235.882568359375,32.087825775146484,1080.0,542.6581420898438
ID_Be0vKo.jpg,anthracnose,0.5692872405052185,392.51983642578125,229.09616088867188,1982.143798828125,1052.11328125
ID_Be0vKo.jpg,anthracnose,0.48885002732276917,201.0364990234375,1023.54052734375,1228.8482666015625,1491.097412109375
ID_Be0vKo.jpg,anthracnose,0.3883654475212097,365.4794921875,0.0,1590.170654296875,307.71575927734375
ID_Be0vKo.jpg,healthy,0.28041785955429077,1807.4443359375,68.6673583984375,2016.1923828125,338.77728271484375
ID_p9vAO2.jpg,cssvd,0.4441763162612915,6.75260066986084,260.0532531738281,810.0,1080.0
ID_f3L3v3.jpeg,anthracnose,0.5703627467155457,225.88455200195312,43.47869873046875,1102.2838134765625,453.5107727050781
ID_ynZOCB.jpeg,anthracnose,0.862718403339386,1041.571533203125,189.7448272705078,3842.289306640625,1294.1629638671875
ID_ynZOCB.jpeg,anthracnose,0.32639074325561523,1148.5902099609375,196.8428955078125,3763.35791015625,907.1292724609375
ID_teJw25.jpeg,cssvd,0.4807263910770416,995.7351684570312,258.3842468261719,4016.7255859375,2587.990234375
ID_L6bLmM.jpeg,healthy,0.6038137674331665,977.649169921875,375.630615234375,4032.0,2809.67822265625
ID_nfIFMI.jpg,healthy,0.3800385892391205,349.7847900390625,1088.564208984375,641.4522705078125,1346.967529296875
ID_ePqLr4.jpg,cssvd,0.4824277460575104,162.34848022460938,0.0,934.9586181640625,867.8211669921875
ID_ePqLr4.jpg,cssvd,0.3577493131160736,15.360107421875,315.83843994140625,960.0,1280.0
ID_CcIssk.jpg,healthy,0.49285611510276794,2799.62646484375,1749.1405029296875,3264.0,2339.10107421875
ID_CcIssk.jpg,healthy,0.3842421770095825,2159.351806640625,2031.824951171875,2792.4052734375,2426.05078125
ID_oE9rtC.jpg,anthracnose,0.7619573473930359,335.2467346191406,271.9692077636719,1252.6502685546875,664.4691162109375
ID_GbKeZt.jpg,cssvd,0.5073925852775574,314.16619873046875,5.249683856964111,1080.0,550.3911743164062
ID_zP9dHg.jpg,healthy,0.6769708395004272,0.9227971434593201,1028.2705078125,739.8616333007812,1774.1617431640625
ID_zP9dHg.jpg,healthy,0.5019180178642273,2079.472412109375,14.572247505187988,2587.189208984375,518.4387817382812
ID_zP9dHg.jpg,healthy,0.4855591952800751,1339.474853515625,0.0,2049.551513671875,484.5789794921875
ID_zP9dHg.jpg,healthy,0.47574350237846375,512.2999267578125,608.1331176757812,1578.26806640625,1260.590087890625
ID_zP9dHg.jpg,healthy,0.44981881976127625,0.0,1716.37060546875,1589.571044921875,2448.0
ID_zP9dHg.jpg,healthy,0.28857484459877014,353.70880126953125,0.3678932189941406,2049.56689453125,572.6281127929688
ID_zP9dHg.jpg,healthy,0.2729954421520233,506.805908203125,1121.3126220703125,1415.9056396484375,1582.4794921875
ID_CsD8EL.jpg,anthracnose,0.9007412791252136,326.66229248046875,73.12026977539062,1278.1158447265625,821.3616943359375
ID_CsD8EL.jpg,anthracnose,0.39820072054862976,0.0,58.654632568359375,1035.1546630859375,802.3367309570312
ID_CsD8EL.jpg,anthracnose,0.38356465101242065,373.9903259277344,648.7869262695312,1277.7108154296875,955.8917236328125
ID_gChBxR.jpg,healthy,0.5826067924499512,109.1085205078125,29.387340545654297,407.8740539550781,216.30714416503906
ID_gChBxR.jpg,healthy,0.572330892086029,125.1927490234375,0.0,347.6432800292969,64.65074157714844
ID_LoiG9j.jpg,healthy,0.6223841309547424,84.99754333496094,3.1864118576049805,257.528076171875,129.3329315185547
ID_LoiG9j.jpg,healthy,0.4197349548339844,153.61810302734375,195.8361053466797,409.0298767089844,369.3257751464844
ID_mGappw.jpg,anthracnose,0.8745124936103821,313.27606201171875,75.06149291992188,1280.0,859.4553833007812
ID_mGappw.jpg,anthracnose,0.27573466300964355,814.8324584960938,709.7906494140625,1278.3870849609375,959.5797729492188
ID_mGappw.jpg,anthracnose,0.2578219473361969,35.57807922363281,57.54981994628906,1161.595947265625,865.7421264648438
ID_roZ2bL.jpeg,cssvd,0.45829880237579346,977.894775390625,432.8380126953125,4032.0,2780.7841796875
ID_kFZBmo.jpg,healthy,0.5839005708694458,658.4854736328125,863.3792114257812,2977.9013671875,2084.341552734375
ID_kFZBmo.jpg,healthy,0.25995883345603943,1673.6339111328125,1945.0352783203125,2218.500244140625,2443.611328125
ID_oagAcI.jpg,cssvd,0.4894525706768036,274.2507019042969,245.1269073486328,1080.0,718.15478515625
ID_oagAcI.jpg,cssvd,0.25575733184814453,48.024330139160156,601.6011352539062,936.4644165039062,810.0
ID_R6m9LT.jpg,healthy,0.5550063252449036,41.52419662475586,128.28904724121094,390.2730407714844,300.2228698730469
ID_R6m9LT.jpg,healthy,0.5089708566665649,78.50691986083984,161.5230712890625,416.0,297.4625549316406
ID_R6m9LT.jpg,healthy,0.4597361981868744,82.0509033203125,263.41552734375,140.87939453125,409.05377197265625
ID_R6m9LT.jpg,healthy,0.41888877749443054,104.63253021240234,12.403047561645508,275.76495361328125,161.97731018066406
ID_R6m9LT.jpg,healthy,0.2863697409629822,0.0,334.4052429199219,159.69522094726562,416.0
ID_R6m9LT.jpg,healthy,0.2630007266998291,0.0,369.4752502441406,189.34683227539062,416.0
ID_Cisrab.jpeg,anthracnose,0.7497135996818542,633.4432373046875,384.8345947265625,3712.696044921875,2398.2021484375
ID_DtvCD1.jpeg,healthy,0.7664859890937805,981.72607421875,720.296875,4032.0,2779.55859375
ID_DtvCD1.jpeg,healthy,0.5785580277442932,348.2760009765625,457.68194580078125,3911.4609375,2812.32373046875
ID_DtvCD1.jpeg,healthy,0.5645687580108643,0.0,0.0,2263.613525390625,913.21826171875
ID_DtvCD1.jpeg,healthy,0.3156794607639313,11.587794303894043,0.0,2458.618408203125,681.911865234375
ID_DtvCD1.jpeg,healthy,0.2550380825996399,827.0869140625,1160.8917236328125,4032.0,2647.900634765625
ID_QZECWO.jpeg,healthy,0.5096140503883362,847.72021484375,0.0,4000.0,1604.6741943359375
ID_QZECWO.jpeg,anthracnose,0.31943002343177795,1357.856689453125,0.0,4000.0,1627.4923095703125
ID_wRy96J.jpg,cssvd,0.5994423627853394,143.84178161621094,297.2010803222656,960.0,1280.0
ID_KPndE7.jpg,cssvd,0.5806777477264404,267.6416320800781,4.930522441864014,1080.0,490.9737243652344
ID_CEnc58.jpeg,healthy,0.7509358525276184,440.04803466796875,889.7550048828125,2967.888671875,2045.5743408203125
ID_CEnc58.jpeg,healthy,0.5730231404304504,452.75,291.13885498046875,2429.34033203125,1088.4888916015625
ID_CEnc58.jpeg,healthy,0.5116483569145203,288.8818359375,0.0,2296.401123046875,596.392578125
ID_CEnc58.jpeg,healthy,0.29854968190193176,466.04248046875,379.7607116699219,2101.14111328125,1137.5450439453125
ID_CEnc58.jpeg,healthy,0.26046404242515564,367.2033386230469,0.43685242533683777,2331.84033203125,860.986572265625
ID_ZQ6oNQ.jpeg,healthy,0.5797223448753357,988.9574584960938,0.0,4032.0,2414.012451171875
ID_ZQ6oNQ.jpeg,healthy,0.2863050401210785,1520.3095703125,2567.4521484375,2860.633056640625,3024.0
ID_ZxQNwN.jpeg,anthracnose,0.46471038460731506,694.6784057617188,956.6039428710938,2590.837158203125,4032.0
ID_ZurP0w.jpg,healthy,0.47330787777900696,381.3896789550781,316.17901611328125,1903.740478515625,893.0596923828125
ID_ZurP0w.jpg,healthy,0.4626573920249939,331.7351989746094,679.2765502929688,2839.081787109375,1704.4993896484375
ID_ynSfDY.jpg,cssvd,0.2767023742198944,520.2255249023438,0.0,1072.668212890625,673.5615844726562
ID_UptcTn.jpg,anthracnose,0.7741573452949524,1003.3916625976562,608.3811645507812,3264.0,1965.6007080078125
ID_UptcTn.jpg,healthy,0.6788596510887146,1692.4609375,0.0,3054.65869140625,486.5054016113281
ID_UptcTn.jpg,healthy,0.4942176938056946,432.1340637207031,615.1349487304688,958.7466430664062,1218.3515625
ID_UptcTn.jpg,healthy,0.3194253146648407,616.4476928710938,74.819091796875,1280.3330078125,601.122314453125
ID_WdNm5h.jpeg,healthy,0.5158604383468628,1661.543212890625,0.0,3024.0,487.3542175292969
ID_WdNm5h.jpeg,healthy,0.3819989264011383,618.555908203125,458.0467834472656,2334.51708984375,3763.6806640625
ID_YhSvIO.jpg,anthracnose,0.8632379770278931,513.877197265625,44.548095703125,2040.59716796875,1185.615478515625
ID_nzhupC.jpg,anthracnose,0.691847562789917,1773.904541015625,25.558971405029297,4128.0,2570.3447265625
ID_nzhupC.jpg,anthracnose,0.3997487723827362,2151.85302734375,261.0263977050781,4120.513671875,2371.5107421875
ID_sUfpAn.jpg,healthy,0.2559438645839691,112.18856811523438,217.3750457763672,1142.7891845703125,715.166015625
ID_J0i3Jb.jpg,anthracnose,0.9068880081176758,319.7520446777344,292.0289611816406,1280.0,886.8600463867188
ID_J0i3Jb.jpg,anthracnose,0.6006342172622681,276.6023254394531,4.5584869384765625,1161.2230224609375,403.6753845214844
ID_LdnKe8.jpg,anthracnose,0.43828141689300537,278.9179382324219,687.8028564453125,731.1328735351562,958.509033203125
ID_LdnKe8.jpg,anthracnose,0.3471987545490265,511.0682678222656,36.051025390625,1280.0,806.08740234375
ID_LdnKe8.jpg,anthracnose,0.32269835472106934,478.60296630859375,450.1062316894531,828.5555419921875,890.8731079101562
ID_LdnKe8.jpg,anthracnose,0.2586352825164795,76.51351928710938,0.0,795.4733276367188,159.46673583984375
ID_ho5pCV.jpeg,healthy,0.7182292938232422,274.1087646484375,999.812255859375,3521.59130859375,2256.57373046875
ID_ho5pCV.jpeg,healthy,0.4346650540828705,250.3482208251953,263.46630859375,2901.8056640625,1507.6309814453125
ID_ho5pCV.jpeg,healthy,0.30826613306999207,0.0,1278.7532958984375,3203.149658203125,2284.1123046875
ID_ho5pCV.jpeg,healthy,0.27226322889328003,814.6671142578125,2161.210205078125,1628.4609375,2994.57958984375
ID_ho5pCV.jpeg,healthy,0.2550308108329773,0.0,546.5045166015625,3317.88232421875,1568.1444091796875
ID_ho5pCV.jpeg,healthy,0.2519424259662628,428.4453430175781,227.38291931152344,2618.42919921875,1323.0770263671875
ID_XwcCdA.jpg,cssvd,0.4363781809806824,155.0086212158203,254.11712646484375,810.0,1080.0
ID_XwcCdA.jpg,cssvd,0.2613300085067749,206.2398223876953,0.0,796.4120483398438,781.5574951171875
ID_ZYbA7d.jpg,anthracnose,0.6703914403915405,538.0997924804688,189.5401611328125,1985.619873046875,1479.6409912109375
ID_ZYbA7d.jpg,anthracnose,0.3902815282344818,0.0,265.167724609375,1650.0458984375,1482.3314208984375
ID_ZYbA7d.jpg,anthracnose,0.32372546195983887,2.31640625,1.47357177734375,1238.99365234375,337.75238037109375
ID_mJsjdn.jpeg,healthy,0.7030240297317505,0.10364055633544922,2537.579345703125,1677.57568359375,3024.0
ID_mJsjdn.jpeg,healthy,0.583069920539856,11.528434753417969,2693.527587890625,1599.283203125,3024.0
ID_mJsjdn.jpeg,healthy,0.4213467240333557,643.567138671875,444.399169921875,3024.0,2273.97119140625
ID_mJsjdn.jpeg,cssvd,0.36169859766960144,650.6244506835938,399.28704833984375,3024.0,2236.0888671875
ID_mJsjdn.jpeg,healthy,0.25413283705711365,736.0243530273438,918.6712646484375,3024.0,2190.839599609375
ID_kDt6VL.jpg,healthy,0.7657095193862915,359.2626037597656,281.656494140625,1193.666015625,564.4013061523438
ID_UbtyYv.jpg,cssvd,0.2565416395664215,204.14498901367188,139.5331573486328,1080.0,641.364501953125
ID_yYEvdD.jpg,anthracnose,0.8724340796470642,316.7216491699219,158.9110565185547,1280.0,940.4498291015625
ID_XeuIbQ.jpg,cssvd,0.36177903413772583,308.6158752441406,35.659637451171875,1280.0,881.4799194335938
ID_hj1Gx1.jpeg,healthy,0.49861660599708557,312.2496032714844,25.75246810913086,694.7124633789062,263.75042724609375
ID_hj1Gx1.jpeg,healthy,0.4789159893989563,166.3549041748047,114.6316909790039,974.092529296875,470.5073547363281
ID_hj1Gx1.jpeg,healthy,0.41076692938804626,106.59393310546875,85.55862426757812,838.2316284179688,497.0805969238281
ID_hj1Gx1.jpeg,healthy,0.2862530052661896,761.2974243164062,1.3060379028320312,1147.716552734375,186.81887817382812
ID_qpvWGX.jpg,anthracnose,0.570019543170929,1610.6558837890625,1914.69677734375,2897.73974609375,2447.320068359375
ID_qpvWGX.jpg,anthracnose,0.4683017134666443,981.6640014648438,353.13623046875,2585.99462890625,1987.9237060546875
ID_qpvWGX.jpg,anthracnose,0.3345761299133301,1641.5733642578125,212.33128356933594,2493.22021484375,982.1447143554688
ID_qpvWGX.jpg,healthy,0.32866570353507996,2255.9736328125,107.9076156616211,3197.08154296875,711.2915649414062
ID_qpvWGX.jpg,anthracnose,0.3143964111804962,1023.6767578125,326.46484375,2193.95458984375,2156.46875
ID_qpvWGX.jpg,anthracnose,0.27782249450683594,938.8615112304688,1993.3426513671875,2648.770751953125,2447.563720703125
ID_LyDLFt.jpg,anthracnose,0.2905726134777069,69.869140625,630.64501953125,1507.7626953125,1221.51025390625
ID_LyDLFt.jpg,cssvd,0.26206427812576294,104.0960693359375,635.840576171875,1501.2926025390625,1241.3076171875
ID_UVK5Xv.jpg,anthracnose,0.5452955961227417,314.16595458984375,23.210012435913086,1077.114013671875,633.9593505859375
ID_UVK5Xv.jpg,healthy,0.40226754546165466,224.0323944091797,504.3131408691406,999.8697509765625,808.09228515625
ID_UVK5Xv.jpg,healthy,0.34320738911628723,265.63482666015625,84.90322875976562,1078.9827880859375,605.5845336914062
ID_UVK5Xv.jpg,cssvd,0.32114577293395996,233.90151977539062,5.588414669036865,1067.8936767578125,600.90966796875
ID_JVGGHr.jpg,2,1.0,,,,
ID_eMuJcQ.jpeg,anthracnose,0.516091525554657,205.50830078125,0.0,1161.864501953125,576.0
ID_eMuJcQ.jpeg,anthracnose,0.4252972900867462,410.71319580078125,0.0,1267.3265380859375,573.7980346679688
ID_eMuJcQ.jpeg,anthracnose,0.276934951543808,0.0,0.8126449584960938,614.322021484375,576.0
ID_a0srv9.jpg,anthracnose,0.5609257221221924,425.11956787109375,781.7471923828125,2389.3427734375,2424.404541015625
ID_MpkZzo.jpeg,anthracnose,0.5836145281791687,641.4968872070312,0.06780052185058594,3233.5380859375,1245.5523681640625
ID_MpkZzo.jpeg,anthracnose,0.3283381462097168,15.549372673034668,5.189998626708984,2814.05517578125,1194.2784423828125
ID_jfZVfE.jpg,healthy,0.6457942128181458,1396.6231689453125,572.4044799804688,2959.631103515625,1384.8455810546875
ID_FHV9TQ.jpg,anthracnose,0.7541323304176331,1493.7469482421875,886.3843383789062,3933.838134765625,2465.658447265625
ID_FHV9TQ.jpg,anthracnose,0.6474820375442505,2.844806671142578,1282.9222412109375,1500.346923828125,2659.580322265625
ID_FHV9TQ.jpg,anthracnose,0.48609504103660583,1025.6278076171875,2384.966064453125,3756.401611328125,3096.0
ID_FHV9TQ.jpg,anthracnose,0.4809340834617615,738.4047241210938,2101.1005859375,3975.898681640625,3096.0
ID_rPGfuC.jpg,anthracnose,0.2843269109725952,35.53776931762695,34.40081024169922,917.2596435546875,795.1974487304688
ID_xPZf5p.jpg,anthracnose,0.7307674288749695,327.0710754394531,261.474365234375,1280.0,760.1917114257812
ID_xPZf5p.jpg,anthracnose,0.36617588996887207,76.41799926757812,254.9225616455078,1191.627197265625,790.2457275390625
ID_DHCirx.jpg,anthracnose,0.7860184907913208,569.793701171875,190.521240234375,2005.054931640625,1312.032958984375
ID_jaeOlD.jpg,healthy,0.5073863863945007,20.125864028930664,126.36016082763672,322.2749938964844,332.38226318359375
ID_jaeOlD.jpg,healthy,0.34870192408561707,0.0,246.46197509765625,281.29132080078125,408.1903991699219
ID_jaeOlD.jpg,healthy,0.281561017036438,18.596660614013672,14.202855110168457,100.38908386230469,201.91432189941406
ID_rnaFA7.jpg,healthy,0.7288357615470886,81.64163970947266,1.0628976821899414,199.77992248535156,148.99266052246094
ID_rnaFA7.jpg,healthy,0.6216349601745605,72.27581024169922,83.80933380126953,399.4874572753906,284.22412109375
ID_rnaFA7.jpg,healthy,0.599032461643219,214.36203002929688,5.224765777587891,289.99951171875,94.20925903320312
ID_rnaFA7.jpg,healthy,0.549736738204956,4.9813232421875,115.83457946777344,59.52309799194336,188.20167541503906
ID_rnaFA7.jpg,healthy,0.49991750717163086,82.66954803466797,0.0,179.79928588867188,122.90898132324219
ID_rnaFA7.jpg,healthy,0.46186792850494385,19.820581436157227,274.4651184082031,82.90753173828125,359.668212890625
ID_rnaFA7.jpg,healthy,0.34517547488212585,211.93821716308594,0.0,313.6094055175781,90.94938659667969
ID_rnaFA7.jpg,healthy,0.3358894884586334,4.415247440338135,100.5791015625,85.31843566894531,187.83045959472656
ID_rnaFA7.jpg,healthy,0.32180696725845337,16.52178382873535,207.70907592773438,84.2670669555664,279.6701965332031
ID_rnaFA7.jpg,healthy,0.2731238901615143,277.787353515625,5.405202865600586,346.6255187988281,95.1041030883789
ID_rnaFA7.jpg,healthy,0.27041900157928467,90.51375579833984,0.0,209.5806121826172,107.8756103515625
ID_akSgp1.jpg,healthy,0.47872158885002136,649.3118286132812,579.2405395507812,894.1317138671875,809.4373779296875
ID_akSgp1.jpg,cssvd,0.38484540581703186,0.0,0.0,856.3565673828125,467.17572021484375
ID_CWDQS2.jpeg,healthy,0.3171532452106476,431.2846984863281,812.6969604492188,567.8426513671875,978.6072998046875
ID_CWDQS2.jpeg,healthy,0.30011990666389465,397.6848449707031,123.53902435302734,494.0762939453125,208.3474884033203
ID_i0dF6K.jpeg,healthy,0.8044895529747009,979.9611206054688,457.29046630859375,4032.0,2663.34619140625
ID_i0dF6K.jpeg,healthy,0.4381193518638611,0.0,2064.388427734375,2431.11865234375,3024.0
ID_i0dF6K.jpeg,healthy,0.3617565929889679,0.0,2644.173828125,2501.696533203125,3024.0
ID_i0dF6K.jpeg,healthy,0.3051026463508606,0.0,2507.950439453125,2337.221923828125,3024.0
ID_i0dF6K.jpeg,healthy,0.30219531059265137,220.01644897460938,339.530517578125,3779.477294921875,2672.78173828125
ID_ORZ9Bi.jpg,healthy,0.5179670453071594,102.24239349365234,128.98777770996094,359.5945739746094,312.9672546386719
ID_ORZ9Bi.jpg,healthy,0.38813716173171997,202.22125244140625,368.91943359375,415.41094970703125,416.0
ID_ORZ9Bi.jpg,healthy,0.30950772762298584,127.84320831298828,0.754094123840332,250.85716247558594,132.27357482910156
ID_hcfuoO.JPG,anthracnose,0.7995089888572693,596.1340942382812,823.9080200195312,2756.182861328125,1825.6973876953125
ID_fMnZ1J.jpg,anthracnose,0.7414615154266357,0.0,1741.984619140625,1255.2117919921875,2508.962890625
ID_fMnZ1J.jpg,anthracnose,0.46458181738853455,783.2000732421875,330.4353942871094,2159.766357421875,1035.0238037109375
ID_fMnZ1J.jpg,healthy,0.4382909834384918,0.8347635269165039,298.85400390625,628.7579956054688,856.3966064453125
ID_fMnZ1J.jpg,anthracnose,0.4116300046443939,0.0,1741.333251953125,1262.6029052734375,2974.749755859375
ID_fMnZ1J.jpg,healthy,0.40864089131355286,360.3753356933594,809.1165771484375,759.8971557617188,1440.6439208984375
ID_fMnZ1J.jpg,healthy,0.35960260033607483,787.6455688476562,325.53265380859375,2169.339599609375,1012.2305297851562
ID_fMnZ1J.jpg,anthracnose,0.3056207597255707,0.0,2846.25146484375,1036.0404052734375,3264.0
ID_fMnZ1J.jpg,anthracnose,0.27975404262542725,6.282978057861328,2345.701171875,1292.1800537109375,3261.146728515625
ID_J6zS4O.jpg,cssvd,0.48316776752471924,0.0,57.387001037597656,834.485595703125,650.6427001953125
ID_GbRUYX.jpg,anthracnose,0.7915267944335938,286.7478942871094,0.0,1280.0,795.7437133789062
ID_J1dy6E.jpg,healthy,0.4545122981071472,716.368408203125,248.6558837890625,1768.833251953125,1038.365478515625
ID_J1dy6E.jpg,healthy,0.4510205090045929,752.782470703125,949.3416748046875,1903.54541015625,1523.9298095703125
ID_J1dy6E.jpg,cssvd,0.3874274492263794,756.0999755859375,950.7622680664062,1936.8480224609375,1524.95556640625
ID_J1dy6E.jpg,healthy,0.28874725103378296,0.75079345703125,437.3470458984375,487.44879150390625,1179.9349365234375
ID_J1dy6E.jpg,cssvd,0.28668126463890076,386.0811767578125,1140.342529296875,984.0445556640625,1535.960205078125
ID_J1dy6E.jpg,healthy,0.27222245931625366,390.062744140625,1138.97216796875,875.8994140625,1536.0
ID_QSdkq6.jpeg,anthracnose,0.4516717195510864,232.16812133789062,24.777259826660156,1184.02783203125,530.1263427734375
ID_QSdkq6.jpeg,cssvd,0.27429357171058655,278.0029296875,25.74554443359375,1192.9176025390625,499.31280517578125
ID_QSdkq6.jpeg,healthy,0.26698926091194153,230.22471618652344,26.52538299560547,1189.26708984375,496.5074157714844
ID_UuSzzb.jpg,healthy,0.5562766194343567,300.3162536621094,327.8353576660156,1304.5762939453125,822.2930908203125
ID_UuSzzb.jpg,cssvd,0.3156318664550781,0.0,42.35845947265625,863.0234375,567.7809448242188
ID_HGfxsz.jpeg,anthracnose,0.7816958427429199,1316.65625,254.67433166503906,3992.403564453125,1720.4100341796875
ID_HGfxsz.jpeg,anthracnose,0.4564843773841858,0.0,1945.0291748046875,1847.265869140625,3017.46142578125
ID_HGfxsz.jpeg,anthracnose,0.326036274433136,0.0,2226.447021484375,1634.981201171875,3024.0
ID_HGfxsz.jpeg,anthracnose,0.25973403453826904,1029.069091796875,534.0947875976562,3961.965087890625,1643.516357421875
ID_gC2mtl.jpg,healthy,0.5232400298118591,54.060359954833984,1813.163330078125,1440.7734375,2448.0
ID_gC2mtl.jpg,healthy,0.3151136636734009,1132.158203125,788.5287475585938,2791.51171875,1630.45947265625
ID_ukOBhq.jpg,anthracnose,0.8284769058227539,597.65185546875,205.2379150390625,2048.0,1367.59814453125
ID_Z5E5sR.jpeg,anthracnose,0.8101547360420227,1064.689697265625,0.0,3008.4384765625,2873.90380859375
ID_JsIHyJ.JPG,anthracnose,0.5369669198989868,1076.8037109375,332.1767883300781,3043.42626953125,1902.322021484375
ID_JsIHyJ.JPG,healthy,0.26226484775543213,175.6903076171875,2054.302490234375,1774.5421142578125,2448.0
ID_agrzCp.jpg,healthy,0.6005318760871887,778.4706420898438,270.2886657714844,969.4200439453125,470.3544616699219
ID_agrzCp.jpg,healthy,0.45544227957725525,265.318603515625,295.65618896484375,520.9548950195312,459.29010009765625
ID_tFoMZj.jpeg,healthy,0.6207862496376038,753.8355712890625,1186.882568359375,3024.0,3166.54541015625
ID_cTL3Ur.jpg,healthy,0.46385785937309265,1000.7977294921875,110.78312683105469,2026.2750244140625,750.7511596679688
ID_cTL3Ur.jpg,healthy,0.3349035382270813,1990.2547607421875,0.0,2630.99755859375,407.3697509765625
ID_zuELGh.jpg,cssvd,0.5484344959259033,1128.341064453125,357.61480712890625,3264.0,1637.5897216796875
ID_ktdjLR.jpeg,anthracnose,0.4516547918319702,500.2094421386719,642.965576171875,1725.4798583984375,2380.346435546875
ID_ktdjLR.jpeg,anthracnose,0.4201681613922119,2.3369789123535156,1868.6025390625,957.99169921875,2493.25732421875
ID_ktdjLR.jpeg,anthracnose,0.25007501244544983,391.5085754394531,3355.86767578125,1114.806396484375,3991.24609375
ID_TSMqUn.jpeg,healthy,0.33138400316238403,622.4498901367188,464.82745361328125,3017.784912109375,3861.32373046875
ID_TSMqUn.jpeg,healthy,0.2584894001483917,1819.996826171875,1242.076904296875,3024.0,4032.0
ID_dyozg8.JPG,cssvd,0.3760557472705841,943.8023071289062,0.0,3264.0,2448.0
ID_GdW3ec.jpg,anthracnose,0.8359910249710083,518.1481323242188,470.2307434082031,2048.0,1488.5078125
ID_GdW3ec.jpg,healthy,0.5333889722824097,1207.126953125,56.55047607421875,2023.835205078125,506.32244873046875
ID_GdW3ec.jpg,healthy,0.3413338363170624,414.5252990722656,20.12384033203125,715.3919677734375,410.4754638671875
ID_plGfpU.jpg,anthracnose,0.3145873546600342,1060.05810546875,12.188529968261719,3209.769287109375,1839.6951904296875
ID_MkwSuG.jpg,cssvd,0.5706070065498352,9.843729019165039,254.83282470703125,721.7808227539062,1080.0
ID_MkwSuG.jpg,cssvd,0.2656363844871521,0.0,85.84953308105469,804.1935424804688,1011.0905151367188
ID_T79DbJ.jpg,cssvd,0.5063135027885437,264.57373046875,0.0,1080.0,656.4862060546875
ID_M3dc17.jpg,cssvd,0.6211175918579102,50.06645202636719,298.0085754394531,886.6796875,1280.0
ID_M3dc17.jpg,cssvd,0.3243338465690613,119.4384765625,0.0,905.1572875976562,930.1882934570312
ID_Vbc7tX.JPG,healthy,0.5371306538581848,808.00439453125,708.9173583984375,2969.2646484375,1566.4754638671875
ID_Vbc7tX.JPG,healthy,0.30953872203826904,868.6152954101562,706.5269165039062,2751.597412109375,1265.4810791015625
ID_XDDvmd.jpg,healthy,0.45106324553489685,1270.001220703125,1780.271240234375,3264.0,2448.0
ID_XDDvmd.jpg,cssvd,0.3440498411655426,594.4383544921875,806.3411865234375,1508.697998046875,2315.06591796875
ID_XDDvmd.jpg,healthy,0.3240900933742523,1651.912841796875,1832.373291015625,3192.84521484375,2448.0
ID_xy2IQY.jpg,anthracnose,0.8454744219779968,1020.5082397460938,509.92999267578125,4128.0,2842.954833984375
ID_azfgNA.jpg,cssvd,0.508738100528717,0.0,316.8803405761719,942.9412231445312,1280.0
ID_coFJm9.jpg,healthy,0.5896100401878357,0.0,0.566925048828125,64.55672454833984,145.30856323242188
ID_coFJm9.jpg,healthy,0.5453080534934998,53.689056396484375,99.62938690185547,402.1912536621094,292.8600769042969
ID_coFJm9.jpg,healthy,0.3250799775123596,0.0,100.38848114013672,343.4735412597656,284.7403869628906
ID_coFJm9.jpg,healthy,0.2698594033718109,0.0,1.5813474655151367,39.66495895385742,159.65626525878906
ID_uMLXbD.jpeg,healthy,0.7657080888748169,120.80487060546875,1652.494384765625,3628.74755859375,2696.50537109375
ID_uMLXbD.jpeg,healthy,0.6942185759544373,522.147705078125,369.9732666015625,3801.22216796875,1770.3558349609375
ID_uMLXbD.jpeg,healthy,0.3859708607196808,70.13959503173828,265.079833984375,1322.7939453125,944.611083984375
ID_uMLXbD.jpeg,healthy,0.36805930733680725,1402.4617919921875,0.0,2402.1171875,526.33154296875
ID_uMLXbD.jpeg,healthy,0.3299941420555115,973.2103881835938,1638.95947265625,3714.915771484375,2641.317626953125
ID_uMLXbD.jpeg,healthy,0.30363544821739197,94.26026916503906,124.33747863769531,1692.4246826171875,923.8455810546875
ID_uovQd1.jpeg,2,1.0,,,,
ID_LImmc4.jpeg,anthracnose,0.6345649361610413,745.1373291015625,685.5200805664062,3914.763916015625,3006.38671875
ID_LImmc4.jpeg,anthracnose,0.5211037397384644,940.1179809570312,1500.995849609375,3857.618896484375,2791.531005859375
ID_LImmc4.jpeg,healthy,0.44952723383903503,0.0,2324.694580078125,1358.7467041015625,3020.832275390625
ID_LImmc4.jpeg,anthracnose,0.437044620513916,112.39802551269531,307.98968505859375,3672.22705078125,2963.465576171875
ID_LImmc4.jpeg,healthy,0.3323267102241516,0.0,0.0,2000.5550537109375,642.7242431640625
ID_X0MOwz.jpg,healthy,0.44307374954223633,1454.6234130859375,475.3840637207031,2044.5426025390625,1472.588623046875
ID_X0MOwz.jpg,healthy,0.4156681001186371,1931.9813232421875,0.0,3030.78662109375,519.484375
ID_X0MOwz.jpg,healthy,0.39291176199913025,1931.1031494140625,0.0,2848.790283203125,353.68402099609375
ID_Egf8mv.jpg,anthracnose,0.8321430087089539,210.3008270263672,228.67950439453125,1268.291259765625,856.1124877929688
ID_Egf8mv.jpg,anthracnose,0.6284263134002686,0.0,742.9818725585938,801.4099731445312,960.0
ID_Egf8mv.jpg,anthracnose,0.5417575836181641,0.0,820.7523803710938,716.0443115234375,960.0
ID_Egf8mv.jpg,anthracnose,0.2954005002975464,315.4713439941406,334.8687744140625,1280.0,819.5303955078125
ID_lpjo7E.jpg,cssvd,0.42435508966445923,310.7051086425781,87.154541015625,1280.0,916.1732177734375
ID_m0or8l.jpg,anthracnose,0.8517231941223145,601.9456176757812,159.65087890625,2048.0,1328.4791259765625
ID_m0or8l.jpg,anthracnose,0.6307896375656128,1356.93408203125,1157.169921875,2047.56640625,1536.0
ID_m0or8l.jpg,anthracnose,0.5534946918487549,0.0,13.49041748046875,1161.5128173828125,326.9742736816406
ID_m0or8l.jpg,anthracnose,0.278033047914505,793.022216796875,350.324462890625,2038.1572265625,1275.181396484375
ID_Pj910V.jpeg,cssvd,0.43530014157295227,1026.622802734375,2.4991490840911865,4032.0,1452.551025390625
ID_sQdLfM.jpeg,anthracnose,0.3838414251804352,1792.7650146484375,173.64596557617188,3982.751220703125,1800.0
ID_sQdLfM.jpeg,healthy,0.28128695487976074,1674.2462158203125,196.26712036132812,3975.58154296875,1800.0
ID_uGWUku.jpeg,anthracnose,0.7864850163459778,1210.021240234375,381.5652160644531,4032.0,2033.35791015625
ID_uGWUku.jpeg,anthracnose,0.6665927171707153,2346.141357421875,1420.3145751953125,4032.0,2398.5751953125
ID_uGWUku.jpeg,anthracnose,0.45979365706443787,1423.5142822265625,22.197702407836914,4032.0,2466.079345703125
ID_uGWUku.jpeg,anthracnose,0.32663020491600037,2301.236083984375,1668.9053955078125,4025.694580078125,2652.500732421875
ID_uGWUku.jpeg,anthracnose,0.293941468000412,32.12773132324219,0.0,3463.192626953125,2000.35888671875
ID_uGWUku.jpeg,anthracnose,0.2801820933818817,2211.13818359375,1931.1845703125,4017.943603515625,3010.0908203125
ID_B4zGjd.jpg,healthy,0.4209960699081421,1071.35302734375,684.2359008789062,2042.74072265625,1485.86474609375
ID_B4zGjd.jpg,anthracnose,0.41192543506622314,1319.09326171875,20.70556640625,2048.0,342.09661865234375
ID_B4zGjd.jpg,cssvd,0.4054138958454132,103.107421875,1146.882568359375,843.640869140625,1528.224853515625
ID_VtWgbl.jpg,anthracnose,0.8186536431312561,777.406005859375,285.6686706542969,2045.95947265625,1135.728759765625
ID_MdCrOf.jpg,cssvd,0.32701757550239563,0.0,264.2317810058594,799.7723999023438,1079.6597900390625
ID_MdCrOf.jpg,cssvd,0.32389602065086365,2.0101118087768555,0.0,624.0235595703125,828.9482421875
ID_wXf9J2.jpg,anthracnose,0.9484850168228149,1012.9913330078125,489.8943176269531,4128.0,3059.89990234375
ID_RtPII9.jpeg,healthy,0.7947665452957153,1021.9140014648438,0.0,4032.0,1603.3170166015625
ID_RtPII9.jpeg,healthy,0.6386137008666992,230.67250061035156,1277.7686767578125,3757.144287109375,2597.560302734375
ID_RtPII9.jpeg,healthy,0.6279950141906738,2833.465087890625,2099.679443359375,4032.0,3021.201416015625
ID_RtPII9.jpeg,healthy,0.5904229879379272,916.311279296875,1333.3963623046875,4032.0,2612.902587890625
ID_RtPII9.jpeg,healthy,0.2832202911376953,787.926025390625,2.9649007320404053,2684.07861328125,660.3392944335938
ID_RtPII9.jpeg,healthy,0.2706482708454132,521.4197387695312,0.0,3533.967529296875,1517.4501953125
ID_iKbbSX.jpg,cssvd,0.3650253713130951,261.28131103515625,129.23797607421875,1080.0,714.6212158203125
ID_iKbbSX.jpg,cssvd,0.2866435945034027,0.0,594.2596435546875,872.047119140625,810.0
ID_GVII9k.jpg,healthy,0.5836579203605652,0.0,0.0,694.4859008789062,897.2454223632812
ID_GVII9k.jpg,healthy,0.3569556772708893,0.0,1099.4365234375,1021.9309692382812,1660.4925537109375
ID_GVII9k.jpg,healthy,0.32710814476013184,291.50079345703125,1753.8829345703125,859.4136352539062,2149.27294921875
ID_GVII9k.jpg,healthy,0.27698636054992676,0.0,0.0,538.5596313476562,786.3295288085938
ID_GVII9k.jpg,healthy,0.262286514043808,0.0,10.009283065795898,579.8479614257812,1134.7174072265625
ID_wUUlmx.jpeg,anthracnose,0.7763485908508301,1040.97021484375,487.9846496582031,4032.0,3021.03662109375
ID_QNub1d.jpeg,healthy,0.5361571311950684,1437.0255126953125,0.0,3024.0,2600.67333984375
ID_QNub1d.jpeg,healthy,0.5326988101005554,165.43820190429688,1175.9285888671875,3024.0,3698.911865234375
ID_QNub1d.jpeg,healthy,0.41624608635902405,5.394595623016357,1994.57177734375,3024.0,3674.41943359375
ID_QNub1d.jpeg,healthy,0.27832403779029846,195.0516357421875,137.19100952148438,3024.0,3255.00927734375
ID_GBdTHp.jpg,cssvd,0.39827993512153625,316.3444519042969,0.0,1280.0,779.385986328125
ID_GBdTHp.jpg,healthy,0.3823642134666443,272.5804138183594,0.0,1280.0,778.2440185546875
ID_GBdTHp.jpg,healthy,0.2731168866157532,30.495071411132812,1.36749267578125,1161.673828125,772.6339111328125
ID_GBdTHp.jpg,cssvd,0.260689914226532,0.0,5.404815673828125,1118.8485107421875,759.9129638671875
ID_qTSD4z.jpeg,healthy,0.5263775587081909,1537.2427978515625,0.0,3470.37353515625,2678.619384765625
ID_qTSD4z.jpeg,healthy,0.2822438180446625,1787.363037109375,353.650634765625,3408.654541015625,3017.22509765625
ID_qTSD4z.jpeg,healthy,0.2575770914554596,5.9533233642578125,0.41876789927482605,502.416259765625,701.443115234375
ID_jc8o9w.jpg,cssvd,0.41628122329711914,130.30360412597656,0.0,1076.5009765625,639.31201171875
ID_jc8o9w.jpg,cssvd,0.3114553391933441,0.0,0.0,915.0018920898438,647.099853515625
ID_tf1cZY.jpg,anthracnose,0.8278824090957642,450.358642578125,0.0,2041.990966796875,1236.746337890625
ID_tf1cZY.jpg,anthracnose,0.2969537377357483,127.028564453125,175.48291015625,1909.1103515625,1343.408203125
ID_n9Z46S.jpg,2,1.0,,,,
ID_wuwroR.jpg,cssvd,0.3676590621471405,312.23785400390625,42.814483642578125,1280.0,920.9852294921875
ID_bhyI4V.jpg,cssvd,0.5316494107246399,0.0,284.5175476074219,723.7789306640625,1079.8853759765625
ID_Kwu8Oa.jpg,healthy,0.4148578345775604,408.984375,263.9327697753906,643.2836303710938,446.3721618652344
ID_bgDyl3.JPG,2,1.0,,,,
ID_dmcCsB.jpeg,2,1.0,,,,
ID_GRoUWA.JPG,healthy,0.8456317782402039,1107.2296142578125,834.0944213867188,2680.04541015625,1648.0736083984375
ID_GRoUWA.JPG,healthy,0.5714403390884399,2082.384765625,606.9489135742188,2582.923583984375,1059.960205078125
ID_GRoUWA.JPG,healthy,0.44004926085472107,2334.47802734375,1914.2689208984375,2665.81591796875,2336.850341796875
ID_GRoUWA.JPG,healthy,0.40949541330337524,628.2211303710938,1952.1265869140625,1879.959228515625,2446.234130859375
ID_uaodz4.jpg,anthracnose,0.7015035152435303,243.2379150390625,111.8175048828125,2029.1878662109375,1380.6591796875
ID_uaodz4.jpg,anthracnose,0.4502505362033844,0.0,0.0,1698.20263671875,241.90011596679688
ID_JLBUdh.jpg,cssvd,0.3994961082935333,477.3048400878906,0.0,1280.0,573.3065795898438
ID_iMeLZx.jpg,anthracnose,0.30742987990379333,19.912202835083008,1002.890869140625,1463.5855712890625,2549.037353515625
ID_qqJgGv.jpg,anthracnose,0.7641953825950623,317.55523681640625,8.529815673828125,1280.0,796.3978271484375
ID_qqJgGv.jpg,anthracnose,0.342562198638916,76.1102294921875,33.333587646484375,1200.449951171875,822.1624755859375
ID_t6ATVq.jpg,healthy,0.5684702396392822,378.5594177246094,153.26324462890625,1237.8985595703125,610.03564453125
ID_t6ATVq.jpg,healthy,0.3489341735839844,450.9737243652344,437.1754455566406,1150.0509033203125,948.8851928710938
ID_kFarz0.jpg,cssvd,0.518006443977356,441.4239196777344,158.8214111328125,1280.0,825.7676391601562
ID_LhPlyT.jpeg,anthracnose,0.650625467300415,470.9931945800781,0.0,2048.400634765625,2631.99365234375
ID_LhPlyT.jpeg,healthy,0.2916332483291626,0.0,23.05710792541504,691.6708984375,1349.8819580078125
ID_EJgRE4.jpg,healthy,0.6121386885643005,94.79258728027344,112.13134002685547,403.6385803222656,320.73382568359375
ID_EJgRE4.jpg,healthy,0.4714601933956146,57.03640365600586,0.162261962890625,156.0435028076172,133.68032836914062
ID_EJgRE4.jpg,healthy,0.3713381290435791,179.43408203125,121.83128356933594,407.0447692871094,300.3070983886719
ID_EJgRE4.jpg,healthy,0.27469298243522644,0.0,174.77415466308594,68.92079162597656,386.5206604003906
ID_mj9r13.jpeg,anthracnose,0.8457722663879395,1006.7060546875,23.024423599243164,4032.0,2003.856689453125
ID_mj9r13.jpeg,cssvd,0.2620896100997925,2500.471923828125,1402.351806640625,3987.050537109375,3024.0
ID_OagsgX.jpg,anthracnose,0.43431466817855835,0.0,2285.423583984375,2169.429443359375,4032.0
ID_OagsgX.jpg,healthy,0.42183196544647217,1350.0738525390625,1923.753173828125,2083.2509765625,2757.427490234375
ID_OagsgX.jpg,healthy,0.42059552669525146,2248.42138671875,2039.507568359375,2846.68408203125,2833.679443359375
ID_OagsgX.jpg,healthy,0.39678117632865906,853.4866333007812,1055.70751953125,1638.21044921875,2424.0419921875
ID_OagsgX.jpg,healthy,0.27532100677490234,0.0,929.4417724609375,934.1331787109375,2525.626953125
ID_VATTeh.jpg,anthracnose,0.2502613067626953,121.86254119873047,0.6342801451683044,2897.064453125,866.2944946289062
ID_YpuhPQ.jpg,healthy,0.4435800611972809,1037.718017578125,921.9617919921875,2870.08251953125,1607.831787109375
ID_YpuhPQ.jpg,cssvd,0.42463919520378113,0.0,13.45942497253418,1075.271240234375,1515.3187255859375
ID_YpuhPQ.jpg,healthy,0.29681330919265747,1584.9564208984375,1552.852294921875,3264.0,2448.0
ID_kJARM7.jpg,2,1.0,,,,
ID_Ne1ISX.jpeg,anthracnose,0.3825285732746124,22.83447265625,0.0,569.3272094726562,1033.0516357421875
ID_Ne1ISX.jpeg,healthy,0.33013594150543213,405.3218688964844,961.3102416992188,565.71923828125,1280.0
ID_Ne1ISX.jpeg,anthracnose,0.27511894702911377,17.86224365234375,213.34617614746094,570.3851928710938,1180.932861328125
ID_y8BV0N.jpg,healthy,0.39725831151008606,70.80146026611328,81.15415954589844,393.4037780761719,324.49334716796875
ID_y8BV0N.jpg,healthy,0.3604266345500946,145.2643585205078,162.87673950195312,414.825927734375,325.3690490722656
ID_y8BV0N.jpg,healthy,0.2648599147796631,178.91603088378906,41.10201644897461,343.2515869140625,140.02822875976562
ID_TaRW6o.jpg,healthy,0.8572781085968018,986.4876098632812,656.8010864257812,2791.435546875,1618.4244384765625
ID_V4HYsA.jpg,cssvd,0.38148242235183716,373.47015380859375,0.0,1280.0,837.0492553710938
ID_kDub9n.jpeg,healthy,0.5798671245574951,376.22686767578125,1356.8751220703125,3024.0,3887.1591796875
ID_kDub9n.jpeg,healthy,0.4187721014022827,142.36474609375,1030.7506103515625,2860.910888671875,3263.300537109375
ID_kDub9n.jpeg,healthy,0.32138222455978394,350.63983154296875,2908.23388671875,1602.8916015625,4031.27001953125
ID_kDub9n.jpeg,anthracnose,0.27432331442832947,74.08935546875,0.0,2088.967529296875,592.1744995117188
ID_rSmGHZ.jpg,anthracnose,0.852790117263794,1013.4081420898438,246.79547119140625,4127.8662109375,2795.252685546875
ID_rSmGHZ.jpg,anthracnose,0.5303663015365601,0.0,0.0,3355.140380859375,432.38568115234375
ID_rSmGHZ.jpg,anthracnose,0.42334678769111633,0.0,196.03785705566406,3315.412841796875,858.654052734375
ID_rSmGHZ.jpg,anthracnose,0.289590060710907,0.0,0.0,3347.277587890625,637.4112548828125
ID_rSmGHZ.jpg,anthracnose,0.2581363022327423,105.6498031616211,196.52171325683594,3752.475830078125,2811.59423828125
ID_kLd2ft.jpg,anthracnose,0.5306505560874939,1535.2867431640625,8.540336608886719,2605.639892578125,1776.210205078125
ID_kLd2ft.jpg,healthy,0.42005249857902527,0.291046142578125,1869.8519287109375,691.8358764648438,2448.0
ID_kLd2ft.jpg,anthracnose,0.34841424226760864,1466.8389892578125,384.4083251953125,2585.59619140625,1639.3197021484375
ID_kLd2ft.jpg,cssvd,0.29932767152786255,2560.708984375,12.888908386230469,3264.0,1688.053955078125
ID_CkzYK9.jpg,anthracnose,0.8231826424598694,827.0799560546875,403.404541015625,3264.0,2092.97900390625
ID_CkzYK9.jpg,anthracnose,0.36242371797561646,2495.6220703125,66.77368927001953,3264.0,886.0430908203125
ID_CkzYK9.jpg,anthracnose,0.3247339129447937,864.8427734375,0.0,3247.055419921875,711.1871948242188
ID_lJqimA.jpg,cssvd,0.5354628562927246,309.7029113769531,80.10848999023438,1280.0,861.3499145507812
ID_lJqimA.jpg,cssvd,0.2620066702365875,0.0,0.0,1042.1846923828125,793.4888305664062
ID_ja4auO.jpeg,anthracnose,0.59114009141922,645.27001953125,288.5915222167969,3993.51708984375,2442.90185546875
ID_ja4auO.jpeg,anthracnose,0.44463130831718445,0.0,0.0,3274.177978515625,2432.603515625
ID_bq9ADT.jpg,healthy,0.5888436436653137,0.0,0.0,715.2755126953125,133.5395965576172
ID_bq9ADT.jpg,healthy,0.4165465235710144,0.0,0.0,699.1495971679688,194.0166473388672
ID_YGtgH6.jpeg,anthracnose,0.8887697458267212,1034.2850341796875,596.7830810546875,4032.0,2024.021484375
ID_YGtgH6.jpeg,anthracnose,0.7095944285392761,260.6505126953125,556.2139282226562,3741.58447265625,2085.1044921875
ID_YGtgH6.jpeg,anthracnose,0.5980541706085205,57.97958755493164,0.0,2976.072021484375,633.50341796875
ID_e6N3Z1.jpg,healthy,0.3552614748477936,268.88134765625,4.6805572509765625,818.5076904296875,735.062255859375
ID_e6N3Z1.jpg,cssvd,0.27263420820236206,243.7604522705078,305.2779846191406,837.095703125,1280.0
ID_e6N3Z1.jpg,healthy,0.25444936752319336,247.29507446289062,71.32247924804688,855.244873046875,1122.2894287109375
ID_DjtECY.jpeg,anthracnose,0.5544601678848267,1417.5391845703125,279.0426025390625,3912.866943359375,1469.649169921875
ID_IBDzHA.jpg,healthy,0.7480273842811584,1306.6287841796875,1115.265625,2695.39892578125,1690.9671630859375
ID_IBDzHA.jpg,anthracnose,0.37473976612091064,773.9473266601562,1632.6602783203125,3264.0,2448.0
ID_IBDzHA.jpg,anthracnose,0.25027626752853394,0.0,509.5824890136719,2304.40869140625,2448.0
ID_Yspbo5.jpg,anthracnose,0.8419117331504822,1397.179443359375,709.9797973632812,4128.0,3096.0
ID_hdsYyk.jpg,cssvd,0.4644675850868225,314.5704650878906,3.860626220703125,1280.0,622.2678833007812
ID_hdsYyk.jpg,cssvd,0.2841351628303528,0.0,1.0040283203125,1030.255615234375,599.9451293945312
ID_wLF5dT.jpg,2,1.0,,,,
ID_GZ9jri.jpg,cssvd,0.6466558575630188,306.22039794921875,0.0,1280.0,750.117431640625
ID_fydp9k.jpg,cssvd,0.5882594585418701,92.62237548828125,304.0069580078125,960.0,1280.0
ID_fydp9k.jpg,cssvd,0.3041698634624481,172.6520538330078,0.0,805.5790405273438,893.074462890625
ID_pecs2M.jpeg,healthy,0.6187527775764465,938.7442626953125,0.0,4028.2919921875,2289.49560546875
ID_pecs2M.jpeg,healthy,0.567592442035675,515.7590942382812,356.0286560058594,3798.92822265625,2689.745849609375
ID_pecs2M.jpeg,healthy,0.4263016879558563,1374.073974609375,4.507312297821045,3990.123046875,1732.9459228515625
ID_pecs2M.jpeg,healthy,0.41956233978271484,2941.348388671875,440.86090087890625,4032.0,1751.723388671875
ID_pecs2M.jpeg,healthy,0.38995468616485596,2647.73779296875,1746.04248046875,4032.0,3024.0
ID_pecs2M.jpeg,healthy,0.32703468203544617,513.0980834960938,1053.9163818359375,3683.133544921875,2832.38232421875
ID_pecs2M.jpeg,healthy,0.31850773096084595,816.8639526367188,828.3818359375,3846.749755859375,2586.631591796875
ID_I72DYt.jpeg,anthracnose,0.7125637531280518,1070.0604248046875,369.7931213378906,3024.0,2342.330078125
ID_I72DYt.jpeg,anthracnose,0.4662143588066101,101.88119506835938,333.4493408203125,2745.6474609375,2310.8623046875
ID_I72DYt.jpeg,anthracnose,0.3327048420906067,758.425048828125,944.15966796875,3024.0,2529.845947265625
ID_rry4FO.JPG,healthy,0.5280317068099976,0.0,297.4413757324219,666.3457641601562,922.4619750976562
ID_rry4FO.JPG,healthy,0.49443161487579346,2286.75927734375,716.7555541992188,2971.2919921875,1275.630126953125
ID_rry4FO.JPG,healthy,0.4537581503391266,1778.2283935546875,979.8517456054688,2311.382080078125,1412.6673583984375
ID_rry4FO.JPG,healthy,0.4195917844772339,2847.291748046875,941.5112915039062,3263.181884765625,1835.2147216796875
ID_rry4FO.JPG,healthy,0.4063056409358978,599.133544921875,410.0650329589844,1042.4090576171875,841.6453857421875
ID_rry4FO.JPG,healthy,0.37186136841773987,2719.744873046875,1491.2294921875,3264.0,2295.086181640625
ID_rry4FO.JPG,healthy,0.27897539734840393,253.2568817138672,803.1852416992188,770.7137451171875,1246.43603515625
ID_Ubcnkw.jpg,healthy,0.4978801906108856,435.68048095703125,0.0,1532.301025390625,725.0082397460938
ID_Ubcnkw.jpg,anthracnose,0.3135969042778015,729.8685913085938,982.8670654296875,3264.0,2251.1962890625
ID_Ubcnkw.jpg,anthracnose,0.3087320923805237,425.9086608886719,2142.90771484375,3121.093017578125,2448.0
ID_CGnAYP.jpg,cssvd,0.579041063785553,367.62908935546875,0.0,1280.0,752.740234375
ID_CGnAYP.jpg,cssvd,0.30351361632347107,165.10498046875,606.0635986328125,1224.4078369140625,960.0
ID_ZOEuyF.jpg,anthracnose,0.6370509266853333,525.37939453125,7.8865966796875,2048.0,1009.7674560546875
ID_X14BRF.jpg,cssvd,0.3228393793106079,321.4952087402344,0.0,1276.539306640625,787.7048950195312
ID_X14BRF.jpg,anthracnose,0.2551882565021515,33.489227294921875,1.2091064453125,688.2586669921875,492.323974609375
ID_J93yB8.jpeg,healthy,0.6773699522018433,35.350738525390625,3327.3955078125,1633.4168701171875,4029.34228515625
ID_J93yB8.jpeg,healthy,0.5096475481987,1659.19189453125,0.0,2253.394287109375,631.0282592773438
ID_J93yB8.jpeg,healthy,0.4431326687335968,1569.3248291015625,2548.67626953125,3024.0,4031.81298828125
ID_J93yB8.jpeg,healthy,0.2823074460029602,0.0,507.27850341796875,2294.81005859375,3325.224853515625
ID_J93yB8.jpeg,cssvd,0.2702624499797821,0.0,19.12129020690918,2218.212890625,3177.317626953125
ID_J93yB8.jpeg,healthy,0.2511369287967682,1899.182373046875,1984.6898193359375,2468.200927734375,2876.423828125
ID_iafMXS.jpg,anthracnose,0.449150413274765,876.9496459960938,642.9030151367188,3264.0,1697.4896240234375
ID_ElOfB1.jpeg,healthy,0.646662712097168,987.7125854492188,583.8131713867188,4032.0,3008.7265625
ID_wE7217.jpeg,anthracnose,0.6985569000244141,411.5423889160156,67.40283966064453,3456.794189453125,1660.4039306640625
ID_AwZkd2.jpg,anthracnose,0.7866832613945007,734.3630981445312,277.4671630859375,2037.260498046875,996.523193359375
ID_fYv2qm.jpg,healthy,0.5023835897445679,710.32763671875,699.159912109375,3264.0,2004.049560546875
ID_fYv2qm.jpg,cssvd,0.4705302119255066,801.0250244140625,708.761962890625,3264.0,2012.6622314453125
ID_fYv2qm.jpg,anthracnose,0.4359353482723236,9.536235809326172,0.0,1784.349365234375,576.715087890625
ID_fYv2qm.jpg,anthracnose,0.29281020164489746,44.89659118652344,0.0,1951.9794921875,778.3172607421875
ID_d863CL.jpg,healthy,0.4586353898048401,380.20172119140625,0.0,1020.8286743164062,960.0
ID_d863CL.jpg,anthracnose,0.41224923729896545,965.0735473632812,759.8832397460938,1280.0,959.2100219726562
ID_d863CL.jpg,healthy,0.2763756811618805,430.1522521972656,0.0,890.9921264648438,882.8944091796875
ID_MryrEs.jpg,anthracnose,0.8595821261405945,278.5423889160156,0.0,1268.0936279296875,746.5162353515625
ID_MryrEs.jpg,anthracnose,0.54899662733078,0.0,0.0,1122.3031005859375,775.000732421875
ID_XwgRC8.jpg,cssvd,0.39030715823173523,264.21234130859375,0.0,1080.0,669.817138671875
ID_utRK8X.jpeg,healthy,0.8129050135612488,74.18620300292969,1118.878173828125,3024.0,2361.435791015625
ID_utRK8X.jpeg,healthy,0.6953855156898499,288.7822265625,269.0373840332031,1393.142822265625,1122.4249267578125
ID_utRK8X.jpeg,healthy,0.4647083282470703,0.0,1109.57275390625,2410.270263671875,2249.384033203125
ID_utRK8X.jpeg,healthy,0.4505871534347534,0.0,3286.771728515625,507.9183654785156,4032.0
ID_utRK8X.jpeg,healthy,0.4230532646179199,9.40683650970459,2126.160400390625,2171.52099609375,3660.23828125
ID_utRK8X.jpeg,healthy,0.38465046882629395,57.67713928222656,2101.50927734375,1584.1175537109375,3752.91064453125
ID_B6Bi68.jpg,healthy,0.6730825901031494,10.568971633911133,9.137153625488281,311.68914794921875,152.38038635253906
ID_B6Bi68.jpg,healthy,0.4348093569278717,273.9916076660156,166.9167938232422,381.3302917480469,238.31613159179688
ID_B6Bi68.jpg,healthy,0.37219831347465515,127.83960723876953,66.23636627197266,391.498291015625,177.49310302734375
ID_B6Bi68.jpg,healthy,0.35741347074508667,137.6618194580078,212.39825439453125,409.9621276855469,347.9485168457031
ID_B6Bi68.jpg,healthy,0.33216628432273865,43.976463317871094,182.0320281982422,370.73138427734375,284.1007080078125
ID_B6Bi68.jpg,healthy,0.3094550669193268,30.65563201904297,14.028257369995117,247.58926391601562,153.30860900878906
ID_B6Bi68.jpg,healthy,0.3053869307041168,0.0,134.51315307617188,62.96099853515625,403.592529296875
ID_B6Bi68.jpg,healthy,0.2501891553401947,0.0,165.20359802246094,46.63212966918945,379.3871154785156
ID_WogKCn.jpg,anthracnose,0.7141492366790771,315.3072509765625,47.281982421875,1370.5794677734375,810.598876953125
ID_WogKCn.jpg,anthracnose,0.5111883878707886,175.00048828125,453.7515869140625,1702.380126953125,1142.132568359375
ID_WogKCn.jpg,anthracnose,0.3859136700630188,213.6856689453125,605.9296875,1873.9610595703125,1141.3955078125
ID_AhZ64h.jpeg,anthracnose,0.7695575952529907,695.8235473632812,186.5412139892578,3024.0,3095.200927734375
ID_cCtxAa.jpeg,anthracnose,0.8186149001121521,667.00732421875,519.88916015625,2981.663818359375,2352.434814453125
ID_cCtxAa.jpeg,healthy,0.2846916615962982,4.508814811706543,2005.076904296875,1101.1556396484375,2940.37158203125
ID_dcwTQ3.jpeg,healthy,0.6189306974411011,0.0,3273.325439453125,3024.0,4032.0
ID_dcwTQ3.jpeg,healthy,0.573922872543335,84.0313949584961,683.9874877929688,3024.0,3337.596923828125
ID_dcwTQ3.jpeg,healthy,0.2513563632965088,391.7559814453125,1534.1473388671875,2958.129638671875,4020.359375
ID_dlFmzD.jpeg,healthy,0.7426600456237793,1222.8084716796875,78.35411834716797,4000.0,1736.72607421875
ID_w0zuYF.jpg,anthracnose,0.6737574934959412,285.61956787109375,0.0,1760.1846923828125,494.3885498046875
ID_w0zuYF.jpg,anthracnose,0.47398868203163147,908.4082641601562,382.7610778808594,2931.983642578125,1581.4156494140625
ID_w0zuYF.jpg,anthracnose,0.43213748931884766,881.9984741210938,365.8537292480469,2748.236083984375,1292.8232421875
ID_w0zuYF.jpg,anthracnose,0.3333417475223541,1052.9808349609375,376.5851135253906,2613.83056640625,1120.8876953125
ID_w0zuYF.jpg,healthy,0.2880711257457733,375.1302490234375,1764.6683349609375,920.6626586914062,2192.376220703125
ID_cRMiKg.jpg,healthy,0.4191022515296936,2557.21337890625,1472.3233642578125,3133.90185546875,2416.0498046875
ID_cRMiKg.jpg,cssvd,0.41886162757873535,1677.4373779296875,4.931247711181641,3240.08349609375,1149.4974365234375
ID_QOVg3l.jpg,healthy,0.42544785141944885,323.2487487792969,145.14816284179688,1280.0,956.8252563476562
ID_QOVg3l.jpg,healthy,0.29079923033714294,0.387725830078125,0.0,272.0355224609375,381.0286560058594
ID_mpAMzq.jpg,healthy,0.3634415864944458,288.75933837890625,44.42182540893555,1080.0,437.7445373535156
ID_r9AaMI.jpg,healthy,0.5561840534210205,1979.1888427734375,1730.509765625,2872.58984375,2438.947021484375
ID_r9AaMI.jpg,cssvd,0.2775826156139374,462.9569396972656,30.5470027923584,2605.155029296875,1830.67431640625
ID_OKnByL.jpg,anthracnose,0.8351611495018005,1021.8402099609375,515.279052734375,4120.05029296875,3096.0
ID_OKnByL.jpg,anthracnose,0.5800484418869019,19.386119842529297,999.1914672851562,3443.272216796875,3096.0
ID_OKnByL.jpg,anthracnose,0.3011186718940735,0.0,2237.114990234375,3455.048583984375,3096.0
ID_OKnByL.jpg,anthracnose,0.26912233233451843,1624.53466796875,0.0,3673.22509765625,1105.826904296875
ID_kEt8fQ.jpeg,healthy,0.4446199834346771,1196.9105224609375,49.12670135498047,3992.811279296875,3021.328857421875
ID_nnRffu.jpg,anthracnose,0.7668454051017761,382.090576171875,320.0777587890625,1991.982666015625,1275.20654296875
ID_nnRffu.jpg,anthracnose,0.6973140835762024,0.0,36.0535888671875,1661.122314453125,1276.617431640625
ID_ydmVnV.jpg,healthy,0.5621030330657959,0.0,0.0,669.70947265625,190.26023864746094
ID_ydmVnV.jpg,cssvd,0.48850181698799133,313.19793701171875,164.12452697753906,1280.0,921.9818725585938
ID_rVN3na.jpeg,cssvd,0.42020514607429504,975.4590454101562,151.6365966796875,4000.0,1785.845458984375
ID_rVN3na.jpeg,cssvd,0.2533089816570282,230.3137664794922,217.46348571777344,3728.335205078125,1800.0
ID_YYGIZ7.jpeg,healthy,0.7887689471244812,975.6265869140625,192.58685302734375,4032.0,2715.730224609375
ID_YYGIZ7.jpeg,healthy,0.5261600017547607,1105.2857666015625,0.0,3524.739013671875,467.6629943847656
ID_YYGIZ7.jpeg,healthy,0.2940540611743927,99.12747192382812,182.1446990966797,3659.881103515625,2701.599365234375
ID_Dt9R4S.jpg,anthracnose,0.5917153358459473,1224.4381103515625,560.6556396484375,3245.2119140625,1884.51416015625
ID_ibfU3Z.jpeg,anthracnose,0.5374795794487,1331.3675537109375,198.4092254638672,4032.0,2862.21826171875
ID_ibfU3Z.jpeg,healthy,0.4162418246269226,10.1549711227417,2649.715087890625,3314.2724609375,3024.0
ID_ibfU3Z.jpeg,anthracnose,0.3429524004459381,429.7147521972656,0.0,3886.60595703125,493.1246032714844
ID_Qxdm0a.jpeg,anthracnose,0.7299832701683044,1067.0970458984375,495.6601867675781,4032.0,1882.7120361328125
ID_Qxdm0a.jpeg,anthracnose,0.6921318173408508,0.0,0.0,3273.63916015625,707.4844970703125
ID_Qxdm0a.jpeg,anthracnose,0.35499462485313416,101.48434448242188,0.0,2991.12939453125,575.0548706054688
ID_Qxdm0a.jpeg,anthracnose,0.32078132033348083,675.7474365234375,1947.3218994140625,3108.972412109375,3024.0
ID_rgDeQr.jpg,healthy,0.47759300470352173,63.66167068481445,1939.674560546875,1881.7821044921875,2448.0
ID_rgDeQr.jpg,cssvd,0.46785974502563477,497.62847900390625,80.7133560180664,3142.124267578125,1547.8800048828125
ID_rgDeQr.jpg,healthy,0.44600537419319153,46.375362396240234,1926.4971923828125,2618.6875,2448.0
ID_rgDeQr.jpg,healthy,0.34841668605804443,387.3457336425781,1396.3521728515625,2931.559814453125,2334.381103515625
ID_V8P0t0.jpg,cssvd,0.6181217432022095,309.4557189941406,30.8441162109375,1280.0,877.196044921875
ID_Q23VUi.jpg,cssvd,0.3873465955257416,310.0958251953125,56.104278564453125,1280.0,898.0387573242188
ID_TMMqb6.jpeg,anthracnose,0.8074703812599182,1116.4658203125,0.0,3024.0,2004.5333251953125
ID_TMMqb6.jpeg,anthracnose,0.6642516255378723,683.5283203125,309.4240417480469,3024.0,2415.6103515625
ID_TMMqb6.jpeg,anthracnose,0.3144519031047821,194.6376953125,714.2420654296875,2824.029052734375,2750.830322265625
ID_TMMqb6.jpeg,anthracnose,0.30832532048225403,1713.836669921875,2076.40625,3016.048828125,2777.81494140625
ID_TMMqb6.jpeg,anthracnose,0.2621230185031891,932.4755859375,2261.82421875,2985.575927734375,3024.0
ID_MBxsVT.jpeg,anthracnose,0.6602870225906372,976.6619262695312,0.0,4032.0,2331.021484375
ID_MBxsVT.jpeg,healthy,0.43102332949638367,523.017822265625,2025.6845703125,1990.758056640625,3024.0
ID_MBxsVT.jpeg,healthy,0.33477941155433655,3.06595778465271,0.0,1313.2860107421875,814.2274169921875
ID_MBxsVT.jpeg,healthy,0.2823265790939331,2578.435546875,2121.728271484375,3158.950439453125,3006.587646484375
ID_MBxsVT.jpeg,cssvd,0.2608652412891388,716.31591796875,0.0,4032.0,2325.753173828125
ID_lDkNRk.jpeg,anthracnose,0.739629328250885,959.8316040039062,290.27825927734375,3264.0,1610.0068359375
ID_lDkNRk.jpeg,anthracnose,0.308010458946228,411.20343017578125,116.30210876464844,3247.54638671875,1731.1978759765625
ID_G0OzBp.jpg,anthracnose,0.6113370656967163,480.8575744628906,647.8046875,3899.997314453125,3068.267822265625
ID_G0OzBp.jpg,anthracnose,0.36141902208328247,868.5376586914062,827.9234008789062,3782.239501953125,2762.65087890625
ID_G0OzBp.jpg,anthracnose,0.30212917923927307,0.0,0.0,1382.953125,1158.9521484375
ID_waTCD6.jpg,anthracnose,0.757535457611084,1032.5865478515625,0.0,4128.0,2511.072021484375
ID_waTCD6.jpg,anthracnose,0.4813443720340729,954.2994995117188,0.0,4128.0,465.00457763671875
ID_waTCD6.jpg,anthracnose,0.47056663036346436,102.49842071533203,0.0,3762.02490234375,2539.157470703125
ID_vC31ze.JPG,anthracnose,0.748897135257721,929.56982421875,260.1596374511719,3264.0,2401.307373046875
ID_vC31ze.JPG,anthracnose,0.3738521337509155,0.0,185.17965698242188,2758.442138671875,2403.380859375
ID_rMv7Zl.jpg,cssvd,0.5098323225975037,260.48309326171875,0.0,1080.0,667.3128051757812
ID_qSCHkr.JPG,healthy,0.8667463660240173,467.2843017578125,389.6898193359375,1693.9267578125,1154.5374755859375
ID_qSCHkr.JPG,healthy,0.7198107242584229,409.2082824707031,1091.0584716796875,2448.0,1837.655517578125
ID_qSCHkr.JPG,anthracnose,0.5745598077774048,0.0,3.2548627853393555,1687.1881103515625,898.673828125
ID_e73UkP.jpg,cssvd,0.5714164972305298,313.8008117675781,0.0,1280.0,816.6415405273438
ID_FsrFzQ.jpg,anthracnose,0.8495309948921204,505.505126953125,0.0,2048.0,1214.897705078125
ID_oMkPup.jpg,cssvd,0.3209296762943268,83.59184265136719,164.4855499267578,810.0,1064.802490234375
ID_OSO5iu.jpeg,anthracnose,0.8435298800468445,1358.37353515625,0.0,4000.0,1800.0
ID_OSO5iu.jpeg,anthracnose,0.3651464283466339,249.21534729003906,0.0,3707.311279296875,1796.0379638671875
ID_nuUNo0.jpg,anthracnose,0.28672271966934204,339.12933349609375,308.5884704589844,1280.0,726.9810180664062
ID_OZL65Y.jpeg,healthy,0.8221431970596313,1183.930419921875,2392.640625,4000.84814453125,3024.0
ID_OZL65Y.jpeg,healthy,0.7909899353981018,860.6066284179688,411.7809143066406,3968.55029296875,2516.2802734375
ID_OZL65Y.jpeg,healthy,0.5602452158927917,113.94596862792969,382.5808410644531,3653.49951171875,2459.138916015625
ID_OZL65Y.jpeg,healthy,0.437910795211792,2231.419921875,4.571839809417725,4020.66259765625,1345.423095703125
ID_WU55ux.jpg,cssvd,0.3887885808944702,266.4034118652344,0.0,953.6322021484375,815.3101806640625
ID_F2jvAj.jpeg,healthy,0.8833118677139282,997.335693359375,590.0599365234375,4032.0,2270.25341796875
ID_F2jvAj.jpeg,healthy,0.6376181244850159,0.0,2589.829345703125,2133.505859375,3024.0
ID_F2jvAj.jpeg,healthy,0.48700761795043945,0.0,1620.838134765625,1247.8309326171875,2846.55029296875
ID_F2jvAj.jpeg,healthy,0.2576335668563843,240.7604217529297,487.7967224121094,3750.1494140625,2314.85986328125
ID_eW60kF.jpeg,anthracnose,0.6415151953697205,1740.080322265625,732.5347290039062,3024.0,3024.0
ID_eW60kF.jpeg,anthracnose,0.49195602536201477,917.1558837890625,136.05247497558594,2987.962646484375,2112.723876953125
ID_eW60kF.jpeg,anthracnose,0.45524412393569946,1622.333251953125,307.44873046875,2974.65625,2675.318603515625
ID_eW60kF.jpeg,anthracnose,0.38958975672721863,506.98834228515625,0.0,3024.0,1906.430419921875
ID_eW60kF.jpeg,anthracnose,0.2592243254184723,858.2509155273438,1747.6942138671875,1929.3927001953125,2750.831787109375
ID_mTnr2Q.jpg,healthy,0.5483860969543457,463.19818115234375,387.173828125,990.3247680664062,902.5340576171875
ID_pvsYXM.jpeg,cssvd,0.28379374742507935,45.261024475097656,642.3037719726562,1747.0184326171875,3784.958251953125
ID_joOOoQ.jpg,healthy,0.9150384068489075,1145.8739013671875,1056.3914794921875,2238.2353515625,1631.946044921875
ID_joOOoQ.jpg,healthy,0.2808276414871216,752.0321655273438,1964.6353759765625,1192.5843505859375,2441.025634765625
ID_zpxAXu.jpg,anthracnose,0.8441187143325806,441.12646484375,109.0784912109375,2011.388671875,1402.408203125
ID_zpxAXu.jpg,anthracnose,0.3543880581855774,451.3460693359375,497.247314453125,1996.1278076171875,1469.4346923828125
ID_yPWd1K.jpeg,healthy,0.332735538482666,1018.718017578125,0.0,4032.0,2739.919677734375
ID_XxYDsU.jpg,cssvd,0.30919018387794495,7.7779340744018555,0.0,756.61083984375,775.9549560546875
ID_XxYDsU.jpg,cssvd,0.28468045592308044,23.18677520751953,314.67681884765625,729.6703491210938,1076.9644775390625
ID_rkz8cy.jpg,anthracnose,0.8733125329017639,890.49853515625,110.30133819580078,4100.98828125,2637.483642578125
ID_rkz8cy.jpg,anthracnose,0.5813193321228027,6.382976531982422,0.0,2427.24267578125,1146.7735595703125
ID_rkz8cy.jpg,anthracnose,0.2665635347366333,46.16229248046875,0.0,2357.05615234375,815.5282592773438
ID_rkz8cy.jpg,anthracnose,0.2593034505844116,106.53089904785156,69.54004669189453,3753.803466796875,2698.3115234375
ID_JgQ193.jpg,anthracnose,0.8262038230895996,275.4794921875,262.04779052734375,1271.23876953125,889.812255859375
ID_JgQ193.jpg,anthracnose,0.4519426226615906,110.07843017578125,164.52186584472656,1242.01123046875,930.2862548828125
ID_JgQ193.jpg,anthracnose,0.26537778973579407,7.0127105712890625,0.552520751953125,773.9722290039062,385.1106872558594
ID_JgQ193.jpg,anthracnose,0.2520069181919098,0.0,0.19834518432617188,614.9794311523438,222.93917846679688
ID_wOSKtS.jpg,anthracnose,0.6784302592277527,271.95166015625,0.0,1080.0,633.7863159179688
ID_wOSKtS.jpg,anthracnose,0.31748056411743164,64.69259643554688,0.0,1016.5460205078125,655.6517333984375
ID_lnlgta.jpeg,anthracnose,0.6446045637130737,321.8275451660156,18.379287719726562,1233.536376953125,466.49725341796875
ID_lnlgta.jpeg,healthy,0.30244767665863037,279.2274475097656,18.23535919189453,1223.5286865234375,468.9732666015625
ID_oC7ET9.jpeg,healthy,0.45548906922340393,2162.990234375,7.629626750946045,3024.0,1401.09375
ID_oC7ET9.jpeg,healthy,0.3275188207626343,0.0,1048.700927734375,2254.5791015625,4009.240478515625
ID_oC7ET9.jpeg,healthy,0.2719627022743225,480.723876953125,1242.856201171875,2045.2379150390625,3973.278564453125
ID_PNdJoa.jpeg,healthy,0.27351245284080505,1031.5360107421875,1418.178955078125,2004.962890625,3883.942138671875
ID_QEsBpT.JPG,healthy,0.894618809223175,1462.0560302734375,719.1088256835938,2476.40673828125,1229.8023681640625
ID_QEsBpT.JPG,healthy,0.5480412244796753,108.96866607666016,1301.016845703125,551.2722778320312,1777.274169921875
ID_QEsBpT.JPG,healthy,0.4513666331768036,1813.770263671875,1921.425048828125,2181.001220703125,2244.505859375
ID_V0L4sG.jpg,healthy,0.8679181933403015,1105.4697265625,830.229736328125,2851.2158203125,1645.0760498046875
ID_V0L4sG.jpg,healthy,0.34635263681411743,0.0,939.4601440429688,1298.0137939453125,1690.4085693359375
ID_Gasjw8.jpg,healthy,0.7886463403701782,2358.921142578125,1960.1903076171875,2863.179443359375,2438.399658203125
ID_Gasjw8.jpg,cssvd,0.6011137962341309,46.69695281982422,365.0350341796875,2321.655517578125,1456.7576904296875
ID_Gasjw8.jpg,healthy,0.4617616534233093,86.94575500488281,1426.1419677734375,2031.2423095703125,2356.216796875
ID_Gasjw8.jpg,healthy,0.4427013397216797,2544.36376953125,1481.863525390625,2901.125244140625,1971.7630615234375
ID_Gasjw8.jpg,healthy,0.3768647313117981,11.973552703857422,0.0,1707.9947509765625,486.88629150390625
ID_Gasjw8.jpg,cssvd,0.3482217788696289,100.04322052001953,1425.9388427734375,1940.4281005859375,2346.5
ID_Gasjw8.jpg,cssvd,0.3379993438720703,0.0,0.0,1625.77294921875,492.3819274902344
ID_ehbYgK.jpg,anthracnose,0.8810652494430542,1020.9627685546875,212.34210205078125,4128.0,2374.694580078125
ID_ehbYgK.jpg,anthracnose,0.25788411498069763,12.07972526550293,1268.0712890625,2068.09130859375,3096.0
ID_pxrJ4f.jpg,anthracnose,0.2597585618495941,0.0,700.9672241210938,960.0,1277.34375
ID_CRgjeZ.jpg,healthy,0.8456747531890869,1173.1761474609375,711.2727661132812,2648.30224609375,1684.818603515625
ID_CRgjeZ.jpg,healthy,0.40564557909965515,1135.5155029296875,695.0443115234375,2649.769287109375,1340.4974365234375
ID_CRgjeZ.jpg,healthy,0.31020668148994446,0.0,287.2306823730469,1765.3597412109375,1758.3765869140625
ID_MNwF62.jpg,anthracnose,0.578062117099762,296.6649475097656,296.31317138671875,980.9475708007812,599.4100341796875
ID_MNwF62.jpg,healthy,0.5119000673294067,246.46449279785156,500.5294494628906,489.1639709472656,719.4154663085938
ID_MNwF62.jpg,healthy,0.41614988446235657,444.20684814453125,0.6580853462219238,970.9686889648438,294.8244934082031
ID_MNwF62.jpg,healthy,0.3746354579925537,388.27862548828125,297.555908203125,978.7568359375,602.974609375
ID_MNwF62.jpg,healthy,0.33487215638160706,82.62644958496094,529.4645385742188,249.18101501464844,690.2633056640625
ID_MNwF62.jpg,healthy,0.3314068615436554,299.9347839355469,0.0,900.198974609375,390.1500549316406
ID_MNwF62.jpg,healthy,0.31594932079315186,87.41160583496094,151.92388916015625,385.19244384765625,515.673583984375
ID_MNwF62.jpg,healthy,0.29189860820770264,88.79646301269531,169.0550994873047,305.0180969238281,521.9146728515625
ID_qF23Xs.jpeg,cssvd,0.4622100293636322,378.8954162597656,0.0,1280.0,458.4573974609375
ID_qF23Xs.jpeg,healthy,0.4095870852470398,207.6327667236328,352.70147705078125,819.7514038085938,572.1282958984375
ID_yj8UoR.JPG,healthy,0.7362663745880127,709.3253173828125,244.80287170410156,3210.1201171875,2044.1201171875
ID_yj8UoR.JPG,healthy,0.29484906792640686,0.3467845916748047,1446.0408935546875,963.4479370117188,2445.070068359375
ID_UDljRB.jpeg,anthracnose,0.7975683808326721,1033.784423828125,2.881988286972046,4007.086181640625,2139.1337890625
ID_g7Qwh5.jpg,anthracnose,0.8634343147277832,252.20004272460938,135.19912719726562,1196.0009765625,865.7916259765625
ID_g7Qwh5.jpg,anthracnose,0.5625124573707581,817.6527099609375,4.206562042236328,1279.1041259765625,277.42608642578125
ID_g7Qwh5.jpg,anthracnose,0.3659083843231201,149.86785888671875,835.9407958984375,850.3964233398438,960.0
ID_g7Qwh5.jpg,anthracnose,0.274662584066391,0.810089111328125,70.99365234375,1116.779052734375,867.1373901367188
ID_g7Qwh5.jpg,anthracnose,0.25681254267692566,132.8852081298828,802.0376586914062,972.6124267578125,960.0
ID_dHYPgN.jpg,anthracnose,0.36179861426353455,1632.580078125,80.43768310546875,2619.1298828125,2228.99267578125
ID_dHYPgN.jpg,cssvd,0.29403388500213623,2412.905517578125,12.707296371459961,3264.0,1399.3345947265625
ID_dHYPgN.jpg,healthy,0.258247047662735,933.3220825195312,0.0,2081.39111328125,839.812255859375
ID_XiQ5Zy.jpg,anthracnose,0.6742517352104187,554.361328125,202.381103515625,2048.0,1335.535888671875
ID_XiQ5Zy.jpg,anthracnose,0.30052241683006287,67.1973876953125,59.60699462890625,1208.3304443359375,677.0445556640625
ID_wSjCHI.jpg,anthracnose,0.4770136773586273,225.07537841796875,0.0,1069.4462890625,712.0565795898438
ID_wSjCHI.jpg,anthracnose,0.41585150361061096,242.58522033691406,148.12461853027344,1020.8408203125,684.0230712890625
ID_wSjCHI.jpg,anthracnose,0.36010196805000305,254.4671630859375,293.0950927734375,1019.5866088867188,669.3535766601562
ID_QHuaJE.JPG,healthy,0.6921963691711426,1270.97607421875,5.550985336303711,1935.67431640625,1193.328857421875
ID_QHuaJE.JPG,healthy,0.6605985760688782,1645.40869140625,921.1033935546875,2659.44677734375,1448.27001953125
ID_QHuaJE.JPG,healthy,0.5562664866447449,990.1480712890625,1328.0545654296875,1909.311279296875,2426.683349609375
ID_japwcF.jpg,cssvd,0.33316558599472046,109.40055847167969,317.5872497558594,951.1484375,1280.0
ID_japwcF.jpg,cssvd,0.2970665395259857,211.63580322265625,3.637847900390625,816.7183837890625,823.186767578125
ID_ft52kR.jpg,cssvd,0.349606454372406,369.7569274902344,90.53024291992188,1280.0,838.9230346679688
ID_h8HudT.jpeg,healthy,0.3778633773326874,1960.9522705078125,915.9664916992188,2676.75244140625,1489.7896728515625
ID_ZtVe9g.jpg,cssvd,0.47946321964263916,316.0734558105469,344.98614501953125,1280.0,960.0
ID_ZtVe9g.jpg,cssvd,0.3077036738395691,0.0,253.7371063232422,1113.45849609375,960.0
ID_ZtVe9g.jpg,healthy,0.27405494451522827,276.72821044921875,0.0,1264.602294921875,237.670654296875
ID_ZtVe9g.jpg,cssvd,0.26013174653053284,0.0,0.0,1012.1500244140625,520.2435302734375
ID_FxRJIn.jpg,healthy,0.6485725045204163,90.11127471923828,138.94679260253906,378.387939453125,294.7689514160156
ID_FxRJIn.jpg,healthy,0.540049135684967,3.0562291145324707,93.82197570800781,58.067657470703125,214.53103637695312
ID_FxRJIn.jpg,healthy,0.5017793774604797,5.4398112297058105,75.90625762939453,69.49016571044922,215.70352172851562
ID_FxRJIn.jpg,healthy,0.473910927772522,0.0,26.108280181884766,40.35009765625,166.3309326171875
ID_FxRJIn.jpg,healthy,0.4723455607891083,93.2614974975586,0.3689699172973633,297.3002624511719,150.25326538085938
ID_FxRJIn.jpg,healthy,0.45615071058273315,106.765625,0.0,359.9833679199219,155.2690887451172
ID_FxRJIn.jpg,healthy,0.43909621238708496,360.8505554199219,91.2271728515625,416.0,159.71258544921875
ID_FxRJIn.jpg,healthy,0.3768468499183655,29.990434646606445,0.0,107.88618469238281,83.75651550292969
ID_FxRJIn.jpg,healthy,0.3767240643501282,1.41630220413208,37.996524810791016,63.46110534667969,217.8709259033203
ID_FxRJIn.jpg,healthy,0.3685545325279236,31.312469482421875,0.0,113.68006896972656,125.68312072753906
ID_FxRJIn.jpg,healthy,0.3477979302406311,0.0,232.48800659179688,39.774715423583984,351.5657653808594
ID_FxRJIn.jpg,healthy,0.34022730588912964,33.40964889526367,134.26959228515625,348.2870178222656,304.27325439453125
ID_FxRJIn.jpg,healthy,0.3355582058429718,94.55419158935547,0.0,243.3251495361328,187.1633758544922
ID_FxRJIn.jpg,healthy,0.30376264452934265,57.570030212402344,248.50643920898438,114.37907409667969,318.37994384765625
ID_FxRJIn.jpg,healthy,0.30200737714767456,87.61428833007812,31.403961181640625,303.34832763671875,164.8775177001953
ID_FxRJIn.jpg,healthy,0.28759488463401794,127.93003845214844,376.34405517578125,413.2208251953125,416.0
ID_FxRJIn.jpg,healthy,0.2874560058116913,157.25244140625,0.24641798436641693,354.874267578125,125.47613525390625
ID_FxRJIn.jpg,healthy,0.2707938849925995,138.06544494628906,142.03411865234375,346.09271240234375,297.7956848144531
ID_FxRJIn.jpg,healthy,0.2706421911716461,106.51567840576172,0.0,262.408203125,132.35134887695312
ID_FxRJIn.jpg,healthy,0.2584231495857239,0.0,24.1199893951416,58.07442092895508,162.1101531982422
ID_FxRJIn.jpg,healthy,0.25775405764579773,31.029438018798828,3.9609248638153076,118.4315185546875,197.4379425048828
ID_FxRJIn.jpg,healthy,0.2533792555332184,96.33834075927734,1.5570354461669922,198.71551513671875,194.03750610351562
ID_FxRJIn.jpg,healthy,0.2518261969089508,82.43717956542969,0.0,318.9815673828125,193.02325439453125
ID_BiL2B8.jpeg,healthy,0.7252408862113953,44.563636779785156,393.38934326171875,533.380859375,572.7138671875
ID_BiL2B8.jpeg,healthy,0.5503730177879333,29.45037841796875,177.1563262939453,1025.3353271484375,539.8114013671875
ID_dc0J77.jpg,cssvd,0.3560572862625122,181.0883331298828,305.1452941894531,960.0,1280.0
ID_dc0J77.jpg,cssvd,0.3084811270236969,177.208251953125,2.19085693359375,960.0,931.4030151367188
ID_Nurt45.jpeg,healthy,0.8084537386894226,1013.096435546875,42.62510681152344,4032.0,2002.1705322265625
ID_Nurt45.jpeg,healthy,0.4962213337421417,3485.8740234375,2257.57080078125,4032.0,3024.0
ID_Nurt45.jpeg,healthy,0.48570314049720764,242.58209228515625,35.7917366027832,3748.63623046875,2016.6771240234375
ID_Nurt45.jpeg,healthy,0.42405086755752563,2524.5791015625,1913.0364990234375,3693.72802734375,3024.0
ID_Nurt45.jpeg,healthy,0.3560982644557953,3061.472900390625,0.0,4030.864990234375,694.6641845703125
ID_DitJb1.jpeg,anthracnose,0.8175704479217529,1055.5313720703125,2.093539237976074,3024.0,2042.8311767578125
ID_DitJb1.jpeg,anthracnose,0.4270612597465515,696.5418701171875,345.1216125488281,3006.568115234375,2332.029296875
ID_DitJb1.jpeg,anthracnose,0.37071478366851807,201.0251922607422,633.6793823242188,2768.4599609375,2623.451904296875
ID_DitJb1.jpeg,anthracnose,0.3038482367992401,1710.5003662109375,2052.29443359375,3017.86962890625,2736.518798828125
ID_DorYRG.jpg,anthracnose,0.7458575367927551,1259.5675048828125,1506.5223388671875,4086.708984375,3090.852783203125
ID_DorYRG.jpg,anthracnose,0.6216380596160889,382.4861145019531,1353.7291259765625,3946.007568359375,3096.0
ID_DorYRG.jpg,anthracnose,0.5249425172805786,84.53667449951172,321.8553466796875,3463.683837890625,3082.293212890625
ID_hmKSAg.jpg,healthy,0.47826388478279114,38.55241394042969,0.0,397.3031005859375,254.47579956054688
ID_hmKSAg.jpg,healthy,0.3676173686981201,231.70680236816406,308.3655700683594,377.1087951660156,398.96453857421875
ID_hmKSAg.jpg,healthy,0.2549741566181183,214.59400939941406,137.7368621826172,416.0,373.18438720703125
ID_CTHVbX.jpg,cssvd,0.45107385516166687,308.341796875,112.51579284667969,1280.0,893.7814331054688
ID_N1urjJ.jpg,2,1.0,,,,
ID_gBtRxw.jpeg,2,1.0,,,,
ID_IyJq31.JPG,healthy,0.6902238726615906,732.3292846679688,991.5272216796875,2601.8935546875,1947.638671875
ID_IyJq31.JPG,anthracnose,0.5739025473594666,2324.120849609375,87.69719696044922,3264.0,1218.758544921875
ID_lfLaoW.jpg,cssvd,0.553351640701294,308.1416320800781,0.0,1280.0,838.9281616210938
ID_hBZYGx.jpg,anthracnose,0.8243348598480225,509.787841796875,43.268310546875,1959.342529296875,1198.385009765625
ID_iIZUc1.jpeg,healthy,0.6921440362930298,530.7551879882812,0.7373198866844177,3024.0,1350.5374755859375
ID_iIZUc1.jpeg,healthy,0.6181201338768005,179.4585723876953,1605.4521484375,3024.0,3307.653564453125
ID_iIZUc1.jpeg,healthy,0.2678323984146118,5.7048563957214355,2425.613525390625,3024.0,3754.947998046875
ID_n9p1ZH.jpeg,anthracnose,0.7051548957824707,0.0,1420.7298583984375,2628.55224609375,2921.541748046875
ID_n9p1ZH.jpeg,healthy,0.44670960307121277,1458.3826904296875,2782.867919921875,2273.361083984375,3941.0302734375
ID_n9p1ZH.jpeg,anthracnose,0.27839142084121704,1409.4693603515625,1057.6385498046875,3015.6904296875,1822.028076171875
ID_i5VHxx.jpg,anthracnose,0.28102564811706543,1172.541015625,1135.9100341796875,4128.0,2557.44091796875
ID_i5VHxx.jpg,anthracnose,0.26854193210601807,1438.3675537109375,106.03511047363281,3441.9921875,1861.6048583984375
ID_i5VHxx.jpg,anthracnose,0.2548470199108124,1293.748046875,138.4696502685547,3552.985107421875,2552.251708984375
ID_m41Ily.jpg,cssvd,0.5295262932777405,99.45808410644531,297.6755065917969,955.722900390625,1280.0
ID_DCnllR.jpg,healthy,0.6965695023536682,249.38705444335938,0.15555477142333984,374.0770263671875,122.62450408935547
ID_DCnllR.jpg,healthy,0.5061516165733337,206.13006591796875,106.93112182617188,305.5628662109375,243.8467254638672
ID_DCnllR.jpg,healthy,0.4931762218475342,218.7073974609375,211.5634002685547,414.27764892578125,326.2077331542969
ID_DCnllR.jpg,healthy,0.35765892267227173,280.12786865234375,105.34815216064453,389.43182373046875,209.24815368652344
ID_DCnllR.jpg,healthy,0.33648988604545593,276.51409912109375,0.0128440847620368,370.2606506347656,82.26173400878906
ID_DCnllR.jpg,healthy,0.2842022776603699,17.74521255493164,252.60536193847656,79.38673400878906,332.1483459472656
ID_FtNOa1.jpeg,anthracnose,0.4489011764526367,51.85295104980469,377.86956787109375,557.7551879882812,1154.5296630859375
ID_FtNOa1.jpeg,healthy,0.41117966175079346,5.5704498291015625,1042.3118896484375,400.85845947265625,1280.0
ID_FtNOa1.jpeg,anthracnose,0.27148717641830444,67.74846649169922,539.1448974609375,550.6436767578125,1226.104736328125
ID_Vq59xO.jpg,anthracnose,0.5971007943153381,228.99685668945312,274.5605163574219,3635.36474609375,2929.942626953125
ID_PS1fIb.jpg,anthracnose,0.5916895866394043,289.7200927734375,529.8043823242188,2603.259765625,1504.59765625
ID_PS1fIb.jpg,cssvd,0.4705634117126465,611.0896606445312,2006.8323974609375,1861.4686279296875,2448.0
ID_PS1fIb.jpg,anthracnose,0.4133632183074951,669.8524169921875,534.739013671875,2625.127197265625,1336.93359375
ID_PS1fIb.jpg,healthy,0.4025695025920868,609.7590942382812,1996.8853759765625,1839.8367919921875,2445.6630859375
ID_PS1fIb.jpg,anthracnose,0.39014196395874023,2182.9697265625,6.148349761962891,3254.185302734375,998.260009765625
ID_PS1fIb.jpg,cssvd,0.28921279311180115,2063.739990234375,1224.4083251953125,3257.2763671875,1996.727783203125
ID_PS1fIb.jpg,anthracnose,0.2577759027481079,1238.51904296875,546.6398315429688,2528.496826171875,1274.26025390625
ID_CzSEcr.jpg,healthy,0.6434805393218994,117.71532440185547,152.25160217285156,398.0381774902344,338.1146545410156
ID_CzSEcr.jpg,healthy,0.5718797445297241,67.82083892822266,311.2301330566406,346.8486633300781,395.11956787109375
ID_CzSEcr.jpg,healthy,0.4865770637989044,69.5831527709961,163.44061279296875,360.9994201660156,324.7454528808594
ID_CzSEcr.jpg,healthy,0.4679113030433655,148.8705596923828,0.0,252.86648559570312,58.8985481262207
ID_CzSEcr.jpg,healthy,0.4143943190574646,169.7533416748047,157.43798828125,364.5610046386719,323.2398376464844
ID_CzSEcr.jpg,healthy,0.3706374168395996,52.58618927001953,149.6031494140625,208.8385009765625,325.02777099609375
ID_CzSEcr.jpg,healthy,0.33166739344596863,0.0,26.354686737060547,40.785823822021484,148.83547973632812
ID_CzSEcr.jpg,healthy,0.32745444774627686,18.35519027709961,312.7497863769531,322.8516540527344,408.71771240234375
ID_CzSEcr.jpg,healthy,0.3094550371170044,22.809335708618164,142.9786376953125,248.50576782226562,332.0765686035156
ID_CzSEcr.jpg,healthy,0.30315089225769043,3.650311231613159,70.05035400390625,97.72576141357422,211.19676208496094
ID_CzSEcr.jpg,healthy,0.2595290243625641,30.82932472229004,344.7624816894531,330.3664855957031,413.80438232421875
ID_CzSEcr.jpg,healthy,0.2593289017677307,38.95330810546875,362.5221252441406,352.19268798828125,414.9273681640625
ID_jUGauO.jpg,anthracnose,0.5231816172599792,671.3728637695312,84.0228271484375,1432.354248046875,1354.416015625
ID_jUGauO.jpg,anthracnose,0.3634134829044342,163.311279296875,39.40411376953125,1318.2958984375,852.9793090820312
ID_g5B3Nn.jpg,healthy,0.35522040724754333,492.4216613769531,0.0,2236.76123046875,499.253173828125
ID_g5B3Nn.jpg,cssvd,0.3289276361465454,825.5625610351562,1012.64990234375,3264.0,2002.6837158203125
ID_zOUCUN.jpg,cssvd,0.4435719847679138,265.60589599609375,3.9373433589935303,1080.0,514.1407470703125
ID_nEicnS.JPG,anthracnose,0.6931427121162415,881.068603515625,691.4777221679688,3264.0,1737.4635009765625
ID_nEicnS.JPG,anthracnose,0.3018967807292938,585.0081787109375,5.963235855102539,3081.04150390625,967.0784912109375
ID_nEicnS.JPG,anthracnose,0.2777164578437805,707.28759765625,1815.032958984375,2239.524169921875,2448.0
ID_aJfG4Y.jpg,healthy,0.3203641176223755,0.3317146301269531,0.0,191.7875518798828,53.74169921875
ID_aJfG4Y.jpg,healthy,0.2937970459461212,0.0,0.0,144.20071411132812,60.252254486083984
ID_aJfG4Y.jpg,healthy,0.27124273777008057,225.2948760986328,313.5721740722656,415.69488525390625,416.0
ID_D2n955.jpg,cssvd,0.5630375742912292,308.17413330078125,43.714752197265625,1280.0,960.0
ID_M4SGQm.jpg,anthracnose,0.47429975867271423,663.3870239257812,854.4324340820312,4014.468017578125,2556.33740234375
ID_M4SGQm.jpg,anthracnose,0.30377405881881714,370.3563232421875,1947.119873046875,3614.57177734375,3096.0
ID_sBJnxJ.jpg,cssvd,0.6249434351921082,308.27606201171875,0.0,1280.0,773.211669921875
ID_vfelPl.jpg,healthy,0.49795690178871155,1162.148193359375,691.0392456054688,3199.421630859375,1914.452880859375
ID_TqIzU1.jpg,healthy,0.3144516944885254,46.2410888671875,120.35304260253906,277.650390625,208.71873474121094
ID_pidubH.jpg,healthy,0.49931108951568604,309.62646484375,60.62408447265625,1280.0,721.4625244140625
ID_pidubH.jpg,cssvd,0.4111376404762268,362.7664489746094,68.97087097167969,1280.0,720.6047973632812
ID_EOFmpE.jpeg,anthracnose,0.7877669334411621,0.0,36.57875061035156,933.0206298828125,562.9619750976562
ID_EOFmpE.jpeg,anthracnose,0.3870820999145508,34.07188415527344,397.6625061035156,719.36962890625,576.0
ID_EOFmpE.jpeg,anthracnose,0.3063315451145172,171.7565155029297,68.17108154296875,835.6503295898438,499.60455322265625
ID_EOFmpE.jpeg,anthracnose,0.28124281764030457,21.556549072265625,19.456558227539062,822.8878173828125,461.2541809082031
ID_rO21Rv.jpg,cssvd,0.48761633038520813,263.8881530761719,0.0,1080.0,625.1577758789062
ID_rO21Rv.jpg,healthy,0.29186883568763733,0.0,559.130615234375,866.642578125,810.0
ID_rO21Rv.jpg,cssvd,0.2579907178878784,57.05683135986328,0.0,1012.1661376953125,593.2341918945312
ID_bA2YCT.jpg,anthracnose,0.8074668049812317,597.5667114257812,44.83642578125,2046.445068359375,1351.41259765625
ID_EG9Mkf.jpg,healthy,0.5647842884063721,381.3220520019531,0.0542449951171875,1280.0,517.705078125
ID_EG9Mkf.jpg,cssvd,0.5021260380744934,441.8656921386719,0.0,1280.0,519.2926635742188
ID_EG9Mkf.jpg,healthy,0.290900319814682,281.99786376953125,461.3065185546875,1280.0,823.8317260742188
ID_EG9Mkf.jpg,healthy,0.2516798973083496,193.18527221679688,0.0,981.673095703125,156.0302734375
ID_ytdXbX.jpg,anthracnose,0.808202862739563,325.07415771484375,238.60763549804688,1280.0,834.307861328125
ID_ytdXbX.jpg,healthy,0.3205226957798004,665.6235961914062,756.121337890625,1280.0,960.0
ID_ytdXbX.jpg,anthracnose,0.30001845955848694,279.9107360839844,386.148681640625,1267.1278076171875,799.6329956054688
ID_ytdXbX.jpg,healthy,0.28506195545196533,667.2152709960938,661.406982421875,1279.0679931640625,960.0
ID_EsHAwO.JPG,anthracnose,0.5843681693077087,783.0537719726562,376.5323791503906,3264.0,2387.895263671875
ID_EsHAwO.JPG,healthy,0.437773197889328,317.4229736328125,0.0,1294.7840576171875,439.5022277832031
ID_EsHAwO.JPG,healthy,0.29744240641593933,0.0,10.74224853515625,565.1474609375,944.278564453125
ID_EsHAwO.JPG,cssvd,0.28666555881500244,684.6568603515625,365.47613525390625,3264.0,2389.236572265625
ID_gxJl1S.jpg,cssvd,0.4672865867614746,109.5338134765625,62.433982849121094,416.0,298.1260681152344
ID_gxJl1S.jpg,healthy,0.34069448709487915,161.58824157714844,333.6137390136719,221.15505981445312,395.8553161621094
ID_hANUAB.jpg,healthy,0.4360061287879944,504.80902099609375,37.08348083496094,3112.259521484375,1839.3134765625
ID_hANUAB.jpg,anthracnose,0.33164042234420776,750.3766479492188,45.61720275878906,3155.564453125,1805.43896484375
ID_V4uHkL.jpeg,2,1.0,,,,
ID_VtUtXq.jpeg,healthy,0.2744094431400299,474.4617614746094,930.5626220703125,2542.207275390625,3949.644287109375
ID_VtUtXq.jpeg,cssvd,0.2642885446548462,250.50155639648438,0.0,2495.73193359375,2825.159423828125
ID_qxOohj.jpg,anthracnose,0.40435701608657837,322.74566650390625,0.0,2048.0,1211.53564453125
ID_qxOohj.jpg,anthracnose,0.3873114287853241,322.051513671875,443.2278137207031,2048.0,1172.45849609375
ID_qxOohj.jpg,anthracnose,0.28424790501594543,946.177001953125,0.0,2014.9296875,336.69805908203125
ID_Z2Yu1j.jpg,anthracnose,0.46143653988838196,441.8606872558594,242.98464965820312,1012.5411987304688,572.4754028320312
ID_Z2Yu1j.jpg,healthy,0.38107919692993164,292.1376647949219,434.64630126953125,722.4000244140625,764.9282836914062
ID_Z2Yu1j.jpg,anthracnose,0.33266985416412354,296.54913330078125,439.93170166015625,728.68310546875,758.3782348632812
ID_Z2Yu1j.jpg,healthy,0.30320751667022705,663.99560546875,519.5538940429688,869.2656860351562,722.3906860351562
ID_Yg0KUv.jpg,cssvd,0.5812696218490601,264.01495361328125,49.2889404296875,1080.0,569.9954833984375
ID_Yg0KUv.jpg,cssvd,0.2723378539085388,26.307449340820312,43.26838684082031,976.6459350585938,567.5303955078125
ID_Yg0KUv.jpg,healthy,0.2507341504096985,432.05865478515625,552.3234252929688,767.2005615234375,809.4526977539062
ID_kpzVTg.jpg,healthy,0.4105525612831116,2070.232177734375,2036.9407958984375,2803.609375,2448.0
ID_kpzVTg.jpg,anthracnose,0.3726026713848114,1137.229248046875,277.181640625,2911.3837890625,1310.43896484375
ID_kpzVTg.jpg,healthy,0.33064723014831543,1572.1739501953125,1904.5303955078125,2139.65869140625,2321.21435546875
ID_kpzVTg.jpg,healthy,0.27413520216941833,2274.93896484375,1312.6700439453125,2741.54931640625,2018.037841796875
ID_kpzVTg.jpg,healthy,0.25679004192352295,1269.9163818359375,1758.884033203125,1562.9046630859375,2157.8681640625
ID_kTAyAz.jpg,2,1.0,,,,
ID_wGs0TG.JPG,healthy,0.9075716137886047,2003.0816650390625,1147.0948486328125,2764.59814453125,1642.469970703125
ID_wGs0TG.JPG,healthy,0.7236164808273315,2606.21435546875,933.9323120117188,3262.083984375,1349.5147705078125
ID_wGs0TG.JPG,healthy,0.654305636882782,685.6112670898438,1286.41845703125,1400.5162353515625,1727.4638671875
ID_wGs0TG.JPG,anthracnose,0.58343106508255,1716.9619140625,2123.6279296875,3906.17333984375,3024.0
ID_wGs0TG.JPG,healthy,0.35905006527900696,2695.9580078125,1450.4827880859375,3121.258056640625,1736.65478515625
ID_P0LEyO.jpg,cssvd,0.5123200416564941,318.1053161621094,19.67498779296875,1280.0,676.3912963867188
ID_Uuubv2.jpg,anthracnose,0.8162235021591187,1190.4036865234375,807.7865600585938,4128.0,2564.558349609375
ID_Uuubv2.jpg,healthy,0.6737993359565735,3150.68408203125,2313.208740234375,3738.129638671875,3012.59619140625
ID_Uuubv2.jpg,healthy,0.33877500891685486,486.6177978515625,578.4078369140625,1222.556640625,1576.9879150390625
ID_h2mTi3.jpg,healthy,0.5549885630607605,89.885986328125,114.42522430419922,412.93048095703125,332.36553955078125
ID_h2mTi3.jpg,healthy,0.5074930787086487,0.0,7.109771251678467,202.63507080078125,230.6289825439453
ID_h2mTi3.jpg,healthy,0.3234848976135254,48.2720832824707,341.6242980957031,249.63128662109375,411.6929016113281
ID_h2mTi3.jpg,healthy,0.29418182373046875,8.638416290283203,315.73443603515625,294.63177490234375,413.1488342285156
ID_h2mTi3.jpg,healthy,0.25209560990333557,0.0,1.4234991073608398,49.272911071777344,109.35832214355469
ID_KJj1Zi.jpeg,healthy,0.3471338748931885,463.2469482421875,929.3743286132812,2563.17578125,3944.12255859375
ID_KJj1Zi.jpeg,healthy,0.2699255347251892,302.7188415527344,307.0456848144531,2487.536376953125,3738.594970703125
ID_KJj1Zi.jpeg,healthy,0.2655957043170929,289.3733215332031,0.0,2543.687744140625,3057.129150390625
ID_xOXg44.jpg,cssvd,0.44030341506004333,228.74436950683594,19.563217163085938,1075.436279296875,724.5592651367188
ID_xOXg44.jpg,cssvd,0.26955661177635193,0.0,46.216156005859375,877.4096069335938,714.2640380859375
ID_xUtJVT.jpg,healthy,0.67220538854599,1.9234466552734375,0.0,431.98828125,270.695556640625
ID_xUtJVT.jpg,cssvd,0.4272591173648834,312.29290771484375,137.70797729492188,1280.0,887.340087890625
ID_beWVeF.jpeg,anthracnose,0.8524380922317505,0.0,395.2649841308594,3024.0,2818.273193359375
ID_VEfmr3.jpeg,healthy,0.4508277177810669,0.0,0.07852648943662643,975.6705322265625,651.0017700195312
ID_VEfmr3.jpeg,anthracnose,0.3914879560470581,2056.338623046875,210.48825073242188,3525.103271484375,3021.967041015625
ID_VEfmr3.jpeg,healthy,0.2667389214038849,3400.18017578125,550.8760375976562,4032.0,1403.5968017578125
ID_hYKtFA.JPG,healthy,0.6425328254699707,559.413818359375,1062.34375,2377.02099609375,2229.844970703125
ID_hYKtFA.JPG,anthracnose,0.3460264801979065,418.75994873046875,2079.706298828125,2386.701171875,2448.0
ID_myReVS.JPG,healthy,0.9335403442382812,1147.6749267578125,988.9093627929688,2050.06884765625,1445.358642578125
ID_myReVS.JPG,healthy,0.588375985622406,103.69412231445312,2124.552734375,463.0894470214844,2424.64599609375
ID_myReVS.JPG,anthracnose,0.287896066904068,0.0,1208.532470703125,1823.53466796875,2338.335693359375
ID_myReVS.JPG,healthy,0.26101335883140564,884.6011352539062,648.4532470703125,1133.224365234375,817.9786376953125
ID_ExXVO1.jpg,anthracnose,0.4445098340511322,453.474365234375,500.513671875,1669.291259765625,1386.3289794921875
ID_ExXVO1.jpg,healthy,0.43325164914131165,1636.741943359375,1024.71484375,2048.0,1300.83056640625
ID_ExXVO1.jpg,anthracnose,0.31902095675468445,1180.3095703125,973.911865234375,1876.89990234375,1461.6748046875
ID_ExXVO1.jpg,anthracnose,0.31220003962516785,358.057373046875,400.5677490234375,1386.823974609375,906.4156494140625
ID_ExXVO1.jpg,anthracnose,0.2666252553462982,1645.16650390625,1017.493896484375,2048.0,1298.881103515625
ID_C8BlN8.jpg,cssvd,0.311233788728714,836.8700561523438,512.02099609375,3181.642333984375,1341.748779296875
ID_C8BlN8.jpg,healthy,0.2726046144962311,2273.875732421875,1968.04150390625,2692.872314453125,2443.1376953125
ID_C8BlN8.jpg,healthy,0.2562229335308075,2292.864501953125,1294.7786865234375,2978.934326171875,1975.611083984375
ID_I0DZzb.jpg,healthy,0.32271283864974976,0.0,0.0,84.84183502197266,128.05709838867188
ID_ktDANd.jpeg,anthracnose,0.6015675067901611,781.1791381835938,0.0,2871.94580078125,1047.219482421875
ID_ktDANd.jpeg,anthracnose,0.5062686800956726,0.0,1307.36865234375,1238.6187744140625,2594.64501953125
ID_ktDANd.jpeg,anthracnose,0.4996766149997711,1730.169189453125,0.0,3005.974853515625,2419.74169921875
ID_ktDANd.jpeg,anthracnose,0.423263818025589,2388.462158203125,12.078059196472168,4032.0,2034.5350341796875
ID_ktDANd.jpeg,anthracnose,0.3098990023136139,2958.09228515625,23.742998123168945,4031.658935546875,2071.19091796875
ID_iXRhGf.jpeg,healthy,0.7348004579544067,891.2683715820312,651.9948120117188,4010.646240234375,2452.301025390625
ID_iXRhGf.jpeg,healthy,0.5114057064056396,0.0,629.2125854492188,3371.002685546875,2428.496826171875
ID_iXRhGf.jpeg,healthy,0.4554722011089325,0.0,227.96763610839844,2197.039794921875,1351.6585693359375
ID_JaY2HL.jpg,cssvd,0.46882757544517517,322.8959655761719,58.92250061035156,1280.0,806.8423461914062
ID_G002P0.jpg,2,1.0,,,,
ID_KzyWDd.jpg,healthy,0.3062145709991455,52.87109375,411.3768615722656,960.0,1276.8988037109375
ID_KzyWDd.jpg,cssvd,0.29450538754463196,103.35845947265625,0.0,926.8777465820312,887.75244140625
ID_KzyWDd.jpg,cssvd,0.2928988039493561,52.33192443847656,335.1600646972656,956.3097534179688,1278.5753173828125
ID_wc4VDk.jpg,2,1.0,,,,
ID_oR0uum.jpg,healthy,0.40968096256256104,1956.3568115234375,0.0,3264.0,465.7049255371094
ID_oR0uum.jpg,healthy,0.25193485617637634,1.4706487655639648,227.0073699951172,794.786376953125,1715.1402587890625
ID_ZQxVRX.jpeg,anthracnose,0.8136191368103027,1057.1744384765625,229.0978240966797,4028.307861328125,1865.16748046875
ID_ZQxVRX.jpeg,anthracnose,0.549957275390625,51.008453369140625,1889.2470703125,3240.045654296875,2984.744140625
ID_ZQxVRX.jpeg,anthracnose,0.47413039207458496,49.24662399291992,1135.021728515625,3461.42431640625,3002.595458984375
ID_vXgQwz.jpg,anthracnose,0.7794985771179199,1220.76318359375,205.64468383789062,4128.0,2371.26220703125
ID_nBKCpo.jpg,healthy,0.3900270164012909,403.7996520996094,1869.8223876953125,3253.419189453125,2448.0
ID_nBKCpo.jpg,cssvd,0.3817773759365082,835.75830078125,606.4901123046875,3264.0,1847.387939453125
ID_nBKCpo.jpg,healthy,0.27842196822166443,820.7738037109375,0.0,3264.0,475.0240173339844
ID_XoAAeX.jpeg,healthy,0.8353317975997925,168.4475555419922,1060.521240234375,3024.0,3300.71728515625
ID_A6Fogi.jpeg,anthracnose,0.5721672177314758,952.5360717773438,183.735595703125,3942.486083984375,1799.51416015625
ID_A6Fogi.jpeg,anthracnose,0.36592695116996765,2947.860595703125,12.4080171585083,4000.0,1800.0
ID_A6Fogi.jpeg,anthracnose,0.29439777135849,484.0655212402344,163.15579223632812,3746.886474609375,1528.9305419921875
ID_UfuRhW.jpeg,anthracnose,0.36634498834609985,214.48133850097656,303.7649230957031,3047.921630859375,1741.5125732421875
ID_UfuRhW.jpeg,cssvd,0.32648977637290955,45.457359313964844,269.2782287597656,3079.039794921875,1704.23291015625
ID_UfuRhW.jpeg,healthy,0.2910144627094269,0.0,0.0,1684.14892578125,538.679931640625
ID_pTFwON.jpg,anthracnose,0.6418103575706482,1239.6097412109375,1188.214599609375,4128.0,2560.525390625
ID_pTFwON.jpg,anthracnose,0.46198219060897827,1129.721923828125,0.0,4098.44677734375,1044.074951171875
ID_pTFwON.jpg,anthracnose,0.4205254018306732,99.86398315429688,2075.72412109375,3267.5029296875,3096.0
ID_pTFwON.jpg,anthracnose,0.3347233533859253,0.0,1252.804931640625,3286.197021484375,2386.337158203125
ID_pTFwON.jpg,anthracnose,0.269611656665802,0.0,745.7138061523438,3256.887451171875,2515.916748046875
ID_pTFwON.jpg,anthracnose,0.26385894417762756,1370.2686767578125,2.190934181213379,4088.471923828125,1456.4918212890625
ID_Fh5Pcm.jpg,cssvd,0.28167805075645447,461.569580078125,490.5338134765625,1885.061279296875,1148.5982666015625
ID_Fh5Pcm.jpg,anthracnose,0.2760612368583679,557.7071533203125,496.2641906738281,1852.9608154296875,1150.07666015625
ID_Fh5Pcm.jpg,healthy,0.2564910650253296,372.82421875,493.2958984375,1896.693603515625,1137.2816162109375
ID_G9YWm0.jpg,anthracnose,0.840112566947937,319.8333435058594,146.34803771972656,1280.0,859.7903442382812
ID_G9YWm0.jpg,anthracnose,0.442513644695282,124.19143676757812,21.526947021484375,1237.826171875,821.4511108398438
ID_NtqErb.jpg,cssvd,0.6101935505867004,312.4715881347656,24.135971069335938,1280.0,950.6983642578125
ID_idyM5h.jpeg,healthy,0.587257444858551,1016.334228515625,0.0,1280.0,222.88697814941406
ID_idyM5h.jpeg,healthy,0.5595208406448364,466.49267578125,35.50468444824219,962.6111450195312,308.9332580566406
ID_idyM5h.jpeg,cssvd,0.3568233847618103,581.502685546875,195.99327087402344,1041.426513671875,576.0
ID_m4rRzw.jpeg,anthracnose,0.3909113109111786,594.5687255859375,0.0,2387.152099609375,3122.0439453125
ID_m4rRzw.jpeg,healthy,0.3160841464996338,497.6213073730469,973.3001098632812,2388.671875,4032.0
ID_m4rRzw.jpeg,healthy,0.2586040794849396,554.845458984375,389.2967529296875,2390.353271484375,3575.73291015625
ID_vSr6vC.jpg,anthracnose,0.36155155301094055,714.2374877929688,1098.6934814453125,1990.318359375,1828.396728515625
ID_vSr6vC.jpg,healthy,0.271066278219223,434.7568664550781,1965.9791259765625,923.2957153320312,2447.930908203125
ID_vSr6vC.jpg,healthy,0.26241767406463623,1193.3125,1729.8388671875,2338.319091796875,2232.552978515625
ID_E1lv1B.jpg,healthy,0.5864685773849487,1.0071830749511719,0.6430835723876953,763.9172973632812,619.0487060546875
ID_E1lv1B.jpg,cssvd,0.35690757632255554,1608.3544921875,0.0,2980.209716796875,660.7535400390625
ID_E1lv1B.jpg,cssvd,0.3288290500640869,1655.6392822265625,184.9519805908203,2435.955322265625,652.2380981445312
ID_E1lv1B.jpg,healthy,0.2968822121620178,160.59559631347656,1946.7562255859375,1675.6270751953125,2447.701904296875
ID_E1lv1B.jpg,healthy,0.2928420603275299,1878.052734375,620.8532104492188,2482.1689453125,1064.0771484375
ID_E1lv1B.jpg,cssvd,0.25395768880844116,254.5353546142578,2006.607421875,1654.93115234375,2447.766357421875
ID_r8vfga.jpg,cssvd,0.43778058886528015,321.304931640625,31.750411987304688,1280.0,617.8423461914062
ID_r8vfga.jpg,cssvd,0.2815764546394348,1059.80224609375,467.7745056152344,1279.168701171875,960.0
ID_ZLh9RR.jpg,healthy,0.37745198607444763,93.65939331054688,218.09573364257812,383.40484619140625,342.3729248046875
ID_jLLLAF.jpg,2,1.0,,,,
ID_Lpv49N.jpg,anthracnose,0.5028407573699951,705.46337890625,517.989990234375,1974.10693359375,1231.413330078125
ID_yKiZHu.jpg,anthracnose,0.8402286767959595,452.4649658203125,39.5712890625,1993.4012451171875,1119.423095703125
ID_yKiZHu.jpg,anthracnose,0.4867344796657562,140.70556640625,320.7127685546875,1912.5283203125,1425.3233642578125
ID_yKiZHu.jpg,anthracnose,0.42994165420532227,137.13369750976562,0.169677734375,1064.5538330078125,480.7335205078125
ID_yKiZHu.jpg,anthracnose,0.3359624147415161,137.3211669921875,642.1491088867188,1907.4010009765625,1411.904052734375
ID_hUbmNZ.jpg,healthy,0.6142213940620422,1101.6328125,750.1669311523438,2514.9912109375,1731.0777587890625
ID_hUbmNZ.jpg,healthy,0.4882727563381195,1356.6624755859375,1826.100830078125,2446.263671875,2448.0
ID_hUbmNZ.jpg,healthy,0.3978321850299835,629.6220703125,819.98046875,1107.470947265625,1270.956298828125
ID_icUqrM.jpeg,healthy,0.7044632434844971,1734.27880859375,0.0,4025.169677734375,540.91162109375
ID_icUqrM.jpeg,healthy,0.5330207347869873,984.2052612304688,541.6008911132812,4032.0,2689.565185546875
ID_icUqrM.jpeg,healthy,0.44668149948120117,707.23046875,2560.147705078125,3986.4912109375,3024.0
ID_icUqrM.jpeg,healthy,0.2902166247367859,336.8153381347656,2635.072509765625,3503.8505859375,3024.0
ID_eFaC28.jpeg,anthracnose,0.8846004009246826,834.9262084960938,222.18585205078125,3264.0,1688.4969482421875
ID_eFaC28.jpeg,anthracnose,0.5505512356758118,191.31964111328125,220.0518798828125,3045.844970703125,1729.553466796875
ID_eFaC28.jpeg,anthracnose,0.3073329031467438,64.45426940917969,0.0,2728.115478515625,411.0239562988281
ID_jHqWXa.jpg,anthracnose,0.5422037243843079,1229.96484375,2051.798583984375,2777.8125,2448.0
ID_jHqWXa.jpg,anthracnose,0.4795391857624054,867.7614135742188,468.3751220703125,1681.66650390625,1961.1754150390625
ID_jHqWXa.jpg,anthracnose,0.2916993200778961,0.0,1389.4232177734375,1278.178466796875,2443.726806640625
ID_stSmpC.jpeg,healthy,0.6940174102783203,1197.934814453125,582.2952880859375,3714.196533203125,2040.1168212890625
ID_stSmpC.jpeg,healthy,0.4908261001110077,3129.904296875,0.0,4032.0,627.3207397460938
ID_QDGH72.jpg,cssvd,0.48739534616470337,321.0768127441406,102.35008239746094,1280.0,843.5169677734375
ID_UzoTeR.jpg,2,1.0,,,,
ID_CiaBXB.jpg,healthy,0.8254904747009277,113.38712310791016,18.130529403686523,410.2647399902344,115.44189453125
ID_CiaBXB.jpg,healthy,0.5468425154685974,102.01668548583984,157.8914031982422,416.0,413.9356994628906
ID_CiaBXB.jpg,healthy,0.3508402407169342,0.0,4.496756553649902,64.55484008789062,168.70596313476562
ID_CiaBXB.jpg,healthy,0.31180933117866516,0.0,5.759754180908203,47.367069244384766,214.95077514648438
ID_CiaBXB.jpg,healthy,0.26180708408355713,0.0,1.0362424850463867,50.36260223388672,151.57388305664062
ID_CiaBXB.jpg,healthy,0.2552568018436432,0.0,11.135004043579102,66.12394714355469,227.07298278808594
ID_MNV5lc.jpg,cssvd,0.5428639650344849,310.9034729003906,39.06150817871094,1280.0,838.6713256835938
ID_MNV5lc.jpg,cssvd,0.3068149983882904,28.691558837890625,12.368011474609375,1167.69189453125,847.4622802734375
ID_OvOLtN.jpg,cssvd,0.36605963110923767,316.4879150390625,0.0,1280.0,943.15869140625
ID_Tsb0A0.jpg,anthracnose,0.8230855464935303,563.1400756835938,977.734130859375,3096.0,4128.0
ID_Tsb0A0.jpg,anthracnose,0.632893443107605,550.5419311523438,0.0,3077.466552734375,3218.21484375
ID_QgwdlL.jpg,anthracnose,0.3670576512813568,510.7109375,515.7401123046875,1826.223876953125,1496.178466796875
ID_Q0XNxq.jpg,anthracnose,0.8444117903709412,322.20703125,200.73333740234375,1280.0,652.7984008789062
ID_Q0XNxq.jpg,anthracnose,0.4224085807800293,372.7699279785156,645.188720703125,1249.09375,959.3778686523438
ID_Q0XNxq.jpg,anthracnose,0.3578777015209198,796.7750244140625,596.4393310546875,1275.6346435546875,960.0
ID_Q0XNxq.jpg,anthracnose,0.29184138774871826,434.98699951171875,681.5540771484375,1117.0240478515625,960.0
ID_Hp6I1X.jpg,healthy,0.40310341119766235,94.177490234375,241.29627990722656,218.42984008789062,369.12860107421875
ID_Hp6I1X.jpg,healthy,0.38979580998420715,0.0,0.0,262.8443908691406,50.254600524902344
ID_Hp6I1X.jpg,healthy,0.36478254199028015,123.58177185058594,120.05014038085938,416.0,299.0569763183594
ID_Hp6I1X.jpg,healthy,0.34295472502708435,152.4477996826172,350.60797119140625,205.1040802001953,416.0
ID_Hp6I1X.jpg,healthy,0.3206574618816376,50.50227355957031,91.56399536132812,386.5180358886719,303.7088623046875
ID_Hp6I1X.jpg,healthy,0.2870582640171051,155.39846801757812,174.664794921875,416.0,295.0090026855469
ID_Hp6I1X.jpg,healthy,0.283486008644104,120.80834197998047,21.593820571899414,299.57049560546875,95.15019989013672
ID_sNijYN.jpg,healthy,0.6301597356796265,747.9488525390625,0.0,2277.172119140625,489.71575927734375
ID_sNijYN.jpg,anthracnose,0.6161041855812073,1778.8046875,4.101591110229492,3243.77294921875,1127.231201171875
ID_sNijYN.jpg,healthy,0.570965051651001,1152.33447265625,1515.568603515625,2182.431640625,2444.036865234375
ID_sNijYN.jpg,healthy,0.4942362606525421,536.0194702148438,1160.9991455078125,1378.767578125,1935.514892578125
ID_sNijYN.jpg,healthy,0.4935035705566406,0.8132658004760742,0.0,520.7138061523438,755.4662475585938
ID_sNijYN.jpg,anthracnose,0.35001689195632935,2152.1142578125,1566.864013671875,3264.0,2448.0
ID_sNijYN.jpg,healthy,0.32601961493492126,522.8614501953125,517.5302124023438,1486.9638671875,1342.8095703125
ID_sNijYN.jpg,healthy,0.2837783396244049,284.28228759765625,1895.9324951171875,727.1883544921875,2447.778564453125
ID_sNijYN.jpg,healthy,0.2590170204639435,545.24609375,1284.3577880859375,1263.683837890625,1959.13037109375
ID_tDjhPh.jpg,cssvd,0.5873316526412964,306.273193359375,142.07931518554688,1280.0,957.0516967773438
ID_tDjhPh.jpg,cssvd,0.27831119298934937,0.0,68.2745361328125,1129.2132568359375,960.0
ID_jebdAi.jpg,cssvd,0.4638189971446991,0.0,0.0,914.0750732421875,643.7561645507812
ID_jebdAi.jpg,cssvd,0.2708294689655304,0.0,517.5667724609375,855.5922241210938,810.0
ID_xFHPYt.jpg,anthracnose,0.6484464406967163,762.1073608398438,0.2944374084472656,1278.2001953125,307.0814208984375
ID_xFHPYt.jpg,anthracnose,0.5564995408058167,622.8439331054688,809.23779296875,1275.5892333984375,960.0
ID_xFHPYt.jpg,anthracnose,0.3036150336265564,939.9591064453125,642.9830322265625,1279.4921875,936.5717163085938
ID_RDuHV3.jpg,cssvd,0.3197842240333557,0.0,0.7401609420776367,813.888671875,594.6521606445312
ID_GX6BsX.jpeg,anthracnose,0.5294173955917358,505.3351135253906,0.0,3976.654541015625,2488.093505859375
ID_GX6BsX.jpeg,anthracnose,0.4076277017593384,0.0,0.0,3406.2998046875,2420.038818359375
ID_mssdYp.jpg,anthracnose,0.37180083990097046,335.33935546875,0.4797172546386719,1270.86083984375,200.96383666992188
ID_mssdYp.jpg,anthracnose,0.34589526057243347,255.5194091796875,178.7255859375,1280.0,703.5685424804688
ID_vFFcxB.jpg,healthy,0.7345449924468994,345.3311767578125,557.85498046875,1371.521240234375,1024.502197265625
ID_vFFcxB.jpg,anthracnose,0.6066826581954956,261.380615234375,3.404541015625,966.351806640625,676.699951171875
ID_AqSCmf.jpeg,anthracnose,0.7067980170249939,632.3008422851562,636.3397216796875,4032.0,2330.207763671875
ID_AqSCmf.jpeg,anthracnose,0.6033650040626526,0.0,700.7831420898438,3506.36083984375,2420.62060546875
ID_AqSCmf.jpeg,anthracnose,0.2795792520046234,0.0,2218.201904296875,2615.12890625,3024.0
ID_fDgoZP.jpg,cssvd,0.3913519084453583,0.0,492.089111328125,827.2515258789062,810.0
ID_fDgoZP.jpg,cssvd,0.3663649260997772,263.14337158203125,0.0,1080.0,651.8932495117188
ID_GiSjPJ.jpg,cssvd,0.6056178212165833,305.93719482421875,76.34048461914062,1280.0,842.2977905273438
ID_GiSjPJ.jpg,healthy,0.4656163156032562,0.7639122009277344,0.0,244.61410522460938,356.2417907714844
ID_fbXY3G.jpeg,anthracnose,0.6518210172653198,26.168127059936523,557.46728515625,3431.6455078125,2234.447509765625
ID_fbXY3G.jpeg,anthracnose,0.5648032426834106,802.4149169921875,599.420654296875,4009.7509765625,2216.397216796875
ID_fbXY3G.jpeg,healthy,0.5281034708023071,0.0,0.0,1958.704345703125,631.4808349609375
ID_TnGU2G.jpg,anthracnose,0.5271726846694946,706.60595703125,309.90594482421875,1855.1884765625,748.5343627929688
ID_TnGU2G.jpg,anthracnose,0.2644660174846649,641.775634765625,687.063720703125,1623.3115234375,1093.947021484375
ID_MUYBb1.jpg,anthracnose,0.7050735354423523,25.084152221679688,381.56719970703125,938.6344604492188,1071.51904296875
ID_MUYBb1.jpg,healthy,0.6786009073257446,10.336837768554688,0.0,706.8294677734375,195.1770782470703
ID_MUYBb1.jpg,healthy,0.6020011305809021,153.4027862548828,197.9424591064453,587.7376708984375,420.59130859375
ID_Cy2zVL.jpg,cssvd,0.520750880241394,319.8791809082031,0.0,1280.0,607.81982421875
ID_Cy2zVL.jpg,cssvd,0.4746510684490204,0.0,641.4926147460938,883.3280639648438,959.9844360351562
ID_Cy2zVL.jpg,cssvd,0.2818378508090973,0.0,7.493782043457031,1113.525390625,623.8654174804688
ID_Cy2zVL.jpg,healthy,0.253108412027359,2.8897857666015625,638.9254150390625,846.9185791015625,959.7255859375
ID_ej2wFd.jpg,cssvd,0.4202396273612976,8.312492370605469,2.5896453857421875,596.6040649414062,480.8172607421875
ID_jlnthU.jpeg,anthracnose,0.8036466240882874,879.6906127929688,336.1788024902344,3024.0,2045.395263671875
ID_jlnthU.jpeg,healthy,0.5685926675796509,828.4579467773438,0.0,3009.617919921875,460.0376892089844
ID_jlnthU.jpeg,healthy,0.3114105463027954,77.31946563720703,568.0291748046875,2726.287109375,2010.6650390625
ID_jlnthU.jpeg,healthy,0.2948474586009979,0.0,2334.4248046875,492.3716125488281,3023.55859375
ID_jlnthU.jpeg,healthy,0.2862701416015625,0.0,674.071533203125,2428.78955078125,1900.698974609375
ID_Rh8XJd.jpg,anthracnose,0.9108384251594543,1184.5650634765625,0.0,4128.0,2372.936279296875
ID_Rh8XJd.jpg,anthracnose,0.30247044563293457,0.0,237.36985778808594,3200.361572265625,3053.4716796875
ID_wWJQ0F.jpeg,anthracnose,0.8058746457099915,26.307756423950195,299.5542297363281,3022.1259765625,2259.480224609375
ID_wWJQ0F.jpeg,anthracnose,0.6703034043312073,6.858180522918701,2117.384765625,2424.225830078125,3290.741455078125
ID_ZXL2eL.jpeg,healthy,0.2811158299446106,1640.626953125,2408.964111328125,2239.75439453125,3024.0
ID_ZXL2eL.jpeg,cssvd,0.26811787486076355,674.6583251953125,0.0,2793.059814453125,2021.731689453125
ID_cyOfnc.jpg,anthracnose,0.32589101791381836,1211.987548828125,0.0,2631.697021484375,1960.7509765625
ID_cyOfnc.jpg,cssvd,0.2711292803287506,2715.84130859375,27.958131790161133,3264.0,2056.681640625
ID_jvBAbL.jpg,healthy,0.9546663165092468,382.0669250488281,197.65438842773438,706.9622802734375,435.5576171875
ID_jvBAbL.jpg,healthy,0.8695541620254517,842.1903076171875,235.55398559570312,1045.2474365234375,393.2162780761719
ID_jvBAbL.jpg,healthy,0.833946943283081,684.2403564453125,236.72686767578125,872.6326293945312,392.5690612792969
ID_jvBAbL.jpg,healthy,0.3791448175907135,768.897216796875,364.0877685546875,923.0859985351562,488.0012512207031
ID_scGOdn.jpeg,healthy,0.4530593156814575,0.0,1027.1962890625,3024.0,3542.886474609375
ID_scGOdn.jpeg,cssvd,0.3539561331272125,363.0867919921875,1086.04052734375,3024.0,3422.47119140625
ID_lO5Suu.jpeg,healthy,0.552904486656189,2.757920265197754,0.0,899.7889404296875,863.33056640625
ID_lO5Suu.jpeg,anthracnose,0.44342097640037537,2285.603759765625,350.7755432128906,3024.0,2013.952392578125
ID_lO5Suu.jpeg,healthy,0.3252001106739044,575.2494506835938,1687.7823486328125,2822.893798828125,2882.108154296875
ID_lO5Suu.jpeg,healthy,0.3161906599998474,2.9048194885253906,0.0,891.8009033203125,536.1607055664062
ID_lO5Suu.jpeg,healthy,0.2980859577655792,837.0296630859375,2421.056884765625,2052.520751953125,3024.0
ID_lO5Suu.jpeg,healthy,0.26694777607917786,0.7824411392211914,2431.202880859375,785.58154296875,3024.0
ID_lO5Suu.jpeg,healthy,0.25227904319763184,633.8402709960938,2039.8974609375,2187.468017578125,2740.5322265625
ID_ScrLWI.jpeg,cssvd,0.4231286346912384,976.8324584960938,272.6014404296875,4032.0,2714.75537109375
ID_ScrLWI.jpeg,healthy,0.3214167654514313,836.5331420898438,1.3464258909225464,1726.26220703125,652.223388671875
ID_ScrLWI.jpeg,anthracnose,0.28566914796829224,1342.8013916015625,307.03558349609375,4032.0,2711.742431640625
ID_NJtHxD.jpeg,healthy,0.675650954246521,994.1778564453125,729.5076293945312,4032.0,2507.9892578125
ID_NJtHxD.jpeg,healthy,0.43921610713005066,0.0,0.0,3242.88916015625,1055.26220703125
ID_NJtHxD.jpeg,healthy,0.3860533833503723,20.468557357788086,1934.208984375,2874.75927734375,3024.0
ID_NJtHxD.jpeg,healthy,0.29551222920417786,119.32662200927734,732.694580078125,3619.68115234375,2452.326416015625
ID_NJtHxD.jpeg,healthy,0.26538699865341187,108.99140930175781,0.0,3545.10595703125,802.4081420898438
ID_szH9Dd.jpg,anthracnose,0.8440279364585876,264.6458740234375,89.047119140625,1888.2901611328125,1329.87548828125
ID_szH9Dd.jpg,anthracnose,0.26359450817108154,27.2850341796875,1025.197998046875,1621.61572265625,1536.0
ID_ejxsiL.jpg,anthracnose,0.7994244694709778,686.533203125,84.1065673828125,2010.63037109375,1249.427001953125
ID_ejxsiL.jpg,anthracnose,0.6641116142272949,222.21337890625,19.2559814453125,1969.370361328125,1246.2723388671875
ID_ejxsiL.jpg,anthracnose,0.568943977355957,369.65869140625,1183.003173828125,1677.287841796875,1535.896240234375
ID_Pc5LPR.jpeg,healthy,0.6027249693870544,574.9340209960938,2554.155517578125,1781.4495849609375,3021.625732421875
ID_Pc5LPR.jpeg,healthy,0.5757856965065002,195.7535858154297,1805.9776611328125,2521.23095703125,2723.04052734375
ID_Pc5LPR.jpeg,healthy,0.5047102570533752,894.110595703125,4.462672233581543,3024.0,1189.069091796875
ID_Pc5LPR.jpeg,healthy,0.46298322081565857,474.5238037109375,998.6223754882812,3024.0,1865.69775390625
ID_Pc5LPR.jpeg,cssvd,0.40456056594848633,747.798828125,2.2354817390441895,3024.0,1169.1895751953125
ID_Pc5LPR.jpeg,healthy,0.35280653834342957,155.20787048339844,2349.5830078125,817.5347290039062,3024.0
ID_Pc5LPR.jpeg,anthracnose,0.32041406631469727,0.0,474.7175598144531,2399.121826171875,2080.696533203125
ID_UGhrpz.jpg,healthy,0.6549831628799438,7.2776618003845215,0.0,240.21697998046875,116.11335754394531
ID_UGhrpz.jpg,healthy,0.5849008560180664,0.0,124.86786651611328,323.7288818359375,333.82745361328125
ID_UGhrpz.jpg,healthy,0.5600104928016663,0.0,0.4776611030101776,226.85397338867188,153.94778442382812
ID_UGhrpz.jpg,healthy,0.4050792455673218,0.0,174.1724853515625,312.7730712890625,314.1603698730469
ID_UGhrpz.jpg,healthy,0.3914164900779724,49.400657653808594,156.4786834716797,331.0272216796875,332.0845031738281
ID_UGhrpz.jpg,healthy,0.3093694746494293,23.936738967895508,129.86062622070312,241.59364318847656,233.59512329101562
ID_UGhrpz.jpg,healthy,0.3085556626319885,166.36549377441406,296.3182067871094,302.69732666015625,391.7482604980469
ID_UGhrpz.jpg,healthy,0.3076111972332001,0.0,1.8872126340866089,50.80384826660156,229.04177856445312
ID_UGhrpz.jpg,healthy,0.2792825698852539,0.0,0.29778194427490234,83.01834106445312,157.4612579345703
ID_ZuLnag.jpg,healthy,0.4162006080150604,49.214542388916016,36.43192672729492,332.2335510253906,305.9409484863281
ID_ZuLnag.jpg,healthy,0.3718644678592682,81.73613739013672,225.72409057617188,392.4446716308594,414.0032958984375
ID_ZuLnag.jpg,healthy,0.28672224283218384,0.0,32.13089370727539,74.15153503417969,274.19720458984375
ID_rO4Ndj.jpg,healthy,0.6670892238616943,328.013427734375,238.6728973388672,1033.044921875,574.3322143554688
ID_rO4Ndj.jpg,healthy,0.46618223190307617,369.35394287109375,1.068878173828125,962.940185546875,304.35943603515625
ID_rO4Ndj.jpg,healthy,0.4454444944858551,478.94720458984375,607.1423950195312,1268.375244140625,958.6712036132812
ID_rO4Ndj.jpg,cssvd,0.26489415764808655,424.2620544433594,389.9630432128906,1280.0,954.078369140625
ID_rO4Ndj.jpg,healthy,0.25688856840133667,0.0,142.0043182373047,229.78358459472656,957.2056274414062
ID_OyJQFx.jpg,cssvd,0.6058910489082336,307.6786804199219,0.0,1280.0,797.8779296875
ID_OyJQFx.jpg,healthy,0.4016609489917755,0.0,765.7951049804688,1032.0262451171875,960.0
ID_OyJQFx.jpg,healthy,0.3347053527832031,120.94108581542969,812.1630249023438,1233.1619873046875,960.0
ID_RC0I1m.jpg,anthracnose,0.47154879570007324,8.299098014831543,181.6525421142578,807.7243041992188,963.7993774414062
ID_RC0I1m.jpg,anthracnose,0.3087616264820099,53.636627197265625,15.856426239013672,797.07080078125,782.5737915039062
ID_Sx5Cni.jpg,cssvd,0.5940792560577393,307.8080749511719,98.35067749023438,1280.0,954.6836547851562
ID_Sx5Cni.jpg,cssvd,0.3189360797405243,27.506332397460938,85.50941467285156,1169.6722412109375,942.84130859375
ID_JTlzxh.jpeg,anthracnose,0.6593955159187317,1004.0886840820312,205.0657196044922,3578.899658203125,1737.272705078125
ID_JTlzxh.jpeg,anthracnose,0.40695491433143616,310.94000244140625,68.50373077392578,3570.578369140625,1800.0
ID_FyajvQ.jpg,healthy,0.3934834599494934,1197.2264404296875,521.94091796875,1898.2330322265625,1454.5111083984375
ID_FyajvQ.jpg,healthy,0.3440118432044983,1071.5924072265625,333.4223937988281,1923.4129638671875,1430.71337890625
ID_FyajvQ.jpg,healthy,0.27113285660743713,936.1821899414062,17.550899505615234,1931.114013671875,1390.5244140625
ID_HREepb.jpg,anthracnose,0.8353739380836487,504.56298828125,248.614501953125,2048.0,1323.84521484375
ID_HTPRRT.jpg,anthracnose,0.5930228233337402,270.31878662109375,107.66863250732422,1080.0,752.1648559570312
ID_HTPRRT.jpg,anthracnose,0.3034670650959015,0.0,64.21009063720703,874.072021484375,719.1787719726562
ID_uIkDoe.jpg,cssvd,0.5007506608963013,266.8104553222656,0.0,1080.0,634.9115600585938
ID_HuM6fN.jpg,healthy,0.69939124584198,431.05859375,1332.7462158203125,2448.0,2607.11962890625
ID_HuM6fN.jpg,healthy,0.6717386841773987,89.36672973632812,486.85968017578125,2382.25537109375,1815.7095947265625
ID_V2UnP2.jpg,cssvd,0.4505991041660309,172.5180206298828,32.069026947021484,1080.0,685.5669555664062
ID_ZGRNor.jpg,cssvd,0.3727993965148926,936.0429077148438,500.88446044921875,3143.1181640625,1476.0728759765625
ID_HBcXbz.jpg,cssvd,0.43902716040611267,309.80743408203125,0.0,1280.0,906.7438354492188
ID_TF3v0I.jpg,2,1.0,,,,
ID_tf5cZg.jpeg,healthy,0.8336162567138672,746.1965942382812,555.6715087890625,4032.0,2278.8740234375
ID_tf5cZg.jpeg,healthy,0.45207494497299194,2895.119140625,0.0,3735.836181640625,852.0693969726562
ID_tf5cZg.jpeg,healthy,0.42981770634651184,362.7882995605469,321.28643798828125,3807.20263671875,2394.44287109375
ID_tf5cZg.jpeg,healthy,0.32320693135261536,722.3726196289062,1059.137451171875,4032.0,2255.388427734375
ID_tf5cZg.jpeg,healthy,0.30910739302635193,2485.6572265625,2330.416748046875,3527.9794921875,3024.0
ID_tf5cZg.jpeg,healthy,0.28213629126548767,2621.699462890625,2.422785520553589,3617.12744140625,844.4197387695312
ID_tf5cZg.jpeg,anthracnose,0.2737455368041992,3357.95166015625,960.8508911132812,4031.586669921875,2870.141357421875
ID_ERLFdx.jpg,cssvd,0.5781109929084778,313.12286376953125,8.114242553710938,1280.0,960.0
ID_AopVga.jpg,healthy,0.26626795530319214,123.07554626464844,337.5474548339844,201.96820068359375,416.0
ID_AopVga.jpg,healthy,0.25652655959129333,113.85720825195312,9.931490898132324,365.52093505859375,119.7525634765625
ID_dRyjub.jpg,anthracnose,0.8390111327171326,538.884033203125,493.0248718261719,2003.013427734375,1346.33203125
ID_dRyjub.jpg,anthracnose,0.31061452627182007,0.0,503.7462463378906,1642.4481201171875,1362.0833740234375
ID_wErPQs.jpg,healthy,0.26282772421836853,345.1163024902344,140.61500549316406,416.0,394.91253662109375
ID_sVtcQI.jpeg,healthy,0.5100234150886536,0.0,674.1372680664062,3024.0,3041.86279296875
ID_sVtcQI.jpeg,cssvd,0.3745245337486267,323.96295166015625,739.709228515625,3024.0,3065.01171875
ID_sVtcQI.jpeg,healthy,0.2641662657260895,2081.61181640625,3514.29052734375,2767.766357421875,3989.831298828125
ID_sVtcQI.jpeg,healthy,0.25596168637275696,588.90185546875,277.7714538574219,1344.6466064453125,1077.01953125
ID_TbaWHO.jpeg,cssvd,0.36748364567756653,1172.497802734375,28.790563583374023,4032.0,2165.57763671875
ID_JI3AOF.jpg,healthy,0.5568244457244873,1333.216552734375,909.8771362304688,2553.354248046875,1726.1444091796875
ID_FVwyw8.jpeg,cssvd,0.533839225769043,978.2927856445312,112.47156524658203,4032.0,2387.10302734375
ID_FVwyw8.jpeg,healthy,0.4099898934364319,846.2649536132812,92.53821563720703,4032.0,2404.8203125
ID_aVsPYb.jpg,cssvd,0.4211881458759308,310.4548645019531,0.0,1280.0,822.085693359375
ID_VHvV8H.jpg,healthy,0.6806337237358093,381.2633361816406,373.2642517089844,1126.4342041015625,767.4429931640625
ID_iGN3un.jpg,anthracnose,0.7353350520133972,470.318115234375,9.49993896484375,1959.137939453125,884.802978515625
ID_iGN3un.jpg,anthracnose,0.3741748631000519,0.0,18.43084716796875,1558.1146240234375,873.336181640625
ID_iGN3un.jpg,anthracnose,0.28642600774765015,665.1329956054688,32.816650390625,1969.926025390625,1123.5126953125
ID_k9lo30.jpg,healthy,0.7455906867980957,992.1762084960938,181.7921142578125,1639.0,701.7529296875
ID_k9lo30.jpg,healthy,0.6799257397651672,1446.19482421875,0.0,1821.08984375,385.5433044433594
ID_k9lo30.jpg,healthy,0.6306394338607788,1697.35400390625,0.72711181640625,2048.0,642.822265625
ID_k9lo30.jpg,healthy,0.42469143867492676,23.2186279296875,196.9830322265625,923.3563232421875,685.5572509765625
ID_k9lo30.jpg,healthy,0.31526070833206177,0.0,0.0,1097.04833984375,313.1917724609375
ID_k9lo30.jpg,cssvd,0.26356667280197144,744.0379028320312,579.575927734375,1920.956787109375,1453.8350830078125
ID_k9lo30.jpg,healthy,0.2601362466812134,701.900634765625,0.0,1279.15771484375,262.67657470703125
ID_HSAN5m.jpeg,healthy,0.6582741737365723,1054.3809814453125,599.5902099609375,4032.0,1873.8193359375
ID_HSAN5m.jpeg,healthy,0.5312455296516418,42.112308502197266,551.0670776367188,840.2346801757812,1676.013671875
ID_D1Efw8.jpg,cssvd,0.48492327332496643,287.9090881347656,2.820568084716797,1080.0,485.55633544921875
ID_D1Efw8.jpg,cssvd,0.4305889904499054,485.7381896972656,441.19952392578125,1080.0,809.3069458007812
ID_Nbmn82.jpg,anthracnose,0.5877508521080017,950.299560546875,265.112548828125,2039.38037109375,1153.533935546875
ID_Nbmn82.jpg,healthy,0.5710839033126831,1432.970947265625,1180.571044921875,1975.679443359375,1534.708740234375
ID_Nbmn82.jpg,anthracnose,0.4309225082397461,190.84033203125,1301.93701171875,1126.015380859375,1536.0
ID_Nbmn82.jpg,anthracnose,0.370136022567749,177.85910034179688,1201.6533203125,1028.936279296875,1535.897216796875
ID_Nbmn82.jpg,anthracnose,0.33702388405799866,764.1021728515625,218.82542419433594,1373.6878662109375,560.7349853515625
ID_zkewDU.jpg,cssvd,0.39645376801490784,319.7160339355469,86.2921142578125,1280.0,801.7153930664062
ID_hBG2hR.jpg,cssvd,0.390048086643219,307.8179931640625,17.941436767578125,1280.0,876.9244384765625
ID_rANrt1.jpeg,healthy,0.7491580843925476,974.2349853515625,226.2135009765625,4032.0,2669.717529296875
ID_flvZnD.jpeg,healthy,0.820773184299469,1806.82080078125,866.1298828125,3174.71533203125,1622.5089111328125
ID_flvZnD.jpeg,healthy,0.7126870155334473,1681.6298828125,111.14727783203125,2613.27734375,971.0438842773438
ID_flvZnD.jpeg,healthy,0.5757870078086853,1048.103515625,0.0,2318.89990234375,579.1041870117188
ID_flvZnD.jpeg,healthy,0.4673658609390259,3017.739990234375,883.767822265625,3550.6767578125,1749.28369140625
ID_flvZnD.jpeg,healthy,0.41077283024787903,1668.311767578125,99.22411346435547,2292.45947265625,967.0874633789062
ID_flvZnD.jpeg,healthy,0.27300402522087097,1025.1881103515625,0.0,2322.76220703125,958.1787109375
ID_flvZnD.jpeg,healthy,0.2503315210342407,1709.3765869140625,376.8548583984375,2625.143310546875,983.8504028320312
ID_T4dbK0.jpeg,anthracnose,0.6020970940589905,1016.7567749023438,0.0,2097.927978515625,2051.342041015625
ID_T4dbK0.jpeg,anthracnose,0.556562602519989,958.0194702148438,614.1573486328125,2142.006591796875,2817.70068359375
ID_T4dbK0.jpeg,healthy,0.272625207901001,1672.7349853515625,2638.71240234375,2199.61376953125,3022.995849609375
ID_Ww6XF5.jpeg,healthy,0.6227915287017822,1019.2505493164062,0.0,4026.395263671875,1558.769287109375
ID_Ww6XF5.jpeg,healthy,0.5617657899856567,329.8653564453125,1884.0924072265625,3265.268798828125,2907.593994140625
ID_pEZw7i.jpg,cssvd,0.5812913775444031,369.0728759765625,7.900238037109375,1280.0,803.8427124023438
ID_YGGSTX.jpg,healthy,0.8504921197891235,503.42498779296875,1721.85888671875,1672.3460693359375,2446.98095703125
ID_YGGSTX.jpg,healthy,0.8317838907241821,343.2081604003906,914.2327270507812,1406.0772705078125,1834.5400390625
ID_nBlDry.jpg,anthracnose,0.5100337862968445,703.338134765625,464.6082763671875,1850.86083984375,1237.47314453125
ID_nBlDry.jpg,healthy,0.48169252276420593,1578.6617431640625,193.56422424316406,2046.0228271484375,509.3585205078125
ID_nBlDry.jpg,healthy,0.285114049911499,1115.1162109375,153.49444580078125,1494.18505859375,475.7835693359375
ID_nBlDry.jpg,anthracnose,0.2796519994735718,1704.39501953125,564.5777587890625,2048.0,903.5972900390625
ID_nBlDry.jpg,healthy,0.27044185996055603,1610.50927734375,0.0,1910.814453125,286.6313781738281
ID_Suoisd.JPG,healthy,0.4737643003463745,1111.0914306640625,0.42625805735588074,2328.5625,680.1965942382812
ID_GqsAlR.jpg,anthracnose,0.6483659148216248,278.8608093261719,131.51832580566406,1280.0,958.0
ID_GqsAlR.jpg,anthracnose,0.28530818223953247,2.4265289306640625,73.436279296875,905.8179321289062,505.0542297363281
ID_Cc4hHM.jpg,anthracnose,0.2824392318725586,288.2536315917969,168.64199829101562,931.8015747070312,461.4027404785156
ID_CuBkOO.jpg,cssvd,0.33914458751678467,63.636688232421875,104.61819458007812,372.46484375,416.0
ID_g3WNqx.jpg,healthy,0.8674476146697998,694.1452026367188,574.6495971679688,2808.623046875,1795.63134765625
ID_g3WNqx.jpg,healthy,0.5504487156867981,861.6331176757812,0.7788305282592773,1395.9166259765625,562.2310791015625
ID_Cw5fwO.jpg,anthracnose,0.802011251449585,108.556884765625,528.046875,1536.0,2039.26171875
ID_Cw5fwO.jpg,anthracnose,0.41782188415527344,63.5648193359375,64.6376953125,1478.8204345703125,1483.681884765625
ID_Cw5fwO.jpg,anthracnose,0.3738616704940796,138.8489990234375,190.43359375,1470.1357421875,1901.124755859375
ID_uxLkJr.jpg,cssvd,0.6538388133049011,307.0209045410156,0.0,1280.0,720.1502685546875
ID_uxLkJr.jpg,cssvd,0.38930633664131165,0.0,0.0,1127.245849609375,758.0857543945312
ID_ROrXbg.jpg,healthy,0.34033164381980896,2.209228515625,13.87255859375,476.9400634765625,781.6551513671875
ID_ROrXbg.jpg,cssvd,0.335887610912323,0.0,8.99951171875,482.6494140625,788.6490478515625
ID_ROrXbg.jpg,healthy,0.27932029962539673,729.531982421875,1015.94189453125,1848.5302734375,1397.340087890625
ID_yuZIAA.jpeg,healthy,0.7301968336105347,0.0,2.880065679550171,3058.463623046875,1085.4019775390625
ID_yuZIAA.jpeg,healthy,0.5828263759613037,873.2794799804688,870.450927734375,4032.0,2240.531005859375
ID_yuZIAA.jpeg,healthy,0.561071515083313,0.0,677.3903198242188,3377.03466796875,2254.253662109375
ID_yuZIAA.jpeg,healthy,0.5073700547218323,1005.5173950195312,1297.865234375,4032.0,2260.79931640625
ID_yuZIAA.jpeg,healthy,0.4978848993778229,372.6100769042969,614.6868286132812,3875.0419921875,2323.221923828125
ID_yuZIAA.jpeg,healthy,0.4358873665332794,0.0,1907.1788330078125,2945.615966796875,2863.57275390625
ID_yuZIAA.jpeg,healthy,0.4118533432483673,263.47747802734375,0.0,3130.161376953125,679.4041748046875
ID_yuZIAA.jpeg,healthy,0.26066967844963074,933.2183227539062,673.6463012695312,3945.57080078125,1552.9134521484375
ID_pYkIQk.JPG,2,1.0,,,,
ID_mNXgiD.jpg,anthracnose,0.7376456260681152,1222.98193359375,896.19384765625,4128.0,2956.81005859375
ID_mNXgiD.jpg,anthracnose,0.6102926731109619,195.29640197753906,2455.9892578125,1848.13330078125,3096.0
ID_mNXgiD.jpg,anthracnose,0.6100006103515625,965.6442260742188,5.73808479309082,2903.033935546875,1338.5406494140625
ID_mNXgiD.jpg,anthracnose,0.5065386295318604,1564.350830078125,317.10589599609375,4128.0,3055.0302734375
ID_mNXgiD.jpg,anthracnose,0.4371849298477173,541.1205444335938,9.29692268371582,2830.64404296875,1511.305419921875
ID_geqhfZ.jpg,cssvd,0.4215869903564453,265.14923095703125,135.35708618164062,1080.0,810.0
ID_nT9Wsn.jpeg,healthy,0.486606627702713,23.405099868774414,2959.613037109375,1849.91015625,4031.49951171875
ID_nT9Wsn.jpeg,healthy,0.4865341782569885,0.0,0.0,947.6306762695312,1074.5423583984375
ID_nT9Wsn.jpeg,healthy,0.40121990442276,1.0594767332077026,3186.6201171875,998.2786865234375,4032.0
ID_nT9Wsn.jpeg,healthy,0.37895500659942627,938.8865356445312,199.90069580078125,2986.0390625,3307.4248046875
ID_nT9Wsn.jpeg,healthy,0.3093756139278412,0.0,2391.32470703125,1372.5428466796875,3104.42138671875
ID_nT9Wsn.jpeg,healthy,0.28175783157348633,1695.59130859375,0.0,3022.610107421875,434.7886962890625
ID_RD8L7Q.jpg,anthracnose,0.5883867144584656,52.24198532104492,149.80734252929688,803.2410888671875,926.2581787109375
ID_RD8L7Q.jpg,anthracnose,0.45756056904792786,105.70590209960938,0.0,803.9807739257812,721.58056640625
ID_AvhFY7.jpg,anthracnose,0.8075114488601685,292.27471923828125,986.0697631835938,3553.202392578125,3006.322509765625
ID_AvhFY7.jpg,anthracnose,0.3713476359844208,1039.267822265625,1827.305908203125,4128.0,2837.125
ID_AvhFY7.jpg,anthracnose,0.3506758213043213,108.06845092773438,7.542723655700684,1562.010498046875,1643.53076171875
ID_AvhFY7.jpg,anthracnose,0.2736442983150482,0.0,2124.614990234375,1829.573974609375,3096.0
ID_AvhFY7.jpg,anthracnose,0.2678947150707245,385.6500549316406,1588.706787109375,3966.338134765625,2834.85791015625
ID_EDbrKH.jpg,cssvd,0.5739209651947021,308.79150390625,89.52507019042969,1280.0,943.4000244140625
ID_EDbrKH.jpg,cssvd,0.26616618037223816,70.68008422851562,53.91792297363281,1210.7908935546875,960.0
ID_OpSbvu.jpg,cssvd,0.644073486328125,307.04541015625,0.0,1280.0,797.380615234375
ID_OpSbvu.jpg,cssvd,0.3445773720741272,0.0,0.0,1044.650146484375,793.504150390625
ID_MpNTbH.jpg,cssvd,0.41223108768463135,263.5208740234375,0.0,1080.0,624.913818359375
ID_GkVLBT.jpg,healthy,0.6665762662887573,2096.428955078125,1880.7708740234375,2548.427490234375,2447.65234375
ID_GkVLBT.jpg,anthracnose,0.5420451760292053,611.0974731445312,731.4989624023438,2750.997802734375,1710.310791015625
ID_GkVLBT.jpg,cssvd,0.3169384002685547,1.3828582763671875,0.0,981.2400512695312,723.7063598632812
ID_GkVLBT.jpg,healthy,0.28484413027763367,0.0,0.0,976.08447265625,739.278564453125
ID_PH0j4i.jpg,anthracnose,0.37443986535072327,391.10455322265625,341.4327392578125,2048.0,1493.7620849609375
ID_PH0j4i.jpg,anthracnose,0.29567140340805054,138.9266357421875,311.7783203125,1790.6317138671875,1502.01513671875
ID_ksM9yC.JPG,2,1.0,,,,
ID_yE8O3e.jpeg,anthracnose,0.4160436689853668,1200.5146484375,0.0,4027.47607421875,1671.829833984375
ID_yE8O3e.jpeg,cssvd,0.35109996795654297,1015.2645263671875,1.4509676694869995,4032.0,1665.878662109375
ID_XSQdrt.jpeg,anthracnose,0.5519068241119385,1191.1239013671875,505.28662109375,4032.0,2168.48388671875
ID_gN3hhG.jpg,healthy,0.7864578366279602,714.92041015625,549.906494140625,1607.03125,993.0675048828125
ID_gN3hhG.jpg,healthy,0.42482709884643555,208.6839599609375,1218.959716796875,1022.9031982421875,1534.000244140625
ID_vrrjg8.jpg,healthy,0.5124942660331726,0.0,0.0,222.5064697265625,233.52761840820312
ID_vrrjg8.jpg,cssvd,0.34510132670402527,366.8040466308594,106.72935485839844,1280.0,960.0
ID_V7syTo.jpg,anthracnose,0.692308247089386,781.3543090820312,0.0,2043.261474609375,447.36248779296875
ID_V7syTo.jpg,anthracnose,0.6379396319389343,569.6031494140625,332.4258728027344,1439.239501953125,867.3648681640625
ID_V7syTo.jpg,anthracnose,0.4653705656528473,76.8531494140625,1025.04833984375,800.5870361328125,1519.959228515625
ID_V7syTo.jpg,anthracnose,0.3571670651435852,793.0849609375,0.0,2037.91748046875,295.60723876953125
ID_V7syTo.jpg,anthracnose,0.2887879014015198,798.465576171875,416.701904296875,2046.093994140625,1421.860595703125
ID_L7l34l.jpg,anthracnose,0.7811146378517151,455.783447265625,141.861328125,2011.190185546875,959.51708984375
ID_L7l34l.jpg,anthracnose,0.5513656139373779,5.90057373046875,0.0,659.385498046875,543.0419921875
ID_L7l34l.jpg,anthracnose,0.514314591884613,630.9984741210938,0.0,1438.595703125,238.39720153808594
ID_L7l34l.jpg,anthracnose,0.4945342242717743,0.0,907.062255859375,1623.43798828125,1484.035888671875
ID_L7l34l.jpg,anthracnose,0.3947112560272217,618.507080078125,0.0,1520.304931640625,312.12786865234375
ID_L7l34l.jpg,anthracnose,0.3940846621990204,536.381103515625,350.85302734375,2002.127685546875,937.70263671875
ID_L7l34l.jpg,anthracnose,0.25871747732162476,552.4007568359375,968.1104125976562,1889.7467041015625,1446.85791015625
ID_Q3N927.jpg,anthracnose,0.822927713394165,635.6040649414062,321.1883544921875,2040.40185546875,1498.6585693359375
ID_Q3N927.jpg,anthracnose,0.33474674820899963,664.85009765625,1152.357177734375,1712.341796875,1500.202880859375
ID_Latri8.jpeg,anthracnose,0.7478998303413391,1137.13427734375,0.8942527174949646,4032.0,2513.50634765625
ID_RirekC.jpg,2,1.0,,,,
ID_qd0l5v.jpeg,healthy,0.8012022376060486,978.0592041015625,341.1214904785156,4032.0,2660.57470703125
ID_qA8Iv8.jpg,anthracnose,0.863835334777832,1028.9913330078125,173.78909301757812,4127.10791015625,2675.634033203125
ID_qA8Iv8.jpg,anthracnose,0.33375516533851624,0.0,179.45066833496094,3493.1611328125,2807.4365234375
ID_qA8Iv8.jpg,anthracnose,0.26504552364349365,0.0,2283.747314453125,2926.6279296875,3096.0
ID_k2TRcU.jpg,cssvd,0.312488317489624,262.9416198730469,0.0,1080.0,638.79052734375
ID_smDdal.jpg,anthracnose,0.42248982191085815,1090.1156005859375,0.0,2299.923095703125,1965.4664306640625
ID_smDdal.jpg,healthy,0.4172526001930237,553.7529907226562,0.0,1344.170654296875,454.6613464355469
ID_PH3bRp.jpg,healthy,0.3016231060028076,44.39111328125,1042.698486328125,1768.01025390625,1536.0
ID_I039Xf.jpg,anthracnose,0.8575018644332886,657.111328125,301.1122131347656,1277.8692626953125,886.1185913085938
ID_I039Xf.jpg,anthracnose,0.59366375207901,482.2645568847656,235.15907287597656,1280.0,901.0549926757812
ID_I039Xf.jpg,healthy,0.32221314311027527,86.58332824707031,395.0499572753906,528.9129638671875,718.4244384765625
ID_jSMFXp.jpg,anthracnose,0.6533108949661255,424.7716369628906,0.0,1257.0810546875,774.0365600585938
ID_jSMFXp.jpg,anthracnose,0.384940505027771,783.4124755859375,644.8582153320312,1276.4190673828125,959.9070434570312
ID_jSMFXp.jpg,anthracnose,0.2844616174697876,1.7509651184082031,650.0045776367188,300.6351623535156,920.6375122070312
ID_ABDCyn.jpeg,healthy,0.8165091872215271,611.326171875,1610.6732177734375,2808.8408203125,2926.46142578125
ID_ABDCyn.jpeg,healthy,0.684893786907196,1496.8646240234375,1.422489047050476,4032.0,1737.3604736328125
ID_ABDCyn.jpeg,healthy,0.5918868184089661,536.2978515625,0.0,3488.880126953125,2203.0908203125
ID_ABDCyn.jpeg,healthy,0.538330078125,571.8009643554688,1384.11083984375,3193.648681640625,3019.03466796875
ID_ABDCyn.jpeg,healthy,0.4184979796409607,0.0,50.59605407714844,619.8655395507812,2344.651611328125
ID_ABDCyn.jpeg,healthy,0.3435724377632141,650.3358764648438,2501.027587890625,2831.84619140625,3024.0
ID_ABDCyn.jpeg,healthy,0.2633480131626129,0.0,0.0,656.6829833984375,1755.442626953125
ID_ABDCyn.jpeg,healthy,0.2583971619606018,625.4548950195312,2023.46728515625,2805.014404296875,3016.51611328125
ID_ABDCyn.jpeg,healthy,0.255715548992157,0.0,196.2950897216797,441.2314758300781,2494.894775390625
ID_fMQTN0.jpg,anthracnose,0.4908094108104706,271.567626953125,1.5687060356140137,1080.0,618.6055908203125
ID_fMQTN0.jpg,healthy,0.3191458284854889,0.0,548.0487060546875,849.1748657226562,810.0
ID_fMQTN0.jpg,cssvd,0.26543092727661133,272.3150939941406,74.72486114501953,1080.0,604.5687255859375
ID_ibtYVQ.jpg,healthy,0.597643256187439,197.54722595214844,0.0,1059.2794189453125,440.9637451171875
ID_ibtYVQ.jpg,healthy,0.5199823379516602,48.20549011230469,389.7142639160156,523.766845703125,611.1423950195312
ID_u0EnNo.jpg,anthracnose,0.5430549383163452,295.8930969238281,150.3868865966797,852.7593383789062,551.3248291015625
ID_u0EnNo.jpg,healthy,0.38974541425704956,835.2499389648438,378.0134582519531,960.8795776367188,520.9979858398438
ID_u0EnNo.jpg,anthracnose,0.28369441628456116,320.3734436035156,156.37356567382812,807.3307495117188,470.13604736328125
ID_ki8k4f.jpg,cssvd,0.3664819300174713,312.30377197265625,9.718093872070312,1280.0,960.0
ID_geuLOB.jpg,cssvd,0.5137229561805725,312.79205322265625,93.29315185546875,1280.0,773.24462890625
ID_rvTrG9.jpg,cssvd,0.38811221718788147,260.0664978027344,0.0,1080.0,603.4271850585938
ID_pO0cXq.jpeg,cssvd,0.3826347589492798,202.3649444580078,729.3869018554688,2429.1318359375,3024.0
ID_Vy2tc0.jpg,cssvd,0.36238762736320496,306.8710021972656,61.725921630859375,1280.0,887.5187377929688
ID_EWolCN.jpeg,healthy,0.306153267621994,1309.199462890625,133.82235717773438,3362.223876953125,1936.640625
ID_EWolCN.jpeg,anthracnose,0.25320079922676086,1250.496826171875,112.36810302734375,3324.180908203125,1957.4998779296875
ID_Ljsm1u.jpg,anthracnose,0.637450098991394,954.3807373046875,1150.7159423828125,3791.986572265625,2563.630859375
ID_Ljsm1u.jpg,anthracnose,0.6194588541984558,622.642333984375,0.0,2666.3583984375,671.8819580078125
ID_Ljsm1u.jpg,anthracnose,0.35884547233581543,509.2327575683594,2596.68896484375,2513.507568359375,3096.0
ID_Ljsm1u.jpg,anthracnose,0.32539233565330505,649.6124877929688,0.0,2537.67138671875,930.55126953125
ID_Ljsm1u.jpg,anthracnose,0.273694783449173,2.3268141746520996,86.19725036621094,741.0172729492188,1765.5506591796875
ID_PU4EzR.JPG,healthy,0.7335315346717834,1447.25927734375,471.09051513671875,2213.0693359375,1172.884765625
ID_PU4EzR.JPG,healthy,0.5587330460548401,1894.2054443359375,1355.4517822265625,2702.9462890625,1870.935791015625
ID_PU4EzR.JPG,healthy,0.4390065670013428,2067.101806640625,130.3314666748047,3251.158447265625,1354.2662353515625
ID_PU4EzR.JPG,healthy,0.40382155776023865,0.0,0.0,1263.6314697265625,576.9370727539062
ID_PU4EzR.JPG,anthracnose,0.26712659001350403,0.0,1143.8427734375,1616.663818359375,1531.7364501953125
ID_PU4EzR.JPG,healthy,0.25871074199676514,1177.644775390625,1176.420166015625,1853.3524169921875,1631.6282958984375
ID_BcNWAl.jpeg,anthracnose,0.6174188256263733,1725.6405029296875,526.1801147460938,3625.65234375,2399.518798828125
ID_azCzfu.jpg,cssvd,0.6302662491798401,339.9074401855469,396.8121032714844,1078.114013671875,808.5772705078125
ID_w3XyZ2.jpg,healthy,0.6614681482315063,80.92400360107422,39.88404083251953,202.7888946533203,180.95875549316406
ID_w3XyZ2.jpg,healthy,0.6304445266723633,108.69378662109375,0.0,204.62844848632812,88.7303237915039
ID_w3XyZ2.jpg,healthy,0.5919433236122131,1.8623923063278198,157.97471618652344,83.55682373046875,263.5789794921875
ID_w3XyZ2.jpg,healthy,0.5135918259620667,19.316364288330078,0.0,123.54547119140625,100.4671401977539
ID_w3XyZ2.jpg,healthy,0.5106485486030579,3.9738805294036865,256.28253173828125,73.54285430908203,372.8378601074219
ID_w3XyZ2.jpg,healthy,0.4063986539840698,144.65513610839844,81.54308319091797,369.2953186035156,326.83843994140625
ID_w3XyZ2.jpg,healthy,0.32298365235328674,86.65251159667969,126.03247833251953,199.14854431152344,301.32080078125
ID_w3XyZ2.jpg,healthy,0.3034018278121948,169.41346740722656,95.78766632080078,350.2846984863281,308.1087341308594
ID_w3XyZ2.jpg,healthy,0.27982157468795776,82.36172485351562,6.982619762420654,178.01510620117188,185.956787109375
ID_nSawWh.jpg,anthracnose,0.8835628032684326,506.96728515625,117.1854248046875,2048.0,1336.2581787109375
ID_nSawWh.jpg,anthracnose,0.399166464805603,52.7745361328125,103.759765625,1855.5694580078125,1352.739990234375
ID_WWkuVQ.jpg,anthracnose,0.6960511207580566,70.51458740234375,0.0,833.2921142578125,670.1122436523438
ID_WWkuVQ.jpg,anthracnose,0.25961971282958984,29.40855598449707,0.0,690.8785400390625,609.1263427734375
ID_WWkuVQ.jpg,anthracnose,0.2512218952178955,80.71436309814453,150.520263671875,841.4321899414062,625.7335815429688
ID_FagcvQ.jpg,cssvd,0.5597191452980042,268.2242126464844,0.0,1077.3963623046875,417.1075439453125
ID_FagcvQ.jpg,cssvd,0.27369195222854614,0.0,1.371917724609375,939.2136840820312,449.3752746582031
ID_Mm5qD3.JPG,healthy,0.8504136800765991,890.4918212890625,571.74658203125,2396.190185546875,1450.5718994140625
ID_Mm5qD3.JPG,healthy,0.25612637400627136,2374.02099609375,1262.42822265625,3264.0,2416.6572265625
ID_Mm5qD3.JPG,healthy,0.2512184679508209,1635.5050048828125,74.5255126953125,2048.419189453125,459.7095947265625
ID_UrWagq.jpeg,cssvd,0.5142040848731995,1020.6314697265625,23.841651916503906,4032.0,1958.9368896484375
ID_UrWagq.jpeg,anthracnose,0.34939345717430115,1141.962646484375,1799.6201171875,3805.217041015625,3024.0
ID_UrWagq.jpeg,cssvd,0.31596723198890686,979.9540405273438,1812.5076904296875,3810.97021484375,3019.813720703125
ID_yYAwAy.jpg,cssvd,0.26300692558288574,617.94091796875,181.96905517578125,1142.7813720703125,565.5508422851562
ID_x7GErW.jpg,healthy,0.7122266888618469,1303.523193359375,331.9659118652344,1743.200439453125,921.5411376953125
ID_x7GErW.jpg,healthy,0.6165614128112793,1497.817138671875,504.3548583984375,2048.0,997.3985595703125
ID_x7GErW.jpg,healthy,0.4165201783180237,1589.186767578125,1237.944091796875,1974.706298828125,1535.51220703125
ID_x7GErW.jpg,healthy,0.4104348123073578,880.6128540039062,127.32489013671875,1250.921875,525.8359985351562
ID_x7GErW.jpg,healthy,0.2914349138736725,2.9453125,116.97674560546875,922.8465576171875,874.0784912109375
ID_x7GErW.jpg,healthy,0.28425332903862,318.52880859375,607.718505859375,1619.432373046875,961.85107421875
ID_x7GErW.jpg,healthy,0.27482303977012634,325.8636474609375,1352.592529296875,707.8082275390625,1536.0
ID_x7GErW.jpg,healthy,0.2655344605445862,790.6240234375,1244.26416015625,1156.8154296875,1526.5537109375
ID_x7GErW.jpg,healthy,0.2524910569190979,1245.87255859375,83.95159912109375,1894.56640625,311.693603515625
ID_cgUOgM.jpeg,anthracnose,0.8569127917289734,444.6502990722656,709.0599975585938,3452.251708984375,2335.486083984375
ID_L5vm7u.jpeg,healthy,0.5051073431968689,1536.446044921875,0.0,2926.17919921875,2680.97119140625
ID_ZIewmk.jpg,healthy,0.3177294433116913,892.5924682617188,83.12737274169922,1282.927001953125,663.6675415039062
ID_ZIewmk.jpg,healthy,0.2901362478733063,1377.945068359375,0.0,2061.4404296875,305.177734375
ID_nEPxrt.jpeg,healthy,0.5808632373809814,988.5042114257812,0.0,4032.0,2521.4697265625
ID_nEPxrt.jpeg,healthy,0.2501431107521057,1198.0675048828125,670.5526123046875,4032.0,2513.8125
ID_vWVDBR.jpg,healthy,0.6780949831008911,2247.614013671875,3111.187744140625,3024.0,4032.0
ID_vWVDBR.jpg,healthy,0.5295717120170593,2.104774236679077,2000.1160888671875,1071.1600341796875,3219.118408203125
ID_vWVDBR.jpg,healthy,0.3925166428089142,1491.69189453125,3534.306396484375,2343.7255859375,4032.0
ID_vWVDBR.jpg,healthy,0.341222882270813,1.5617879629135132,1529.53076171875,1006.9685668945312,3180.188232421875
ID_vWVDBR.jpg,healthy,0.27670955657958984,0.0,3246.774658203125,423.8689880371094,4032.0
ID_vWVDBR.jpg,healthy,0.2733336389064789,1409.7122802734375,1095.8466796875,2650.800537109375,3056.401611328125
ID_QZmSyW.jpg,anthracnose,0.5915074944496155,0.0,99.54292297363281,1082.2601318359375,931.6461791992188
ID_QZmSyW.jpg,anthracnose,0.5661232471466064,175.47805786132812,97.29637145996094,1156.8848876953125,830.3488159179688
ID_VbGL5b.JPG,anthracnose,0.5380597710609436,23.113557815551758,1673.584716796875,1431.997802734375,2446.314453125
ID_VbGL5b.JPG,healthy,0.4923386573791504,138.66403198242188,421.2740173339844,2839.689208984375,1560.114990234375
ID_lAOfwa.jpg,cssvd,0.49000102281570435,310.16949462890625,25.045700073242188,1280.0,825.8770141601562
ID_lAOfwa.jpg,cssvd,0.3380752205848694,0.0,16.576919555664062,1128.147705078125,839.1880493164062
ID_EBhZzJ.jpeg,anthracnose,0.761493980884552,566.2772216796875,168.27711486816406,3024.0,2059.30322265625
ID_EBhZzJ.jpeg,anthracnose,0.34267157316207886,90.17341613769531,222.00294494628906,2740.63818359375,2169.868408203125
ID_EmeUOz.jpg,healthy,0.5444528460502625,76.56777954101562,83.90865325927734,379.7531433105469,222.15802001953125
ID_EmeUOz.jpg,healthy,0.29623866081237793,49.182830810546875,78.32720184326172,319.60235595703125,207.55960083007812
ID_EmeUOz.jpg,healthy,0.2568696141242981,106.20972442626953,92.33992004394531,331.9994201660156,223.5709686279297
ID_lyD4g5.jpg,anthracnose,0.7678956985473633,473.985107421875,508.6593017578125,1771.309814453125,1177.95361328125
ID_lyD4g5.jpg,anthracnose,0.2787007689476013,0.0,1133.07666015625,1096.423583984375,1536.0
ID_gzfe9f.jpg,healthy,0.6529257297515869,810.3887939453125,694.431396484375,3264.0,1724.7899169921875
ID_gzfe9f.jpg,healthy,0.4910370707511902,729.3745727539062,3.513953924179077,3259.69287109375,829.5651245117188
ID_gzfe9f.jpg,healthy,0.25621023774147034,632.943603515625,1424.882080078125,3264.0,2319.771484375
ID_gzfe9f.jpg,anthracnose,0.2548398971557617,692.6257934570312,1628.5264892578125,2049.69287109375,2446.357421875
ID_zHJAX9.jpg,anthracnose,0.35702282190322876,1087.00927734375,1041.9345703125,2042.045166015625,1401.35400390625
ID_q4kHuE.jpg,2,1.0,,,,
ID_ZGTOCS.jpg,healthy,0.6545882225036621,0.8032078146934509,0.0,73.91178894042969,118.1827392578125
ID_ZGTOCS.jpg,healthy,0.6124049425125122,82.6960220336914,233.6548309326172,290.72308349609375,352.3238220214844
ID_ZGTOCS.jpg,healthy,0.5697396993637085,68.66822814941406,0.21475408971309662,219.92214965820312,141.49639892578125
ID_ZGTOCS.jpg,healthy,0.5291140079498291,34.61857986450195,97.35680389404297,364.6116943359375,279.13214111328125
ID_ZGTOCS.jpg,healthy,0.4291428029537201,277.85125732421875,0.1912975311279297,369.5318908691406,167.29698181152344
ID_ZGTOCS.jpg,healthy,0.41900181770324707,63.711002349853516,0.2892274856567383,183.64051818847656,154.02117919921875
ID_ZGTOCS.jpg,healthy,0.3451748788356781,58.660728454589844,17.554306030273438,154.65399169921875,152.49745178222656
ID_ZGTOCS.jpg,healthy,0.33193179965019226,81.97342681884766,0.0,220.82125854492188,90.82270050048828
ID_ZGTOCS.jpg,healthy,0.3287878632545471,82.19465637207031,249.58482360839844,249.0538787841797,349.800537109375
ID_ZGTOCS.jpg,healthy,0.30273357033729553,345.0736083984375,2.8171567916870117,416.0,201.46417236328125
ID_ZGTOCS.jpg,healthy,0.27693480253219604,0.0,299.9092102050781,39.97660827636719,405.70281982421875
ID_ZGTOCS.jpg,healthy,0.25514689087867737,16.95838165283203,72.6303939819336,66.78107452392578,147.90576171875
ID_Mow1We.jpeg,anthracnose,0.41075730323791504,465.7672424316406,59.0853271484375,2730.47900390625,3484.5869140625
ID_Mow1We.jpeg,healthy,0.3741292357444763,518.026611328125,883.7312622070312,2921.823486328125,3635.091796875
ID_xel9Ji.jpg,anthracnose,0.4970466196537018,774.4644165039062,0.0,2177.1083984375,1990.39599609375
ID_TyCBsp.JPG,healthy,0.8941100835800171,762.3162841796875,1075.4586181640625,2142.664794921875,1791.1025390625
ID_Cm5njC.jpg,cssvd,0.30942240357398987,495.77197265625,688.566162109375,2010.3701171875,1481.12158203125
ID_LULpZT.jpg,cssvd,0.37754014134407043,794.5894165039062,499.0338134765625,2793.491943359375,2088.588134765625
ID_LULpZT.jpg,healthy,0.32395729422569275,749.1033325195312,1386.08544921875,2508.3271484375,2231.161865234375
ID_LULpZT.jpg,anthracnose,0.3063980042934418,0.0,1646.130126953125,822.8533935546875,2335.47216796875
ID_LULpZT.jpg,healthy,0.2992052137851715,16.41093635559082,0.0,763.6317138671875,448.0284729003906
ID_LULpZT.jpg,healthy,0.2589942216873169,2.0261850357055664,1017.62060546875,712.8304443359375,1909.069091796875
ID_WA7xU6.jpg,healthy,0.3108648359775543,262.15667724609375,37.10344696044922,1080.0,668.815185546875
ID_WA7xU6.jpg,cssvd,0.26494958996772766,261.2976989746094,0.0,1080.0,661.99853515625
ID_TcxKTh.jpg,healthy,0.4777686297893524,318.01068115234375,238.12835693359375,1280.0,789.2649536132812
ID_TcxKTh.jpg,cssvd,0.33067429065704346,431.1116027832031,223.00393676757812,1280.0,773.2782592773438
ID_xF7K2Q.jpg,healthy,0.4389989972114563,1468.378173828125,254.36016845703125,2028.28564453125,789.7274780273438
ID_xF7K2Q.jpg,anthracnose,0.2520037591457367,3.9378662109375,73.6868896484375,679.6673583984375,717.3800048828125
ID_f2hdmV.jpeg,healthy,0.5513057112693787,1039.497314453125,124.42540740966797,3983.702392578125,1464.391357421875
ID_f2hdmV.jpeg,healthy,0.4042632579803467,0.0,809.597900390625,1300.841552734375,1780.729248046875
ID_ZudzV1.jpg,anthracnose,0.46717679500579834,275.96405029296875,84.42176818847656,1280.0,948.8189086914062
ID_svY6TG.jpg,2,1.0,,,,
ID_iA98wM.jpg,2,1.0,,,,
ID_KQINTu.jpeg,anthracnose,0.7449811697006226,278.06494140625,0.0,3624.03515625,1800.0
ID_BAszkB.jpeg,healthy,0.8952432870864868,1030.0985107421875,778.0214233398438,4032.0,2253.283203125
ID_BAszkB.jpeg,healthy,0.7608934044837952,92.25463104248047,0.0,3515.6865234375,559.6823120117188
ID_BAszkB.jpeg,healthy,0.6413061618804932,382.6343078613281,648.484130859375,3847.232421875,2279.199462890625
ID_BAszkB.jpeg,healthy,0.6293111443519592,0.0,1662.7327880859375,1263.9232177734375,2986.58642578125
ID_BAszkB.jpeg,healthy,0.3452889323234558,0.0,610.7061157226562,3332.332763671875,2172.136474609375
ID_BAszkB.jpeg,healthy,0.27061375975608826,0.0,2658.6201171875,2592.5546875,3024.0
ID_I31J34.jpg,anthracnose,0.5048394203186035,220.6710205078125,31.214599609375,1794.1953125,1186.464599609375
ID_I31J34.jpg,anthracnose,0.4964301884174347,0.0,236.439453125,1549.456298828125,1453.587646484375
ID_yxi9rE.jpg,anthracnose,0.7810396552085876,1192.7745361328125,0.0,4128.0,2583.474609375
ID_yxi9rE.jpg,anthracnose,0.29316791892051697,0.0,0.0,3485.94677734375,2528.954345703125
ID_tzRoEe.jpeg,healthy,0.41073694825172424,775.6893920898438,964.7667236328125,2982.009033203125,4032.0
ID_tzRoEe.jpeg,healthy,0.370490700006485,702.0011596679688,0.0,2660.496337890625,2925.260498046875
ID_WdwYB4.jpeg,anthracnose,0.8301068544387817,558.455078125,54.99696350097656,3525.1142578125,1757.7127685546875
ID_CE3bfu.jpeg,anthracnose,0.8672268390655518,1000.8819580078125,60.64047622680664,4032.0,2410.244384765625
ID_CE3bfu.jpeg,anthracnose,0.47405511140823364,235.02096557617188,246.99664306640625,3773.013916015625,2525.504638671875
ID_d0gpda.jpg,healthy,0.8759403228759766,1183.553955078125,1170.1749267578125,2655.74609375,1931.0753173828125
ID_d0gpda.jpg,healthy,0.8731708526611328,1740.66015625,518.2545776367188,3256.966064453125,1270.580322265625
ID_zGfZpI.jpeg,healthy,0.5916493535041809,2294.22802734375,14.543562889099121,3609.0712890625,1274.8421630859375
ID_zGfZpI.jpeg,healthy,0.25850990414619446,166.05812072753906,2625.753173828125,1033.5706787109375,3024.0
ID_HWOEX0.jpg,cssvd,0.3458508253097534,155.58059692382812,189.5654296875,1280.0,959.979248046875
ID_PrV1eU.jpg,healthy,0.6527454257011414,2079.2060546875,1618.018798828125,3264.0,2335.70166015625
ID_PrV1eU.jpg,healthy,0.47278454899787903,1545.6961669921875,390.2051086425781,1901.5047607421875,958.7969970703125
ID_PrV1eU.jpg,cssvd,0.3741622865200043,386.0184020996094,904.1863403320312,2777.708984375,1942.2508544921875
ID_PrV1eU.jpg,healthy,0.3438836932182312,0.0,1928.970458984375,2185.33349609375,2446.07861328125
ID_PrV1eU.jpg,cssvd,0.2633582353591919,0.0,2004.00634765625,2239.868408203125,2448.0
ID_UDb5Lu.jpg,healthy,0.3033698797225952,0.0,0.0,1596.953857421875,242.18386840820312
ID_UDb5Lu.jpg,healthy,0.29079678654670715,768.0523681640625,1338.1494140625,1987.6087646484375,1536.0
ID_cWEAQI.jpeg,healthy,0.42744553089141846,854.5274047851562,0.0,4000.0,1601.998779296875
ID_cWEAQI.jpeg,cssvd,0.3302152156829834,1009.13330078125,0.0,4000.0,1646.5069580078125
ID_cWEAQI.jpeg,healthy,0.25148117542266846,144.55245971679688,0.0,3570.34033203125,1611.233642578125
ID_iTLcyi.jpg,healthy,0.4478701651096344,0.0,734.78515625,679.1637573242188,959.478759765625
ID_iTLcyi.jpg,cssvd,0.3735741972923279,0.0,68.30970764160156,1043.8128662109375,879.5105590820312
ID_iTLcyi.jpg,cssvd,0.3724324107170105,152.85240173339844,75.81527709960938,1270.8978271484375,884.9609375
ID_fSRfJZ.jpg,2,1.0,,,,
ID_CBkuOC.jpg,cssvd,0.5721472501754761,308.9483642578125,101.26884460449219,1280.0,921.352294921875
ID_GoTWyR.jpg,healthy,0.5826612114906311,1370.05078125,568.2257080078125,2014.1240234375,1104.5775146484375
ID_GoTWyR.jpg,healthy,0.4457972049713135,1389.7353515625,940.90576171875,2022.171875,1429.44921875
ID_GoTWyR.jpg,anthracnose,0.3019520342350006,332.4495849609375,433.651611328125,1728.7362060546875,1222.02685546875
ID_TIDJQb.jpg,anthracnose,0.7960479855537415,118.08807373046875,27.35103988647461,2866.5751953125,1549.62353515625
ID_TIDJQb.jpg,anthracnose,0.6278122067451477,1011.906982421875,83.35009002685547,3253.98486328125,1204.5284423828125
ID_TIDJQb.jpg,anthracnose,0.4798770546913147,134.34036254882812,0.0,1891.4642333984375,532.904541015625
ID_TIDJQb.jpg,anthracnose,0.4261106252670288,83.97206115722656,0.0,1881.47998046875,847.27001953125
ID_NWBp63.jpeg,anthracnose,0.744301974773407,1041.262451171875,833.5384521484375,4032.0,2821.26318359375
ID_NWBp63.jpeg,anthracnose,0.4378473162651062,55.69552993774414,352.5920104980469,3500.372314453125,2769.78271484375
ID_t1Fv46.jpg,cssvd,0.6680408716201782,310.6211853027344,82.29316711425781,1280.0,960.0
ID_t1Fv46.jpg,cssvd,0.26555684208869934,0.0,73.46199035644531,1045.825927734375,957.4326171875
ID_Z3O1pX.jpeg,healthy,0.8385552167892456,1011.3380737304688,584.395263671875,4032.0,2146.42822265625
ID_Z3O1pX.jpeg,healthy,0.8170269727706909,32.20703887939453,1993.56591796875,2770.030029296875,3023.34912109375
ID_Z3O1pX.jpeg,healthy,0.4699959456920624,373.8401794433594,638.9441528320312,3871.09375,2273.089599609375
ID_Z3O1pX.jpeg,healthy,0.36519068479537964,1725.7823486328125,487.751220703125,4031.79443359375,2078.251708984375
ID_Z3O1pX.jpeg,healthy,0.2503340244293213,3339.2412109375,0.0,4010.9423828125,725.6827392578125
ID_iFjogl.jpeg,anthracnose,0.7963480949401855,330.35174560546875,173.50953674316406,3203.3349609375,2725.7275390625
ID_iFjogl.jpeg,anthracnose,0.40688657760620117,2728.348876953125,114.433349609375,4031.009521484375,1433.616455078125
ID_nPqslt.jpg,cssvd,0.502026379108429,263.51416015625,0.0,1080.0,656.2705688476562
ID_nPqslt.jpg,cssvd,0.26662877202033997,396.4762878417969,102.88528442382812,1080.0,616.296142578125
ID_QOB7Et.JPG,healthy,0.9484456181526184,1070.898193359375,1174.8634033203125,1968.3695068359375,1745.0184326171875
ID_QOB7Et.JPG,healthy,0.6751080751419067,231.40560913085938,481.9288024902344,2657.2265625,1389.87646484375
ID_QOB7Et.JPG,healthy,0.39568108320236206,815.8594360351562,490.5312194824219,3208.26416015625,1223.0863037109375
ID_QOB7Et.JPG,healthy,0.38797301054000854,1955.148681640625,0.0,2407.612548828125,504.8682556152344
ID_QOB7Et.JPG,healthy,0.3242839574813843,0.0,441.9346923828125,2291.8701171875,1612.3004150390625
ID_Lrp6tK.jpeg,healthy,0.3753069043159485,1383.228515625,478.0032043457031,3423.751220703125,2919.091064453125
ID_qI8vEm.jpeg,healthy,0.3698108196258545,1219.7440185546875,171.90272521972656,4032.0,3024.0
ID_qI8vEm.jpeg,healthy,0.2828836441040039,642.918212890625,0.0,3558.6357421875,3024.0
ID_XBQWUe.jpg,anthracnose,0.7921175956726074,476.4414978027344,32.30110168457031,1251.912841796875,883.5428466796875
ID_R7eStk.jpg,2,1.0,,,,
ID_GMke3a.jpeg,anthracnose,0.629467248916626,829.5532836914062,730.5472412109375,2699.26318359375,3024.0
ID_GMke3a.jpeg,anthracnose,0.5124028921127319,625.8033447265625,30.701757431030273,2850.883544921875,2460.0322265625
ID_W0HVPm.jpg,anthracnose,0.8566959500312805,446.59033203125,0.0,2013.693603515625,1187.476318359375
ID_w1EXx6.jpg,healthy,0.6316176652908325,529.746826171875,302.1604919433594,2048.0,1217.8311767578125
ID_w1EXx6.jpg,anthracnose,0.4028250575065613,10.0704345703125,992.880859375,1439.7620849609375,1536.0
ID_w1EXx6.jpg,healthy,0.32333871722221375,537.0274047851562,597.38427734375,2044.1015625,1209.1829833984375
ID_w1EXx6.jpg,healthy,0.2644180655479431,327.78857421875,80.642578125,1999.603515625,1247.6279296875
ID_FzkXs3.jpg,cssvd,0.6295920014381409,309.8388671875,122.63412475585938,1280.0,933.3993530273438
ID_FzkXs3.jpg,cssvd,0.29270997643470764,0.0,816.4254760742188,1033.8155517578125,960.0
ID_Q1sJBq.jpg,cssvd,0.4867890477180481,361.6092224121094,0.0,1280.0,806.3306884765625
ID_p2RFAX.jpg,cssvd,0.38745999336242676,0.0,343.2916564941406,810.0,1078.78662109375
ID_TNiZUE.jpg,anthracnose,0.5629238486289978,305.8106994628906,0.0,1080.0,661.7786865234375
ID_TNiZUE.jpg,cssvd,0.2674312889575958,399.99169921875,7.272219657897949,1080.0,633.6771850585938
ID_gynfQe.jpg,cssvd,0.5880911350250244,312.7701110839844,10.175323486328125,1280.0,685.6539916992188
ID_c0U1lA.jpeg,anthracnose,0.5257761478424072,988.3124389648438,78.37821197509766,4032.0,2143.451416015625
ID_pWNuF0.jpg,anthracnose,0.876092791557312,322.27203369140625,126.88583374023438,1280.0,787.3272705078125
ID_pWNuF0.jpg,anthracnose,0.25682932138442993,285.2015686035156,259.0071716308594,1274.8607177734375,733.4904174804688
ID_BkHj0e.jpg,cssvd,0.32982581853866577,316.0017395019531,7.61871337890625,1280.0,676.8363647460938
ID_fjshTf.jpg,healthy,0.4216136932373047,231.1075439453125,299.66217041015625,416.0,415.6021728515625
ID_fjshTf.jpg,cssvd,0.3674325942993164,165.11785888671875,41.57042694091797,405.3394470214844,325.52667236328125
ID_qv2QJY.jpeg,healthy,0.6789822578430176,994.876220703125,0.0,4032.0,1996.0628662109375
ID_qv2QJY.jpeg,healthy,0.5149641036987305,274.4630126953125,1474.238037109375,3503.843017578125,3024.0
ID_qv2QJY.jpeg,healthy,0.3252399265766144,555.0951538085938,1837.7122802734375,3460.86572265625,3004.593505859375
ID_NnGyQS.jpg,anthracnose,0.7790307402610779,187.32125854492188,59.92593002319336,3056.816162109375,2087.775146484375
ID_NnGyQS.jpg,anthracnose,0.5391960740089417,996.9668579101562,394.8108825683594,3263.78125,1975.9366455078125
ID_NnGyQS.jpg,anthracnose,0.30969521403312683,0.0,26.69103240966797,2512.233642578125,1923.15625
ID_m7uq3u.jpg,anthracnose,0.654587984085083,549.7073974609375,322.71142578125,1779.5570068359375,1031.0042724609375
ID_m7uq3u.jpg,anthracnose,0.30834758281707764,0.0,43.363525390625,284.4311218261719,1144.4613037109375
ID_UQFoy1.jpg,anthracnose,0.7094311118125916,516.38037109375,313.103759765625,1878.66064453125,1178.0855712890625
ID_UQFoy1.jpg,healthy,0.604557454586029,106.01324462890625,176.33575439453125,533.1470336914062,491.92041015625
ID_UQFoy1.jpg,anthracnose,0.41462013125419617,431.823974609375,0.0,1611.46240234375,502.024658203125
ID_UQFoy1.jpg,anthracnose,0.38627055287361145,443.74853515625,0.0,1639.5244140625,354.6002197265625
ID_UQFoy1.jpg,anthracnose,0.3090387284755707,546.050048828125,314.0945129394531,1856.1796875,910.48876953125
ID_wN6Niv.jpg,cssvd,0.6423733234405518,308.02154541015625,0.0,1280.0,730.0302124023438
ID_wN6Niv.jpg,cssvd,0.335110604763031,0.0,632.1182861328125,1020.9939575195312,960.0
ID_d8RMUe.jpg,healthy,0.2919999063014984,113.93514251708984,43.31387710571289,337.00567626953125,319.5289001464844
ID_d8RMUe.jpg,healthy,0.27860721945762634,137.09423828125,9.145360946655273,339.6219177246094,246.0180206298828
ID_d8RMUe.jpg,healthy,0.2752893269062042,111.51993560791016,148.84573364257812,330.7062683105469,370.69915771484375
ID_GM6Ads.JPG,healthy,0.28053805232048035,153.92498779296875,82.7117691040039,749.174560546875,724.7734375
ID_GM6Ads.JPG,healthy,0.27042263746261597,285.46002197265625,1538.3128662109375,882.2109985351562,2444.7958984375
ID_WB3jGx.jpeg,cssvd,0.28673818707466125,31.0457820892334,680.9725952148438,3024.0,3997.92529296875
ID_qBYpS9.jpg,healthy,0.45251229405403137,260.0404052734375,404.404052734375,2015.1082763671875,1221.035400390625
ID_qBYpS9.jpg,healthy,0.27129778265953064,381.089111328125,564.3624267578125,2048.0,1193.30712890625
ID_xRs1tX.jpg,healthy,0.6245248913764954,245.6275634765625,126.39884185791016,1021.521728515625,1332.1444091796875
ID_xRs1tX.jpg,healthy,0.5010248422622681,402.79559326171875,1527.2100830078125,1829.0074462890625,2445.376953125
ID_xRs1tX.jpg,healthy,0.4108130633831024,2150.384521484375,0.0,3264.0,316.2965393066406
ID_xRs1tX.jpg,healthy,0.2855576276779175,249.44163513183594,520.3715209960938,1020.1127319335938,1372.65283203125
ID_xRs1tX.jpg,healthy,0.2771783471107483,785.8588256835938,578.3034057617188,2714.6083984375,1585.2095947265625
ID_TtcmyS.jpg,healthy,0.6325096487998962,116.35517883300781,1.6804426908493042,402.189208984375,255.02154541015625
ID_TtcmyS.jpg,healthy,0.3329537510871887,87.52470397949219,45.86518859863281,375.4936218261719,276.76654052734375
ID_TtcmyS.jpg,healthy,0.2965802252292633,0.10999297350645065,44.79431915283203,86.16691589355469,188.5113983154297
ID_TtcmyS.jpg,healthy,0.2766302824020386,32.71385955810547,82.57424926757812,322.4261474609375,319.4463195800781
ID_TtcmyS.jpg,healthy,0.2556954622268677,7.338100910186768,99.4616470336914,197.07237243652344,327.0129089355469
ID_I4yQcX.jpg,anthracnose,0.7395629286766052,140.65676879882812,706.8363037109375,3668.763671875,2316.285888671875
ID_I4yQcX.jpg,anthracnose,0.63334721326828,1089.973388671875,1202.15478515625,4101.15673828125,2065.56787109375
ID_I4yQcX.jpg,anthracnose,0.5180670022964478,0.0,4.213079452514648,2492.96533203125,1161.2958984375
ID_I4yQcX.jpg,anthracnose,0.33471983671188354,282.1825866699219,2026.775390625,1895.4111328125,2804.192138671875
ID_I4yQcX.jpg,anthracnose,0.25784438848495483,0.0,1.1548876762390137,2487.363037109375,802.7334594726562
ID_ymfzFv.jpeg,healthy,0.5441558957099915,1265.284423828125,78.36210632324219,3972.044677734375,1483.513427734375
ID_oVJDwV.jpg,healthy,0.5998572111129761,107.77377319335938,268.2888488769531,414.72137451171875,407.9982604980469
ID_oVJDwV.jpg,healthy,0.48070675134658813,33.23955154418945,283.3207092285156,379.40411376953125,403.46929931640625
ID_oVJDwV.jpg,healthy,0.4342590570449829,104.13737487792969,38.212615966796875,416.0,280.3472900390625
ID_oVJDwV.jpg,healthy,0.3914675712585449,52.25135040283203,0.39942502975463867,255.08868408203125,95.34092712402344
ID_oVJDwV.jpg,healthy,0.36768975853919983,78.52692413330078,0.3792290687561035,233.21107482910156,67.52699279785156
ID_oVJDwV.jpg,healthy,0.29908686876296997,3.3482396602630615,288.66009521484375,258.8826599121094,410.3929138183594
ID_iRB9YA.jpg,healthy,0.40438613295555115,265.81768798828125,0.0,1071.08740234375,392.7265319824219
ID_iRB9YA.jpg,healthy,0.30593088269233704,0.0,351.61517333984375,838.8671875,809.0405883789062
ID_YX6bNA.jpg,cssvd,0.4268856942653656,268.221435546875,20.207595825195312,1280.0,838.5642700195312
ID_z2AEPO.jpg,healthy,0.5042598843574524,142.65087890625,1.120849609375,763.6611938476562,333.569580078125
ID_z2AEPO.jpg,anthracnose,0.3979448080062866,79.56573486328125,975.82666015625,695.9173583984375,1431.23876953125
ID_z2AEPO.jpg,healthy,0.36845335364341736,340.7447204589844,390.43756103515625,1359.9664306640625,883.2328491210938
ID_z2AEPO.jpg,healthy,0.35419636964797974,764.1173706054688,0.0,1614.995361328125,395.83819580078125
ID_WS9KyG.jpeg,anthracnose,0.767081618309021,792.7333984375,263.39312744140625,4032.0,2427.69384765625
ID_WS9KyG.jpeg,healthy,0.7626919746398926,235.08993530273438,2399.083251953125,3463.93359375,3024.0
ID_WS9KyG.jpeg,healthy,0.6004184484481812,920.8731689453125,2498.571533203125,4010.916015625,3024.0
ID_WS9KyG.jpeg,anthracnose,0.3743954002857208,177.0819854736328,109.09979248046875,3632.898681640625,2542.2939453125
ID_WS9KyG.jpeg,anthracnose,0.3539959192276001,0.0,8.130346298217773,1759.5928955078125,1409.13623046875
ID_GCZ1T9.jpg,cssvd,0.35978052020072937,267.0805358886719,0.0,1080.0,555.8814697265625
ID_XEbuST.jpg,anthracnose,0.8794742226600647,918.5284423828125,106.91571807861328,4101.09814453125,2653.849853515625
ID_zEln95.jpeg,healthy,0.2991032600402832,982.1000366210938,619.1309814453125,4032.0,2876.621826171875
ID_Wklhuq.jpeg,anthracnose,0.5131888389587402,415.63116455078125,0.0,2914.16845703125,3287.99267578125
ID_Wklhuq.jpeg,anthracnose,0.3208227753639221,505.90478515625,992.8517456054688,2571.442626953125,4032.0
ID_zbueIx.jpeg,healthy,0.6833111047744751,2198.647216796875,2529.536865234375,4023.321044921875,3024.0
ID_zbueIx.jpeg,healthy,0.504217803478241,1023.0658569335938,113.23159790039062,3777.146240234375,1787.26171875
ID_zbueIx.jpeg,anthracnose,0.37481236457824707,7.106917858123779,3.4215199947357178,2916.771240234375,1216.7381591796875
ID_p0sSar.jpeg,healthy,0.6804776191711426,0.0,112.37651824951172,585.5293579101562,1400.5028076171875
ID_p0sSar.jpeg,healthy,0.5500966310501099,1350.65234375,0.0,4032.0,2662.030029296875
ID_p0sSar.jpeg,healthy,0.3798062205314636,1493.9765625,0.0,3027.944091796875,3024.0
ID_p0sSar.jpeg,healthy,0.2880248427391052,2814.702880859375,77.41666412353516,4030.3623046875,2753.180908203125
ID_zxvYPO.jpeg,cssvd,0.39800214767456055,921.2574462890625,0.0,3299.2294921875,2652.617919921875
ID_t4oxxC.jpg,anthracnose,0.7270892858505249,454.14111328125,172.36740112304688,2002.465087890625,1132.93115234375
ID_t4oxxC.jpg,anthracnose,0.6779489517211914,64.7320556640625,130.884033203125,1848.7132568359375,1536.0
ID_V6RfQo.jpg,healthy,0.25922510027885437,3.97406005859375,57.04864501953125,448.90777587890625,499.45526123046875
ID_OcteW7.jpg,cssvd,0.5801546573638916,263.8445129394531,0.0,1080.0,603.497802734375
ID_MYpc48.jpeg,healthy,0.4419040381908417,739.2257080078125,17.239538192749023,4032.0,2251.645263671875
ID_MYpc48.jpeg,healthy,0.3673568367958069,1031.238525390625,540.390625,4032.0,2209.5146484375
ID_S7R1dz.jpeg,anthracnose,0.5880051255226135,1219.6490478515625,55.441139221191406,3995.005126953125,1730.2059326171875
ID_NbJj7a.jpg,cssvd,0.28510770201683044,1121.642578125,2487.901611328125,2445.39306640625,3264.0
ID_flKCGq.jpeg,anthracnose,0.915203332901001,995.8786010742188,134.5406951904297,4026.663818359375,2610.51806640625
ID_flKCGq.jpeg,healthy,0.41257742047309875,0.0,0.0,2222.760009765625,608.40283203125
ID_flKCGq.jpeg,anthracnose,0.36617282032966614,174.55592346191406,2544.9541015625,3365.88037109375,3024.0
ID_NU62Ug.jpg,cssvd,0.5640869140625,127.50365447998047,216.6435089111328,1653.3028564453125,919.9899291992188
ID_szGNqN.jpeg,anthracnose,0.6820838451385498,371.9336853027344,0.0,2186.221923828125,3325.864990234375
ID_szGNqN.jpeg,anthracnose,0.36054176092147827,2293.043212890625,1292.8291015625,3024.0,3858.8251953125
ID_szGNqN.jpeg,anthracnose,0.33675575256347656,440.4617004394531,788.8270263671875,2113.3173828125,3075.23681640625
ID_vJsw6z.jpg,healthy,0.3954543173313141,319.9264221191406,685.9710083007812,2822.306884765625,1429.8206787109375
ID_vJsw6z.jpg,healthy,0.2548048496246338,1522.18798828125,0.0,2176.206787109375,347.2806701660156
ID_gFTNlV.jpg,anthracnose,0.8422158360481262,265.26031494140625,304.45831298828125,1245.9837646484375,854.8970947265625
ID_gFTNlV.jpg,anthracnose,0.2958589792251587,39.101409912109375,758.4476318359375,1151.25048828125,960.0
ID_ozIUhF.jpeg,healthy,0.47036537528038025,1372.6527099609375,455.95184326171875,4032.0,2598.71826171875
ID_ozIUhF.jpeg,healthy,0.439186692237854,932.6957397460938,2544.226806640625,2981.6337890625,3024.0
ID_ozIUhF.jpeg,healthy,0.3750496804714203,956.054931640625,2234.285888671875,3006.67041015625,3024.0
ID_t0kbuH.jpg,healthy,0.7571777105331421,379.56640625,206.3717803955078,703.7727661132812,569.0586547851562
ID_t0kbuH.jpg,healthy,0.729176938533783,447.2393493652344,505.6009216308594,839.1624145507812,776.0443115234375
ID_v4rouK.jpeg,healthy,0.4281356930732727,735.711181640625,75.34601593017578,2831.135498046875,3101.28662109375
ID_AFi8A1.jpg,healthy,0.40218889713287354,7.2049479484558105,1644.1207275390625,2445.081787109375,2448.0
ID_AFi8A1.jpg,healthy,0.28737184405326843,381.04766845703125,688.2987060546875,1988.550537109375,1171.979248046875
ID_AFi8A1.jpg,healthy,0.2841437757015228,46.629249572753906,1794.4541015625,1965.1656494140625,2448.0
ID_AFi8A1.jpg,healthy,0.2572033405303955,429.886962890625,728.6867065429688,1614.98681640625,1170.940673828125
ID_YMRuoN.jpg,anthracnose,0.7992028594017029,534.864990234375,34.8353271484375,2010.922119140625,1224.162353515625
ID_YMRuoN.jpg,anthracnose,0.33093512058258057,949.884521484375,1286.09765625,1970.137451171875,1523.740234375
ID_YMRuoN.jpg,anthracnose,0.2978605628013611,466.3114013671875,448.6148681640625,1999.6129150390625,1120.2076416015625
ID_TLXVg2.jpg,anthracnose,0.6417109966278076,255.78363037109375,361.658203125,1988.67822265625,1090.577880859375
ID_TLXVg2.jpg,anthracnose,0.5851261019706726,121.4381103515625,0.0,1915.228515625,1164.292236328125
ID_TLXVg2.jpg,anthracnose,0.46091535687446594,167.7801513671875,33.00970458984375,1395.2088623046875,598.654296875
ID_TLXVg2.jpg,anthracnose,0.323612242937088,4.5885009765625,458.7751770019531,1779.30810546875,1098.222412109375
ID_F7a5DB.jpg,2,1.0,,,,
ID_FyJ6Hz.jpeg,anthracnose,0.784227192401886,1624.6968994140625,66.41767120361328,4022.97216796875,1910.14453125
ID_FyJ6Hz.jpeg,healthy,0.6820301413536072,1397.2275390625,2024.8919677734375,3969.28955078125,3024.0
ID_FyJ6Hz.jpeg,anthracnose,0.28673383593559265,501.61016845703125,2394.712646484375,2270.748779296875,3024.0
ID_Opny9y.JPG,anthracnose,0.8651860952377319,814.9615478515625,567.9829711914062,3264.0,2080.4248046875
ID_Opny9y.JPG,anthracnose,0.2653242349624634,393.07415771484375,272.4967956542969,3254.247802734375,2119.08154296875
ID_THFPyF.jpeg,anthracnose,0.927327573299408,1004.236572265625,35.49541473388672,4032.0,2292.015625
ID_THFPyF.jpeg,healthy,0.45821741223335266,1374.00390625,2101.998046875,3057.3955078125,3024.0
ID_THFPyF.jpeg,anthracnose,0.3388936221599579,109.79529571533203,0.0,3656.01806640625,2330.291015625
ID_Ccy5YA.jpeg,anthracnose,0.8335484266281128,986.9588012695312,166.1466827392578,4032.0,2541.083740234375
ID_Ccy5YA.jpeg,anthracnose,0.5360827445983887,1664.0242919921875,383.4056396484375,4014.401123046875,2400.559814453125
ID_DxuEWw.jpg,healthy,0.4855142831802368,8.326885223388672,297.1068115234375,268.2109375,411.0276184082031
ID_DxuEWw.jpg,healthy,0.46265867352485657,94.90365600585938,91.62432098388672,416.0,260.6309509277344
ID_DxuEWw.jpg,healthy,0.3367816209793091,14.010416984558105,87.39269256591797,371.885498046875,267.3499450683594
ID_DxuEWw.jpg,healthy,0.26024582982063293,0.31596946716308594,3.231279134750366,92.62478637695312,113.56663513183594
ID_DxuEWw.jpg,healthy,0.25288206338882446,119.33677673339844,302.8381042480469,272.38970947265625,404.2596130371094
ID_sTcTkI.jpeg,healthy,0.8606908321380615,0.0,1242.6080322265625,3024.0,3041.328857421875
ID_sTcTkI.jpeg,healthy,0.6398325562477112,0.0,0.0,1866.7440185546875,752.2274169921875
ID_sTcTkI.jpeg,healthy,0.502008855342865,15.597392082214355,0.0,1795.077880859375,1071.608642578125
ID_F7Or4u.jpg,cssvd,0.3562805950641632,311.9836120605469,0.0,1080.0,603.9182739257812
ID_AweW1B.jpg,anthracnose,0.8301042914390564,716.78955078125,334.7138671875,2048.0,1145.96630859375
ID_jr7JD5.jpg,anthracnose,0.5999588966369629,626.116943359375,70.142822265625,2048.0,1305.99609375
ID_lEQZl6.jpg,anthracnose,0.5440556406974792,1409.666015625,1005.1272583007812,3259.098388671875,1913.6055908203125
ID_lEQZl6.jpg,healthy,0.39448872208595276,0.3813657760620117,909.79150390625,741.0143432617188,1413.8775634765625
ID_lEQZl6.jpg,anthracnose,0.35637447237968445,1705.8221435546875,514.1029663085938,2954.9423828125,1159.3441162109375
ID_lEQZl6.jpg,healthy,0.2729912996292114,1039.52978515625,1452.787841796875,2593.19677734375,2440.69580078125
ID_lEQZl6.jpg,anthracnose,0.2541712820529938,1342.5413818359375,0.0,2928.072021484375,386.6573486328125
ID_NeDl7g.jpeg,healthy,0.7328469157218933,976.7249145507812,309.0213928222656,4032.0,2791.8740234375
ID_NeDl7g.jpeg,healthy,0.5900781750679016,1076.2432861328125,0.0,3099.447265625,611.8482666015625
ID_NeDl7g.jpeg,healthy,0.34447911381721497,212.58653259277344,177.74215698242188,3799.793212890625,2767.40185546875
ID_Xwi9os.jpg,cssvd,0.3880975842475891,5.658001899719238,270.5457458496094,748.825927734375,1080.0
ID_Xwi9os.jpg,cssvd,0.2742099165916443,3.322291374206543,7.95734167098999,678.033935546875,712.8414306640625
ID_Xwi9os.jpg,cssvd,0.25071847438812256,7.8936767578125,89.20497131347656,701.9472045898438,948.61865234375
ID_iyzP0z.jpeg,healthy,0.4533572494983673,671.2399291992188,0.0,1746.967529296875,1121.0140380859375
ID_iyzP0z.jpeg,cssvd,0.43631941080093384,1020.0452270507812,0.0,4032.0,2363.13330078125
ID_iyzP0z.jpeg,healthy,0.40084943175315857,1021.8873901367188,0.0,4032.0,2367.945068359375
ID_PDuPIE.jpeg,healthy,0.34377893805503845,0.0,1931.5418701171875,1026.0101318359375,3021.7568359375
ID_PDuPIE.jpeg,healthy,0.25514042377471924,1033.0194091796875,0.0,4032.0,2634.797607421875
ID_uywYHu.jpeg,healthy,0.7186392545700073,592.9099731445312,1290.183837890625,3024.0,3720.691162109375
ID_uywYHu.jpeg,healthy,0.4157715141773224,0.0,3456.916748046875,1094.3533935546875,4030.75146484375
ID_uywYHu.jpeg,healthy,0.369541734457016,0.0,18.281110763549805,1385.2523193359375,2416.3271484375
ID_uywYHu.jpeg,healthy,0.301986426115036,1533.980712890625,3074.601318359375,3011.07373046875,4032.0
ID_uywYHu.jpeg,healthy,0.2964382469654083,128.19081115722656,3305.196044921875,2929.387939453125,4032.0
ID_uywYHu.jpeg,healthy,0.28763464093208313,1154.135498046875,24.767868041992188,3024.0,1885.8568115234375
ID_uywYHu.jpeg,healthy,0.26871541142463684,681.661865234375,962.45263671875,3024.0,2280.5576171875
ID_uywYHu.jpeg,healthy,0.2662309408187866,242.72268676757812,3519.984375,2924.978515625,4032.0
ID_GD1hTT.jpeg,healthy,0.6173079013824463,459.1190185546875,1004.7850952148438,1085.0101318359375,2356.576171875
ID_GD1hTT.jpeg,healthy,0.613405168056488,800.0595703125,0.0,2709.173095703125,676.3807983398438
ID_GD1hTT.jpeg,healthy,0.5368386507034302,2072.599609375,2277.76708984375,2908.794189453125,3024.0
ID_GD1hTT.jpeg,healthy,0.39823973178863525,0.0,0.0,665.3055419921875,1181.0106201171875
ID_GD1hTT.jpeg,healthy,0.3783271908760071,0.0,0.0,471.3666687011719,1113.661376953125
ID_GD1hTT.jpeg,healthy,0.36793968081474304,1240.6561279296875,521.48828125,4032.0,1719.357666015625
ID_GD1hTT.jpeg,healthy,0.2848375737667084,2012.749267578125,2323.67724609375,3435.61181640625,3022.421875
ID_GD1hTT.jpeg,healthy,0.282471626996994,110.87652587890625,3.489652395248413,801.1551513671875,1453.792724609375
ID_GD1hTT.jpeg,healthy,0.26773005723953247,2943.357666015625,192.9581756591797,3784.483642578125,650.3907470703125
ID_bXrNN3.jpg,anthracnose,0.2938932478427887,0.0,403.9270324707031,759.161865234375,1080.0
ID_H2M4po.jpeg,cssvd,0.31722161173820496,1000.9974365234375,648.8124389648438,4032.0,2424.1630859375
ID_BMHFpr.jpeg,healthy,0.5797595381736755,741.4982299804688,584.6757202148438,3313.230224609375,2395.321533203125
ID_BMHFpr.jpeg,healthy,0.431574285030365,2.2203710079193115,1495.5150146484375,1095.84765625,2594.95361328125
ID_BMHFpr.jpeg,healthy,0.25155049562454224,786.2745361328125,40.50356674194336,2941.788818359375,2440.63037109375
ID_hvQNV0.jpg,anthracnose,0.6132051944732666,133.28125,298.4046630859375,1847.3056640625,1128.1060791015625
ID_hvQNV0.jpg,anthracnose,0.5235093832015991,60.6788330078125,0.0,622.1126708984375,539.7265625
ID_hvQNV0.jpg,anthracnose,0.27491796016693115,0.0,948.8334350585938,1698.9287109375,1497.98095703125
ID_hvQNV0.jpg,anthracnose,0.2533979117870331,250.5537109375,445.7667236328125,2034.822265625,1147.310302734375
ID_WhUmEt.jpg,healthy,0.5869805812835693,81.78691864013672,72.79268646240234,416.0,287.2514343261719
ID_WhUmEt.jpg,healthy,0.42843320965766907,251.6259765625,299.8174743652344,331.49871826171875,359.89019775390625
ID_WhUmEt.jpg,healthy,0.3129726052284241,255.6333465576172,372.1485900878906,367.59698486328125,416.0
ID_WhUmEt.jpg,healthy,0.27121812105178833,60.00897979736328,9.065011024475098,242.1473388671875,110.08566284179688
ID_O6Y3Pp.jpeg,healthy,0.889974057674408,994.1317138671875,963.8604736328125,4032.0,2401.15869140625
ID_O6Y3Pp.jpeg,healthy,0.7717519402503967,57.60419845581055,1971.0552978515625,2892.500732421875,3023.063232421875
ID_O6Y3Pp.jpeg,healthy,0.400837242603302,240.29202270507812,940.16552734375,3734.718505859375,2432.662841796875
ID_O6Y3Pp.jpeg,healthy,0.2859843671321869,746.4804077148438,369.63482666015625,3354.458251953125,1266.5255126953125
ID_G8FKIB.jpg,anthracnose,0.4901942014694214,478.9967041015625,12.8206787109375,1384.6396484375,1662.14208984375
ID_G8FKIB.jpg,anthracnose,0.3878357410430908,461.74267578125,180.871826171875,1536.0,1838.975830078125
ID_G8FKIB.jpg,anthracnose,0.29746782779693604,482.47900390625,285.56298828125,1309.0037841796875,1450.730712890625
ID_G8FKIB.jpg,healthy,0.28734198212623596,814.1471557617188,1311.38232421875,1427.308837890625,2046.69091796875
ID_eKexBX.JPG,healthy,0.5035088062286377,0.0,1837.54736328125,1745.7015380859375,2448.0
ID_eKexBX.JPG,healthy,0.4543190598487854,0.0,0.0,558.5404052734375,954.1030883789062
ID_eKexBX.JPG,healthy,0.38897964358329773,0.0,0.0,394.2171630859375,904.7234497070312
ID_eKexBX.JPG,healthy,0.36837562918663025,0.0,1604.712646484375,1897.400146484375,2448.0
ID_eKexBX.JPG,healthy,0.36454612016677856,322.1666564941406,911.5432739257812,2786.208251953125,2046.310302734375
ID_YxvZO2.jpeg,healthy,0.38235390186309814,439.6397399902344,0.0,2939.371826171875,2811.43310546875
ID_YxvZO2.jpeg,healthy,0.2653596103191376,487.55902099609375,956.9239501953125,2860.65283203125,4032.0
ID_R9pWyO.jpg,healthy,0.7616429924964905,107.00464630126953,155.77066040039062,254.37550354003906,274.48931884765625
ID_R9pWyO.jpg,healthy,0.30499520897865295,195.86746215820312,371.991943359375,408.10009765625,416.0
ID_R9pWyO.jpg,healthy,0.3004346191883087,290.46630859375,115.07638549804688,330.5696716308594,181.6024169921875
ID_GQ9JKt.jpeg,healthy,0.6743717193603516,2811.263916015625,1362.8880615234375,3650.564453125,2018.6461181640625
ID_GQ9JKt.jpeg,anthracnose,0.5352028012275696,268.89007568359375,750.5781860351562,3571.5166015625,1861.799560546875
ID_GQ9JKt.jpeg,anthracnose,0.32527193427085876,1081.610595703125,773.5004272460938,3577.30810546875,1798.41748046875
ID_WMbzmd.jpg,healthy,0.6289764642715454,42.26710891723633,77.6826400756836,363.79888916015625,306.12750244140625
ID_WMbzmd.jpg,healthy,0.49229544401168823,84.537353515625,306.80572509765625,169.01007080078125,406.9825439453125
ID_WMbzmd.jpg,healthy,0.4171423316001892,222.5001678466797,318.1777038574219,414.1247863769531,416.0
ID_WMbzmd.jpg,healthy,0.3944447636604309,32.840030670166016,292.1588134765625,109.63886260986328,414.6430358886719
ID_WMbzmd.jpg,healthy,0.36489972472190857,207.52362060546875,349.1690979003906,416.0,416.0
ID_WMbzmd.jpg,healthy,0.36266234517097473,349.2832946777344,0.0,395.6573791503906,61.00952911376953
ID_DldPpd.jpeg,anthracnose,0.9255984425544739,989.0199584960938,354.17694091796875,4032.0,2876.588623046875
ID_dKqPTW.jpeg,anthracnose,0.26814866065979004,655.2975463867188,156.69601440429688,1135.996337890625,528.4778442382812
ID_Je3aTI.jpeg,anthracnose,0.26582732796669006,0.0,1134.33203125,3070.801513671875,2435.76171875
ID_F5v3g7.JPG,healthy,0.37074485421180725,716.6578369140625,237.480224609375,3206.20654296875,1633.3818359375
ID_hyZmLZ.jpg,anthracnose,0.7458112835884094,334.6996765136719,173.11903381347656,1280.0,720.0262451171875
ID_hyZmLZ.jpg,anthracnose,0.36280369758605957,364.27337646484375,270.20941162109375,1280.0,909.5501708984375
ID_hyZmLZ.jpg,anthracnose,0.33800309896469116,330.6394958496094,0.152740478515625,1280.0,216.150390625
ID_b9S74F.jpeg,healthy,0.7325682044029236,0.0,2321.001708984375,3055.0830078125,3024.0
ID_b9S74F.jpeg,healthy,0.468192458152771,145.59593200683594,0.0,3625.53515625,2423.5166015625
ID_b9S74F.jpeg,healthy,0.42056211829185486,0.0,2054.01318359375,3242.814208984375,3024.0
ID_b9S74F.jpeg,healthy,0.3453766703605652,851.5376586914062,94.91744232177734,3613.520263671875,2254.8330078125
ID_KGAwoD.jpg,2,1.0,,,,
ID_IlLrNr.jpg,healthy,0.4324996769428253,18.377655029296875,42.338096618652344,111.39775848388672,176.50929260253906
ID_IlLrNr.jpg,healthy,0.39526891708374023,134.42254638671875,0.0,278.1408996582031,78.2081069946289
ID_IlLrNr.jpg,healthy,0.3560311496257782,137.7338409423828,0.0,265.3155212402344,111.42997741699219
ID_fvOAVw.jpg,healthy,0.36847588419914246,70.62877655029297,10.129297256469727,156.14088439941406,183.34217834472656
ID_fvOAVw.jpg,healthy,0.36606940627098083,79.13735961914062,10.258866310119629,160.05252075195312,133.69937133789062
ID_fvOAVw.jpg,cssvd,0.3092043101787567,90.84201049804688,123.17278289794922,413.62744140625,386.6639099121094
ID_fvOAVw.jpg,healthy,0.28062790632247925,183.93350219726562,51.16469955444336,344.2482604980469,158.13287353515625
ID_fvOAVw.jpg,healthy,0.2745572626590729,208.09486389160156,337.1445007324219,389.0850830078125,416.0
ID_xSf6zX.jpg,anthracnose,0.44214385747909546,810.7887573242188,368.8089599609375,1927.300048828125,2061.774169921875
ID_xSf6zX.jpg,anthracnose,0.38498756289482117,541.3658447265625,1848.3612060546875,1976.3837890625,3264.0
ID_hIdXy4.jpeg,healthy,0.7577592730522156,1759.95751953125,2183.3818359375,4032.0,3024.0
ID_hIdXy4.jpeg,healthy,0.6069377660751343,1028.08544921875,664.325439453125,4032.0,2120.904296875
ID_hIdXy4.jpeg,healthy,0.5215898752212524,1874.1473388671875,0.0,3581.524658203125,1116.00927734375
ID_hIdXy4.jpeg,healthy,0.4824344515800476,1688.888427734375,2491.380859375,3990.0849609375,3024.0
ID_hIdXy4.jpeg,healthy,0.37685030698776245,2110.582275390625,1718.1851806640625,3910.697998046875,2463.47705078125
ID_ZNueIB.jpg,healthy,0.5337247848510742,0.0,441.32659912109375,1023.198974609375,958.9405517578125
ID_ZNueIB.jpg,cssvd,0.34965503215789795,318.9863586425781,513.4725952148438,1280.0,956.0001831054688
ID_ZNueIB.jpg,cssvd,0.31452274322509766,292.34625244140625,0.8093643188476562,1262.538818359375,404.92523193359375
ID_ZNueIB.jpg,healthy,0.255627304315567,58.55438232421875,0.0,1129.4171142578125,488.6386413574219
ID_RFQ5Yy.jpg,healthy,0.2736716568470001,209.86569213867188,178.59097290039062,1080.0,704.634521484375
ID_CBUJ2U.jpg,anthracnose,0.8300310969352722,2110.05126953125,6.63987922668457,3264.0,921.2039184570312
ID_CBUJ2U.jpg,anthracnose,0.8162657618522644,991.4303588867188,604.8526000976562,2584.488525390625,1341.7607421875
ID_CBUJ2U.jpg,healthy,0.3011254072189331,1630.7874755859375,2105.55419921875,2226.599365234375,2448.0
ID_ccmo9J.jpeg,healthy,0.7102077007293701,518.12353515625,4.272634029388428,3541.660888671875,1198.9647216796875
ID_ccmo9J.jpeg,anthracnose,0.5619956851005554,2265.65380859375,2265.877685546875,4022.44775390625,3024.0
ID_ccmo9J.jpeg,healthy,0.47720661759376526,647.553466796875,1009.257568359375,4032.0,2654.341552734375
ID_ccmo9J.jpeg,healthy,0.43050849437713623,0.0,1882.8804931640625,376.4786682128906,3024.0
ID_nui0Fo.jpg,anthracnose,0.7928251624107361,448.1898193359375,0.0,2036.0860595703125,1116.714599609375
ID_nui0Fo.jpg,anthracnose,0.7406017780303955,0.0,0.0,1663.19189453125,1174.84033203125
ID_nui0Fo.jpg,anthracnose,0.2787441611289978,1313.12158203125,480.9926452636719,2045.34130859375,1456.211181640625
ID_IzC8zb.jpg,cssvd,0.5402295589447021,304.56573486328125,0.0,1280.0,710.921142578125
ID_IzC8zb.jpg,cssvd,0.4416249692440033,0.0,0.0,1043.1043701171875,730.3536987304688
ID_Jz9DKw.jpg,healthy,0.8609192967414856,1107.9112548828125,606.1690063476562,2984.419189453125,1422.6390380859375
ID_Jz9DKw.jpg,anthracnose,0.3371404707431793,0.0,0.0,1953.5654296875,921.8217163085938
ID_Jz9DKw.jpg,healthy,0.27360036969184875,0.0,1024.8907470703125,2065.430419921875,1782.088134765625
ID_Jz9DKw.jpg,anthracnose,0.2649340331554413,0.0,0.0801544189453125,1774.79931640625,565.718994140625
ID_Jz9DKw.jpg,anthracnose,0.25029227137565613,0.0,1019.9666748046875,1760.7236328125,1754.7430419921875
ID_htu4s6.jpeg,healthy,0.7600381374359131,1450.46240234375,642.1483154296875,4005.368408203125,1732.732666015625
ID_htu4s6.jpeg,healthy,0.5507462620735168,1063.042724609375,0.0,2155.085693359375,1091.8133544921875
ID_htu4s6.jpeg,healthy,0.48778924345970154,2031.98583984375,0.0,3494.572021484375,753.4155883789062
ID_htu4s6.jpeg,healthy,0.38132163882255554,419.6483154296875,668.6422119140625,883.3194580078125,1140.31591796875
ID_htu4s6.jpeg,healthy,0.35879024863243103,2765.04052734375,1.1638983488082886,3997.6904296875,647.0291137695312
ID_htu4s6.jpeg,healthy,0.3549920916557312,1053.7313232421875,0.0,1752.521728515625,1105.4315185546875
ID_htu4s6.jpeg,healthy,0.33476269245147705,1778.374755859375,1526.62158203125,4032.0,2647.330078125
ID_htu4s6.jpeg,healthy,0.2651924788951874,2108.362548828125,0.0,3319.96484375,632.8594970703125
ID_ODaTAe.jpg,anthracnose,0.6827349662780762,752.675537109375,63.140586853027344,4128.0,2608.61474609375
ID_ODaTAe.jpg,anthracnose,0.5723330974578857,0.0,0.0,3502.944580078125,2530.236328125
ID_FmDuR4.jpeg,healthy,0.6792638301849365,195.40939331054688,58.124122619628906,841.1497192382812,440.1835632324219
ID_JJv0IC.jpeg,healthy,0.795799732208252,1138.42333984375,535.4725952148438,4032.0,2368.22509765625
ID_JJv0IC.jpeg,healthy,0.5325849652290344,508.5805969238281,2203.492919921875,3648.5478515625,3024.0
ID_JJv0IC.jpeg,healthy,0.5216922760009766,0.0,1949.004150390625,3267.935302734375,3017.77880859375
ID_ofW5No.jpg,cssvd,0.46022775769233704,309.7724914550781,61.016845703125,1280.0,960.0
ID_ofW5No.jpg,cssvd,0.3140840232372284,0.0,0.0,1046.8343505859375,959.0690307617188
ID_kzDVp5.jpeg,anthracnose,0.5493932962417603,99.09742736816406,327.9131774902344,3666.62353515625,2820.22216796875
ID_kzDVp5.jpeg,anthracnose,0.3624531030654907,1015.6000366210938,991.384521484375,4032.0,2715.741455078125
ID_oQqA0l.jpg,healthy,0.7918576598167419,1448.7703857421875,250.30531311035156,3258.20263671875,1301.4151611328125
ID_oQqA0l.jpg,healthy,0.5260700583457947,1509.2174072265625,598.7543334960938,3264.0,1290.8721923828125
ID_oQqA0l.jpg,healthy,0.5087593197822571,1072.474853515625,1823.362548828125,1536.2978515625,2233.8173828125
ID_oQqA0l.jpg,healthy,0.28276440501213074,1477.544677734375,235.31216430664062,3245.46826171875,944.2677612304688
ID_IAXZXi.jpg,anthracnose,0.9493918418884277,438.87274169921875,119.7313232421875,1999.117919921875,1383.68359375
ID_IAXZXi.jpg,anthracnose,0.4045269787311554,0.0,155.728271484375,1799.9892578125,1430.764892578125
ID_IAXZXi.jpg,anthracnose,0.3693452477455139,25.971923828125,27.70770263671875,1207.97705078125,563.5277099609375
ID_u6G2wV.jpg,cssvd,0.31963929533958435,0.0,74.6976089477539,878.6310424804688,807.0643310546875
ID_RcvF8N.jpeg,healthy,0.5401092767715454,360.1243896484375,0.0,1945.0469970703125,643.2605590820312
ID_RcvF8N.jpeg,anthracnose,0.4221786856651306,1206.3602294921875,42.039512634277344,3993.5,1616.949951171875
ID_RcvF8N.jpeg,cssvd,0.29364022612571716,886.5675659179688,35.10713577270508,3961.976318359375,1599.1827392578125
ID_j4F4m6.jpg,anthracnose,0.47042810916900635,0.6224870681762695,330.98492431640625,810.0,1080.0
ID_ymEEXT.jpg,cssvd,0.2847896218299866,0.0,0.0,705.4627685546875,767.36376953125
ID_ymEEXT.jpg,cssvd,0.28476694226264954,6.7816972732543945,184.2410125732422,747.6964111328125,1005.4638061523438
ID_TEjtUB.jpg,cssvd,0.4326893091201782,265.4036560058594,0.0,1080.0,651.3607177734375
ID_cQuu6A.jpg,anthracnose,0.25121644139289856,400.5863342285156,5.349719524383545,1080.0,656.5241088867188
ID_iX1xev.jpg,healthy,0.28026509284973145,758.0114135742188,593.1397705078125,1466.884033203125,1251.365478515625
ID_uZ9kxH.jpg,anthracnose,0.698965311050415,411.521728515625,446.10504150390625,2952.48974609375,1817.2872314453125
ID_uZ9kxH.jpg,anthracnose,0.5467457175254822,431.9132385253906,1839.691650390625,2787.90478515625,2448.0
ID_uZ9kxH.jpg,anthracnose,0.40215393900871277,6.652622222900391,0.0,1138.044677734375,359.3945007324219
ID_kKNhQp.jpg,healthy,0.9138487577438354,933.69775390625,612.01806640625,2502.86328125,1524.926513671875
ID_kKNhQp.jpg,healthy,0.5956261157989502,746.508544921875,1446.4327392578125,3264.0,2438.21826171875
ID_kKNhQp.jpg,healthy,0.4868514835834503,660.2313232421875,1908.18017578125,1185.6221923828125,2362.470947265625
ID_kKNhQp.jpg,healthy,0.2714477777481079,909.8494873046875,582.5914916992188,2475.779541015625,1250.61572265625
ID_jFyEIK.jpg,anthracnose,0.8895431160926819,1013.1286010742188,209.12799072265625,4128.0,2838.426025390625
ID_jFyEIK.jpg,anthracnose,0.27050116658210754,23.367176055908203,2285.626953125,3183.0556640625,3096.0
ID_wB12vR.jpg,cssvd,0.5264596343040466,312.4760437011719,0.0,1280.0,742.5250244140625
ID_aXHYsK.JPG,2,1.0,,,,
ID_P8IJWT.jpg,cssvd,0.47090211510658264,309.4371032714844,128.34823608398438,1280.0,957.088623046875
ID_l5mhwr.jpeg,cssvd,0.5856896042823792,1525.0968017578125,0.0,4000.0,1702.264892578125
ID_T3gcBb.JPG,cssvd,0.4466474950313568,1220.830322265625,737.7811279296875,3264.0,2001.3775634765625
ID_dNIcv3.jpg,healthy,0.658831000328064,0.0,4.338892936706543,629.7635498046875,740.7908935546875
ID_dNIcv3.jpg,cssvd,0.4897308647632599,802.9227294921875,219.10073852539062,3264.0,1938.4481201171875
ID_dNIcv3.jpg,healthy,0.3814450204372406,0.0,0.0,463.4271545410156,792.2642211914062
ID_dNIcv3.jpg,healthy,0.3281700611114502,932.4588623046875,26.183658599853516,1258.14306640625,420.2743225097656
ID_sUjNoD.jpg,healthy,0.36392322182655334,0.0,0.0,1897.6160888671875,485.6534118652344
ID_sUjNoD.jpg,anthracnose,0.31960970163345337,955.8598022460938,644.1337280273438,2795.44091796875,1468.7757568359375
ID_sUjNoD.jpg,anthracnose,0.3031300902366638,2486.981689453125,1177.249267578125,3264.0,1942.5484619140625
ID_sY0Ns4.jpg,anthracnose,0.4000070095062256,234.9136199951172,0.0,1080.0,606.4137573242188
ID_wVucYf.jpg,cssvd,0.3999401330947876,268.1253356933594,37.34857940673828,1078.08837890625,660.2457275390625
ID_U9wv5h.jpg,healthy,0.8152517080307007,897.4359130859375,0.0,2496.6640625,616.6182250976562
ID_U9wv5h.jpg,healthy,0.7393923997879028,965.5086669921875,619.4788818359375,2680.0458984375,1496.99072265625
ID_UZ1rko.jpg,cssvd,0.4783901274204254,787.2735595703125,4.206745147705078,3247.064697265625,1874.1708984375
ID_Az60r3.jpg,cssvd,0.36332306265830994,268.6956787109375,8.246827125549316,1080.0,529.6150512695312
ID_BKGaS6.jpeg,healthy,0.7857303619384766,336.655029296875,2408.086669921875,2396.36572265625,3024.0
ID_BKGaS6.jpeg,healthy,0.6437246799468994,426.1326904296875,2430.35791015625,3177.1728515625,3024.0
ID_BKGaS6.jpeg,healthy,0.594118058681488,1032.3818359375,4.427043437957764,4030.650634765625,1471.0224609375
ID_BKGaS6.jpeg,healthy,0.4590996503829956,1506.7310791015625,129.15090942382812,4032.0,2356.40771484375
ID_BKGaS6.jpeg,healthy,0.41215696930885315,1152.2296142578125,824.519287109375,4032.0,2279.070556640625
ID_BKGaS6.jpeg,healthy,0.3904043138027191,607.8847045898438,1045.2730712890625,4032.0,2403.323486328125
ID_BKGaS6.jpeg,healthy,0.34779679775238037,473.283447265625,318.4688415527344,3872.163818359375,2398.19873046875
ID_BKGaS6.jpeg,healthy,0.3159943222999573,2243.91259765625,109.80250549316406,4032.0,2322.854736328125
ID_BKGaS6.jpeg,healthy,0.2898121774196625,0.0,0.5431966185569763,1638.7825927734375,645.0875244140625
ID_BKGaS6.jpeg,healthy,0.2546580135822296,0.0,0.0,1310.76953125,796.6265869140625
ID_waxzBU.jpeg,anthracnose,0.6391745209693909,1933.9146728515625,4.239108562469482,4032.0,1388.580322265625
ID_waxzBU.jpeg,anthracnose,0.396729975938797,1043.5374755859375,186.43667602539062,3797.9541015625,3024.0
ID_waxzBU.jpeg,healthy,0.34988701343536377,37.12626647949219,2042.5015869140625,796.9822387695312,3024.0
ID_yD91GY.jpg,anthracnose,0.9075798392295837,450.74871826171875,0.0,1996.491943359375,1267.3787841796875
ID_yD91GY.jpg,healthy,0.320696622133255,315.65869140625,0.0,1325.3253173828125,209.7750701904297
ID_E5kGYT.jpeg,anthracnose,0.7715743184089661,0.0,1070.950927734375,2911.256591796875,2648.122802734375
ID_E5kGYT.jpeg,healthy,0.34448742866516113,1381.2982177734375,53.12578582763672,2078.36962890625,589.7100219726562
ID_AXba1J.jpg,anthracnose,0.41635358333587646,312.29437255859375,47.376094818115234,1080.0,795.314697265625
ID_AXba1J.jpg,anthracnose,0.25197815895080566,13.820500373840332,8.40505599975586,941.0833129882812,688.5303344726562
ID_xhUdXZ.jpeg,healthy,0.829771876335144,980.1485595703125,885.986083984375,4032.0,2536.81201171875
ID_TJq3qJ.jpg,anthracnose,0.6043573617935181,396.9996337890625,203.407470703125,1217.991455078125,757.965576171875
ID_TJq3qJ.jpg,anthracnose,0.5374507904052734,544.830078125,971.5296630859375,1412.012451171875,1534.9674072265625
ID_TJq3qJ.jpg,healthy,0.4288879334926605,1735.611572265625,1095.27734375,2048.0,1380.43701171875
ID_TJq3qJ.jpg,anthracnose,0.3638665974140167,265.627685546875,18.70867919921875,1219.038818359375,363.21856689453125
ID_TJq3qJ.jpg,anthracnose,0.35971665382385254,467.20245361328125,715.5269775390625,1819.098388671875,1287.925048828125
ID_OdAr6W.jpg,healthy,0.7421871423721313,619.5343017578125,245.07969665527344,896.30712890625,458.774169921875
ID_OdAr6W.jpg,healthy,0.5876258611679077,110.90756225585938,229.34657287597656,315.6927795410156,385.13250732421875
ID_OdAr6W.jpg,healthy,0.4189601540565491,0.08162498474121094,493.15191650390625,136.09877014160156,697.3055419921875
ID_OdAr6W.jpg,healthy,0.28273895382881165,579.859619140625,636.096435546875,793.4854125976562,809.9352416992188
ID_YKtTP5.jpg,healthy,0.6249046921730042,84.35449981689453,109.05374908447266,398.22625732421875,300.4763488769531
ID_YKtTP5.jpg,healthy,0.5201725363731384,45.622886657714844,0.45634934306144714,306.10418701171875,126.1330795288086
ID_YKtTP5.jpg,healthy,0.47098445892333984,0.5930099487304688,301.2687683105469,139.2356719970703,414.7198486328125
ID_YKtTP5.jpg,healthy,0.4328564703464508,12.958342552185059,96.48179626464844,372.9395751953125,312.561279296875
ID_YKtTP5.jpg,healthy,0.421034574508667,97.9149398803711,0.0,321.88531494140625,107.05767059326172
ID_YKtTP5.jpg,healthy,0.3706143796443939,0.0,1.9230917692184448,58.32759475708008,168.49513244628906
ID_YKtTP5.jpg,healthy,0.34818094968795776,11.68120002746582,0.0,264.2176513671875,147.66534423828125
ID_YKtTP5.jpg,healthy,0.31171685457229614,221.52488708496094,305.5015869140625,346.5202941894531,390.5272521972656
ID_YKtTP5.jpg,healthy,0.3001325726509094,58.78147506713867,330.25604248046875,335.3629455566406,416.0
ID_YKtTP5.jpg,healthy,0.27528905868530273,0.6390056610107422,0.0,72.18467712402344,133.31304931640625
ID_LNirTl.jpeg,anthracnose,0.7604396343231201,996.1013793945312,242.38790893554688,4032.0,2698.392822265625
ID_X19ldl.jpg,anthracnose,0.7398967742919922,196.02310180664062,145.20904541015625,1280.0,805.919189453125
ID_X19ldl.jpg,anthracnose,0.3852441906929016,0.0,136.4147186279297,1077.650634765625,826.7997436523438
ID_X19ldl.jpg,anthracnose,0.333124577999115,373.6210632324219,185.9813690185547,1280.0,751.2891845703125
ID_GmJxkz.jpg,healthy,0.793504536151886,204.70199584960938,257.21868896484375,1280.0,716.9385986328125
ID_TIyJkf.jpg,anthracnose,0.8068926930427551,342.96343994140625,3.97137451171875,2030.97802734375,872.3506469726562
ID_frWmBT.jpg,healthy,0.5538992285728455,105.76993560791016,106.27959442138672,416.0,350.9418029785156
ID_frWmBT.jpg,healthy,0.28371211886405945,40.528656005859375,292.9540100097656,383.9498291015625,415.5791015625
ID_frWmBT.jpg,healthy,0.2515331506729126,3.286275625228882,314.4032287597656,314.65081787109375,416.0
ID_GeExO3.jpeg,anthracnose,0.8832536339759827,881.9642944335938,39.841651916503906,3928.7265625,1800.0
ID_GDhaPT.jpg,cssvd,0.563707709312439,260.110107421875,0.0,1080.0,635.9110717773438
ID_gVLejj.jpeg,healthy,0.5528469681739807,1022.3645629882812,261.2874450683594,4000.0,1597.6953125
ID_fXAcgg.jpg,anthracnose,0.544021487236023,560.6761474609375,320.7969970703125,1453.208984375,828.20849609375
ID_PQ3ccq.jpg,cssvd,0.38988983631134033,9.88467025756836,206.5558624267578,676.7050170898438,1067.189697265625
ID_XBLbYU.JPG,healthy,0.5630495548248291,605.1397705078125,458.4755859375,2448.0,1447.2528076171875
ID_XBLbYU.JPG,cssvd,0.33754342794418335,620.6925659179688,458.83746337890625,2448.0,1426.36669921875
ID_XBLbYU.JPG,healthy,0.3072630763053894,400.7509765625,1286.5107421875,2448.0,1958.87353515625
ID_XBLbYU.JPG,anthracnose,0.2544669806957245,30.27589988708496,3.348903179168701,1589.65380859375,617.6769409179688
ID_x9XzNo.jpg,healthy,0.7909183502197266,1174.7039794921875,1698.46923828125,1958.0107421875,2895.168212890625
ID_x9XzNo.jpg,healthy,0.3922353982925415,242.79531860351562,2017.161376953125,758.982666015625,2862.3212890625
ID_x9XzNo.jpg,healthy,0.2550739347934723,1666.2606201171875,2286.3291015625,2518.39111328125,3677.91796875
ID_zHzByJ.jpg,anthracnose,0.7746633887290955,473.02777099609375,153.74313354492188,1274.14990234375,745.9738159179688
ID_XzFO6w.jpg,anthracnose,0.5894446969032288,550.0086669921875,771.276123046875,1457.5078125,1134.9051513671875
ID_XzFO6w.jpg,healthy,0.2995891273021698,389.7335205078125,482.5404968261719,1136.7198486328125,757.7783203125
ID_XzFO6w.jpg,healthy,0.25247350335121155,561.278564453125,774.4290771484375,1423.0594482421875,1093.836181640625
ID_GBF6WG.jpg,healthy,0.6707677245140076,1304.196044921875,365.6553039550781,3207.410400390625,1662.5018310546875
ID_GBF6WG.jpg,anthracnose,0.26479998230934143,1345.70361328125,372.5548095703125,3095.467529296875,1660.0650634765625
ID_AuxMUi.jpeg,healthy,0.5699320435523987,1156.39794921875,436.55401611328125,4032.0,2169.815185546875
ID_wqplu9.jpg,2,1.0,,,,
ID_hFfEUF.jpeg,anthracnose,0.5925924181938171,761.6617431640625,370.44091796875,3024.0,2029.0203857421875
ID_hFfEUF.jpeg,anthracnose,0.5858949422836304,1457.1827392578125,0.8808095455169678,3011.7998046875,712.9237060546875
ID_hFfEUF.jpeg,anthracnose,0.4341251850128174,761.8716430664062,1061.9027099609375,3024.0,1991.7109375
ID_hFfEUF.jpeg,anthracnose,0.3238346576690674,33.90542221069336,283.94268798828125,2616.84619140625,1932.38134765625
ID_SEIr9S.jpg,healthy,0.28093403577804565,657.90625,337.2080383300781,1231.751708984375,1168.275146484375
ID_EcA6Hq.jpg,cssvd,0.5059770345687866,370.2986145019531,1.776885986328125,1280.0,619.68310546875
ID_vlAp0D.jpg,healthy,0.7715655565261841,442.0891418457031,698.514404296875,2589.22802734375,1634.560791015625
ID_vlAp0D.jpg,healthy,0.5203720331192017,455.6667785644531,181.79232788085938,1055.1556396484375,808.1257934570312
ID_vlAp0D.jpg,healthy,0.43529680371284485,238.43136596679688,1298.144775390625,1414.9100341796875,2448.0
ID_vlAp0D.jpg,cssvd,0.27667778730392456,1322.400634765625,1655.1585693359375,2939.550537109375,2288.038818359375
ID_iOTLqo.jpeg,anthracnose,0.2664395272731781,464.0460205078125,595.404296875,2797.285400390625,3340.836181640625
ID_Ibuz4I.jpg,cssvd,0.27859437465667725,274.3055419921875,1.2696611881256104,1080.0,450.3111572265625
ID_LIb04Q.jpg,healthy,0.8158780336380005,541.3065185546875,458.37371826171875,1025.4449462890625,868.0852661132812
ID_LIb04Q.jpg,healthy,0.7201073169708252,429.3690490722656,260.56964111328125,833.9498291015625,574.0748291015625
ID_LIb04Q.jpg,healthy,0.2618529200553894,0.0,580.204345703125,1039.7041015625,1356.218505859375
ID_kzlLQD.jpeg,anthracnose,0.827285885810852,981.7781982421875,36.08441162109375,3651.754150390625,1530.0513916015625
ID_tkkwqj.jpg,anthracnose,0.923286497592926,1017.087890625,0.0,4119.890625,2570.3642578125
ID_tkkwqj.jpg,anthracnose,0.4518393576145172,0.0,69.21944427490234,3488.7294921875,2619.1357421875
ID_wXk3xY.jpeg,healthy,0.6604066491127014,531.4432373046875,0.0,2351.07275390625,594.2623291015625
ID_wXk3xY.jpeg,healthy,0.4811677932739258,1024.7833251953125,2231.90869140625,4011.632568359375,3024.0
ID_wXk3xY.jpeg,healthy,0.4767574369907379,794.7335205078125,2445.69921875,4029.674072265625,3024.0
ID_wXk3xY.jpeg,healthy,0.43223491311073303,1379.322265625,0.0,4032.0,2523.51904296875
ID_wXk3xY.jpeg,cssvd,0.2921915650367737,1291.783447265625,0.0,4032.0,2567.72509765625
ID_wXk3xY.jpeg,healthy,0.2718048393726349,0.0,0.0,379.21527099609375,578.2905883789062
ID_wXk3xY.jpeg,healthy,0.2615185081958771,932.7813110351562,2518.30126953125,3537.0322265625,3024.0
ID_NSarPy.jpg,healthy,0.2624868154525757,6.839636325836182,158.8981475830078,113.17569732666016,408.57177734375
ID_OFLVcT.jpg,healthy,0.6929295063018799,90.90415954589844,136.15260314941406,314.7567138671875,314.87353515625
ID_GXD0Ks.jpg,anthracnose,0.6769900321960449,311.12646484375,114.25830078125,2048.0,1408.2733154296875
ID_mk1ErX.jpeg,healthy,0.8662422895431519,1593.740478515625,285.73236083984375,4032.0,2078.408447265625
ID_mk1ErX.jpeg,healthy,0.5997908115386963,1023.0987548828125,1907.8319091796875,4032.0,3024.0
ID_mk1ErX.jpeg,healthy,0.4132431149482727,893.5967407226562,238.4830322265625,4032.0,2250.02099609375
ID_mk1ErX.jpeg,healthy,0.38757970929145813,0.0,2.02642822265625,1380.9000244140625,1847.72509765625
ID_N58WHF.jpg,2,1.0,,,,
ID_J3dqOS.jpg,cssvd,0.6025554537773132,305.18768310546875,21.162261962890625,1280.0,841.9635009765625
ID_J3dqOS.jpg,cssvd,0.3244900107383728,0.0,0.0,1043.649658203125,805.3626708984375
ID_db9KWW.jpg,anthracnose,0.8330448865890503,218.67050170898438,244.74700927734375,1104.8450927734375,719.3103637695312
ID_fYwTpc.jpg,anthracnose,0.8119367957115173,388.84881591796875,211.95361328125,1974.891357421875,1534.157470703125
ID_fYwTpc.jpg,anthracnose,0.4888727068901062,554.942626953125,1128.794677734375,1659.26416015625,1536.0
ID_fYwTpc.jpg,anthracnose,0.3508323132991791,3.9058837890625,43.7705078125,1791.461669921875,1327.489501953125
ID_fYwTpc.jpg,anthracnose,0.30760276317596436,534.3248291015625,1005.74951171875,1816.9776611328125,1535.40283203125
ID_PzpVJN.jpg,cssvd,0.36709120869636536,1608.925537109375,803.9067993164062,2852.51318359375,1410.800048828125
ID_PzpVJN.jpg,healthy,0.3596665859222412,1541.965576171875,806.9940795898438,2803.505859375,1398.4495849609375
ID_PzpVJN.jpg,cssvd,0.34928926825523376,974.1405639648438,2137.191650390625,2544.517333984375,2448.0
ID_PzpVJN.jpg,healthy,0.2766309082508087,929.4418334960938,0.0,2043.5372314453125,482.09039306640625
ID_PzpVJN.jpg,healthy,0.26441308856010437,0.0,0.0,1452.341552734375,540.3073120117188
ID_fVoX4C.jpg,cssvd,0.48482438921928406,274.53887939453125,66.36306762695312,1280.0,872.6875
ID_zmFEBY.jpg,cssvd,0.3076554238796234,149.06532287597656,161.95594787597656,956.6131591796875,1187.6297607421875
ID_uUCRX7.jpeg,healthy,0.5580008625984192,333.8194274902344,0.0,2768.03173828125,2719.19677734375
ID_uUCRX7.jpeg,healthy,0.3640042841434479,522.0145874023438,13.221049308776855,2531.547607421875,2312.46533203125
ID_uUCRX7.jpeg,healthy,0.3431626260280609,0.0,0.0,876.4263916015625,421.9551696777344
ID_uUCRX7.jpeg,healthy,0.3376625180244446,780.100830078125,3196.3125,2907.476318359375,4032.0
ID_uUCRX7.jpeg,healthy,0.2790059745311737,813.3707885742188,2893.613037109375,2989.284423828125,4032.0
ID_psMYBH.jpeg,healthy,0.49557745456695557,1840.12841796875,222.99986267089844,4026.330078125,3024.0
ID_psMYBH.jpeg,healthy,0.2528090476989746,1001.6940307617188,0.0,2434.664794921875,3024.0
ID_g9HlX8.JPG,cssvd,0.4232981503009796,812.4619140625,486.03076171875,3264.0,1830.3404541015625
ID_g9HlX8.JPG,anthracnose,0.41589611768722534,832.0643310546875,479.42767333984375,3264.0,1864.5364990234375
ID_g9HlX8.JPG,healthy,0.29041266441345215,2.5797271728515625,721.1712646484375,557.692138671875,1665.4603271484375
ID_NMaiWl.jpg,cssvd,0.5689342021942139,308.9710693359375,37.0452880859375,1280.0,938.438720703125
ID_xB3PwL.jpeg,healthy,0.6450182199478149,1018.9515991210938,710.0795288085938,4032.0,2275.478759765625
ID_xB3PwL.jpeg,healthy,0.5384754538536072,61.455902099609375,0.0,2235.8935546875,383.42669677734375
ID_xB3PwL.jpeg,anthracnose,0.2864477336406708,1377.4033203125,694.5289306640625,4018.828369140625,2301.4931640625
ID_xB3PwL.jpeg,healthy,0.25112465023994446,21.478647232055664,0.0,2140.42822265625,578.10205078125
ID_OwHyW3.jpg,healthy,0.5545479655265808,0.0,908.4491577148438,1670.852783203125,1530.208984375
ID_YyYHcE.jpg,cssvd,0.3234468400478363,273.8929138183594,0.0,1080.0,721.290283203125
ID_uqUrC3.jpg,healthy,0.681507408618927,298.08843994140625,267.6822509765625,1182.13623046875,776.0397338867188
ID_uqUrC3.jpg,healthy,0.5836275219917297,519.0317993164062,636.4238891601562,1107.7467041015625,959.9613037109375
ID_uqUrC3.jpg,healthy,0.5532146096229553,448.896240234375,18.912277221679688,680.869140625,367.872314453125
ID_uqUrC3.jpg,healthy,0.37737131118774414,974.5510864257812,673.9359741210938,1280.0,960.0
ID_uqUrC3.jpg,healthy,0.33313319087028503,23.86455535888672,521.2371826171875,383.2672119140625,850.0358276367188
ID_uqUrC3.jpg,cssvd,0.3049883544445038,132.47177124023438,3.00689697265625,399.2378234863281,349.4316711425781
ID_uqUrC3.jpg,healthy,0.26455771923065186,762.0718994140625,0.0,919.9215087890625,130.95977783203125
ID_bl3IBt.jpeg,healthy,0.5183910727500916,1220.554443359375,26.58331298828125,4000.0,1594.24267578125
ID_bl3IBt.jpeg,cssvd,0.510691225528717,1040.9149169921875,32.14704895019531,4000.0,1592.010498046875
ID_jiosRJ.jpeg,2,1.0,,,,
ID_AUiVHv.jpeg,anthracnose,0.5573877692222595,74.2740478515625,4.844008922576904,1526.7491455078125,1552.569091796875
ID_AUiVHv.jpeg,anthracnose,0.54244065284729,2329.044677734375,1756.7728271484375,4019.607177734375,3016.768798828125
ID_AUiVHv.jpeg,anthracnose,0.5270648002624512,819.9935913085938,878.5108642578125,3570.81201171875,1789.5489501953125
ID_AUiVHv.jpeg,healthy,0.267032265663147,2267.859619140625,1745.3387451171875,4032.0,3021.98828125
ID_IClv1d.jpg,anthracnose,0.8085874319076538,1201.37158203125,47.58961486816406,4128.0,2524.976806640625
ID_IClv1d.jpg,anthracnose,0.29203253984451294,1377.207275390625,2149.591796875,4114.44775390625,3096.0
ID_XqWUBD.jpg,cssvd,0.32764697074890137,309.45220947265625,0.0,1280.0,854.2437744140625
ID_XqWUBD.jpg,cssvd,0.2600306570529938,35.02784729003906,4.9541473388671875,1169.4541015625,960.0
ID_YATAta.jpeg,healthy,0.6284729242324829,1144.1787109375,0.0,4032.0,2384.236328125
ID_YATAta.jpeg,healthy,0.5129979252815247,491.462158203125,1567.4517822265625,4001.789794921875,3010.673828125
ID_YATAta.jpeg,healthy,0.47474488615989685,0.0,1504.3251953125,3246.43994140625,3024.0
ID_YATAta.jpeg,healthy,0.4073263704776764,0.0,0.17940329015254974,3500.375732421875,1838.0867919921875
ID_YATAta.jpeg,healthy,0.29332277178764343,1028.4425048828125,1833.7554931640625,3940.484619140625,3002.02685546875
ID_h3ThXr.jpg,healthy,0.3664601743221283,1450.4776611328125,1914.565673828125,2761.435302734375,2448.0
ID_h3ThXr.jpg,cssvd,0.30635517835617065,1193.360595703125,112.93484497070312,3193.761962890625,1911.2835693359375
ID_sMto8z.jpg,anthracnose,0.41138866543769836,897.4193725585938,997.7097778320312,4106.39013671875,3096.0
ID_sMto8z.jpg,anthracnose,0.40616440773010254,1029.67041015625,510.55010986328125,4128.0,2045.631103515625
ID_sMto8z.jpg,anthracnose,0.39910274744033813,732.4341430664062,2613.565185546875,3911.11474609375,3096.0
ID_sMto8z.jpg,anthracnose,0.39754581451416016,784.6766357421875,364.48248291015625,4128.0,2331.5263671875
ID_sMto8z.jpg,anthracnose,0.25819119811058044,0.0,1927.072509765625,3437.46240234375,3096.0
ID_aTPpou.jpg,healthy,0.32152435183525085,235.47462463378906,363.9606628417969,415.1433410644531,416.0
ID_l3cQrk.jpeg,healthy,0.6864111423492432,44.44731521606445,0.0,2106.6142578125,2488.562744140625
ID_x5fJYT.jpg,anthracnose,0.8135415315628052,331.31011962890625,270.0421142578125,1280.0,761.3772583007812
ID_x5fJYT.jpg,anthracnose,0.546599268913269,156.566162109375,0.49571990966796875,1002.2388916015625,411.56597900390625
ID_GzSAdm.jpg,cssvd,0.29167962074279785,95.83686065673828,0.0,408.0205383300781,265.7823181152344
ID_lE9I5s.jpg,healthy,0.7503134608268738,9.523979187011719,1999.2117919921875,1781.7735595703125,2446.4462890625
ID_lE9I5s.jpg,healthy,0.6250941157341003,814.1451416015625,380.8081970214844,3264.0,1742.656982421875
ID_lE9I5s.jpg,healthy,0.4603935480117798,0.0,2.396169662475586,1897.936767578125,594.495849609375
ID_lE9I5s.jpg,healthy,0.4088318347930908,2.0369338989257812,0.0,1176.763916015625,483.29669189453125
ID_lE9I5s.jpg,healthy,0.3282325565814972,180.403076171875,443.46014404296875,3049.76318359375,1815.5963134765625
ID_y1htIj.jpeg,anthracnose,0.8291329145431519,303.139404296875,320.48565673828125,3240.43359375,3023.8896484375
ID_JedGVg.jpg,anthracnose,0.5187650322914124,254.7355194091797,180.91510009765625,1220.742919921875,554.0709838867188
ID_JedGVg.jpg,anthracnose,0.36414799094200134,353.4324645996094,168.52035522460938,1229.7041015625,668.0236206054688
ID_jmNFmJ.jpg,healthy,0.4874417781829834,377.703369140625,249.9713897705078,1280.0,816.2041625976562
ID_jmNFmJ.jpg,healthy,0.4244591295719147,117.29629516601562,717.1030883789062,1087.1531982421875,960.0
ID_jmNFmJ.jpg,healthy,0.34197017550468445,149.22767639160156,763.8682250976562,939.9255981445312,960.0
ID_jmNFmJ.jpg,healthy,0.2896249294281006,0.0,192.21275329589844,223.68980407714844,609.5775756835938
ID_qhqOjL.jpg,2,1.0,,,,
ID_kIeaQ8.jpg,cssvd,0.46546855568885803,311.89605712890625,0.0,1280.0,921.3657836914062
ID_dJzJiB.jpg,anthracnose,0.7625755071640015,1182.85888671875,0.0,4128.0,2586.449951171875
ID_eFa8g0.jpg,anthracnose,0.8878309726715088,528.2762451171875,0.0,2033.4359130859375,1257.49658203125
ID_iravXa.jpeg,anthracnose,0.4784962236881256,127.18421936035156,68.70206451416016,1000.1107177734375,570.5520629882812
ID_iravXa.jpeg,anthracnose,0.43677109479904175,669.7952270507812,136.68467712402344,1280.0,573.0761108398438
ID_iravXa.jpeg,anthracnose,0.3745000958442688,93.63677978515625,91.37687683105469,1018.0576782226562,420.2960510253906
ID_iravXa.jpeg,anthracnose,0.2946649491786957,142.96310424804688,245.64407348632812,814.4888305664062,576.0
ID_Ye6DAv.jpg,cssvd,0.5956817865371704,310.9441223144531,101.146240234375,1279.9041748046875,930.3594970703125
ID_ysQprs.jpg,cssvd,0.6073234677314758,307.86639404296875,60.1214599609375,1280.0,804.4190673828125
ID_ysQprs.jpg,cssvd,0.2590727210044861,0.0,20.736312866210938,1123.9482421875,809.9007568359375
ID_aXtY9k.jpg,anthracnose,0.5713474750518799,699.8690795898438,37.91576385498047,3046.549560546875,1526.0228271484375
ID_aXtY9k.jpg,healthy,0.31114402413368225,2190.031005859375,1406.3612060546875,2770.795654296875,1827.4224853515625
ID_aXtY9k.jpg,healthy,0.2520974576473236,2312.869140625,1884.5513916015625,2767.6904296875,2343.829833984375
ID_qrMflt.jpg,anthracnose,0.5890923142433167,943.0328979492188,808.2257690429688,4103.01416015625,3029.0185546875
ID_UWph9Z.jpg,cssvd,0.3483104407787323,281.5738525390625,312.47052001953125,1198.510498046875,624.3098754882812
ID_YR5S4X.jpeg,healthy,0.6130293607711792,0.0,0.0,2017.9532470703125,526.0946655273438
ID_YR5S4X.jpeg,healthy,0.4330695867538452,295.4903259277344,0.0,2772.0068359375,2747.542236328125
ID_EmaVCt.jpg,healthy,0.5983249545097351,90.9300765991211,129.01168823242188,416.0,367.91058349609375
ID_EmaVCt.jpg,healthy,0.5266820788383484,15.046886444091797,274.92962646484375,118.63507843017578,416.0
ID_EmaVCt.jpg,healthy,0.4537908136844635,58.66357421875,1.5690488815307617,217.93179321289062,56.470977783203125
ID_EmaVCt.jpg,healthy,0.41680479049682617,22.77640724182129,370.369873046875,200.1453399658203,416.0
ID_EmaVCt.jpg,healthy,0.4072674810886383,21.198965072631836,2.8398075103759766,234.40135192871094,60.661338806152344
ID_EmaVCt.jpg,healthy,0.3447665274143219,124.53201293945312,318.9915771484375,287.3870544433594,416.0
ID_eFBxoD.jpg,cssvd,0.2748878300189972,133.15399169921875,91.67915344238281,1207.1123046875,606.4013671875
ID_eFBxoD.jpg,healthy,0.2598072588443756,93.28948974609375,95.5113754272461,1165.9564208984375,606.6637573242188
ID_hNwMCv.jpg,healthy,0.437917023897171,0.5802836418151855,0.0,96.54351806640625,50.462135314941406
ID_hNwMCv.jpg,healthy,0.43250954151153564,155.72262573242188,316.5880432128906,273.6412658691406,404.8777770996094
ID_hNwMCv.jpg,healthy,0.4026222229003906,204.8080291748047,37.05271911621094,365.87969970703125,135.14315795898438
ID_hNwMCv.jpg,healthy,0.4016709327697754,0.0,1.6932867765426636,188.88479614257812,148.56016540527344
ID_hNwMCv.jpg,healthy,0.4013092517852783,74.49026489257812,95.09674835205078,362.94818115234375,328.32867431640625
ID_hNwMCv.jpg,healthy,0.3439618647098541,18.490863800048828,296.8347473144531,190.405029296875,410.0840759277344
ID_hNwMCv.jpg,healthy,0.25245729088783264,0.9783944487571716,0.0,100.29003143310547,71.885498046875
ID_SCraam.jpg,cssvd,0.39144670963287354,316.448974609375,0.8203125,1280.0,960.0
ID_vdjKZ1.jpeg,healthy,0.5641293525695801,0.0,0.0,681.71484375,1155.0123291015625
ID_vdjKZ1.jpeg,healthy,0.4046163558959961,437.1042785644531,650.9862060546875,3024.0,3771.83544921875
ID_vdjKZ1.jpeg,healthy,0.2928927540779114,0.0,0.0,463.4928283691406,1017.0767822265625
ID_vdjKZ1.jpeg,healthy,0.291888028383255,1137.7401123046875,5.3972392082214355,2878.666748046875,629.111572265625
ID_zasnLd.jpg,anthracnose,0.5829339027404785,246.65267944335938,197.28607177734375,1280.0,734.1741333007812
ID_zasnLd.jpg,anthracnose,0.4157125949859619,33.2525634765625,1.097259521484375,860.9522705078125,440.53778076171875
ID_zasnLd.jpg,anthracnose,0.3948386609554291,37.15293884277344,82.43515014648438,1159.973388671875,868.2059936523438
ID_zasnLd.jpg,anthracnose,0.344748318195343,0.0,187.19253540039062,1029.79541015625,960.0
ID_d5kn42.jpg,cssvd,0.26074719429016113,15.807036399841309,310.6839904785156,1303.9781494140625,890.7750854492188
ID_cYzrtu.jpg,anthracnose,0.4624667763710022,0.0,481.857177734375,2287.322509765625,1320.4019775390625
ID_HvcZGc.jpeg,anthracnose,0.8444915413856506,1026.4638671875,216.26441955566406,4032.0,2044.6611328125
ID_HvcZGc.jpeg,anthracnose,0.39883700013160706,0.0,501.9903564453125,3236.231689453125,2636.29931640625
ID_HvcZGc.jpeg,anthracnose,0.3942728042602539,379.329345703125,0.0,3899.43994140625,2470.05859375
ID_USK5r0.jpg,healthy,0.9332245588302612,533.3502197265625,499.4603271484375,1047.8489990234375,953.6231689453125
ID_HRfsSf.jpg,anthracnose,0.3577044904232025,0.0,1579.704345703125,1522.3995361328125,2313.984130859375
ID_HRfsSf.jpg,cssvd,0.32903122901916504,135.44851684570312,577.8796997070312,2389.81591796875,1618.333984375
ID_HRfsSf.jpg,anthracnose,0.3282789885997772,248.94346618652344,615.73779296875,2336.526611328125,1603.017333984375
ID_HRfsSf.jpg,healthy,0.32166150212287903,2406.551025390625,402.4199523925781,3084.182861328125,1265.8416748046875
ID_HRfsSf.jpg,healthy,0.29380086064338684,1646.630859375,1982.364990234375,2154.54833984375,2433.02197265625
ID_HRfsSf.jpg,healthy,0.2563221752643585,2097.77880859375,1493.57666015625,2676.390869140625,2448.0
ID_iDEFh8.jpg,anthracnose,0.6304858326911926,1376.9493408203125,569.4551391601562,4044.91748046875,2228.01416015625
ID_nl5wJe.jpeg,cssvd,0.39586135745048523,1230.66796875,52.630184173583984,3955.401611328125,1783.5819091796875
ID_vqs2Dt.jpeg,healthy,0.8291915059089661,880.4472045898438,294.0057678222656,3964.423828125,2203.7763671875
ID_vqs2Dt.jpeg,anthracnose,0.327840656042099,0.0,13.091994285583496,679.33837890625,1564.2232666015625
ID_vqs2Dt.jpeg,healthy,0.30621829628944397,2307.88623046875,2408.54638671875,3741.31494140625,3024.0
ID_vqs2Dt.jpeg,healthy,0.305663526058197,382.6841735839844,106.36272430419922,3617.640869140625,2288.7451171875
ID_vqs2Dt.jpeg,healthy,0.258531779050827,0.0,2654.41845703125,2110.214599609375,3024.0
ID_ZOVQFd.jpg,anthracnose,0.7652549147605896,321.7967224121094,96.87797546386719,1280.0,810.313720703125
ID_ZOVQFd.jpg,anthracnose,0.3822561800479889,36.89300537109375,72.70828247070312,1155.16748046875,838.3713989257812
ID_wZPD6Z.jpeg,cssvd,0.3397635221481323,1183.5675048828125,0.0,3801.27734375,2943.3408203125
ID_wZPD6Z.jpeg,anthracnose,0.30101463198661804,1255.1739501953125,196.15089416503906,3726.491943359375,3023.537109375
ID_C1vtA9.jpg,cssvd,0.3101217746734619,0.0,0.0,1032.0184326171875,774.8797607421875
ID_C1vtA9.jpg,cssvd,0.267051100730896,663.740478515625,0.0,1003.0618896484375,275.2216796875
ID_qfixBm.jpg,healthy,0.8102662563323975,1164.4462890625,783.336181640625,2292.4921875,1629.3504638671875
ID_qfixBm.jpg,healthy,0.34338104724884033,0.0,1273.953857421875,1932.2916259765625,1705.070068359375
ID_VC9GE4.jpg,healthy,0.36027979850769043,1955.0517578125,1291.5269775390625,2474.51318359375,1876.3795166015625
ID_VC9GE4.jpg,healthy,0.29772064089775085,314.14044189453125,1870.7227783203125,712.7437744140625,2448.0
ID_o9xGiZ.jpeg,healthy,0.8442295789718628,979.5453491210938,393.12103271484375,4024.42529296875,2739.133544921875
ID_o9xGiZ.jpeg,healthy,0.7439008951187134,972.5567016601562,0.0,4009.923828125,1016.8564453125
ID_o9xGiZ.jpeg,healthy,0.4733699560165405,0.0,0.0,3258.710205078125,617.44775390625
ID_o9xGiZ.jpeg,healthy,0.46919941902160645,0.0,249.57749938964844,3404.97705078125,2712.387451171875
ID_o9xGiZ.jpeg,healthy,0.4251345992088318,840.6663208007812,0.0,3989.587890625,678.7966918945312
ID_o9xGiZ.jpeg,healthy,0.314717561006546,970.2239379882812,1009.0460815429688,4016.90478515625,2657.741455078125
ID_o9xGiZ.jpeg,healthy,0.27212008833885193,0.0,2023.942626953125,3328.028076171875,3024.0
ID_hW0piA.jpg,anthracnose,0.40849944949150085,393.744384765625,465.731689453125,2048.0,1478.7001953125
ID_hW0piA.jpg,anthracnose,0.26948729157447815,344.27227783203125,243.826904296875,2048.0,1306.93017578125
ID_c3MlPZ.jpg,healthy,0.5383216142654419,0.0,2000.88623046875,753.1422119140625,3615.092041015625
ID_c3MlPZ.jpg,healthy,0.2539803087711334,0.0,2014.8953857421875,475.3760070800781,3768.01318359375
ID_ItYYic.jpeg,healthy,0.6577832102775574,177.9809112548828,313.3078308105469,526.5624389648438,571.191650390625
ID_ItYYic.jpeg,anthracnose,0.3693044185638428,455.70068359375,189.34967041015625,916.5194702148438,378.8448181152344
ID_ItYYic.jpeg,healthy,0.33383995294570923,192.48731994628906,64.29566192626953,750.193603515625,336.41998291015625
ID_ItYYic.jpeg,healthy,0.26818710565567017,17.388267517089844,343.3133544921875,221.04339599609375,553.0660400390625
ID_ItYYic.jpeg,healthy,0.2544940710067749,892.4340209960938,271.1236572265625,1073.1798095703125,576.0043334960938
ID_bu374h.jpg,healthy,0.6724311113357544,43.54266357421875,307.9569396972656,175.39488220214844,415.6360778808594
ID_bu374h.jpg,healthy,0.5495757460594177,105.6998291015625,109.55327606201172,331.6108093261719,398.73101806640625
ID_bu374h.jpg,healthy,0.36862853169441223,210.03915405273438,201.91452026367188,413.9898986816406,411.03399658203125
ID_bu374h.jpg,healthy,0.3592917025089264,109.17060852050781,91.78622436523438,271.31488037109375,370.4413757324219
ID_bu374h.jpg,healthy,0.306151807308197,0.045174360275268555,312.8962097167969,42.329132080078125,365.469970703125
ID_bu374h.jpg,healthy,0.302615761756897,251.54193115234375,219.5919952392578,400.33868408203125,386.9370422363281
ID_bu374h.jpg,healthy,0.27056828141212463,209.63607788085938,238.9276580810547,404.7159118652344,392.22979736328125
ID_QFxDQP.jpg,healthy,0.6960253715515137,1020.80712890625,2708.6787109375,1459.3077392578125,3563.250732421875
ID_QFxDQP.jpg,healthy,0.5727762579917908,1402.960693359375,1177.6533203125,1827.457275390625,1821.7320556640625
ID_BBmctK.jpeg,anthracnose,0.4638065695762634,2077.14013671875,2338.02978515625,3022.098876953125,3957.091064453125
ID_BBmctK.jpeg,healthy,0.44829681515693665,479.2601013183594,3666.1357421875,2210.410400390625,4032.0
ID_BBmctK.jpeg,healthy,0.26663607358932495,726.58837890625,634.7122802734375,3012.687255859375,3400.031494140625
ID_VltktB.jpg,anthracnose,0.788713276386261,916.3904418945312,1898.61376953125,4094.643798828125,3075.240966796875
ID_VltktB.jpg,anthracnose,0.7412253022193909,1029.323974609375,0.0,4128.0,2275.611083984375
ID_VltktB.jpg,anthracnose,0.422720342874527,0.0,1915.038330078125,656.8079223632812,3096.0
ID_Kwi9j2.jpg,healthy,0.4486449956893921,0.0,1213.6473388671875,763.3743896484375,1845.2022705078125
ID_Kwi9j2.jpg,cssvd,0.3398520350456238,742.75146484375,686.07275390625,2889.03466796875,1832.5350341796875
ID_Kwi9j2.jpg,healthy,0.33306583762168884,1493.3504638671875,404.0415954589844,3159.05615234375,1207.0543212890625
ID_Kwi9j2.jpg,healthy,0.27585509419441223,2370.90673828125,0.0,2984.58251953125,666.965576171875
ID_U0BYn7.jpg,anthracnose,0.9000555872917175,533.206787109375,492.96923828125,2019.076171875,1536.0
ID_yDLrwU.jpg,cssvd,0.38609445095062256,312.6225280761719,0.0,1280.0,834.8541870117188
ID_AQc6Fa.jpeg,healthy,0.8186240196228027,654.6582641601562,768.58056640625,3777.968505859375,2347.201171875
ID_AQc6Fa.jpeg,healthy,0.6292054057121277,0.0,483.7496337890625,1580.87060546875,1164.5531005859375
ID_AQc6Fa.jpeg,anthracnose,0.3380005657672882,0.0,2223.4443359375,1534.756591796875,3022.582763671875
ID_AQc6Fa.jpeg,healthy,0.27519914507865906,0.0,751.3594360351562,3344.78076171875,2382.38134765625
ID_WWsoGz.jpeg,healthy,0.5779111981391907,1159.574951171875,452.9696350097656,4032.0,2531.60498046875
ID_WWsoGz.jpeg,healthy,0.4911991059780121,959.9237670898438,2272.5380859375,2881.53271484375,3023.668701171875
ID_WWsoGz.jpeg,healthy,0.26219573616981506,1396.2003173828125,0.0,3527.171630859375,1057.733642578125
ID_Rs5wX2.jpeg,healthy,0.7855249047279358,0.0,4.437798500061035,1500.6336669921875,1007.7041625976562
ID_Rs5wX2.jpeg,healthy,0.5264253616333008,276.8717956542969,426.99749755859375,2915.20068359375,1958.8922119140625
ID_Rs5wX2.jpeg,healthy,0.3396272361278534,770.6784057617188,607.06640625,3016.86669921875,1898.88525390625
ID_Rs5wX2.jpeg,healthy,0.29885542392730713,984.7448120117188,2339.8974609375,1546.7232666015625,3024.0
ID_Rs5wX2.jpeg,anthracnose,0.25629544258117676,898.2322998046875,445.5979919433594,3019.5927734375,1944.641357421875
ID_BhOD7h.jpg,cssvd,0.43971318006515503,415.17822265625,379.0504150390625,1801.538330078125,1233.0938720703125
ID_BhOD7h.jpg,cssvd,0.3028179109096527,1664.813232421875,31.7640380859375,2047.050048828125,1121.0780029296875
ID_qYyhqa.jpg,cssvd,0.38343366980552673,0.0,0.0,834.1097412109375,700.1849975585938
ID_qYyhqa.jpg,cssvd,0.34285208582878113,271.0978088378906,0.0,1080.0,665.7732543945312
ID_dJM3bo.jpg,anthracnose,0.5052602291107178,808.5425415039062,0.0,2018.6142578125,436.9503479003906
ID_dJM3bo.jpg,anthracnose,0.3186378479003906,259.6732177734375,516.84228515625,2021.6666259765625,1017.740478515625
ID_auLOPi.jpg,anthracnose,0.8768091201782227,1191.04541015625,243.2553253173828,4128.0,2785.548583984375
ID_auLOPi.jpg,anthracnose,0.42049750685691833,0.0,346.27093505859375,3614.279541015625,2997.250244140625
ID_bMiFgw.jpg,healthy,0.5063737630844116,274.9576721191406,185.97747802734375,1217.2156982421875,884.4356079101562
ID_su28vA.jpg,anthracnose,0.5478821992874146,371.63922119140625,285.7202453613281,2638.6484375,3456.5927734375
ID_su28vA.jpg,anthracnose,0.46788713335990906,434.87060546875,9.914995193481445,2486.166259765625,2869.32373046875
ID_dtV9ls.jpg,healthy,0.6528153419494629,1015.4342651367188,524.9760131835938,2998.648681640625,1732.1259765625
ID_kEdXYw.jpg,anthracnose,0.7570539712905884,515.3817138671875,0.0,2042.3016357421875,1145.1802978515625
ID_kEdXYw.jpg,anthracnose,0.3940657377243042,451.3992919921875,269.7178955078125,2021.8275146484375,1444.3836669921875
ID_kEdXYw.jpg,anthracnose,0.3169640302658081,743.345947265625,0.0,2039.736328125,817.47412109375
ID_lSL4hv.jpeg,anthracnose,0.8626606464385986,1176.29296875,265.0206604003906,4032.0,1982.8817138671875
ID_msJc8y.jpg,healthy,0.44825249910354614,0.0,2038.5606689453125,1056.594482421875,2447.67041015625
ID_msJc8y.jpg,healthy,0.2713296711444855,1353.9931640625,1246.196044921875,1858.0682373046875,2051.467041015625
ID_msJc8y.jpg,anthracnose,0.2668401896953583,2434.822998046875,180.20599365234375,3166.8056640625,2443.376953125
ID_AcCl43.jpg,cssvd,0.5461823344230652,257.01678466796875,0.0,1080.0,613.137939453125
ID_AcCl43.jpg,healthy,0.33482182025909424,34.81241226196289,550.9645385742188,891.8521118164062,810.0
ID_AcCl43.jpg,cssvd,0.26274171471595764,35.04866027832031,515.4444580078125,895.6319580078125,810.0
ID_vEfoRu.jpeg,healthy,0.6655014157295227,1357.2646484375,596.5850219726562,4032.0,2979.989501953125
ID_vEfoRu.jpeg,healthy,0.3072475492954254,790.1732177734375,447.45367431640625,4032.0,2745.08056640625
ID_UhxunN.jpg,cssvd,0.4727417826652527,0.0,0.0,1108.2340087890625,690.1668701171875
ID_UhxunN.jpg,healthy,0.3095901906490326,0.0,640.7227783203125,1006.570556640625,960.0
ID_XTDdUo.jpg,healthy,0.7573789358139038,733.9183349609375,420.100341796875,3152.26318359375,1725.6878662109375
ID_XTDdUo.jpg,healthy,0.7006180882453918,154.96688842773438,0.0,1700.579833984375,559.8433227539062
ID_XTDdUo.jpg,healthy,0.5606674551963806,147.27955627441406,0.0,1593.8944091796875,787.1705322265625
ID_XTDdUo.jpg,healthy,0.33057069778442383,199.36485290527344,1774.2415771484375,1006.1163330078125,2448.0
ID_XTDdUo.jpg,healthy,0.2635059356689453,180.23907470703125,2001.8743896484375,988.8426513671875,2447.905029296875
ID_lbQnF2.jpeg,anthracnose,0.5037194490432739,704.7576904296875,2254.08984375,3108.27783203125,3024.0
ID_lbQnF2.jpeg,healthy,0.33148935437202454,611.8865966796875,2192.5908203125,3181.266357421875,3021.972900390625
ID_lbQnF2.jpeg,cssvd,0.2891361117362976,291.97076416015625,695.5553588867188,3263.281005859375,2273.587646484375
ID_WMLEOB.jpg,healthy,0.5996245741844177,334.0024108886719,256.9071044921875,1280.0,746.6917114257812
ID_WMLEOB.jpg,healthy,0.4063616394996643,23.992996215820312,1.5341949462890625,617.6860961914062,420.8916320800781
ID_WMLEOB.jpg,cssvd,0.2922235131263733,69.09076690673828,2.032470703125,599.6376953125,422.95196533203125
ID_rmWA87.jpeg,healthy,0.596461296081543,1698.9622802734375,0.0,3827.2705078125,2710.025146484375
ID_uns3aa.jpeg,healthy,0.531883716583252,1.71295166015625,407.1612548828125,413.02215576171875,575.9915161132812
ID_uns3aa.jpeg,cssvd,0.44731783866882324,239.78851318359375,0.0,1241.7364501953125,504.07440185546875
ID_uI5zKb.jpg,healthy,0.4178362786769867,210.02459716796875,0.0,401.1624450683594,107.88984680175781
ID_uI5zKb.jpg,healthy,0.38524365425109863,166.18505859375,0.48108288645744324,409.70281982421875,221.8140106201172
ID_uI5zKb.jpg,healthy,0.3718160390853882,329.9239807128906,223.80059814453125,397.56451416015625,405.454833984375
ID_uI5zKb.jpg,healthy,0.35213759541511536,3.062744140625,243.83924865722656,164.4012908935547,407.2003479003906
ID_uI5zKb.jpg,healthy,0.3332212567329407,213.2060089111328,0.0,344.25390625,111.001953125
ID_uI5zKb.jpg,healthy,0.32889726758003235,337.1192321777344,219.15480041503906,403.26800537109375,355.504638671875
ID_uI5zKb.jpg,healthy,0.3047102987766266,7.027871608734131,220.60240173339844,221.7211456298828,391.281982421875
ID_uI5zKb.jpg,healthy,0.29707735776901245,327.9578552246094,273.09600830078125,378.9339904785156,398.64617919921875
ID_uI5zKb.jpg,healthy,0.27825450897216797,9.306482315063477,183.65310668945312,247.33140563964844,383.570556640625
ID_uI5zKb.jpg,healthy,0.27643483877182007,136.28033447265625,190.90113830566406,270.4424743652344,404.50799560546875
ID_uI5zKb.jpg,healthy,0.26897549629211426,205.6953125,0.0,416.0,175.5313262939453
ID_FiJeqW.jpg,healthy,0.6635534167289734,791.3789672851562,80.73806762695312,3264.0,1872.4468994140625
ID_FiJeqW.jpg,anthracnose,0.565405011177063,409.0386962890625,1933.8665771484375,2676.812255859375,2448.0
ID_K6TSq2.jpg,anthracnose,0.5016537308692932,560.740234375,14.9537353515625,1513.636474609375,1327.185546875
ID_K6TSq2.jpg,anthracnose,0.36183077096939087,386.6573486328125,173.98828125,1507.99658203125,1465.4429931640625
ID_K6TSq2.jpg,anthracnose,0.33182293176651,212.126708984375,674.50244140625,1375.5760498046875,1949.110595703125
ID_K6TSq2.jpg,anthracnose,0.2862473130226135,529.336669921875,0.0,1524.25244140625,209.2412567138672
ID_fk4Rso.jpeg,healthy,0.4889528453350067,1001.6154174804688,1046.0072021484375,4032.0,2861.890869140625
ID_fk4Rso.jpeg,healthy,0.3420126140117645,738.3768310546875,462.82757568359375,4032.0,2926.01611328125
ID_ElTBwd.jpg,anthracnose,0.7037195563316345,1031.467041015625,720.436279296875,4128.0,2726.30712890625
ID_ElTBwd.jpg,anthracnose,0.35006433725357056,0.0,429.7474060058594,3619.0146484375,3013.1708984375
ID_KNTwFY.jpg,cssvd,0.5404016971588135,510.70556640625,106.4168701171875,2048.0,1000.1385498046875
ID_WFjGy8.jpeg,healthy,0.40803465247154236,1656.4100341796875,19.585119247436523,2944.722412109375,2637.942138671875
ID_WFjGy8.jpeg,healthy,0.3830304741859436,1619.966064453125,129.6529541015625,3268.3759765625,2956.22119140625
ID_lNiY4Q.jpg,cssvd,0.5732828378677368,310.67303466796875,0.0,1280.0,803.0169677734375
ID_lNiY4Q.jpg,cssvd,0.25514522194862366,0.0,62.18048095703125,1082.718994140625,857.2033081054688
ID_UyHi47.jpg,healthy,0.3653378188610077,612.3475341796875,466.6541748046875,955.9957275390625,844.683349609375
ID_UyHi47.jpg,cssvd,0.33162903785705566,530.296875,542.71923828125,2048.0,1344.7486572265625
ID_UyHi47.jpg,healthy,0.298025518655777,1079.800537109375,1254.511962890625,2042.458740234375,1536.0
ID_UyHi47.jpg,healthy,0.2948245108127594,4.225799560546875,649.2652587890625,374.93341064453125,1188.5814208984375
ID_FbsP3U.JPG,anthracnose,0.4211522340774536,436.7889404296875,448.62115478515625,3152.6796875,1620.5482177734375
ID_FbsP3U.JPG,anthracnose,0.31554514169692993,1184.4188232421875,425.34698486328125,2747.6748046875,1620.31103515625
ID_SxZRvt.jpg,cssvd,0.630977988243103,305.11273193359375,0.0,1280.0,794.8587036132812
ID_NCY6kS.jpg,2,1.0,,,,
ID_gUEBGE.jpg,anthracnose,0.6081960797309875,1243.4654541015625,139.84228515625,4110.03076171875,1956.069580078125
ID_jBitM8.jpeg,anthracnose,0.35321247577667236,452.9249267578125,159.58212280273438,2707.604248046875,2010.4404296875
ID_jBitM8.jpeg,anthracnose,0.33645135164260864,1621.2476806640625,1689.4034423828125,3010.3681640625,3019.7705078125
ID_jBitM8.jpeg,anthracnose,0.2885964512825012,830.8529052734375,950.451904296875,3024.0,1921.9896240234375
ID_jBitM8.jpeg,anthracnose,0.25000765919685364,1559.357421875,1737.8070068359375,3009.602783203125,2688.950439453125
ID_G3jSd8.jpg,anthracnose,0.8669798374176025,1025.7574462890625,590.8534545898438,4128.0,2727.512451171875
ID_G3jSd8.jpg,anthracnose,0.6245288848876953,475.56890869140625,2695.104248046875,3686.5234375,3096.0
ID_G3jSd8.jpg,anthracnose,0.44181397557258606,279.40667724609375,0.0,3097.924560546875,1004.9691772460938
ID_ikSYAy.jpg,cssvd,0.3100166320800781,0.0,0.0,1124.512939453125,745.0369262695312
ID_ikSYAy.jpg,cssvd,0.2763599455356598,491.85211181640625,0.0,1280.0,754.3839721679688
ID_Yc3rtZ.jpg,anthracnose,0.46536293625831604,1188.0419921875,729.92236328125,2718.2216796875,1973.77685546875
ID_Yc3rtZ.jpg,healthy,0.40743735432624817,2229.3115234375,0.0,3226.074462890625,621.6319580078125
ID_Yc3rtZ.jpg,healthy,0.3396444618701935,311.0791015625,1868.1834716796875,703.6390380859375,2448.0
ID_Yc3rtZ.jpg,anthracnose,0.33689114451408386,1254.9564208984375,832.4511108398438,2575.4091796875,1581.7357177734375
ID_Yc3rtZ.jpg,anthracnose,0.29980120062828064,1068.100341796875,1819.9466552734375,2461.4619140625,2448.0
ID_Yc3rtZ.jpg,healthy,0.29285332560539246,2207.87646484375,0.0,2841.45556640625,784.59619140625
ID_nGvx5q.jpg,anthracnose,0.8751053810119629,1027.238037109375,0.0,4128.0,2333.505126953125
ID_nGvx5q.jpg,anthracnose,0.5554202795028687,1045.181396484375,2062.947265625,4128.0,3096.0
ID_nGvx5q.jpg,anthracnose,0.2882690727710724,387.3962707519531,208.617431640625,3987.96875,2621.5654296875
ID_XPNfsS.jpg,cssvd,0.37423253059387207,190.59906005859375,59.503631591796875,1280.0,857.024658203125
ID_LEar2W.jpeg,healthy,0.9334176778793335,894.8289184570312,884.3073120117188,3976.525390625,2087.226806640625
ID_LEar2W.jpeg,healthy,0.5812485218048096,13.397688865661621,796.8969116210938,3475.455322265625,2122.532958984375
ID_JqWr5O.jpg,healthy,0.35767772793769836,158.7071075439453,611.8243408203125,611.0068969726562,810.0
ID_JqWr5O.jpg,cssvd,0.2675116956233978,138.02398681640625,0.0,1066.8990478515625,435.05889892578125
ID_rtVHRR.jpg,cssvd,0.5662255883216858,141.5167236328125,297.4269104003906,949.9630737304688,1280.0
ID_DbrLAf.jpeg,healthy,0.4215397834777832,482.6061706542969,5.154510021209717,4031.578125,2566.3828125
ID_QyOLdv.jpg,healthy,0.7159075736999512,104.10585021972656,0.0,257.3421936035156,92.11211395263672
ID_QyOLdv.jpg,healthy,0.7092829942703247,105.4365463256836,127.2924575805664,416.0,321.0713195800781
ID_QyOLdv.jpg,healthy,0.5988655686378479,182.48440551757812,30.19134521484375,406.5392150878906,129.61021423339844
ID_QyOLdv.jpg,healthy,0.3589225709438324,229.69281005859375,363.2545471191406,414.75872802734375,416.0
ID_QyOLdv.jpg,healthy,0.31731054186820984,49.30794906616211,157.3333282470703,370.55169677734375,298.8788757324219
ID_QyOLdv.jpg,healthy,0.27356255054473877,51.12293243408203,101.50473022460938,361.8946533203125,303.6679382324219
ID_QyOLdv.jpg,healthy,0.2607390582561493,187.31329345703125,54.371826171875,416.0,133.12289428710938
ID_Frr32r.jpg,cssvd,0.6554920077323914,310.62957763671875,80.97793579101562,1280.0,893.601806640625
ID_Frr32r.jpg,cssvd,0.3012958765029907,0.0,90.43159484863281,1128.2550048828125,940.5596923828125
ID_L0ItNr.jpg,healthy,0.3510916829109192,629.34716796875,444.620361328125,2048.0,1069.973388671875
ID_biAp3Y.jpg,cssvd,0.46483996510505676,262.08355712890625,0.0,1080.0,662.056396484375
ID_YIrpjW.jpg,cssvd,0.4611288011074066,423.80645751953125,34.626312255859375,1280.0,827.3442993164062
ID_QWF4Qa.jpg,healthy,0.7026739120483398,184.415283203125,396.92718505859375,1676.325439453125,1017.9276733398438
ID_QWF4Qa.jpg,cssvd,0.316754549741745,1695.6494140625,187.50180053710938,2046.806396484375,1030.0533447265625
ID_QWF4Qa.jpg,healthy,0.28010430932044983,1403.51806640625,993.3358764648438,1768.681640625,1226.38916015625
ID_QWF4Qa.jpg,healthy,0.25646236538887024,1688.466064453125,204.16085815429688,2047.865478515625,987.01025390625
ID_iJ345X.jpg,cssvd,0.3679407835006714,232.8306427001953,0.14844417572021484,1080.0,524.8224487304688
ID_RynouZ.jpg,anthracnose,0.9093478918075562,1037.1700439453125,743.29638671875,4128.0,2396.766357421875
ID_JCXrae.jpg,anthracnose,0.4414116442203522,983.3604736328125,266.2702331542969,2659.529296875,1443.950927734375
ID_JCXrae.jpg,healthy,0.33417749404907227,989.1199951171875,272.5912170410156,2600.672607421875,1416.995849609375
ID_aY2yXb.jpg,anthracnose,0.8342289328575134,1004.3545532226562,689.7713623046875,4128.0,3096.0
ID_aY2yXb.jpg,anthracnose,0.5318711400032043,1571.5487060546875,9.179434776306152,3450.337646484375,1220.27001953125
ID_aY2yXb.jpg,anthracnose,0.4350869059562683,2978.759033203125,0.0,4128.0,1180.7596435546875
ID_WKbWLx.jpeg,cssvd,0.45347562432289124,1341.654541015625,79.44910430908203,4032.0,2599.018310546875
ID_WKbWLx.jpeg,healthy,0.423039048910141,1819.253662109375,2536.039306640625,4032.0,3024.0
ID_WKbWLx.jpeg,cssvd,0.2671874761581421,2310.41845703125,0.0,4032.0,2572.21533203125
ID_FZMdSa.jpeg,anthracnose,0.858013927936554,696.029052734375,596.3699340820312,3006.494873046875,2485.400634765625
ID_FZMdSa.jpeg,anthracnose,0.2515665888786316,129.99180603027344,1374.747314453125,3005.7392578125,3269.7412109375
ID_Gpjk0X.JPG,healthy,0.7130268812179565,523.9655151367188,319.9308166503906,3155.02734375,1514.497314453125
ID_K6IE1l.jpeg,anthracnose,0.26821407675743103,2194.5380859375,112.46713256835938,2942.488525390625,718.22998046875
ID_ACg6Qf.jpeg,anthracnose,0.5642315745353699,185.58810424804688,16.739845275878906,1153.145751953125,576.0
ID_l0JoKq.jpg,cssvd,0.5346974730491638,307.6091003417969,148.23036193847656,1280.0,960.0
ID_l0JoKq.jpg,cssvd,0.32884520292282104,0.0,209.14459228515625,1033.6190185546875,960.0
ID_l0JoKq.jpg,cssvd,0.25651419162750244,0.0,0.0,1030.515625,209.38323974609375
ID_ZmNdnp.jpg,cssvd,0.44772234559059143,310.4743957519531,79.1455078125,1280.0,960.0
ID_uR3O2z.jpg,anthracnose,0.9221181273460388,450.9598388671875,123.5699462890625,1989.3157958984375,1261.978271484375
ID_uR3O2z.jpg,anthracnose,0.36917737126350403,0.0,0.0,1659.2972412109375,1240.697998046875
ID_uR3O2z.jpg,anthracnose,0.34990090131759644,479.111572265625,1108.01806640625,1519.922119140625,1527.56396484375
ID_uR3O2z.jpg,anthracnose,0.2750314176082611,0.0,0.0,974.1865844726562,281.75823974609375
ID_a15jyy.jpg,anthracnose,0.7840084433555603,538.47265625,442.111083984375,2044.4677734375,1089.13427734375
ID_rSy9ed.JPG,healthy,0.43067046999931335,2446.79443359375,543.0472412109375,2794.357177734375,1056.968505859375
ID_rSy9ed.JPG,healthy,0.30712890625,848.0259399414062,0.0,3264.0,489.6354064941406
ID_l0jVj6.jpg,anthracnose,0.9219621419906616,525.168701171875,294.9461669921875,2048.0,1104.32568359375
ID_XjtU7g.jpg,anthracnose,0.6465597152709961,921.2781372070312,64.63558959960938,3264.0,2397.8515625
ID_XjtU7g.jpg,healthy,0.5137060880661011,982.96142578125,1615.6583251953125,1510.813720703125,2186.51416015625
ID_XjtU7g.jpg,healthy,0.3754085898399353,1112.339599609375,2057.015625,2580.0732421875,2448.0
ID_r5wbRA.jpeg,anthracnose,0.5038594603538513,1518.5032958984375,0.0,4032.0,2218.5224609375
ID_r5wbRA.jpeg,anthracnose,0.4211902916431427,52.039093017578125,104.58454895019531,1835.5499267578125,1146.9539794921875
ID_qvUEPr.jpg,healthy,0.8040485382080078,1445.3028564453125,408.7488098144531,3214.770751953125,1520.588623046875
ID_x9OuTG.jpeg,healthy,0.5426456928253174,680.98193359375,294.1221008300781,3899.826416015625,1551.5887451171875
ID_dOlj9R.jpeg,cssvd,0.4256460964679718,1501.13818359375,68.34196472167969,4000.0,1784.9354248046875
ID_ucTw2L.jpg,anthracnose,0.4457465708255768,1051.4349365234375,0.0,2542.20751953125,2217.55859375
ID_ucTw2L.jpg,cssvd,0.35257938504219055,1469.352294921875,3.042560577392578,3256.25830078125,1032.8048095703125
ID_bwH4Zt.jpg,anthracnose,0.7343372702598572,449.34912109375,199.2747802734375,2029.444091796875,1303.75732421875
ID_bwH4Zt.jpg,anthracnose,0.42264091968536377,117.767578125,53.475830078125,1921.8193359375,1316.715087890625
ID_bwH4Zt.jpg,anthracnose,0.2887006402015686,0.0,434.9150390625,1719.118896484375,1501.19970703125
ID_xCrN1e.jpg,cssvd,0.4314113259315491,273.33087158203125,6.0102081298828125,1273.509033203125,855.015380859375
ID_zyGKPp.jpg,healthy,0.5324971079826355,226.2882843017578,0.5887699127197266,308.0021057128906,74.78324890136719
ID_zyGKPp.jpg,healthy,0.3544345796108246,113.65056610107422,170.76039123535156,416.0,386.8695068359375
ID_eNUmPw.jpg,healthy,0.5677943825721741,174.0323486328125,367.2627258300781,362.48834228515625,416.0
ID_eNUmPw.jpg,healthy,0.5590473413467407,105.29486846923828,76.38154602050781,416.0,283.50616455078125
ID_eNUmPw.jpg,healthy,0.4593711197376251,81.87246704101562,316.90936279296875,165.5012969970703,416.0
ID_eNUmPw.jpg,healthy,0.29983794689178467,171.35169982910156,377.15997314453125,408.84954833984375,416.0
ID_eNUmPw.jpg,healthy,0.2533945143222809,136.50885009765625,10.38956356048584,209.18214416503906,125.24041748046875
ID_eNUmPw.jpg,healthy,0.2504733204841614,56.35176086425781,182.435791015625,407.7705383300781,296.3938903808594
ID_a76tQV.jpg,cssvd,0.25951847434043884,274.2115478515625,0.0,1080.0,268.4775390625
ID_ErnMWK.jpg,cssvd,0.37240153551101685,235.4899139404297,281.1814880371094,1280.0,923.3084106445312
ID_p9zgFE.jpg,cssvd,0.3819827139377594,314.5807189941406,59.6405029296875,1280.0,960.0
ID_p9zgFE.jpg,cssvd,0.2687496244907379,31.054306030273438,0.0,1163.3037109375,753.8845825195312
ID_wbijTg.jpg,anthracnose,0.8540626764297485,514.648681640625,0.0,2048.0,1175.93701171875
ID_wbijTg.jpg,anthracnose,0.5540459156036377,253.3436279296875,58.117431640625,1857.3834228515625,1145.026611328125
ID_wbijTg.jpg,anthracnose,0.3730930685997009,312.8604736328125,1.05389404296875,1624.350830078125,586.5787963867188
ID_YD3bof.jpg,healthy,0.8452420234680176,391.5975036621094,821.7310180664062,1969.2159423828125,1707.987060546875
ID_YD3bof.jpg,healthy,0.5491994619369507,250.9770050048828,142.81719970703125,1340.844482421875,933.2457275390625
ID_CjxpRk.JPG,anthracnose,0.622948944568634,617.9880981445312,0.0,2930.70703125,1827.5198974609375
ID_CjxpRk.JPG,anthracnose,0.4530402719974518,993.18896484375,5.791934967041016,2833.0380859375,1546.073486328125
ID_CjxpRk.JPG,anthracnose,0.39466798305511475,0.0,0.0,2750.11279296875,1989.6007080078125
ID_cHlyPN.jpg,anthracnose,0.6740705370903015,522.8878784179688,379.3996276855469,2048.0,1219.4345703125
ID_cHlyPN.jpg,anthracnose,0.4432258605957031,588.6287841796875,0.0,1115.7327880859375,318.03076171875
ID_cHlyPN.jpg,anthracnose,0.40958479046821594,36.36712646484375,972.5324096679688,1010.1622924804688,1499.887939453125
ID_cHlyPN.jpg,anthracnose,0.2883933186531067,50.31640625,331.294189453125,1694.447265625,1265.657470703125
ID_IlKAAg.jpg,anthracnose,0.882899284362793,450.8699951171875,146.123291015625,2001.8863525390625,1321.547607421875
ID_IlKAAg.jpg,anthracnose,0.5416656732559204,0.0,99.5421142578125,1798.4940185546875,1374.3165283203125
ID_IlKAAg.jpg,anthracnose,0.3512917160987854,444.82037353515625,534.6038818359375,1997.64599609375,1271.1573486328125
ID_HiEYk8.jpg,2,1.0,,,,
ID_LbEE0d.jpg,cssvd,0.47112855315208435,258.44708251953125,122.85403442382812,1080.0,808.6140747070312
ID_MaKmbG.jpg,healthy,0.39260944724082947,262.9009094238281,51.24021530151367,1080.0,714.2671508789062
ID_MaKmbG.jpg,cssvd,0.30364876985549927,262.8221435546875,20.751157760620117,1080.0,708.9591064453125
ID_A1Euyz.jpg,anthracnose,0.4446489214897156,94.89418029785156,150.79994201660156,1170.3858642578125,924.7015991210938
ID_MAbZNE.jpg,anthracnose,0.8899593949317932,507.315185546875,123.2838134765625,2048.0,1259.2593994140625
ID_MAbZNE.jpg,anthracnose,0.5861942768096924,144.175537109375,34.72705078125,1912.096435546875,1251.4755859375
ID_MAbZNE.jpg,anthracnose,0.40047332644462585,394.704833984375,0.0,2031.6083984375,311.3005676269531
ID_NgQOzy.jpeg,anthracnose,0.5304712653160095,318.6202392578125,3.5687196254730225,1830.91455078125,1040.85498046875
ID_NgQOzy.jpeg,anthracnose,0.45420992374420166,259.797119140625,959.9547119140625,3018.409912109375,2535.281982421875
ID_NgQOzy.jpeg,anthracnose,0.399787962436676,261.84686279296875,1430.27880859375,3067.802734375,2530.082275390625
ID_NgQOzy.jpeg,healthy,0.3013944625854492,1556.93505859375,448.548583984375,2211.56787109375,1110.21826171875
ID_NgQOzy.jpeg,anthracnose,0.2919085919857025,2692.001220703125,944.4042358398438,4009.853759765625,2738.093505859375
ID_xAwVqs.jpg,healthy,0.6793001294136047,112.79512023925781,3.5356194972991943,366.9560241699219,156.30914306640625
ID_xAwVqs.jpg,healthy,0.513586163520813,79.25574493408203,168.87046813964844,406.2623291015625,411.24993896484375
ID_xAwVqs.jpg,healthy,0.47685325145721436,2.925525665283203,16.39318084716797,110.83837890625,195.3708953857422
ID_xAwVqs.jpg,healthy,0.42071568965911865,147.18161010742188,197.35562133789062,416.0,416.0
ID_xAwVqs.jpg,healthy,0.3748091459274292,2.6361865997314453,41.65898895263672,87.44992065429688,198.261962890625
ID_xAwVqs.jpg,healthy,0.35588985681533813,33.65040969848633,2.0943546295166016,134.98291015625,167.66937255859375
ID_xAwVqs.jpg,healthy,0.300090491771698,67.91838073730469,157.80325317382812,343.75775146484375,389.4689025878906
ID_xAwVqs.jpg,healthy,0.25829994678497314,18.041030883789062,294.1917419433594,158.1015167236328,415.42333984375
ID_ARfduS.jpg,healthy,0.6912223100662231,344.1317138671875,117.33012390136719,799.4168090820312,335.3330078125
ID_ARfduS.jpg,healthy,0.5406728386878967,789.3502807617188,355.05645751953125,948.0426635742188,473.1573181152344
ID_ARfduS.jpg,healthy,0.2602095603942871,687.6106567382812,143.70230102539062,884.5208129882812,371.6637878417969
ID_ZWjgkt.jpg,healthy,0.36744388937950134,0.0,250.4210662841797,2427.526123046875,1658.61767578125
ID_Ho3Skn.jpg,cssvd,0.533186674118042,363.9875793457031,38.757781982421875,1280.0,951.86962890625
ID_McJOoX.jpg,cssvd,0.38646432757377625,114.2056884765625,45.17460632324219,416.0,281.30352783203125
ID_McJOoX.jpg,healthy,0.32938629388809204,98.96253967285156,46.74111557006836,409.4400329589844,290.9136657714844
ID_cGsLV1.jpg,anthracnose,0.9110738039016724,506.99029541015625,0.0,2048.0,1199.026611328125
ID_cGsLV1.jpg,anthracnose,0.5227426886558533,878.72705078125,954.789794921875,2035.25927734375,1312.585205078125
ID_cGsLV1.jpg,anthracnose,0.3319074809551239,833.6913452148438,628.596923828125,2040.86767578125,1342.603759765625
ID_cGsLV1.jpg,anthracnose,0.2949574589729309,0.0,0.0,1722.720458984375,1241.982177734375
ID_cGsLV1.jpg,anthracnose,0.25139695405960083,641.1898803710938,173.81668090820312,2037.56103515625,1068.201904296875
ID_b0zwXq.jpeg,healthy,0.6635463237762451,675.0264892578125,123.73468017578125,3991.6015625,2564.21875
ID_b0zwXq.jpeg,healthy,0.5193632245063782,3026.776611328125,1827.422119140625,4032.0,3024.0
ID_b0zwXq.jpeg,healthy,0.2851913273334503,1086.960205078125,555.861328125,3687.22900390625,2549.4306640625
ID_gvnAED.jpg,healthy,0.4794080853462219,679.4019775390625,661.8120727539062,1276.78955078125,960.0
ID_gvnAED.jpg,cssvd,0.4423995614051819,313.6955261230469,0.0,1280.0,796.2438354492188
ID_mcczYA.jpg,anthracnose,0.5498558878898621,259.152099609375,390.4853515625,1529.207763671875,1881.396484375
ID_mcczYA.jpg,anthracnose,0.45718973875045776,158.069580078125,1795.5380859375,1215.549560546875,2048.0
ID_JegXI4.jpg,cssvd,0.34634527564048767,34.608154296875,493.0016784667969,1348.64306640625,1105.483642578125
ID_AX61Qc.jpg,2,1.0,,,,
ID_H5UsYj.jpg,cssvd,0.5041486620903015,312.6629333496094,0.0,1280.0,807.7984619140625
ID_yl1h4y.jpg,healthy,0.3234725296497345,615.4319458007812,830.21435546875,3123.8916015625,2152.937255859375
ID_yQNYRc.jpg,healthy,0.8952587246894836,929.70068359375,628.658935546875,1379.12890625,961.3131103515625
ID_yQNYRc.jpg,healthy,0.8773064017295837,418.0343017578125,513.7567138671875,987.7852783203125,1031.2164306640625
ID_yQNYRc.jpg,healthy,0.7631263136863708,368.5200500488281,307.899169921875,927.32568359375,633.4488525390625
ID_yQNYRc.jpg,healthy,0.4284664988517761,22.33575439453125,810.4118041992188,649.5918579101562,1501.636474609375
ID_yQNYRc.jpg,healthy,0.38137581944465637,820.12841796875,393.0469055175781,1956.2421875,750.78369140625
ID_yEGJej.jpg,anthracnose,0.4809511601924896,1096.494873046875,420.75927734375,2913.47021484375,1639.462890625
ID_yEGJej.jpg,cssvd,0.4786424934864044,1269.78759765625,5.837459564208984,3264.0,1031.333251953125
ID_yEGJej.jpg,anthracnose,0.34672439098358154,0.13326644897460938,0.0,835.4757690429688,1008.2694091796875
ID_yEGJej.jpg,anthracnose,0.31305864453315735,80.2031478881836,480.3889465332031,1098.6451416015625,1432.7181396484375
ID_Dw2paJ.jpg,cssvd,0.4982199966907501,311.6682434082031,31.413040161132812,1280.0,844.9749145507812
ID_kjTAmo.jpg,healthy,0.41390693187713623,0.0,713.53515625,379.6467590332031,1189.4658203125
ID_kjTAmo.jpg,healthy,0.3544449210166931,1258.314697265625,491.170166015625,2031.600830078125,1516.93115234375
ID_kjTAmo.jpg,cssvd,0.3045025169849396,802.1796875,17.587890625,1371.1875,1321.51220703125
ID_kjTAmo.jpg,cssvd,0.28315281867980957,1224.18701171875,595.03466796875,2038.98779296875,1376.2705078125
ID_kjTAmo.jpg,healthy,0.2784964144229889,0.0,705.802001953125,265.6867980957031,1202.3551025390625
ID_XV81fD.jpg,anthracnose,0.8474531173706055,516.750732421875,282.0413818359375,2048.0,1208.702392578125
ID_XV81fD.jpg,anthracnose,0.3033897280693054,123.05126953125,213.777099609375,1914.14892578125,1223.770263671875
ID_XV81fD.jpg,anthracnose,0.27599549293518066,0.0,272.255126953125,1581.50927734375,1484.5283203125
ID_vKDGJD.jpeg,healthy,0.41521531343460083,48.71310043334961,1010.2472534179688,2085.4208984375,2287.98876953125
ID_vKDGJD.jpeg,anthracnose,0.3546333611011505,2.445556402206421,1637.2177734375,1571.719482421875,3016.97802734375
ID_vKDGJD.jpeg,healthy,0.3226601183414459,1565.63037109375,2369.96875,2212.65234375,2854.469482421875
ID_vKDGJD.jpeg,cssvd,0.27509137988090515,2562.584228515625,2526.44775390625,4032.0,3023.7705078125
ID_T22A5T.jpg,healthy,0.5058965682983398,0.25360107421875,0.0,293.10333251953125,227.32760620117188
ID_T22A5T.jpg,cssvd,0.4352961480617523,343.7040710449219,0.0,1280.0,732.8800048828125
ID_anegvH.jpeg,healthy,0.3559122383594513,364.3980407714844,390.9080505371094,988.8418579101562,573.2456665039062
ID_anegvH.jpeg,healthy,0.3196963667869568,415.0297546386719,142.01780700683594,1259.6663818359375,460.1655578613281
ID_anegvH.jpeg,healthy,0.30185237526893616,685.8369140625,0.0,1247.9503173828125,183.36944580078125
ID_anegvH.jpeg,cssvd,0.28788813948631287,416.135009765625,144.54473876953125,1237.546142578125,453.31756591796875
ID_pnZVaB.jpg,anthracnose,0.5774588584899902,675.2205200195312,522.5889892578125,1606.360107421875,902.7816162109375
ID_pnZVaB.jpg,anthracnose,0.4119362533092499,1508.648681640625,0.0,2048.0,1397.6610107421875
ID_vKfUee.jpg,anthracnose,0.5130887031555176,438.2583923339844,438.0330810546875,1376.1583251953125,1109.1680908203125
ID_vKfUee.jpg,anthracnose,0.29679396748542786,0.0,821.50830078125,1555.312744140625,1532.669189453125
ID_LxkN0r.jpg,cssvd,0.35489949584007263,20.64931869506836,256.1216735839844,809.45068359375,1080.0
ID_jBlpYQ.jpg,cssvd,0.35110190510749817,730.666748046875,214.00665283203125,3264.0,2325.515380859375
ID_NHrOVD.jpg,cssvd,0.2846403419971466,42.989654541015625,0.0,639.4439086914062,751.1217651367188
ID_Wx4GqF.jpg,cssvd,0.5065179467201233,310.9397888183594,90.25115966796875,1280.0,743.6398315429688
ID_Wx4GqF.jpg,healthy,0.48860493302345276,307.9481506347656,104.15969848632812,1280.0,700.4486083984375
ID_wnuBs6.jpg,healthy,0.7699105143547058,277.6010437011719,9.255304336547852,360.2392578125,98.62026977539062
ID_wnuBs6.jpg,healthy,0.7117518782615662,63.48397445678711,160.1580047607422,252.69949340820312,286.26806640625
ID_wnuBs6.jpg,healthy,0.6114012598991394,178.3089599609375,0.008269309997558594,293.7218933105469,101.5588607788086
ID_wnuBs6.jpg,healthy,0.39884158968925476,5.261841297149658,266.3048095703125,87.42208862304688,325.8785095214844
ID_wnuBs6.jpg,healthy,0.29596763849258423,325.5120544433594,87.87841796875,376.3692321777344,134.13800048828125
ID_Gc703Q.jpg,anthracnose,0.7999342679977417,409.2657165527344,0.0,2193.578857421875,585.4010620117188
ID_Gc703Q.jpg,anthracnose,0.5788362622261047,879.86669921875,516.4532470703125,2566.229248046875,1211.62548828125
ID_Gc703Q.jpg,anthracnose,0.5448793172836304,390.42730712890625,3.5965888500213623,2314.8740234375,793.33935546875
ID_Gc703Q.jpg,healthy,0.3795405328273773,2232.215087890625,931.7682495117188,2887.36572265625,1328.11474609375
ID_ThtV0C.jpg,healthy,0.6244381070137024,82.78669738769531,11.705375671386719,315.3788757324219,240.3857879638672
ID_ThtV0C.jpg,healthy,0.5675125122070312,14.23728084564209,0.0,106.62528228759766,80.12689971923828
ID_ThtV0C.jpg,healthy,0.4846656620502472,81.99287414550781,111.80843353271484,370.8997497558594,228.8988494873047
ID_ThtV0C.jpg,healthy,0.4238151013851166,193.59768676757812,0.14537620544433594,289.88531494140625,84.9351577758789
ID_ThtV0C.jpg,healthy,0.3573789596557617,77.43167114257812,68.52275085449219,357.38958740234375,230.3105926513672
ID_ThtV0C.jpg,healthy,0.2787342667579651,88.03607177734375,304.85565185546875,157.14234924316406,397.48175048828125
ID_ThtV0C.jpg,healthy,0.2575136721134186,86.33082580566406,0.0,194.2726593017578,48.18721389770508
ID_ThtV0C.jpg,healthy,0.25580114126205444,112.04877471923828,0.0,203.5471649169922,53.2244873046875
ID_ThtV0C.jpg,healthy,0.25540652871131897,0.0,378.9927978515625,199.51126098632812,416.0
ID_wUoMHJ.jpg,healthy,0.707021176815033,825.3817138671875,3009.318359375,1402.87451171875,3922.755859375
ID_wUoMHJ.jpg,healthy,0.5749679207801819,1177.766357421875,2262.754150390625,1687.3837890625,2887.606689453125
ID_wUoMHJ.jpg,healthy,0.4310198426246643,1400.03759765625,283.0228271484375,1853.7578125,1244.9417724609375
ID_wUoMHJ.jpg,healthy,0.32079726457595825,0.0,944.9276123046875,461.85015869140625,1704.2498779296875
ID_wUoMHJ.jpg,healthy,0.2960282564163208,380.5521240234375,738.9541015625,888.3970947265625,1553.0074462890625
ID_wUoMHJ.jpg,healthy,0.2704974114894867,215.5939178466797,1653.2152099609375,751.8475341796875,2210.116943359375
ID_wUoMHJ.jpg,anthracnose,0.2700496017932892,2172.53466796875,1500.435302734375,3024.0,4032.0
ID_NJY4EZ.jpg,healthy,0.34047916531562805,1375.52685546875,1714.83837890625,1938.888671875,2219.390869140625
ID_NJY4EZ.jpg,healthy,0.2761572599411011,908.5825805664062,139.661865234375,1429.9656982421875,1243.884033203125
ID_NJY4EZ.jpg,healthy,0.25908488035202026,1957.6700439453125,1014.1973266601562,3148.566650390625,1740.8118896484375
ID_A5SFUW.jpeg,anthracnose,0.37660956382751465,1223.020751953125,0.0,3834.6650390625,2505.1962890625
ID_A5SFUW.jpeg,healthy,0.2711033523082733,892.0018310546875,0.0,3899.5576171875,2615.29052734375
ID_PKIRRi.jpeg,healthy,0.46678271889686584,222.2307586669922,77.29049682617188,1151.06982421875,504.7401428222656
ID_PKIRRi.jpeg,anthracnose,0.3469000458717346,167.61676025390625,70.81100463867188,1147.6134033203125,504.3761291503906
ID_Fj6l3x.jpg,cssvd,0.6651803851127625,305.9367370605469,26.360321044921875,1280.0,814.5474853515625
ID_PZvJCn.jpeg,healthy,0.5217397809028625,0.0,1.7524337768554688,597.1347045898438,245.41949462890625
ID_vY8dnC.jpg,cssvd,0.43695467710494995,373.83880615234375,56.54266357421875,1280.0,886.3509521484375
ID_vY8dnC.jpg,cssvd,0.3051425814628601,0.0,151.2775421142578,1036.3428955078125,951.8533325195312
ID_WWzTQf.jpg,healthy,0.3544101417064667,1372.53564453125,1.029266357421875,1840.52392578125,292.88641357421875
ID_WWzTQf.jpg,healthy,0.3279999792575836,566.55859375,0.0,950.412109375,319.17010498046875
ID_LuOSty.JPG,healthy,0.3052847981452942,1321.060302734375,1052.0751953125,1730.9976806640625,1332.7977294921875
ID_LuOSty.JPG,healthy,0.25629448890686035,1266.1702880859375,861.4172973632812,1601.4652099609375,1143.581787109375
ID_tnbptN.jpg,cssvd,0.2740829288959503,270.6837463378906,241.15530395507812,1280.0,870.9288940429688
ID_TWMyl4.jpg,anthracnose,0.8266648650169373,504.465087890625,0.0,2048.0,1278.072021484375
ID_TWMyl4.jpg,anthracnose,0.5970309376716614,114.764404296875,30.7213134765625,1919.560302734375,1316.0506591796875
ID_eohNCj.jpg,healthy,0.6762734651565552,104.19791412353516,151.81051635742188,416.0,340.3160705566406
ID_eohNCj.jpg,healthy,0.41275203227996826,33.675086975097656,0.3661060333251953,126.65715789794922,138.91014099121094
ID_eohNCj.jpg,healthy,0.4059930443763733,223.64622497558594,317.7563781738281,311.68572998046875,415.715087890625
ID_eohNCj.jpg,healthy,0.2893923819065094,44.91435241699219,366.70294189453125,165.16983032226562,415.72357177734375
ID_eohNCj.jpg,healthy,0.2879297137260437,40.28502655029297,0.0,180.38560485839844,135.81918334960938
ID_GBHM9n.jpeg,healthy,0.749334454536438,986.5234375,328.1972351074219,4032.0,2681.1884765625
ID_GBHM9n.jpeg,healthy,0.3839978873729706,2298.622314453125,0.0,3655.170166015625,555.173583984375
ID_GBHM9n.jpeg,healthy,0.31165066361427307,0.0,178.82362365722656,3537.636962890625,2685.4521484375
ID_hnVy96.jpg,anthracnose,0.7194800972938538,450.3125,266.058349609375,2001.937744140625,1436.7042236328125
ID_hnVy96.jpg,anthracnose,0.679394543170929,0.0,189.8984375,1659.79248046875,1420.614501953125
ID_hnVy96.jpg,anthracnose,0.2974807620048523,0.0,1146.514404296875,1570.90087890625,1536.0
ID_qinFuE.jpg,anthracnose,0.7567594647407532,514.3939819335938,154.0166015625,2048.0,1407.1943359375
ID_qinFuE.jpg,anthracnose,0.5597667694091797,123.7510986328125,97.5855712890625,1927.8284912109375,1450.2684326171875
ID_q6l1gT.jpg,cssvd,0.5738651156425476,307.49725341796875,22.58636474609375,1280.0,812.4560546875
ID_CrSUii.jpeg,anthracnose,0.7757346034049988,837.4296875,766.1181640625,3921.380126953125,2475.662353515625
ID_CrSUii.jpeg,anthracnose,0.5149281620979309,650.1162109375,2253.2490234375,2191.170166015625,3018.6298828125
ID_ykD8wr.JPG,healthy,0.7888723015785217,882.688232421875,1833.2608642578125,2567.970703125,2448.0
ID_ykD8wr.JPG,healthy,0.5963330864906311,214.12863159179688,279.6583557128906,2511.9013671875,1348.222900390625
ID_ykD8wr.JPG,healthy,0.5721577405929565,1076.035888671875,744.3849487304688,2897.086669921875,1911.2388916015625
ID_ykD8wr.JPG,healthy,0.49613693356513977,797.3679809570312,1673.7685546875,2721.13037109375,2448.0
ID_ykD8wr.JPG,healthy,0.2933821380138397,88.36654663085938,564.2070922851562,2496.368896484375,1368.816650390625
ID_ykD8wr.JPG,healthy,0.29041653871536255,642.565673828125,964.7889404296875,2912.47412109375,1908.212890625
ID_UkxRz8.jpg,healthy,0.5184471011161804,825.593505859375,708.2621459960938,3264.0,1598.8236083984375
ID_UkxRz8.jpg,healthy,0.4213870167732239,615.341552734375,1467.3648681640625,3264.0,2248.45751953125
ID_CUByHJ.jpg,healthy,0.8755552172660828,117.35283660888672,141.67886352539062,311.525390625,261.55267333984375
ID_CUByHJ.jpg,healthy,0.25752103328704834,167.1093292236328,0.4435672461986542,362.6624755859375,71.71891784667969
ID_OC53ff.jpg,cssvd,0.33396264910697937,0.0,0.0,576.4422607421875,744.0125122070312
ID_OC53ff.jpg,cssvd,0.2956206202507019,410.3822326660156,0.0,1080.0,766.87060546875
ID_Nnz8UH.jpg,healthy,0.6695598363876343,197.8492431640625,107.61907958984375,415.6357421875,308.27032470703125
ID_vdPy4g.jpeg,healthy,0.3049689531326294,1145.637451171875,33.94915771484375,4032.0,2199.548828125
ID_vhqF3p.jpg,anthracnose,0.2657243609428406,738.165283203125,1.5442121028900146,1073.56298828125,429.9725646972656
ID_p6OqyL.jpg,cssvd,0.38663026690483093,361.9013977050781,0.0,1280.0,960.0
ID_qKOiUh.jpeg,anthracnose,0.7735143303871155,2111.3251953125,0.0,4023.822998046875,2665.546142578125
ID_qKOiUh.jpeg,anthracnose,0.402889609336853,2.643584966659546,5.783803462982178,1286.000732421875,1832.9151611328125
ID_qKOiUh.jpeg,anthracnose,0.3229483664035797,2251.6201171875,351.0803527832031,3987.709228515625,3022.117431640625
ID_FyMh9k.jpg,cssvd,0.3623071610927582,292.8779296875,0.28240442276000977,810.0,678.1748657226562
ID_JTyCTv.jpg,anthracnose,0.4917536973953247,450.940185546875,377.948486328125,2019.173828125,1317.2911376953125
ID_ZiomN9.jpg,anthracnose,0.8866012692451477,1029.865234375,475.6771545410156,4128.0,2752.440185546875
ID_ZiomN9.jpg,anthracnose,0.6229028701782227,466.6587829589844,2478.073486328125,3843.731689453125,3096.0
ID_ZiomN9.jpg,anthracnose,0.26590532064437866,73.06739044189453,4.331674575805664,2134.134033203125,1589.53466796875
ID_TFEa8E.jpeg,healthy,0.9107784032821655,0.0,1725.6474609375,3024.0,3317.640869140625
ID_TFEa8E.jpeg,healthy,0.4425201117992401,0.0,2217.684814453125,3024.0,3344.233642578125
ID_TFEa8E.jpeg,healthy,0.42274710536003113,1.8004616498947144,467.5983581542969,926.6669311523438,1655.7650146484375
ID_H1mmQM.jpg,cssvd,0.5744364261627197,313.7649841308594,0.0,1280.0,719.6090698242188
ID_XkOWhr.jpg,cssvd,0.4330947697162628,260.7820739746094,0.0,1080.0,662.1372680664062
ID_wBzpKl.JPG,healthy,0.6784748435020447,2282.480712890625,34.39704132080078,2930.720458984375,828.051513671875
ID_wBzpKl.JPG,healthy,0.6167429685592651,1228.731201171875,706.996826171875,2579.40673828125,1229.2557373046875
ID_wBzpKl.JPG,healthy,0.5363567471504211,388.9014892578125,819.43359375,1653.035400390625,1589.8856201171875
ID_wBzpKl.JPG,healthy,0.4839664101600647,1804.058349609375,1636.171875,2981.77001953125,2409.174072265625
ID_wBzpKl.JPG,healthy,0.4753649830818176,1654.53466796875,1121.86083984375,2593.922607421875,1818.21923828125
ID_wBzpKl.JPG,healthy,0.3943578004837036,342.7641296386719,389.5122985839844,1203.6065673828125,856.3092651367188
ID_wBzpKl.JPG,healthy,0.27141693234443665,728.02783203125,0.0,1222.0252685546875,461.0914306640625
ID_P9mdIe.jpg,anthracnose,0.8406118750572205,1002.0535278320312,437.6711120605469,4128.0,3080.26611328125
ID_P9mdIe.jpg,anthracnose,0.3040475845336914,236.81231689453125,264.0827941894531,3885.591064453125,2981.587158203125
ID_P9mdIe.jpg,anthracnose,0.2905137240886688,0.0,1970.8804931640625,3143.03857421875,3096.0
ID_cGKXRw.jpg,anthracnose,0.5184847116470337,136.45257568359375,0.0,1862.4437255859375,565.0985107421875
ID_cGKXRw.jpg,anthracnose,0.43494054675102234,406.99261474609375,617.9561157226562,2559.561279296875,1917.2557373046875
ID_DWOFob.jpg,anthracnose,0.8867980241775513,515.7643432617188,128.1656494140625,2026.569580078125,1378.201416015625
ID_DWOFob.jpg,anthracnose,0.40119943022727966,94.572265625,20.02984619140625,930.4100341796875,794.0640869140625
ID_uldgmr.jpg,cssvd,0.5602959394454956,25.016386032104492,3.9215619564056396,365.0429382324219,245.12445068359375
ID_uldgmr.jpg,healthy,0.30183398723602295,26.52972984313965,9.252279281616211,378.87591552734375,247.42724609375
ID_rlaZur.jpeg,anthracnose,0.9160243272781372,1027.17822265625,300.7074890136719,4014.174560546875,2120.390380859375
ID_rlaZur.jpeg,anthracnose,0.5612249374389648,124.62605285644531,318.3876037597656,3638.652099609375,2124.17529296875
ID_onW3aY.jpg,healthy,0.6585166454315186,216.32508850097656,666.1263427734375,441.3198547363281,809.822998046875
ID_onW3aY.jpg,healthy,0.5184521675109863,538.5682373046875,345.3179016113281,827.84716796875,712.5836181640625
ID_onW3aY.jpg,healthy,0.34183821082115173,856.9005126953125,302.3704833984375,1030.3973388671875,489.65142822265625
ID_EsG9PW.jpeg,anthracnose,0.5608343482017517,14.944426536560059,397.9119873046875,3496.130615234375,2266.63330078125
ID_EsG9PW.jpeg,anthracnose,0.5521434545516968,267.3315734863281,795.5208129882812,3704.091552734375,2205.1064453125
ID_ewBCM4.jpg,2,1.0,,,,
ID_JQ2NT8.jpg,healthy,0.5250436067581177,519.9286499023438,610.9737548828125,3264.0,1822.9395751953125
ID_JQ2NT8.jpg,healthy,0.3360429108142853,532.6510009765625,1939.061767578125,2818.08837890625,2448.0
ID_JQ2NT8.jpg,healthy,0.2992466688156128,885.225830078125,692.7908325195312,3232.8662109375,1653.8446044921875
ID_JQ2NT8.jpg,healthy,0.28779980540275574,62.872772216796875,567.807861328125,2785.444580078125,1763.53955078125
ID_JQ2NT8.jpg,healthy,0.2762708365917206,0.0,1965.190185546875,2148.74609375,2447.971923828125
ID_JQ2NT8.jpg,cssvd,0.27499696612358093,0.0,1993.323974609375,2143.494873046875,2448.0
ID_R3h05n.jpg,anthracnose,0.42302221059799194,1018.7985229492188,1741.8714599609375,3784.062744140625,3084.79150390625
ID_R3h05n.jpg,anthracnose,0.3760811984539032,46.08109664916992,0.0,2396.29345703125,895.4609375
ID_R3h05n.jpg,anthracnose,0.35664188861846924,262.2573547363281,582.485107421875,3838.013916015625,3087.652587890625
ID_R3h05n.jpg,anthracnose,0.2857280969619751,1669.569580078125,909.153076171875,3668.85498046875,2016.3802490234375
ID_BaQafS.jpeg,healthy,0.7409476637840271,1008.8709106445312,912.9378051757812,4004.283935546875,2908.562255859375
ID_BaQafS.jpeg,anthracnose,0.34906208515167236,2026.26318359375,0.8056926131248474,4021.67578125,1496.5499267578125
ID_BaQafS.jpeg,healthy,0.25568416714668274,277.78839111328125,841.9356689453125,3747.3798828125,2988.560546875
ID_tuijN0.jpg,healthy,0.400379478931427,51.05421829223633,1122.3173828125,2376.719482421875,2840.867431640625
ID_tuijN0.jpg,anthracnose,0.3900662064552307,109.76421356201172,1109.3602294921875,2219.89013671875,2831.779541015625
ID_tuijN0.jpg,anthracnose,0.3890245854854584,0.0,2862.285888671875,1642.959716796875,4121.447265625
ID_tuijN0.jpg,healthy,0.3112710118293762,852.8997802734375,109.77530670166016,1571.93505859375,576.764892578125
ID_ySwQ19.jpeg,anthracnose,0.5993643999099731,915.750244140625,909.7362060546875,4032.0,2401.1474609375
ID_ySwQ19.jpeg,anthracnose,0.5375305414199829,1024.2286376953125,0.0,4032.0,2399.63232421875
ID_ySwQ19.jpeg,anthracnose,0.3853622078895569,894.6165771484375,6.965846538543701,4032.0,1209.5230712890625
ID_WDtwi8.JPG,cssvd,0.46446681022644043,1178.4169921875,2.923788070678711,2448.0,923.73681640625
ID_LdUYMx.jpg,anthracnose,0.32136332988739014,1451.108154296875,718.8707275390625,3016.224609375,2409.779541015625
ID_cTHWwG.jpg,anthracnose,0.8109655380249023,510.630859375,299.3963623046875,2048.0,1280.26025390625
ID_cTHWwG.jpg,anthracnose,0.4366721510887146,173.3328857421875,13.880859375,1232.436767578125,300.91162109375
ID_cTHWwG.jpg,anthracnose,0.3550167381763458,186.4822998046875,194.37890625,1977.2889404296875,1301.217041015625
ID_Oi6sQ7.jpg,anthracnose,0.3694181442260742,831.83544921875,367.9319152832031,3264.0,1752.3035888671875
ID_Oi6sQ7.jpg,cssvd,0.3329302966594696,817.9186401367188,350.0662841796875,3264.0,1728.8968505859375
ID_Oi6sQ7.jpg,cssvd,0.3207989037036896,1758.1007080078125,1624.985595703125,3253.662353515625,2358.53271484375
ID_Oi6sQ7.jpg,healthy,0.28447410464286804,1118.392578125,1676.8590087890625,2061.575927734375,2115.495849609375
ID_xGu1Jv.JPG,anthracnose,0.35415101051330566,927.5015869140625,1943.2196044921875,2593.326904296875,3021.2841796875
ID_xGu1Jv.JPG,anthracnose,0.2755855917930603,2375.367431640625,2272.666015625,4032.0,3024.0
ID_FoiHnH.jpg,cssvd,0.5401076674461365,1.5718841552734375,305.5213928222656,960.0,1280.0
ID_bWrGAE.JPG,anthracnose,0.6146689653396606,747.4508666992188,680.374755859375,2902.058349609375,1903.1038818359375
ID_xlz2aO.jpg,anthracnose,0.6041263937950134,600.8466796875,284.2918701171875,2048.0,1156.2303466796875
ID_xlz2aO.jpg,anthracnose,0.3038036525249481,1068.193603515625,0.0,2034.992919921875,503.3240661621094
ID_xlz2aO.jpg,anthracnose,0.30169200897216797,689.724853515625,0.0,2048.0,1170.26220703125
ID_tSlG9I.jpg,cssvd,0.43394678831100464,273.17010498046875,4.363524913787842,1080.0,508.38018798828125
ID_tSlG9I.jpg,cssvd,0.33998236060142517,0.0,0.0,874.07470703125,582.0897827148438
ID_UUlIeC.jpeg,healthy,0.6069594621658325,945.0364990234375,60.30257797241211,3392.717529296875,2386.862060546875
ID_UUlIeC.jpeg,healthy,0.37911301851272583,902.193603515625,2360.080322265625,1965.930419921875,3021.73779296875
ID_UUlIeC.jpeg,healthy,0.26146483421325684,0.0,45.778961181640625,738.8355102539062,2990.21630859375
ID_nB9g92.jpg,anthracnose,0.27146854996681213,1745.82080078125,502.3900146484375,2048.0,1462.521240234375
ID_nB9g92.jpg,cssvd,0.26661884784698486,762.9437255859375,33.9366455078125,1430.2686767578125,1198.725341796875
ID_wAVndk.jpeg,anthracnose,0.6330797672271729,869.0805053710938,15.552874565124512,3224.72802734375,1387.5802001953125
ID_QcU601.jpg,2,1.0,,,,
ID_IkNDOi.jpg,healthy,0.4458453059196472,14.11902141571045,72.70193481445312,318.3530578613281,308.7684326171875
ID_IkNDOi.jpg,healthy,0.43778377771377563,200.8257598876953,164.53607177734375,407.97747802734375,327.00103759765625
ID_IkNDOi.jpg,healthy,0.4083676040172577,107.16968536376953,2.5347604751586914,357.2255859375,187.98683166503906
ID_IkNDOi.jpg,healthy,0.37278202176094055,123.12136840820312,5.282229423522949,365.18218994140625,145.37611389160156
ID_IkNDOi.jpg,healthy,0.25558191537857056,61.281585693359375,10.436637878417969,323.5318908691406,244.14443969726562
ID_IkNDOi.jpg,healthy,0.25112640857696533,77.02210998535156,57.77324676513672,329.6782531738281,231.79150390625
ID_b2RRNg.jpeg,anthracnose,0.7026028633117676,1289.95849609375,0.0,4008.104248046875,2617.3486328125
ID_b2RRNg.jpeg,anthracnose,0.4580114483833313,821.6074829101562,239.47708129882812,4032.0,2968.729736328125
ID_b2RRNg.jpeg,healthy,0.3500349819660187,3326.330810546875,2367.87939453125,4027.205810546875,3023.24609375
ID_MXBdgR.jpg,healthy,0.6154059171676636,983.1826171875,165.74639892578125,2524.743408203125,1248.736083984375
ID_MXBdgR.jpg,anthracnose,0.39366716146469116,903.7900390625,1127.91845703125,1744.7760009765625,2366.09423828125
ID_MXBdgR.jpg,anthracnose,0.32207611203193665,10.655479431152344,422.8993835449219,1514.3214111328125,1830.6260986328125
ID_mY7Knk.jpg,cssvd,0.42877617478370667,265.9062805175781,4.998307228088379,1080.0,602.396240234375
ID_mY7Knk.jpg,healthy,0.38740625977516174,207.60252380371094,710.0885620117188,979.9886474609375,810.0
ID_lwv8qe.JPG,anthracnose,0.6759030222892761,1429.5643310546875,659.2160034179688,2941.21240234375,1649.807861328125
ID_lwv8qe.JPG,healthy,0.5779337882995605,1.2706031799316406,1651.4132080078125,918.8314819335938,2419.550048828125
ID_lwv8qe.JPG,healthy,0.3431616723537445,1458.766357421875,2.285665512084961,3264.0,820.1502685546875
ID_U4mJjc.JPG,healthy,0.8738365173339844,1414.3956298828125,1008.6444702148438,2393.12890625,1714.2784423828125
ID_U4mJjc.JPG,healthy,0.6421549916267395,1027.912841796875,46.63401412963867,1833.2071533203125,1265.7706298828125
ID_U4mJjc.JPG,healthy,0.38001081347465515,2233.81103515625,596.3273315429688,3261.05517578125,1494.4000244140625
ID_U4mJjc.JPG,healthy,0.2763027250766754,1655.1983642578125,352.61407470703125,2221.21826171875,999.5304565429688
ID_eQxB51.jpg,cssvd,0.3213692307472229,0.0,4.739495754241943,869.7888793945312,527.8591918945312
ID_eQxB51.jpg,cssvd,0.3096291422843933,271.3197937011719,0.0,1080.0,473.6523132324219
ID_EcfejA.jpg,cssvd,0.48601481318473816,191.49917602539062,256.16314697265625,810.0,1080.0
ID_EcfejA.jpg,cssvd,0.3341390788555145,148.79095458984375,0.0,810.0,791.337646484375
ID_abLPBK.jpg,healthy,0.6803107261657715,575.1293334960938,720.931884765625,2184.077880859375,1459.3946533203125
ID_abLPBK.jpg,healthy,0.5748677253723145,2084.3173828125,721.133544921875,3263.949951171875,1511.262451171875
ID_abLPBK.jpg,healthy,0.4626612961292267,1435.5145263671875,170.38577270507812,2527.86767578125,572.7103271484375
ID_abLPBK.jpg,healthy,0.2734859883785248,970.6691284179688,392.0759582519531,1563.2537841796875,756.7538452148438
ID_UP8Zp9.jpeg,healthy,0.5062679052352905,226.8292236328125,0.0,1215.51318359375,511.017822265625
ID_UP8Zp9.jpeg,healthy,0.318428099155426,781.182861328125,450.6615295410156,993.260009765625,575.57958984375
ID_UP8Zp9.jpeg,cssvd,0.3068081736564636,273.2281799316406,0.0,1193.7286376953125,524.6143188476562
ID_t8itH3.jpg,cssvd,0.43924275040626526,283.4852600097656,364.0396423339844,1280.0,960.0
ID_t8itH3.jpg,cssvd,0.38126105070114136,0.0,263.50830078125,1117.35107421875,960.0
ID_X9vG7x.jpg,healthy,0.42390501499176025,0.0,197.58705139160156,323.75201416015625,658.365234375
ID_X9vG7x.jpg,cssvd,0.32473084330558777,289.45648193359375,148.06765747070312,1260.2178955078125,536.237060546875
ID_X9vG7x.jpg,healthy,0.3182489275932312,283.79364013671875,0.0,788.0996704101562,144.67210388183594
ID_X9vG7x.jpg,cssvd,0.3029187023639679,246.37474060058594,471.09130859375,1064.267822265625,697.6370239257812
ID_X9vG7x.jpg,healthy,0.2942807078361511,0.0,194.8084259033203,338.0235900878906,524.8966674804688
ID_JQeL3x.jpeg,anthracnose,0.5817673802375793,405.9262390136719,19.659957885742188,1221.98974609375,576.0
ID_w7N6iO.jpg,anthracnose,0.5977789759635925,314.38916015625,45.793914794921875,1280.0,722.264404296875
ID_w7N6iO.jpg,anthracnose,0.26536908745765686,925.2630615234375,569.7654418945312,1280.0,957.7691650390625
ID_TkQFgc.jpg,healthy,0.5595446825027466,593.063232421875,337.25494384765625,1274.1142578125,694.6466064453125
ID_TkQFgc.jpg,healthy,0.4542796313762665,0.0,566.6275024414062,176.41375732421875,957.899169921875
ID_TkQFgc.jpg,healthy,0.44936639070510864,0.0,693.6279296875,129.3845672607422,958.0
ID_TkQFgc.jpg,healthy,0.42076945304870605,368.80499267578125,2.4755859375,617.766357421875,407.6002502441406
ID_TkQFgc.jpg,healthy,0.3904263973236084,0.0,419.9797058105469,205.64524841308594,958.0
ID_TkQFgc.jpg,healthy,0.3521181643009186,286.8602600097656,654.4938354492188,478.3913269042969,958.0
ID_TkQFgc.jpg,healthy,0.3449040353298187,245.05868530273438,462.4175720214844,467.177490234375,958.0
ID_TkQFgc.jpg,healthy,0.3039778470993042,281.1461486816406,543.7396240234375,488.89007568359375,958.0
ID_TkQFgc.jpg,healthy,0.25138548016548157,500.2589416503906,373.7593078613281,1280.0,750.3619384765625
ID_rdRpPa.jpg,healthy,0.544427752494812,0.0,800.088623046875,792.915771484375,960.0
ID_rdRpPa.jpg,healthy,0.47519221901893616,2.9424285888671875,0.0,513.1165161132812,180.63674926757812
ID_rdRpPa.jpg,cssvd,0.39214539527893066,315.80474853515625,0.0,1280.0,724.4794921875
ID_rdRpPa.jpg,healthy,0.2685132622718811,0.0,0.1441192626953125,412.22137451171875,244.21670532226562
ID_LrMSIZ.jpg,anthracnose,0.4185665547847748,314.144287109375,0.0,1280.0,336.12066650390625
ID_LrMSIZ.jpg,anthracnose,0.29135414958000183,1014.1043090820312,316.34033203125,1280.0,719.9197387695312
ID_LrMSIZ.jpg,healthy,0.28029659390449524,0.0,839.3935546875,961.4170532226562,960.0
ID_LrMSIZ.jpg,anthracnose,0.25397902727127075,87.95951843261719,2.2664260864257812,1189.009033203125,393.42779541015625
ID_Gbv0j3.jpg,anthracnose,0.28210073709487915,202.48916625976562,285.5192565917969,1280.0,955.7532958984375
ID_TVonwa.jpg,anthracnose,0.852358341217041,137.88671875,0.0,1893.915771484375,1185.910400390625
ID_TVonwa.jpg,anthracnose,0.3978773355484009,72.94644165039062,893.671142578125,968.7520751953125,1511.6513671875
ID_TVcIQU.jpeg,anthracnose,0.592555820941925,775.6275024414062,729.5123901367188,2716.677978515625,3024.0
ID_TVcIQU.jpeg,anthracnose,0.3958641290664673,817.96826171875,318.99212646484375,2775.382568359375,2704.62451171875
ID_TVcIQU.jpeg,anthracnose,0.39270737767219543,657.33349609375,0.0,2873.92578125,2350.70849609375
ID_O3r16M.jpg,healthy,0.6258566379547119,517.9076538085938,2369.16455078125,2988.58837890625,3319.037353515625
ID_O3r16M.jpg,healthy,0.5753005743026733,506.474853515625,817.0970458984375,3017.305419921875,2523.535888671875
ID_O3r16M.jpg,healthy,0.5238326787948608,55.801513671875,10.127093315124512,2043.830810546875,2303.421630859375
ID_O3r16M.jpg,healthy,0.39903560280799866,1169.2254638671875,813.3008422851562,3023.56103515625,2656.410400390625
ID_O3r16M.jpg,healthy,0.35766685009002686,0.36890026926994324,3001.115478515625,1412.9765625,3896.245849609375
ID_O3r16M.jpg,healthy,0.3160763680934906,0.0,2528.14794921875,410.27362060546875,3585.7529296875
ID_O3r16M.jpg,healthy,0.26029908657073975,114.57633972167969,275.5980529785156,1804.628173828125,2120.86669921875
ID_ddlMiZ.jpg,cssvd,0.5485796332359314,311.4459228515625,31.855239868164062,1280.0,797.8677368164062
ID_ddlMiZ.jpg,cssvd,0.33225008845329285,11.647109985351562,0.0,1032.75634765625,160.40216064453125
ID_y5rsMY.jpg,2,1.0,,,,
ID_i2TnLh.jpg,anthracnose,0.7942782044410706,690.9847412109375,378.4345703125,2652.697998046875,1423.510009765625
ID_i2TnLh.jpg,anthracnose,0.5881888270378113,521.742919921875,1619.876953125,3090.614990234375,2448.0
ID_i2TnLh.jpg,healthy,0.4595264792442322,2385.701171875,419.4635314941406,2968.12548828125,1041.184326171875
ID_i2TnLh.jpg,anthracnose,0.39956051111221313,1049.5633544921875,399.1527404785156,2593.23779296875,1216.071044921875
ID_i2TnLh.jpg,healthy,0.2521381974220276,1925.537109375,1.3813018798828125,3057.154052734375,361.2991027832031
ID_rduPKu.jpg,anthracnose,0.4920623302459717,495.164306640625,360.10498046875,1969.709716796875,1139.699951171875
ID_v6mMNG.jpg,anthracnose,0.5623853802680969,12.23016357421875,1422.5526123046875,1816.69091796875,2439.464599609375
ID_v6mMNG.jpg,anthracnose,0.3048769235610962,547.6150512695312,501.26898193359375,3042.160400390625,1726.704345703125
ID_v6mMNG.jpg,cssvd,0.28334566950798035,434.6029968261719,486.8591003417969,3054.47509765625,1733.8240966796875
ID_dt3E5p.jpg,anthracnose,0.8758102655410767,599.14697265625,255.3291015625,2047.034912109375,1435.854736328125
ID_E9zHw7.jpg,healthy,0.4680650234222412,27.92331314086914,83.00021362304688,326.0140075683594,301.8134460449219
ID_E9zHw7.jpg,healthy,0.4271048903465271,0.10814570635557175,6.370765686035156,93.03632354736328,85.19568634033203
ID_E9zHw7.jpg,healthy,0.37580883502960205,64.71836853027344,3.5521209239959717,230.19090270996094,176.34291076660156
ID_E9zHw7.jpg,healthy,0.3624759912490845,137.3112030029297,320.15899658203125,218.79595947265625,410.4013977050781
ID_E9zHw7.jpg,healthy,0.32482877373695374,85.44351959228516,97.89598846435547,357.8015441894531,288.308837890625
ID_E9zHw7.jpg,healthy,0.3117872178554535,120.54283142089844,0.7561893463134766,235.63278198242188,113.85775756835938
ID_E9zHw7.jpg,healthy,0.3098895847797394,5.7420501708984375,83.02203369140625,256.7807312011719,293.3462219238281
ID_E9zHw7.jpg,healthy,0.3070646822452545,51.53989028930664,93.70086669921875,284.2507629394531,281.9653625488281
ID_E9zHw7.jpg,healthy,0.28233635425567627,0.035265445709228516,65.29510498046875,82.0086898803711,189.3442840576172
ID_E9zHw7.jpg,healthy,0.2772097885608673,53.410343170166016,6.025363922119141,190.08169555664062,179.79867553710938
ID_E9zHw7.jpg,healthy,0.270405650138855,129.0049285888672,0.9210671782493591,238.37057495117188,87.27962493896484
ID_E9zHw7.jpg,healthy,0.2560761868953705,13.327362060546875,334.6482238769531,179.19578552246094,416.0
ID_WhVb38.jpg,healthy,0.5595677495002747,1148.580322265625,81.6910629272461,3233.965087890625,1086.1453857421875
ID_WhVb38.jpg,healthy,0.38776257634162903,943.9805297851562,1011.1972045898438,1908.22216796875,1610.6162109375
ID_WhVb38.jpg,healthy,0.3866909146308899,934.809814453125,1842.02197265625,2314.771484375,2448.0
ID_RjjcEf.jpeg,anthracnose,0.6750157475471497,989.7063598632812,7.288123607635498,4032.0,2466.781494140625
ID_zZzDQd.jpg,anthracnose,0.7544762492179871,454.90362548828125,544.3017578125,2002.444091796875,1399.50390625
ID_Fa4Q6u.jpg,cssvd,0.470269113779068,806.48583984375,120.94091796875,1945.15625,683.6630249023438
ID_Fa4Q6u.jpg,healthy,0.450547456741333,386.603271484375,13.45086669921875,848.8577880859375,533.8881225585938
ID_Fa4Q6u.jpg,healthy,0.43355807662010193,0.0,489.923583984375,638.4861450195312,1355.830078125
ID_Fa4Q6u.jpg,healthy,0.41685566306114197,729.455078125,633.245361328125,1816.820068359375,1340.33056640625
ID_Fa4Q6u.jpg,healthy,0.28973665833473206,0.0,477.3035888671875,631.075927734375,1108.05859375
ID_yZYd0h.jpg,cssvd,0.5388033390045166,313.3836364746094,0.0,1280.0,771.79150390625
ID_IUVTcM.jpeg,healthy,0.6497697234153748,1023.0908203125,0.0,4000.0,1373.6788330078125
ID_IUVTcM.jpeg,healthy,0.26020148396492004,647.3421630859375,1222.503173828125,2002.6168212890625,1794.177734375
ID_yze4gA.jpg,healthy,0.4569861590862274,2114.184814453125,0.0,3264.0,731.4998779296875
ID_yze4gA.jpg,anthracnose,0.3377959430217743,1352.275390625,1220.7568359375,3264.0,2447.797607421875
ID_xRuM49.jpg,healthy,0.6705585718154907,9.17572021484375,0.0,684.3796997070312,311.47613525390625
ID_xRuM49.jpg,healthy,0.3074560761451721,398.60491943359375,3.5483551025390625,1103.9454345703125,751.7070922851562
ID_xRuM49.jpg,healthy,0.3060767352581024,10.161056518554688,0.0,755.0476684570312,217.87132263183594
ID_PAeN73.jpg,cssvd,0.4381462633609772,49.96665954589844,258.6787109375,810.0,1080.0
ID_Mk7gjf.jpg,healthy,0.5667205452919006,16.48418426513672,1643.5145263671875,2405.065185546875,2448.0
ID_Mk7gjf.jpg,cssvd,0.35735440254211426,505.9945983886719,746.5673217773438,3256.722900390625,1935.1546630859375
ID_AVXfJI.jpg,cssvd,0.5506628751754761,317.3681640625,87.32048034667969,1280.0,871.4700317382812
ID_nu8inE.jpg,cssvd,0.45056402683258057,195.6876678466797,0.0,1080.0,598.9019165039062
ID_nu8inE.jpg,anthracnose,0.3256472051143646,377.8197326660156,539.1908569335938,826.0953979492188,809.8375244140625
ID_nu8inE.jpg,cssvd,0.30125096440315247,0.0,0.0,912.4612426757812,610.8391723632812
ID_NaZ0w7.jpeg,healthy,0.4453756809234619,45.890350341796875,0.0,764.7528076171875,225.966552734375
ID_NaZ0w7.jpeg,healthy,0.3027789294719696,322.7673034667969,207.38462829589844,1280.0,572.23828125
ID_NaZ0w7.jpeg,healthy,0.29220184683799744,0.0,248.17176818847656,1060.53857421875,576.0
ID_l7Rbyv.jpeg,anthracnose,0.8408703207969666,996.3734741210938,0.0,4032.0,2327.35400390625
ID_TDtaFB.jpg,healthy,0.7697474360466003,1780.2548828125,891.3163452148438,2448.0,1548.090576171875
ID_TDtaFB.jpg,healthy,0.7546604871749878,1578.8590087890625,1436.20703125,2150.995849609375,2045.2374267578125
ID_TDtaFB.jpg,anthracnose,0.3571323752403259,18.714305877685547,0.0,1941.5076904296875,875.2035522460938
ID_AWsPwc.jpg,anthracnose,0.692936897277832,1288.89111328125,1718.56005859375,2933.31494140625,2443.483642578125
ID_AWsPwc.jpg,healthy,0.6234042048454285,1060.8494873046875,631.7216796875,2863.940185546875,1749.40673828125
ID_TFsB9a.jpeg,healthy,0.8929417133331299,981.3981323242188,279.7984313964844,4032.0,2026.6915283203125
ID_TFsB9a.jpeg,healthy,0.5043710470199585,0.0,1619.5472412109375,1691.466064453125,2885.078369140625
ID_TFsB9a.jpeg,healthy,0.35116687417030334,0.0,0.0,3072.604248046875,490.4191589355469
ID_Fk76ZX.jpeg,anthracnose,0.6134600639343262,111.34063720703125,205.640869140625,1039.39501953125,632.171630859375
ID_tCXIxT.jpeg,cssvd,0.44897234439849854,134.1941375732422,951.0999145507812,3024.0,3651.52392578125
ID_tCXIxT.jpeg,healthy,0.39616724848747253,1205.379150390625,0.0,2131.163330078125,1004.1531372070312
ID_tCXIxT.jpeg,healthy,0.36539390683174133,0.0,729.1347045898438,1450.869140625,1367.632568359375
ID_tCXIxT.jpeg,healthy,0.3227848708629608,0.0,2.6656949520111084,574.4364624023438,1273.8585205078125
ID_tCXIxT.jpeg,healthy,0.269371896982193,149.15731811523438,1013.917724609375,3024.0,3625.8017578125
ID_N1yqEo.jpg,anthracnose,0.8090662360191345,217.121337890625,1004.4111328125,3096.0,4128.0
ID_N1yqEo.jpg,anthracnose,0.6188144683837891,525.2132568359375,267.6517333984375,3072.854736328125,3699.02490234375
ID_erqIoE.jpg,anthracnose,0.8678022027015686,891.6320190429688,123.2586669921875,2019.170166015625,1245.6112060546875
ID_XUxHSs.jpg,cssvd,0.38251328468322754,0.0,249.38499450683594,1030.157470703125,960.0
ID_XUxHSs.jpg,cssvd,0.2914670407772064,71.26113891601562,343.9027099609375,1188.5859375,960.0
ID_wP5rv5.jpeg,anthracnose,0.6319909691810608,27.513952255249023,616.5446166992188,3024.0,3285.80029296875
ID_wP5rv5.jpeg,anthracnose,0.6052806973457336,513.917236328125,57.6464958190918,3024.0,2878.096435546875
ID_wP5rv5.jpeg,anthracnose,0.42456600069999695,0.0,1216.6143798828125,3024.0,3654.578125
ID_Yp9GTH.jpg,healthy,0.6715286374092102,397.2620849609375,1492.756103515625,1605.8555908203125,3384.628662109375
ID_yqdRp3.jpg,healthy,0.43420636653900146,46.94969177246094,700.1414184570312,813.5321044921875,960.0
ID_yqdRp3.jpg,healthy,0.43133020401000977,22.09381103515625,638.1694946289062,996.6305541992188,960.0
ID_yqdRp3.jpg,cssvd,0.4297165274620056,309.93865966796875,14.38751220703125,1280.0,875.7424926757812
ID_toOsZ9.jpg,healthy,0.5284562706947327,1325.7950439453125,1164.965576171875,4109.138671875,2220.97607421875
ID_toOsZ9.jpg,anthracnose,0.5238412022590637,953.993896484375,388.1909484863281,2452.114013671875,988.5525512695312
ID_toOsZ9.jpg,anthracnose,0.47672590613365173,2510.301025390625,208.586181640625,4111.0556640625,1116.1624755859375
ID_toOsZ9.jpg,anthracnose,0.3818342983722687,2127.140869140625,2063.83642578125,4080.81201171875,3096.0
ID_toOsZ9.jpg,anthracnose,0.3426487147808075,0.0,100.87659454345703,1033.8603515625,1326.742919921875
ID_toOsZ9.jpg,anthracnose,0.3249499499797821,0.0,1930.3514404296875,2549.12548828125,2880.9794921875
ID_PtAIIA.jpeg,anthracnose,0.5656657218933105,986.699951171875,188.09588623046875,4032.0,2725.775634765625
ID_LeHkk9.jpg,anthracnose,0.8391659259796143,323.487548828125,190.70822143554688,1280.0,680.07177734375
ID_LeHkk9.jpg,anthracnose,0.3837934732437134,347.5581359863281,0.0,1160.6092529296875,116.66783142089844
ID_q23bLN.jpg,anthracnose,0.8543054461479187,439.585693359375,0.0,1993.078369140625,1162.012939453125
ID_q23bLN.jpg,anthracnose,0.39543747901916504,6.4183349609375,1022.041259765625,1002.6381225585938,1331.282470703125
ID_q23bLN.jpg,healthy,0.26508575677871704,0.0,0.13861083984375,949.63818359375,414.2750244140625
ID_Ngls3X.jpg,healthy,0.7609098553657532,1787.885498046875,1589.768798828125,3243.915771484375,2434.8203125
ID_Ngls3X.jpg,healthy,0.4328362047672272,1039.919921875,320.03497314453125,1969.3839111328125,974.8057250976562
ID_Ngls3X.jpg,healthy,0.3920888602733612,1089.524169921875,639.2984619140625,3223.677978515625,2180.658447265625
ID_Ngls3X.jpg,cssvd,0.3459317684173584,1094.05908203125,679.2894287109375,3249.7607421875,2065.1044921875
ID_Ngls3X.jpg,healthy,0.34091082215309143,2047.7554931640625,2041.977294921875,3263.03173828125,2448.0
ID_Ngls3X.jpg,healthy,0.2690941393375397,0.0,48.4694938659668,1114.006103515625,2007.462646484375
ID_jxQ6gJ.jpeg,cssvd,0.6739985942840576,978.8226318359375,121.15251159667969,4000.0,1791.156005859375
ID_PTbJZD.jpg,anthracnose,0.37484192848205566,1049.027099609375,209.7950897216797,2709.398193359375,1781.775634765625
ID_PTbJZD.jpg,anthracnose,0.28206002712249756,197.2627410888672,0.0,2510.457275390625,2100.03564453125
ID_mSGps9.jpeg,anthracnose,0.8568797707557678,1385.578369140625,590.6121826171875,3997.818115234375,1681.5115966796875
ID_sIIix8.jpg,cssvd,0.29440075159072876,262.41015625,0.0,1080.0,741.2100219726562
ID_sIIix8.jpg,cssvd,0.285492867231369,0.0,99.55789184570312,880.0569458007812,804.760009765625
ID_D57TlR.jpeg,healthy,0.5512974262237549,1174.830322265625,374.75750732421875,3915.406982421875,2136.005615234375
ID_D57TlR.jpeg,anthracnose,0.31576767563819885,221.1142578125,2361.704345703125,3052.919677734375,3024.0
ID_WYxe7D.jpeg,healthy,0.4111536741256714,3353.253173828125,279.7626953125,4020.556396484375,1054.3797607421875
ID_WYxe7D.jpeg,healthy,0.38232916593551636,2444.171142578125,67.93460845947266,3384.752197265625,638.2802124023438
ID_WYxe7D.jpeg,cssvd,0.2534889876842499,1353.4537353515625,0.0,3032.0869140625,3024.0
ID_zYKCq8.jpg,anthracnose,0.9074557423591614,376.9586181640625,33.639068603515625,1277.74072265625,842.4560546875
ID_R6trN8.jpeg,2,1.0,,,,
ID_vkidYy.jpeg,anthracnose,0.8128036856651306,678.124755859375,1259.2042236328125,3000.84765625,2396.8251953125
ID_vkidYy.jpeg,anthracnose,0.5279847383499146,0.0,1281.955810546875,2496.5537109375,2265.072509765625
ID_vkidYy.jpeg,anthracnose,0.499361127614975,1803.3009033203125,0.0,2985.95068359375,708.83544921875
ID_EljkV9.jpg,anthracnose,0.8143420815467834,165.49888610839844,124.058837890625,1261.0880126953125,868.8200073242188
ID_EljkV9.jpg,anthracnose,0.31268465518951416,383.883544921875,224.50897216796875,1272.8370361328125,858.9435424804688
ID_E7haV4.jpeg,anthracnose,0.5161402821540833,1370.2396240234375,374.09893798828125,2764.875,2221.993896484375
ID_RO5ieN.jpg,healthy,0.41320762038230896,1675.91650390625,106.5478744506836,4128.0,2155.326171875
ID_RO5ieN.jpg,cssvd,0.312349408864975,1693.63232421875,119.32096862792969,4128.0,2225.598388671875
ID_zkdTGk.jpg,anthracnose,0.6863183379173279,544.304931640625,696.1549072265625,2693.52099609375,2295.4072265625
ID_zkdTGk.jpg,healthy,0.5938730239868164,0.0,353.0523681640625,1591.4383544921875,939.2076416015625
ID_zkdTGk.jpg,healthy,0.5340819358825684,0.0,373.8594665527344,1701.6292724609375,1122.0650634765625
ID_zkdTGk.jpg,anthracnose,0.45302873849868774,561.2026977539062,679.1051635742188,2513.41748046875,1912.0672607421875
ID_zkdTGk.jpg,healthy,0.3900318145751953,0.0,1835.0423583984375,572.8453369140625,2443.169189453125
ID_zkdTGk.jpg,healthy,0.29689285159111023,0.0,728.0151977539062,1765.513427734375,1226.303955078125
ID_zkdTGk.jpg,anthracnose,0.2908026874065399,2070.226806640625,1.9481219053268433,3001.740966796875,459.57098388671875
ID_zkdTGk.jpg,anthracnose,0.254631370306015,556.497314453125,1106.5147705078125,2606.756591796875,2141.20751953125
ID_ZR2coE.jpg,healthy,0.5780537128448486,95.60554504394531,124.390625,409.2864685058594,245.99832153320312
ID_VzT72C.jpeg,2,1.0,,,,
ID_QcvY64.jpeg,anthracnose,0.8525716662406921,865.3280639648438,0.0,4032.0,2385.923828125
ID_QcvY64.jpeg,anthracnose,0.4254992604255676,104.60233306884766,0.0,3664.7392578125,2455.42041015625
ID_QcvY64.jpeg,anthracnose,0.30851224064826965,86.90497589111328,1759.16748046875,2107.439697265625,2914.47119140625
ID_xQH3S6.jpeg,healthy,0.6786930561065674,1758.4776611328125,606.844970703125,4032.0,2403.06640625
ID_xQH3S6.jpeg,healthy,0.5764122605323792,630.99609375,805.5436401367188,1402.040283203125,2482.964111328125
ID_xQH3S6.jpeg,healthy,0.5547932386398315,606.8753051757812,1394.28466796875,1271.1895751953125,2422.569091796875
ID_xQH3S6.jpeg,healthy,0.524383544921875,1464.847412109375,308.8442687988281,2646.161865234375,3024.0
ID_xQH3S6.jpeg,healthy,0.41607606410980225,690.0792846679688,501.74932861328125,1498.44580078125,2216.90087890625
ID_xQH3S6.jpeg,healthy,0.3936922252178192,237.85836791992188,17.668519973754883,845.9166870117188,1363.0728759765625
ID_xQH3S6.jpeg,healthy,0.29674050211906433,1611.2564697265625,0.20271490514278412,2899.7685546875,588.7218017578125
ID_xQH3S6.jpeg,healthy,0.2547648549079895,681.1397705078125,439.2960510253906,1606.130859375,2594.70458984375
ID_dizWLx.jpg,healthy,0.35903793573379517,504.7238464355469,59.963226318359375,1217.05859375,1012.5455322265625
ID_dizWLx.jpg,cssvd,0.3049405813217163,527.046142578125,53.1483154296875,1237.66064453125,1024.934814453125
ID_dizWLx.jpg,healthy,0.2928357422351837,0.0,0.0,1092.914306640625,250.46304321289062
ID_EQ9YWy.jpg,healthy,0.8490334153175354,421.0048522949219,819.50341796875,2915.591552734375,1781.4832763671875
ID_EQ9YWy.jpg,healthy,0.4183446168899536,861.4588012695312,1705.397705078125,1848.3116455078125,2448.0
ID_EQ9YWy.jpg,healthy,0.4075855016708374,3.1649322509765625,0.0,1109.0537109375,369.96014404296875
ID_EQ9YWy.jpg,healthy,0.3036229908466339,573.310302734375,3.185068130493164,1333.57080078125,830.5646362304688
ID_EQ9YWy.jpg,healthy,0.2836288511753082,1470.402587890625,364.354736328125,2164.4658203125,836.417236328125
ID_EQ9YWy.jpg,healthy,0.2783403694629669,459.4149475097656,5.747188568115234,1200.8460693359375,932.3133544921875
ID_EQ9YWy.jpg,healthy,0.26427358388900757,814.6520385742188,10.633130073547363,1292.9439697265625,813.6431884765625
ID_EQ9YWy.jpg,healthy,0.2604868710041046,0.0,0.0,1205.611572265625,507.8049621582031
ID_NIl2vH.jpeg,healthy,0.6149540543556213,419.2027282714844,18.3203125,1280.0,509.4950866699219
ID_AZMNHM.jpeg,cssvd,0.523819088935852,981.2733154296875,123.8908920288086,4032.0,2407.06884765625
ID_AZMNHM.jpeg,healthy,0.30606430768966675,970.5841064453125,199.3018035888672,4032.0,2289.148681640625
ID_u9M7lL.jpeg,healthy,0.6706064939498901,1019.6441040039062,0.0,4032.0,1204.419189453125
ID_u9M7lL.jpeg,healthy,0.6550258994102478,772.8021240234375,1036.16064453125,3754.401123046875,2237.98779296875
ID_u9M7lL.jpeg,healthy,0.45599544048309326,481.92578125,303.6180725097656,3692.309326171875,2302.209716796875
ID_u9M7lL.jpeg,healthy,0.26363644003868103,14.263583183288574,1880.9630126953125,1561.96923828125,3021.46923828125
ID_SyT2xj.jpg,anthracnose,0.7948001027107239,1040.460205078125,845.6322021484375,4128.0,3035.250732421875
ID_SyT2xj.jpg,anthracnose,0.2921087443828583,0.0,490.426513671875,3336.4833984375,3051.022216796875
ID_YOPMwb.jpg,healthy,0.7668471932411194,838.8897094726562,531.7448120117188,3256.869384765625,2016.54931640625
ID_YOPMwb.jpg,healthy,0.6639335751533508,0.0,1438.0526123046875,2627.173828125,2177.68505859375
ID_MKDqil.jpg,2,1.0,,,,
ID_vdGXxv.jpg,healthy,0.5553072690963745,683.8604125976562,365.863037109375,1434.466796875,952.2705078125
ID_z3a4Pz.jpg,anthracnose,0.5455420613288879,453.55242919921875,0.0,2001.926025390625,1267.7796630859375
ID_z3a4Pz.jpg,anthracnose,0.5201167464256287,0.0,31.209228515625,1795.2406005859375,1322.82763671875
ID_EGzXyJ.jpg,anthracnose,0.6849811673164368,24.17633056640625,38.62373352050781,1110.0867919921875,771.1477661132812
ID_EGzXyJ.jpg,anthracnose,0.30826523900032043,161.98992919921875,93.48243713378906,1245.8092041015625,814.7149658203125
ID_EGzXyJ.jpg,anthracnose,0.27516746520996094,329.7404479980469,357.6884460449219,1280.0,960.0
ID_xUaz1f.jpg,cssvd,0.3155735731124878,387.388427734375,0.0,1080.0,679.3186645507812
ID_oBo2uW.jpeg,healthy,0.8754289746284485,547.5993041992188,112.7257080078125,3548.35791015625,1649.62353515625
ID_oBo2uW.jpeg,healthy,0.5909021496772766,0.0,86.5105972290039,3099.96044921875,1666.2857666015625
ID_oBo2uW.jpeg,healthy,0.5589901804924011,427.58953857421875,1771.162353515625,1680.0694580078125,2685.393798828125
ID_oBo2uW.jpeg,healthy,0.25266239047050476,421.7646484375,1803.01220703125,1359.54248046875,2764.076416015625
ID_loMvz3.jpeg,healthy,0.7350569367408752,4.333796977996826,2360.383544921875,3024.0,3515.697509765625
ID_loMvz3.jpeg,healthy,0.6432315111160278,269.9720458984375,885.5474243164062,3024.0,3341.565673828125
ID_loMvz3.jpeg,healthy,0.3847450911998749,920.4364624023438,971.144287109375,3012.39404296875,2973.48388671875
ID_loMvz3.jpeg,healthy,0.38174042105674744,102.78643035888672,1901.206787109375,3018.978515625,3475.5673828125
ID_loMvz3.jpeg,healthy,0.28118863701820374,119.19949340820312,3329.2734375,2621.721435546875,4032.0
ID_KCP4Sw.jpg,cssvd,0.38503512740135193,264.3533020019531,138.060791015625,1080.0,580.3950805664062
ID_LADJTN.jpeg,anthracnose,0.47323164343833923,1593.29736328125,134.1100311279297,3024.0,2333.469482421875
ID_LADJTN.jpeg,anthracnose,0.32137733697891235,614.01416015625,0.0,2353.03125,3329.69287109375
ID_Ymp9xT.jpg,cssvd,0.2500108778476715,446.7681884765625,311.9962158203125,1533.0819091796875,1391.4300537109375
ID_jV4fto.jpg,cssvd,0.5634006261825562,311.6169738769531,125.19027709960938,1280.0,832.150390625
ID_jV4fto.jpg,cssvd,0.3591659963130951,8.806686401367188,1.7943954467773438,1010.473388671875,397.6129150390625
ID_fWXNNI.jpg,anthracnose,0.6444703936576843,62.35702133178711,1.56573486328125,1501.1142578125,2077.602783203125
ID_fWXNNI.jpg,anthracnose,0.45320144295692444,15.673592567443848,324.05029296875,1442.71435546875,2444.4365234375
ID_fWXNNI.jpg,healthy,0.4245295524597168,1493.7113037109375,616.4972534179688,2784.544677734375,1236.5709228515625
ID_fWXNNI.jpg,anthracnose,0.40283679962158203,1517.4549560546875,1209.5101318359375,2826.06689453125,2120.587646484375
ID_fWXNNI.jpg,healthy,0.26162561774253845,1462.0975341796875,177.43765258789062,2886.8798828125,1289.16552734375
ID_NOFmdO.jpg,anthracnose,0.9079896807670593,518.491455078125,168.921142578125,2036.575439453125,1380.932861328125
ID_NOFmdO.jpg,anthracnose,0.4240646958351135,31.10302734375,156.348876953125,1789.542236328125,1447.364013671875
ID_NOFmdO.jpg,anthracnose,0.3301590085029602,894.620849609375,1134.6025390625,2005.63525390625,1536.0
ID_dPWfDI.JPG,healthy,0.5788374543190002,1576.86328125,750.990234375,1986.5567626953125,1165.33056640625
ID_dPWfDI.JPG,healthy,0.5288723111152649,1109.402099609375,1171.992431640625,1538.7130126953125,1494.0614013671875
ID_dPWfDI.JPG,healthy,0.39369097352027893,0.0,903.6859741210938,1359.92724609375,1301.436767578125
ID_TTSL8r.JPG,cssvd,0.30201584100723267,210.74949645996094,199.81912231445312,3032.065673828125,1938.366455078125
ID_TTSL8r.JPG,anthracnose,0.29156729578971863,312.9176025390625,233.6752166748047,3133.269775390625,1946.3875732421875
ID_XMbiwv.jpg,cssvd,0.42642050981521606,275.2474365234375,4.069275856018066,1080.0,483.7882080078125
ID_KoFvdp.jpg,anthracnose,0.40802106261253357,313.4825134277344,307.0793762207031,1280.0,900.9966430664062
ID_laVQRn.jpeg,anthracnose,0.6617392897605896,1145.28271484375,250.2250518798828,3601.488525390625,1466.0382080078125
ID_laVQRn.jpeg,anthracnose,0.40406984090805054,1434.9407958984375,425.13238525390625,3437.91943359375,1479.6966552734375
ID_BhKgBW.jpg,healthy,0.5160231590270996,49.248809814453125,0.0,1159.18115234375,168.73538208007812
ID_BhKgBW.jpg,cssvd,0.5072419047355652,308.8677978515625,140.99746704101562,1280.0,958.703125
ID_ooG7KY.jpg,anthracnose,0.7303758859634399,158.1785125732422,626.31396484375,1941.2586669921875,1534.45068359375
ID_ooG7KY.jpg,healthy,0.4762118458747864,3.9807755947113037,3.2196006774902344,1531.88427734375,941.57958984375
ID_ooG7KY.jpg,anthracnose,0.2948569655418396,0.0,3.8028600215911865,1586.3741455078125,1067.3590087890625
ID_g4lg7p.jpg,anthracnose,0.6007083654403687,1045.891357421875,0.0,3236.956787109375,1984.374267578125
ID_g4lg7p.jpg,healthy,0.5848991870880127,0.9262990355491638,1180.6405029296875,729.1495971679688,1925.7177734375
ID_g4lg7p.jpg,anthracnose,0.4435073435306549,2314.2666015625,21.48138427734375,3263.82373046875,2241.10302734375
ID_BMR78x.jpg,healthy,0.8221375346183777,1119.2574462890625,382.4342346191406,3019.294189453125,1716.4849853515625
ID_BMR78x.jpg,healthy,0.4993317723274231,851.9429931640625,1564.46435546875,3264.0,2442.00341796875
ID_ZcnJnE.jpeg,anthracnose,0.5880478024482727,802.16845703125,558.2177124023438,3012.187255859375,2879.408447265625
ID_ZcnJnE.jpeg,anthracnose,0.5535883903503418,1226.8056640625,2816.326416015625,3018.7529296875,4027.542724609375
ID_ZcnJnE.jpeg,anthracnose,0.42225268483161926,196.90431213378906,727.9183349609375,3004.099365234375,3176.588134765625
ID_ZcnJnE.jpeg,anthracnose,0.2554425001144409,0.0,4.595632076263428,3024.0,1835.67822265625
ID_ggiw4m.jpg,healthy,0.602149486541748,117.61993408203125,8.298233985900879,354.53948974609375,168.8929443359375
ID_ggiw4m.jpg,healthy,0.5815750360488892,72.35193634033203,162.2463836669922,374.0478820800781,360.7294921875
ID_ggiw4m.jpg,healthy,0.4335893988609314,0.0,0.5449810028076172,143.89634704589844,173.2071533203125
ID_ggiw4m.jpg,healthy,0.34858453273773193,102.82794952392578,206.92005920410156,358.5609436035156,349.8490295410156
ID_ggiw4m.jpg,healthy,0.321233332157135,90.28218841552734,168.61843872070312,337.0013122558594,330.6317443847656
ID_ggiw4m.jpg,healthy,0.281775563955307,96.23237609863281,168.79611206054688,337.7474060058594,272.18743896484375
ID_loZek4.jpeg,healthy,0.8065424561500549,529.5416870117188,313.13201904296875,3521.4111328125,1366.0975341796875
ID_loZek4.jpeg,healthy,0.7165884375572205,331.7611083984375,1168.4737548828125,2000.9140625,1783.397216796875
ID_loZek4.jpeg,healthy,0.28486958146095276,224.8000946044922,0.0,2499.664306640625,424.74676513671875
ID_PP5TqC.jpg,anthracnose,0.34412288665771484,1098.67041015625,640.75244140625,2480.10107421875,1972.52392578125
ID_nyecpJ.jpg,anthracnose,0.4525877833366394,673.7005615234375,576.5726318359375,1271.48193359375,1476.0838623046875
ID_nyecpJ.jpg,healthy,0.25359418988227844,662.749755859375,605.283447265625,1268.20849609375,1404.05859375
ID_A4ZdJC.jpeg,healthy,0.8032346367835999,908.02099609375,375.35406494140625,4032.0,2146.750732421875
ID_A4ZdJC.jpeg,healthy,0.514661431312561,6.806149959564209,0.0,1034.39208984375,584.1676635742188
ID_A4ZdJC.jpeg,healthy,0.3665947914123535,925.2442016601562,0.0,2685.441162109375,404.369384765625
ID_A4ZdJC.jpeg,healthy,0.3072669804096222,1150.666748046875,2293.661376953125,1959.53125,3024.0
ID_A4ZdJC.jpeg,healthy,0.26362669467926025,423.8560485839844,2254.1201171875,1318.74658203125,3024.0
ID_A4ZdJC.jpeg,healthy,0.25620827078819275,260.30914306640625,2410.4287109375,1321.4564208984375,3020.480224609375
ID_pu7dUH.jpg,cssvd,0.5172235369682312,229.65408325195312,0.0,1080.0,628.689697265625
ID_WHOggx.jpg,healthy,0.7087536454200745,490.1291198730469,574.031494140625,1280.0,956.2952880859375
ID_WHOggx.jpg,healthy,0.6061086058616638,334.3544006347656,126.54542541503906,1274.748046875,643.055419921875
ID_WHOggx.jpg,healthy,0.3313131630420685,181.4464569091797,0.0,1018.2909545898438,286.4106750488281
ID_UgxSUm.jpeg,healthy,0.81357342004776,916.5689086914062,614.2443237304688,3720.00537109375,1763.081787109375
ID_UgxSUm.jpeg,healthy,0.4767574369907379,959.6564331054688,13.776082038879395,2982.82861328125,997.1817626953125
ID_UgxSUm.jpeg,healthy,0.281455934047699,1266.0562744140625,14.14197826385498,2822.606689453125,829.3433227539062
ID_ymE9HE.jpg,healthy,0.7143827676773071,152.2295684814453,215.1512451171875,389.4862365722656,355.5125427246094
ID_ymE9HE.jpg,healthy,0.46695470809936523,116.79180908203125,196.84483337402344,162.16659545898438,253.10325622558594
ID_ymE9HE.jpg,healthy,0.41248756647109985,152.71560668945312,213.86767578125,342.0796203613281,312.67816162109375
ID_ymE9HE.jpg,healthy,0.37430593371391296,151.36264038085938,248.66783142089844,371.77191162109375,353.149658203125
ID_C0Uehq.jpg,cssvd,0.3269079625606537,275.1542663574219,7.130405902862549,1080.0,707.6453247070312
ID_C0Uehq.jpg,cssvd,0.27703118324279785,330.6778564453125,706.0316772460938,1080.0,810.0
ID_VhNzV9.jpeg,2,1.0,,,,
ID_R8GMXi.jpg,healthy,0.7491757869720459,938.9160766601562,978.1764526367188,3247.040283203125,1931.44873046875
ID_R8GMXi.jpg,healthy,0.32793429493904114,1492.303955078125,0.0,2675.196533203125,571.3731689453125
ID_T8tTQr.jpeg,anthracnose,0.7961722612380981,1613.6767578125,109.4520034790039,3574.1201171875,1285.4010009765625
ID_T8tTQr.jpeg,anthracnose,0.6099129319190979,1792.242919921875,173.4542694091797,3394.77001953125,1061.1256103515625
ID_T8tTQr.jpeg,anthracnose,0.5035671591758728,1079.7296142578125,1184.081298828125,3213.547119140625,1797.1182861328125
ID_T8tTQr.jpeg,anthracnose,0.3319835960865021,3457.335205078125,1056.212890625,4000.0,1777.0098876953125
ID_T8tTQr.jpeg,anthracnose,0.30036216974258423,3404.423095703125,35.96353530883789,4000.0,1041.8675537109375
ID_T8tTQr.jpeg,anthracnose,0.2978003919124603,921.6485595703125,0.0,3714.930908203125,1379.4884033203125
ID_T8tTQr.jpeg,anthracnose,0.27342262864112854,454.4725341796875,11.897920608520508,2548.169921875,1675.0877685546875
ID_Dz7nGM.jpeg,healthy,0.4069131910800934,1443.0394287109375,11.32175350189209,3001.548095703125,3024.0
ID_Dz7nGM.jpeg,healthy,0.3677792251110077,657.5216674804688,16.271507263183594,2089.6591796875,3024.0
ID_Dz7nGM.jpeg,anthracnose,0.2905215919017792,3191.65478515625,279.4598693847656,4031.557373046875,2068.538818359375
ID_j63MMY.jpeg,healthy,0.8146418929100037,0.0,0.0,1475.413330078125,448.9529724121094
ID_j63MMY.jpeg,healthy,0.4464840292930603,0.0,1.6878089904785156,1605.507568359375,597.5316772460938
ID_j63MMY.jpeg,anthracnose,0.36477094888687134,1152.4105224609375,430.9392395019531,3015.737060546875,1979.3843994140625
ID_j63MMY.jpeg,healthy,0.3220614492893219,1062.829833984375,394.2248840332031,3024.0,1964.0340576171875
ID_j63MMY.jpeg,healthy,0.25421470403671265,17.38854217529297,1091.818115234375,2628.16015625,3014.039794921875
ID_xC735g.jpg,cssvd,0.3002602458000183,260.73870849609375,5.054440498352051,751.8289794921875,739.3864135742188
ID_s56Oky.jpg,2,1.0,,,,
ID_g0tFhP.jpeg,anthracnose,0.7621703743934631,196.88388061523438,0.0,3024.0,2419.174072265625
ID_g0tFhP.jpeg,anthracnose,0.5673786997795105,290.5410461425781,816.7296142578125,3024.0,2436.81005859375
ID_WIPv18.jpg,2,1.0,,,,
ID_cMaGkt.jpg,anthracnose,0.43615972995758057,1017.5142211914062,21.290142059326172,2049.2138671875,2060.812744140625
ID_cMaGkt.jpg,healthy,0.2889172434806824,160.24220275878906,969.1573486328125,1111.51025390625,2006.2633056640625
ID_cMaGkt.jpg,healthy,0.25632619857788086,1549.095703125,1923.6102294921875,1867.0360107421875,2405.02197265625
ID_sWApFk.jpeg,healthy,0.6382710933685303,2154.033447265625,3164.560791015625,3024.0,4032.0
ID_sWApFk.jpeg,healthy,0.46828874945640564,80.63775634765625,1607.2276611328125,984.1744995117188,3349.60693359375
ID_sWApFk.jpeg,healthy,0.292900413274765,798.0285034179688,1496.9932861328125,1204.657958984375,2097.238525390625
ID_sWApFk.jpeg,healthy,0.2670944631099701,98.48555755615234,1731.5738525390625,1084.1917724609375,3698.846923828125
ID_sWApFk.jpeg,healthy,0.25818413496017456,132.52120971679688,1979.4327392578125,977.112548828125,3544.497802734375
ID_DcMUYA.jpg,healthy,0.8665189743041992,974.707275390625,666.076171875,3135.567138671875,1859.838134765625
ID_DcMUYA.jpg,healthy,0.3837569057941437,2265.234619140625,1646.865478515625,3173.0830078125,2045.831787109375
ID_wSnNtD.JPG,healthy,0.49145936965942383,0.0,1617.70849609375,2609.307861328125,2448.0
ID_wSnNtD.JPG,healthy,0.41020309925079346,787.094970703125,0.0,3264.0,1698.44677734375
ID_wSnNtD.JPG,cssvd,0.40763404965400696,795.3364868164062,0.0,3264.0,1760.8734130859375
ID_ras2bs.jpg,anthracnose,0.6829916834831238,259.4888000488281,1.5505599975585938,1276.669921875,396.8528747558594
ID_ras2bs.jpg,anthracnose,0.6462479829788208,443.125,321.8424987792969,1277.8804931640625,951.3947143554688
ID_ras2bs.jpg,anthracnose,0.5168175101280212,207.987060546875,317.7604675292969,1280.0,811.8132934570312
ID_ras2bs.jpg,anthracnose,0.36260661482810974,27.156982421875,320.99310302734375,1112.919189453125,738.89794921875
ID_ras2bs.jpg,anthracnose,0.3104783892631531,47.46002197265625,641.8890380859375,701.460693359375,866.2078857421875
ID_ras2bs.jpg,anthracnose,0.2729754149913788,214.50363159179688,18.20180892944336,1238.64794921875,652.1564331054688
ID_kHJXVe.jpg,anthracnose,0.7700307369232178,552.3768920898438,230.69091796875,2048.0,1221.8111572265625
ID_kHJXVe.jpg,anthracnose,0.36539849638938904,6.4722900390625,178.5968017578125,1709.214111328125,1403.9451904296875
ID_xhV160.jpeg,healthy,0.45635518431663513,343.7441711425781,1122.9945068359375,3024.0,3994.035888671875
ID_xhV160.jpeg,healthy,0.33224961161613464,403.1522521972656,466.9712829589844,3024.0,3566.35546875
ID_xhV160.jpeg,anthracnose,0.314775288105011,425.7637939453125,11.743285179138184,2945.746826171875,2447.607421875
ID_sBkTP4.jpg,cssvd,0.4186024069786072,320.28765869140625,207.25074768066406,1280.0,836.0300903320312
ID_fYpTjz.jpeg,anthracnose,0.8476956486701965,349.5362548828125,607.0536499023438,3525.12109375,2380.808349609375
ID_fYpTjz.jpeg,anthracnose,0.3146899938583374,213.02272033691406,1566.3621826171875,3364.336181640625,3024.0
ID_yWCG8L.jpg,healthy,0.6766413450241089,833.5430908203125,1634.07421875,1973.6304931640625,2360.940185546875
ID_yWCG8L.jpg,anthracnose,0.6675871014595032,1161.0587158203125,59.98273849487305,3188.43701171875,1760.8287353515625
ID_yWCG8L.jpg,healthy,0.5301884412765503,222.86453247070312,1950.5709228515625,737.3460693359375,2447.831787109375
ID_yWCG8L.jpg,healthy,0.2637231945991516,35.69070053100586,0.27382850646972656,1352.6353759765625,538.378173828125
ID_yWCG8L.jpg,healthy,0.25089460611343384,350.5501708984375,698.9263916015625,840.302490234375,1525.4263916015625
ID_G88tEZ.JPG,anthracnose,0.5226940512657166,575.9579467773438,8.189369201660156,2255.427001953125,1650.2747802734375
ID_G88tEZ.JPG,anthracnose,0.3078293204307556,1180.065673828125,1027.5111083984375,2659.325439453125,2047.59130859375
ID_G88tEZ.JPG,anthracnose,0.26677215099334717,1072.978271484375,1032.4947509765625,2536.717529296875,2448.0
ID_h4jJyb.jpg,cssvd,0.5795084834098816,314.7236633300781,43.92127990722656,1280.0,789.8702392578125
ID_hyg7lD.jpeg,healthy,0.8525999188423157,770.810302734375,2058.71337890625,3516.87451171875,3024.0
ID_hyg7lD.jpeg,healthy,0.5510244369506836,0.0,1259.44140625,678.7566528320312,2076.15576171875
ID_hyg7lD.jpeg,anthracnose,0.3732432723045349,1208.115478515625,600.1439819335938,4032.0,2117.816650390625
ID_hyg7lD.jpeg,healthy,0.26418477296829224,1563.0721435546875,575.766845703125,4032.0,2124.658447265625
ID_hyg7lD.jpeg,healthy,0.262874573469162,1384.2618408203125,2.0866897106170654,2319.1787109375,609.5294799804688
ID_xjnuvj.jpg,healthy,0.7936500310897827,50.485984802246094,138.1111297607422,369.2412109375,302.2644348144531
ID_xjnuvj.jpg,healthy,0.6169824600219727,69.58967590332031,38.573143005371094,292.2164306640625,141.46641540527344
ID_xjnuvj.jpg,healthy,0.43344593048095703,0.0,170.3883514404297,66.91963195800781,411.5849914550781
ID_xjnuvj.jpg,healthy,0.40748414397239685,0.0,126.95249938964844,43.715946197509766,248.45208740234375
ID_xjnuvj.jpg,healthy,0.3744344711303711,292.9869689941406,311.63525390625,367.189697265625,416.0
ID_xjnuvj.jpg,healthy,0.33040502667427063,45.59973907470703,2.322175979614258,152.5109405517578,108.68310546875
ID_xjnuvj.jpg,healthy,0.25040680170059204,0.0,324.3092956542969,162.3403778076172,415.940673828125
ID_xjnuvj.jpg,healthy,0.25001364946365356,0.0,356.7637634277344,175.70196533203125,416.0
ID_dVZmRt.jpeg,healthy,0.7014849781990051,1125.0269775390625,0.0,4032.0,2474.413818359375
ID_dVZmRt.jpeg,anthracnose,0.26309913396835327,7.657744884490967,0.25798988342285156,3224.83642578125,604.4141235351562
ID_MISf6G.jpeg,anthracnose,0.6958947777748108,0.0,942.635986328125,1800.0,4000.0
ID_MISf6G.jpeg,anthracnose,0.48391497135162354,38.89608383178711,222.09596252441406,1729.435791015625,3507.693115234375
ID_MISf6G.jpeg,anthracnose,0.2527763843536377,94.91264343261719,459.9411315917969,1746.6949462890625,2648.620361328125
ID_UMhEPd.jpeg,2,1.0,,,,
ID_vOd4du.jpeg,healthy,0.7938435077667236,655.1940307617188,10.23271656036377,3666.388427734375,1235.3729248046875
ID_vOd4du.jpeg,healthy,0.7215678095817566,384.1419982910156,1348.0308837890625,3551.043701171875,3024.0
ID_vOd4du.jpeg,healthy,0.3935296833515167,0.0,0.0,2143.979736328125,650.407470703125
ID_vOd4du.jpeg,healthy,0.3627583384513855,0.0,2191.2109375,3097.953857421875,3024.0
ID_vOd4du.jpeg,healthy,0.2852386236190796,0.0,0.0788268968462944,1523.940185546875,823.3359375
ID_u4wMMp.jpg,cssvd,0.5717455148696899,3.7233734130859375,301.3299560546875,685.3189086914062,1280.0
ID_u4wMMp.jpg,cssvd,0.28184381127357483,0.0,17.996978759765625,960.0,975.89306640625
ID_xEe0aD.jpg,anthracnose,0.553999125957489,2117.47705078125,26.956523895263672,3094.839599609375,2043.4771728515625
ID_xEe0aD.jpg,anthracnose,0.4825422465801239,181.33096313476562,381.5780944824219,2955.10693359375,3700.324462890625
ID_xEe0aD.jpg,anthracnose,0.35898658633232117,461.1519775390625,0.0,2757.0791015625,3415.397705078125
ID_xMdu8u.jpg,2,1.0,,,,
ID_nFwzTz.jpeg,anthracnose,0.5189334154129028,764.1224975585938,2546.7763671875,3718.476806640625,3024.0
ID_nFwzTz.jpeg,anthracnose,0.4279630482196808,1371.9481201171875,11.833647727966309,4032.0,2085.628173828125
ID_nFwzTz.jpeg,cssvd,0.3183326721191406,1402.26953125,25.560583114624023,4032.0,2082.700927734375
ID_nFwzTz.jpeg,anthracnose,0.3124121129512787,785.9810791015625,2583.62939453125,2970.591796875,3024.0
ID_AypcIr.jpeg,healthy,0.7799283862113953,322.7354736328125,73.95217895507812,1245.327880859375,431.927490234375
ID_AypcIr.jpeg,healthy,0.47708389163017273,377.178955078125,0.718994140625,716.6644897460938,167.56431579589844
ID_AypcIr.jpeg,healthy,0.3554530441761017,93.84949493408203,1.2854766845703125,364.9315490722656,198.36846923828125
ID_AypcIr.jpeg,healthy,0.27943506836891174,293.05645751953125,417.86956787109375,702.8300170898438,574.1691284179688
ID_deLiI1.jpeg,cssvd,0.4954127371311188,1345.0205078125,0.0,3978.014892578125,1901.9942626953125
ID_deLiI1.jpeg,healthy,0.4160125255584717,1191.1888427734375,0.0,3999.696533203125,1902.759765625
ID_deLiI1.jpeg,healthy,0.27687570452690125,793.9700317382812,1609.68994140625,3055.2412109375,2496.09375
ID_deLiI1.jpeg,healthy,0.25970175862312317,1168.75439453125,1629.519287109375,3021.180419921875,2661.21533203125
ID_Lm86ip.jpg,cssvd,0.4774954319000244,94.11779022216797,19.928855895996094,1037.0928955078125,682.3001708984375
ID_SEpvrY.jpeg,anthracnose,0.6635830402374268,1089.9847412109375,902.8062744140625,3603.11181640625,2010.8818359375
ID_SEpvrY.jpeg,anthracnose,0.391224205493927,553.1278686523438,865.0296020507812,3849.90185546875,2072.65625
ID_SEpvrY.jpeg,healthy,0.2840037941932678,1272.688232421875,2329.39599609375,1658.495849609375,2642.72705078125
ID_HXYnQl.jpeg,healthy,0.36107534170150757,1388.1058349609375,17.116010665893555,4032.0,2412.320556640625
ID_wlkIm8.jpg,anthracnose,0.547882616519928,822.0621337890625,497.5997314453125,3264.0,1663.4212646484375
ID_wlkIm8.jpg,healthy,0.4825700521469116,538.7124633789062,1317.1356201171875,1227.73876953125,2034.928466796875
ID_wlkIm8.jpg,healthy,0.39730122685432434,2351.786865234375,2042.0804443359375,2691.3916015625,2447.498291015625
ID_wlkIm8.jpg,healthy,0.37488698959350586,2358.1865234375,2032.4832763671875,3264.0,2447.514404296875
ID_wlkIm8.jpg,healthy,0.2823515832424164,0.5100116729736328,1284.8240966796875,754.1660766601562,2448.0
ID_wlkIm8.jpg,cssvd,0.266501784324646,827.6561889648438,496.50213623046875,3264.0,1674.7635498046875
ID_FfJt83.JPG,healthy,0.5124229192733765,622.213134765625,568.8313598632812,3264.0,2357.943603515625
ID_FfJt83.JPG,healthy,0.25927674770355225,180.30755615234375,613.6016845703125,2991.077392578125,2220.443359375
ID_SwIxej.jpg,cssvd,0.3162452280521393,291.4721374511719,0.0,1080.0,746.03857421875
ID_SwIxej.jpg,healthy,0.2855028510093689,0.0,5.633250713348389,158.28224182128906,370.64251708984375
ID_OGZ0NT.jpeg,healthy,0.6760887503623962,842.9534912109375,261.85986328125,3024.0,2120.406494140625
ID_OGZ0NT.jpeg,healthy,0.5074889063835144,781.4275512695312,1936.902587890625,3024.0,2913.663818359375
ID_OGZ0NT.jpeg,healthy,0.4061882197856903,1809.765380859375,0.0,3024.0,479.7612609863281
ID_OGZ0NT.jpeg,anthracnose,0.2524680197238922,55.873077392578125,2530.7998046875,1715.497314453125,3024.0
ID_CqDi1f.jpg,2,1.0,,,,
ID_y680f0.jpeg,2,1.0,,,,
ID_VxelQD.jpg,healthy,0.6680313944816589,880.7709350585938,428.1687316894531,3202.2509765625,1696.981689453125
ID_VxelQD.jpg,healthy,0.3245147466659546,812.9599609375,1697.8837890625,3264.0,2423.906494140625
ID_VxelQD.jpg,anthracnose,0.2624054253101349,0.0,0.0,1169.5799560546875,359.7699890136719
ID_BB69K4.jpg,anthracnose,0.7266865968704224,900.2549438476562,1008.3397216796875,4021.0439453125,2891.1787109375
ID_BB69K4.jpg,anthracnose,0.6835898756980896,647.7252197265625,3.612107276916504,3671.642578125,1312.5670166015625
ID_wUf2JH.jpg,cssvd,0.5668885111808777,309.7616882324219,99.3328857421875,1280.0,960.0
ID_pIZoja.jpeg,healthy,0.5585966110229492,1011.234130859375,166.9281005859375,4000.0,1783.4698486328125
ID_pIZoja.jpeg,cssvd,0.4153321385383606,1822.42236328125,151.68797302246094,3996.321533203125,1735.3599853515625
ID_pIZoja.jpeg,healthy,0.40886563062667847,57.5759391784668,6.554603099822998,1708.972412109375,1057.046630859375
ID_XlQcW0.JPG,healthy,0.5455908179283142,0.0,0.0,1216.3216552734375,616.2822265625
ID_XlQcW0.JPG,anthracnose,0.45049944519996643,946.8995361328125,232.97425842285156,3264.0,2134.2685546875
ID_XlQcW0.JPG,healthy,0.42263585329055786,435.9048156738281,1633.3236083984375,2066.59912109375,2448.0
ID_XlQcW0.JPG,healthy,0.36732950806617737,2.065824508666992,0.0,1369.70166015625,773.2435302734375
ID_XlQcW0.JPG,healthy,0.3415524661540985,1990.2574462890625,1605.17431640625,3263.650390625,2446.213134765625
ID_XlQcW0.JPG,healthy,0.2640375792980194,2719.8291015625,0.0,3264.0,451.08740234375
ID_yxPJao.jpg,anthracnose,0.8782409429550171,321.8896484375,73.41102600097656,1280.0,738.6669311523438
ID_yxPJao.jpg,anthracnose,0.3887682557106018,66.89193725585938,719.8413696289062,972.1621704101562,960.0
ID_yxPJao.jpg,anthracnose,0.31828317046165466,923.923583984375,0.49648284912109375,1255.30078125,189.86041259765625
ID_yxPJao.jpg,anthracnose,0.29829227924346924,319.46728515625,436.11859130859375,1280.0,957.7433471679688
ID_yxPJao.jpg,anthracnose,0.2628084719181061,400.7182922363281,578.631591796875,1277.7728271484375,960.0
ID_xjXxDQ.jpg,healthy,0.8235113620758057,254.77200317382812,350.79180908203125,416.0,415.8697509765625
ID_xjXxDQ.jpg,healthy,0.6931325197219849,184.1392364501953,152.00552368164062,415.7530212402344,371.0289306640625
ID_xjXxDQ.jpg,healthy,0.49048706889152527,80.72786712646484,56.845733642578125,156.84939575195312,258.4483337402344
ID_xjXxDQ.jpg,healthy,0.34254711866378784,139.52197265625,123.49496459960938,194.99317932128906,291.19512939453125
ID_xjXxDQ.jpg,healthy,0.30242085456848145,230.15753173828125,156.99720764160156,413.9684753417969,343.78155517578125
ID_xjXxDQ.jpg,healthy,0.2883838415145874,121.57595825195312,333.2518005371094,182.59910583496094,416.0
ID_xjXxDQ.jpg,healthy,0.26776689291000366,207.3775177001953,128.413818359375,300.6896667480469,299.9974060058594
ID_xjXxDQ.jpg,healthy,0.2602549195289612,90.0168228149414,15.49328899383545,162.3800048828125,127.9024887084961
ID_xjXxDQ.jpg,healthy,0.25803062319755554,143.717529296875,70.76760864257812,217.6999053955078,265.4878234863281
ID_xjXxDQ.jpg,healthy,0.2568594515323639,180.92050170898438,235.21099853515625,416.0,360.74810791015625
ID_E27ZzV.jpg,anthracnose,0.7867735624313354,211.60809326171875,82.9957275390625,1913.354736328125,1373.0140380859375
ID_QtgSTU.JPG,cssvd,0.4805819094181061,413.38763427734375,114.71244812011719,2625.355224609375,2438.703857421875
ID_QtgSTU.JPG,anthracnose,0.3322572708129883,2391.72314453125,8.288297653198242,3260.83251953125,1299.726806640625
ID_QtgSTU.JPG,anthracnose,0.2591882348060608,986.2117919921875,367.86712646484375,3264.0,2439.2900390625
ID_dysUbD.jpg,cssvd,0.4439956247806549,159.21066284179688,97.77900695800781,1205.588623046875,956.7166137695312
ID_dysUbD.jpg,cssvd,0.2643008828163147,289.0400695800781,0.0,1243.1654052734375,368.0694580078125
ID_Byn4Lt.JPG,healthy,0.7649612426757812,1193.604736328125,908.3872680664062,2899.9501953125,1731.4771728515625
ID_Byn4Lt.JPG,healthy,0.7591390013694763,1056.243896484375,1995.6951904296875,2406.14453125,2447.4013671875
ID_Byn4Lt.JPG,healthy,0.5239031910896301,1201.7216796875,890.7213745117188,2818.721923828125,1527.5338134765625
ID_Byn4Lt.JPG,healthy,0.2701285183429718,1096.4061279296875,1517.7423095703125,3100.343994140625,2217.56787109375
ID_u9WVkY.jpeg,healthy,0.7526159286499023,1031.92724609375,1031.36083984375,4032.0,2258.151123046875
ID_u9WVkY.jpeg,healthy,0.514215350151062,1188.8846435546875,665.9093017578125,4032.0,2351.62451171875
ID_u9WVkY.jpeg,healthy,0.3438720703125,374.614013671875,0.0,1263.547607421875,923.8981323242188
ID_u9WVkY.jpeg,healthy,0.3015599250793457,1212.8955078125,1806.2520751953125,3993.080322265625,3012.620849609375
ID_xQCzG9.jpg,anthracnose,0.5054605007171631,904.1561889648438,9.032546997070312,1829.8992919921875,1883.175537109375
ID_xQCzG9.jpg,anthracnose,0.36772334575653076,2543.718017578125,24.329784393310547,3264.0,2057.097412109375
ID_xQCzG9.jpg,anthracnose,0.30943048000335693,2063.34228515625,81.043701171875,3264.0,2107.9306640625
ID_xQCzG9.jpg,anthracnose,0.27795475721359253,2216.469482421875,704.0258178710938,3264.0,1955.27392578125
ID_xQCzG9.jpg,anthracnose,0.2597828805446625,2499.683837890625,1287.2633056640625,3264.0,2079.8984375
ID_u0rBGo.jpg,cssvd,0.3352252244949341,768.3851318359375,1934.5599365234375,2964.95703125,2448.0
ID_u0rBGo.jpg,anthracnose,0.319976270198822,628.2915649414062,382.9779968261719,2333.63671875,1667.2017822265625
ID_dQUYHz.jpg,cssvd,0.48566940426826477,316.2353210449219,128.26087951660156,1280.0,835.7650756835938
ID_dQUYHz.jpg,healthy,0.4080246090888977,272.05780029296875,112.4456787109375,1280.0,842.080810546875
ID_W1qnJU.jpg,healthy,0.2854580879211426,67.58416748046875,844.805419921875,675.9774780273438,1189.819091796875
ID_W1qnJU.jpg,healthy,0.2802739441394806,1023.1736450195312,700.910400390625,1520.141845703125,1267.343505859375
ID_kzvDfU.jpg,cssvd,0.5726563930511475,307.92572021484375,107.84469604492188,1280.0,935.548828125
ID_kzvDfU.jpg,healthy,0.5029604434967041,1.43096923828125,0.0,679.188232421875,209.99984741210938
ID_kzvDfU.jpg,healthy,0.3618679940700531,0.0,0.0,693.0054931640625,296.6296081542969
ID_VKEJtT.jpg,healthy,0.32376208901405334,998.931884765625,1007.7299194335938,2046.766845703125,1536.0
ID_VKEJtT.jpg,healthy,0.3061135709285736,151.44091796875,180.62745666503906,571.861572265625,475.5853271484375
ID_mn0W1x.jpeg,cssvd,0.40849244594573975,178.71922302246094,741.912109375,2461.16162109375,3024.0
ID_Genxyu.jpg,healthy,0.9179757833480835,1093.7225341796875,975.1029663085938,3071.5732421875,1800.1773681640625
ID_Genxyu.jpg,healthy,0.31080612540245056,628.5327758789062,0.0,3157.724365234375,1251.0145263671875
ID_RFzAKt.jpg,cssvd,0.32882437109947205,40.54840087890625,7.461395263671875,1153.34033203125,614.1897583007812
ID_RFzAKt.jpg,cssvd,0.29474592208862305,314.6351318359375,756.2308959960938,1280.0,960.0
ID_RFzAKt.jpg,healthy,0.28434765338897705,0.0,746.142578125,1032.429443359375,960.0
ID_y48AlE.jpeg,anthracnose,0.9247111678123474,1158.54248046875,16.41089630126953,4032.0,2617.10205078125
ID_WkurxP.jpg,cssvd,0.36466342210769653,0.0,0.0,876.7845458984375,739.9937744140625
ID_WkurxP.jpg,cssvd,0.3485266864299774,120.76915740966797,0.0,1022.989990234375,707.4853515625
ID_cJnedj.jpg,anthracnose,0.7684827446937561,791.29296875,673.571044921875,2027.19140625,1536.0
ID_cJnedj.jpg,anthracnose,0.504490852355957,540.8309936523438,3.7169189453125,1991.09912109375,1327.1041259765625
ID_cJnedj.jpg,anthracnose,0.2590074837207794,628.2243041992188,40.47265625,1743.736572265625,1229.21728515625
ID_W4FtX5.jpeg,anthracnose,0.8483067750930786,517.01806640625,64.3167495727539,3477.678466796875,1414.1290283203125
ID_JbpQxv.jpg,cssvd,0.2627314627170563,131.3922882080078,157.22581481933594,987.4722900390625,669.2533569335938
ID_CP7YI8.jpg,cssvd,0.38551652431488037,309.0691833496094,86.04972839355469,1280.0,958.7522583007812
ID_IQXVr3.jpg,healthy,0.7092230916023254,77.17787170410156,131.08950805664062,281.87188720703125,274.6991882324219
ID_IQXVr3.jpg,healthy,0.7021932601928711,0.0,0.0,65.06865692138672,113.32051086425781
ID_IQXVr3.jpg,healthy,0.4577246606349945,4.586832523345947,280.06072998046875,75.701171875,414.5469055175781
ID_IQXVr3.jpg,healthy,0.4140629470348358,0.06919193267822266,0.0,71.02222442626953,84.86714935302734
ID_IQXVr3.jpg,healthy,0.29279446601867676,0.0,0.0,55.76445388793945,144.25802612304688
ID_RhqCpy.jpg,cssvd,0.4879620373249054,316.4718933105469,0.0,1280.0,879.40869140625
ID_kHv0oq.jpeg,anthracnose,0.84425950050354,1212.4332275390625,5.311442852020264,4032.0,1601.7645263671875
ID_rDTwtK.jpg,anthracnose,0.5308939814567566,545.8480834960938,227.48854064941406,2587.165771484375,1668.3277587890625
ID_rDTwtK.jpg,healthy,0.3465025722980499,0.36392927169799805,1241.888916015625,357.2509460449219,2107.269287109375
ID_JlqtTb.jpg,cssvd,0.49998223781585693,269.6482849121094,0.0,1080.0,655.1898193359375
ID_jLH9Ls.jpg,2,1.0,,,,
ID_NoKFT1.jpeg,healthy,0.7831884026527405,672.4720458984375,469.2440490722656,4020.67578125,2070.3271484375
ID_NoKFT1.jpeg,healthy,0.6868245005607605,2041.8560791015625,0.0,4029.98681640625,1150.6871337890625
ID_NoKFT1.jpeg,healthy,0.4876333475112915,2941.926025390625,1831.3372802734375,4032.0,3020.771240234375
ID_NoKFT1.jpeg,healthy,0.3826060891151428,174.82028198242188,457.58367919921875,3581.84521484375,1929.7567138671875
ID_NoKFT1.jpeg,healthy,0.358228862285614,3052.514892578125,1351.2890625,4030.306884765625,3024.0
ID_NoKFT1.jpeg,healthy,0.33655846118927,547.9058227539062,1.3271397352218628,2527.515869140625,669.1053466796875
ID_NoKFT1.jpeg,healthy,0.3329518735408783,0.0,2469.724853515625,1142.4764404296875,3024.0
ID_NoKFT1.jpeg,healthy,0.29891738295555115,2236.820556640625,0.0,4032.0,718.5191040039062
ID_ZLCtK8.jpeg,anthracnose,0.8416775465011597,1006.45751953125,6.9680094718933105,4032.0,2155.724365234375
ID_ZLCtK8.jpeg,anthracnose,0.2649206519126892,282.6470642089844,10.678400993347168,3728.08349609375,1932.0672607421875
ID_rcw57Y.JPG,healthy,0.35544276237487793,1867.33251953125,1718.9029541015625,2499.23095703125,2425.14892578125
ID_MZzLPS.jpg,cssvd,0.4050288796424866,264.72308349609375,0.0,1080.0,588.0330810546875
ID_MZzLPS.jpg,anthracnose,0.3235988914966583,306.9989929199219,0.0,1080.0,590.3695678710938
ID_MZzLPS.jpg,cssvd,0.2759706676006317,0.0,0.0,948.8558349609375,622.5350952148438
ID_qnh2w8.jpg,anthracnose,0.8984133005142212,1017.9915161132812,413.6767578125,4128.0,2849.715576171875
ID_ZAPBMc.jpg,2,1.0,,,,
ID_fnfBmB.jpg,cssvd,0.2584567070007324,271.46990966796875,188.74130249023438,1080.0,810.0
ID_RVvzmV.jpeg,healthy,0.7398571372032166,1196.128662109375,748.38232421875,4032.0,2314.304931640625
ID_RVvzmV.jpeg,healthy,0.35859933495521545,0.0,19.329051971435547,427.8560485839844,1101.794189453125
ID_RVvzmV.jpeg,anthracnose,0.31161364912986755,0.0,1514.8326416015625,1258.216064453125,3019.08544921875
ID_DzdeNP.jpg,healthy,0.686659038066864,106.62946319580078,239.5628204345703,416.0,415.0658874511719
ID_DzdeNP.jpg,healthy,0.461191326379776,38.92095184326172,204.58937072753906,399.1628723144531,416.0
ID_DzdeNP.jpg,healthy,0.4427723288536072,7.755347728729248,88.09870147705078,254.35202026367188,215.71812438964844
ID_DzdeNP.jpg,healthy,0.410775750875473,0.0,173.73544311523438,347.5584716796875,412.6902770996094
ID_DzdeNP.jpg,healthy,0.2872593104839325,153.02244567871094,128.1728057861328,389.6242370605469,268.9983215332031
ID_MgUkMn.jpeg,healthy,0.36195725202560425,944.2398071289062,0.0,2205.91455078125,604.3634033203125
ID_MgUkMn.jpeg,healthy,0.2578577697277069,345.9241638183594,655.5311279296875,2106.0009765625,3476.7919921875
ID_Ut8r1t.jpg,2,1.0,,,,
ID_yFxM4p.jpg,healthy,0.6707488894462585,703.4118041992188,425.17987060546875,3174.6787109375,1729.341796875
ID_yFxM4p.jpg,healthy,0.3016505539417267,204.08209228515625,380.93988037109375,2870.94873046875,1798.3948974609375
ID_hJ9RCx.jpeg,anthracnose,0.7268198132514954,26.981630325317383,1326.3385009765625,3024.0,3395.6142578125
ID_hJ9RCx.jpeg,anthracnose,0.2806658446788788,414.3826904296875,1683.993408203125,3022.9345703125,3333.66845703125
ID_lGeS0D.jpg,cssvd,0.5540540218353271,101.4339599609375,9.375537872314453,416.0,270.9670104980469
ID_lGeS0D.jpg,healthy,0.5254659652709961,3.280994176864624,312.90771484375,319.12469482421875,403.0407409667969
ID_A1HcV0.jpeg,anthracnose,0.7064123153686523,798.7511596679688,951.3367919921875,3803.52587890625,2696.78125
ID_A1HcV0.jpeg,anthracnose,0.651870608329773,70.9220962524414,1.2488535642623901,2546.246337890625,1682.4254150390625
ID_A1HcV0.jpeg,healthy,0.3312360942363739,0.0,2345.42626953125,717.4776000976562,3024.0
ID_SXgYVp.jpg,healthy,0.9010641574859619,423.53204345703125,986.4617309570312,1900.15380859375,1684.804443359375
ID_SXgYVp.jpg,healthy,0.35149914026260376,446.60113525390625,984.9598388671875,1865.172607421875,1459.025390625
ID_SXgYVp.jpg,healthy,0.30793461203575134,198.32566833496094,2.9134769439697266,564.72705078125,454.36572265625
ID_whmkuD.jpg,cssvd,0.5912373661994934,313.66058349609375,3.3347320556640625,1280.0,568.772705078125
ID_WILZpn.jpg,anthracnose,0.6515212655067444,321.65191650390625,0.0,1274.8919677734375,770.7498168945312
ID_WILZpn.jpg,anthracnose,0.2680739760398865,432.6080322265625,156.11419677734375,1280.0,779.0499267578125
ID_OF78RK.jpeg,cssvd,0.5376736521720886,959.484375,436.97930908203125,4032.0,2434.650634765625
ID_d9Rp5A.jpeg,healthy,0.628305196762085,0.0,1.1655806303024292,2999.353759765625,973.1893310546875
ID_d9Rp5A.jpeg,healthy,0.62148517370224,0.0,0.0,2644.1806640625,489.6778259277344
ID_d9Rp5A.jpeg,healthy,0.4661707282066345,569.4695434570312,497.0588684082031,3020.071044921875,2863.826904296875
ID_d9Rp5A.jpeg,healthy,0.29260846972465515,13.307085990905762,805.5744018554688,3024.0,2970.293212890625
ID_XIQOkX.jpg,anthracnose,0.7885075807571411,125.9295654296875,9.183502197265625,1098.9979248046875,653.9847412109375
ID_XIQOkX.jpg,healthy,0.4450331926345825,1020.1806640625,1.0143280029296875,1280.0,383.8756408691406
ID_bu0b88.jpg,healthy,0.7608370184898376,552.9901733398438,379.212890625,3007.026611328125,1902.1650390625
ID_OQADav.jpg,cssvd,0.46984004974365234,309.6427001953125,304.6208190917969,949.3737182617188,1280.0
ID_OQADav.jpg,anthracnose,0.27292126417160034,0.0,0.0,407.7461853027344,765.3086547851562
ID_XWdLBZ.jpg,anthracnose,0.7100152373313904,554.0894775390625,879.313232421875,3966.47021484375,2718.606201171875
ID_XWdLBZ.jpg,anthracnose,0.5054635405540466,0.0,626.61083984375,3182.482421875,2945.1962890625
ID_XWdLBZ.jpg,anthracnose,0.4042155146598816,0.0,2703.665283203125,3107.10205078125,3096.0
ID_JfM7dx.jpg,anthracnose,0.6183339953422546,790.928955078125,414.75,2048.0,1225.5015869140625
ID_JfM7dx.jpg,anthracnose,0.5225194096565247,61.1513671875,734.5601806640625,1116.729736328125,1315.1947021484375
ID_bOtZ4G.JPG,healthy,0.6726505160331726,826.4573974609375,713.4618530273438,3264.0,2293.126220703125
ID_bOtZ4G.JPG,healthy,0.6352033019065857,62.01889419555664,4.081844329833984,1928.5159912109375,884.5755615234375
ID_bOtZ4G.JPG,healthy,0.5183327198028564,1.2867507934570312,1314.9061279296875,1000.87109375,2446.73388671875
ID_bOtZ4G.JPG,healthy,0.35242804884910583,10.207626342773438,1573.65087890625,1239.1800537109375,2448.0
ID_bOtZ4G.JPG,healthy,0.27924489974975586,233.8736572265625,0.0,1953.667724609375,691.04541015625
ID_ByeZGA.jpg,cssvd,0.5619329214096069,310.4798889160156,0.0,1280.0,798.8868408203125
ID_oLdD1g.jpeg,anthracnose,0.8503453135490417,765.1881713867188,671.2137451171875,3021.95654296875,2203.890380859375
ID_oLdD1g.jpeg,anthracnose,0.48469194769859314,0.0,190.04037475585938,2453.166259765625,2057.497314453125
ID_oLdD1g.jpeg,anthracnose,0.38601478934288025,382.0634460449219,398.00787353515625,3009.2861328125,2129.30126953125
ID_c7a5gM.jpeg,healthy,0.7425646185874939,0.0,2393.709716796875,3013.175048828125,3024.0
ID_c7a5gM.jpeg,healthy,0.5586128830909729,1384.634765625,367.9754943847656,4032.0,2422.116943359375
ID_Pt0I7A.jpeg,healthy,0.6290727257728577,402.87823486328125,268.218505859375,924.9845581054688,574.1434936523438
ID_Pt0I7A.jpeg,healthy,0.5714161992073059,421.8592834472656,27.40647315979004,879.8096923828125,309.5172119140625
ID_Pt0I7A.jpeg,healthy,0.4280990660190582,42.45918273925781,1.8793296813964844,390.068359375,257.23321533203125
ID_Pt0I7A.jpeg,healthy,0.2862339913845062,421.77947998046875,24.868087768554688,970.3104858398438,416.3707580566406
ID_iUsEQV.jpg,healthy,0.885812520980835,925.839599609375,616.6842041015625,1369.342529296875,1070.222412109375
ID_YqssVm.jpg,healthy,0.4360460340976715,322.0184326171875,183.12867736816406,1280.0,640.0272827148438
ID_MzjZem.jpeg,cssvd,0.3159533143043518,180.15956115722656,704.7572631835938,2177.313232421875,3024.0
ID_g4XGP8.jpg,cssvd,0.44251465797424316,320.3664855957031,179.61976623535156,1080.0,810.0
ID_g4XGP8.jpg,cssvd,0.2509738504886627,270.3758239746094,0.0,1080.0,284.40380859375
ID_j45oce.jpeg,healthy,0.7476004362106323,352.0066833496094,30.232009887695312,1261.4451904296875,403.40618896484375
ID_j45oce.jpeg,healthy,0.6458641886711121,196.5771484375,278.6855163574219,857.5442504882812,572.2258911132812
ID_j45oce.jpeg,healthy,0.5729023814201355,208.5654296875,0.6916427612304688,584.0637817382812,183.51580810546875
ID_j45oce.jpeg,healthy,0.4183238446712494,0.0,12.49908447265625,211.9918975830078,407.41839599609375
ID_j45oce.jpeg,healthy,0.3602260649204254,807.1985473632812,355.66351318359375,1083.484375,574.6895751953125
ID_Fb4rRp.jpg,healthy,0.3569680452346802,1844.9639892578125,1452.0068359375,2400.375732421875,2446.170654296875
ID_tjZYmM.jpg,healthy,0.8149771690368652,735.73388671875,758.1044311523438,2449.556640625,1454.06298828125
ID_tjZYmM.jpg,healthy,0.638109564781189,426.0080871582031,144.85284423828125,1850.2471923828125,1048.895263671875
ID_tjZYmM.jpg,healthy,0.5784977078437805,692.219970703125,1422.9490966796875,2538.77978515625,2324.78857421875
ID_tjZYmM.jpg,healthy,0.43754300475120544,0.0,346.33807373046875,482.0284118652344,1149.775390625
ID_tjZYmM.jpg,healthy,0.33739402890205383,1101.0238037109375,1513.3671875,2461.387451171875,2322.36328125
ID_tjZYmM.jpg,healthy,0.32319799065589905,896.6102294921875,0.0,1934.084228515625,307.20513916015625
ID_YBVOuf.jpg,healthy,0.6287041306495667,522.8064575195312,41.160850524902344,1767.0780029296875,1194.0880126953125
ID_YBVOuf.jpg,anthracnose,0.5852762460708618,975.7107543945312,833.6773071289062,2904.180419921875,1765.5142822265625
ID_YBVOuf.jpg,healthy,0.4395717978477478,20.766414642333984,0.5256729125976562,662.43798828125,1016.038330078125
ID_YBVOuf.jpg,healthy,0.4230309724807739,455.0379943847656,167.36776733398438,1639.841796875,1105.6669921875
ID_YBVOuf.jpg,healthy,0.3281939625740051,1.222111701965332,1027.009765625,762.3479614257812,2005.072265625
ID_nztqNY.jpg,anthracnose,0.6097116470336914,1328.26220703125,0.0,2448.0,2096.222412109375
ID_nztqNY.jpg,anthracnose,0.48933640122413635,793.3314208984375,866.4964599609375,1668.55810546875,3257.64599609375
ID_hwc9lN.jpeg,cssvd,0.43760454654693604,1004.4940185546875,4.206418991088867,4000.0,1709.52099609375
ID_niJqUH.jpg,anthracnose,0.46900874376296997,288.4931945800781,314.65032958984375,1259.2213134765625,779.6002197265625
ID_N0xnjL.jpg,anthracnose,0.5395687222480774,0.0,75.37500762939453,783.8949584960938,802.2667846679688
ID_N0xnjL.jpg,anthracnose,0.38575074076652527,0.6057500839233398,476.1658020019531,700.9187622070312,1075.9495849609375
ID_N0xnjL.jpg,anthracnose,0.31741660833358765,0.0,197.06988525390625,714.4605712890625,1080.0
ID_QJU0Hd.jpeg,healthy,0.2669459283351898,0.0,3512.037841796875,1349.2052001953125,4031.658447265625
ID_gUL19k.jpg,anthracnose,0.2723861038684845,0.0,112.8843994140625,1716.75341796875,1273.4019775390625
ID_gUL19k.jpg,anthracnose,0.25861403346061707,509.45489501953125,725.8076171875,2048.0,1344.08642578125
ID_XEfi5Q.jpg,healthy,0.45387083292007446,1200.80322265625,1195.791015625,2048.0,1536.0
ID_XEfi5Q.jpg,healthy,0.3675478994846344,490.3782653808594,0.0,1243.0699462890625,303.7359924316406
ID_XEfi5Q.jpg,anthracnose,0.3378598093986511,538.609130859375,1151.32666015625,1187.786865234375,1493.730712890625
ID_XEfi5Q.jpg,anthracnose,0.30028271675109863,420.7265625,216.45999145507812,1907.773193359375,946.1875
ID_fWyBOZ.jpg,anthracnose,0.3408806025981903,312.59521484375,84.49592590332031,1280.0,928.4664916992188
ID_rp6bRP.jpg,healthy,0.5396480560302734,819.0692749023438,887.8583984375,3264.0,2027.417236328125
ID_XAcZ89.jpeg,healthy,0.6200434565544128,329.5124816894531,110.33863067626953,919.8765258789062,476.6505126953125
ID_MTiY0w.jpeg,anthracnose,0.946356475353241,988.193115234375,0.0,4032.0,2493.439697265625
ID_MTiY0w.jpeg,anthracnose,0.3107457160949707,0.0,0.0,3278.66064453125,2434.75
ID_zgeF64.jpg,healthy,0.2726040780544281,942.908935546875,1102.824462890625,1977.9326171875,1536.0
ID_zgeF64.jpg,healthy,0.2576786279678345,529.121826171875,34.69830322265625,1306.996826171875,582.576171875
ID_oN03zx.jpg,healthy,0.5239267945289612,244.6813201904297,176.1547393798828,1019.8690185546875,601.3082275390625
ID_JB5iiu.JPG,healthy,0.9248578548431396,1064.7603759765625,577.934814453125,2084.83203125,1161.335205078125
ID_JB5iiu.JPG,healthy,0.8474681973457336,0.0,1425.3402099609375,1127.6590576171875,2034.664794921875
ID_JB5iiu.JPG,healthy,0.771880567073822,936.4683837890625,1070.6297607421875,1715.5118408203125,1780.381103515625
ID_IjYDze.jpg,cssvd,0.5306844711303711,274.2383117675781,0.4722404479980469,1080.0,406.59429931640625
ID_IjYDze.jpg,healthy,0.27366262674331665,58.17408752441406,324.4841613769531,569.1216430664062,515.6732788085938
ID_IjYDze.jpg,healthy,0.26107385754585266,28.064382553100586,0.0,569.1445922851562,169.5248565673828
ID_vznFRe.jpeg,anthracnose,0.816476047039032,879.6721801757812,178.6988983154297,4032.0,2290.6416015625
ID_vznFRe.jpeg,anthracnose,0.5359836220741272,0.0,323.0220642089844,3525.469482421875,2344.02392578125
ID_C0Cmx7.jpg,healthy,0.45640772581100464,361.7064208984375,1436.7025146484375,802.4610595703125,1940.372314453125
ID_C0Cmx7.jpg,anthracnose,0.44156619906425476,1683.40380859375,12.955347061157227,3254.794677734375,1582.509033203125
ID_kh5ilZ.JPG,anthracnose,0.5399001240730286,1767.4586181640625,1983.623779296875,3258.675537109375,2448.0
ID_kh5ilZ.JPG,anthracnose,0.25151363015174866,2602.778564453125,72.79878997802734,3264.0,1001.970458984375
ID_p4aJv5.jpg,2,1.0,,,,
ID_Tgr1P1.jpeg,anthracnose,0.617868185043335,308.1752014160156,981.5513305664062,3254.14306640625,2362.7626953125
ID_Tgr1P1.jpeg,anthracnose,0.567483127117157,291.3215026855469,1999.067138671875,3750.4287109375,3024.0
ID_Tgr1P1.jpeg,anthracnose,0.2504456639289856,77.49537658691406,0.0,1381.7374267578125,1144.1529541015625
ID_aMdVkL.JPG,anthracnose,0.5135332942008972,511.26544189453125,1430.80810546875,2886.8291015625,2431.8056640625
ID_aMdVkL.JPG,healthy,0.33806636929512024,1361.2156982421875,799.72998046875,2485.91650390625,1418.86279296875
ID_aMdVkL.JPG,anthracnose,0.3339541554450989,2365.08837890625,1397.69091796875,3264.0,1989.5526123046875
ID_LkGCye.jpeg,healthy,0.6673755645751953,397.0035400390625,2.9186534881591797,654.7927856445312,307.2051696777344
ID_LkGCye.jpeg,healthy,0.5910594463348389,745.7017211914062,221.163330078125,1280.0,428.2620849609375
ID_LkGCye.jpeg,healthy,0.5858376622200012,662.7166748046875,55.65789031982422,939.2166137695312,336.83502197265625
ID_LkGCye.jpeg,healthy,0.4817931354045868,209.33401489257812,266.41778564453125,625.0811157226562,443.26025390625
ID_ZkKMR6.jpg,cssvd,0.5417748093605042,312.65380859375,0.0,1280.0,833.9913940429688
ID_uxGyKi.jpg,healthy,0.8774045705795288,542.23681640625,727.720703125,960.09130859375,1083.642578125
ID_uxGyKi.jpg,healthy,0.2642829120159149,1051.44482421875,37.10504150390625,2048.0,838.3881225585938
ID_vmENtL.jpg,cssvd,0.36140456795692444,308.40240478515625,0.0,1280.0,793.5693969726562
ID_vmENtL.jpg,cssvd,0.3438016474246979,0.0,0.0,1087.081298828125,795.1309204101562
ID_jqWVUC.jpeg,healthy,0.6691280007362366,989.8053588867188,551.3770751953125,4032.0,2331.42138671875
ID_jqWVUC.jpeg,healthy,0.4770612120628357,2.273362874984741,11.755181312561035,864.9646606445312,1338.17578125
ID_NHHRG9.jpg,anthracnose,0.8574400544166565,513.816650390625,307.5058898925781,2048.0,1111.526611328125
ID_NHHRG9.jpg,anthracnose,0.324749618768692,0.0,301.5775146484375,1566.56103515625,1536.0
ID_SFMi0L.jpeg,anthracnose,0.6508474349975586,1891.53369140625,39.947933197021484,4027.77392578125,2002.9554443359375
ID_SFMi0L.jpeg,anthracnose,0.33024314045906067,0.0,278.037841796875,3216.79150390625,2144.548095703125
ID_SFMi0L.jpeg,healthy,0.26866888999938965,945.9886474609375,2648.70556640625,3156.0732421875,3024.0
ID_SFMi0L.jpeg,anthracnose,0.26838475465774536,520.88623046875,50.72919464111328,3965.525634765625,2137.21435546875
ID_o3rhh5.jpg,healthy,0.3627990484237671,169.3338623046875,0.0,1080.0,429.34503173828125
ID_o3rhh5.jpg,cssvd,0.3337252140045166,134.6996307373047,0.0,1066.4866943359375,424.6891784667969
ID_o3rhh5.jpg,healthy,0.3102383613586426,487.5833740234375,281.5621032714844,1080.0,629.34130859375
ID_KmwJ73.jpg,anthracnose,0.7401353716850281,397.191650390625,0.0,2048.0,1089.6668701171875
ID_KmwJ73.jpg,anthracnose,0.37808001041412354,0.0,0.0,1792.0208740234375,1204.5406494140625
ID_KmwJ73.jpg,anthracnose,0.26513242721557617,152.942138671875,746.2184448242188,1796.62060546875,1493.863037109375
ID_sqjPvs.jpg,2,1.0,,,,
ID_z2lQYj.jpg,cssvd,0.3981695771217346,195.62457275390625,0.0,1080.0,646.4208374023438
ID_Josquf.JPG,healthy,0.826626181602478,784.4129028320312,400.6753845214844,3264.0,1840.1558837890625
ID_Josquf.JPG,healthy,0.6437264084815979,0.0,1732.565673828125,1993.6572265625,2318.132568359375
ID_Josquf.JPG,healthy,0.5300604104995728,376.99822998046875,188.18836975097656,3264.0,1968.8544921875
ID_Josquf.JPG,healthy,0.36356690526008606,771.3014526367188,872.2109985351562,3264.0,1820.85693359375
ID_Josquf.JPG,healthy,0.2710285186767578,93.17756652832031,439.2076721191406,2941.911865234375,1823.018798828125
ID_VS5coP.jpeg,healthy,0.5673760175704956,338.82049560546875,0.0,1271.982421875,429.48248291015625
ID_GOuZI2.jpg,healthy,0.40333661437034607,1212.490966796875,1375.9296875,1961.6527099609375,2746.775390625
ID_sw44Lu.jpeg,healthy,0.5234494209289551,1408.41650390625,48.141727447509766,4032.0,1833.3839111328125
ID_sw44Lu.jpeg,healthy,0.33047351241111755,1868.4229736328125,474.1686706542969,4032.0,1877.913818359375
ID_sw44Lu.jpeg,healthy,0.3184777498245239,851.5763549804688,0.0,2887.8671875,2730.19677734375
ID_dFCixl.jpg,anthracnose,0.7755863666534424,1027.053466796875,470.2254943847656,4128.0,3028.681884765625
ID_dFCixl.jpg,anthracnose,0.5241808295249939,1043.56494140625,0.0,4127.140625,1108.09033203125
ID_dFCixl.jpg,anthracnose,0.41554349660873413,0.0,464.8589172363281,3344.27587890625,3080.717041015625
ID_dFCixl.jpg,anthracnose,0.3646499812602997,1548.34765625,804.42236328125,4112.37060546875,3081.606201171875
ID_JIXDdd.jpeg,healthy,0.6409822106361389,1205.1383056640625,0.0,4032.0,2595.241455078125
ID_JIXDdd.jpeg,healthy,0.5967039465904236,1241.063232421875,0.0,3922.6025390625,991.4483642578125
ID_JIXDdd.jpeg,healthy,0.5799692273139954,1311.4276123046875,0.0,3953.39208984375,693.7049560546875
ID_TAZIJ7.jpeg,healthy,0.5693807005882263,820.1152954101562,0.0,3024.0,2694.824951171875
ID_TAZIJ7.jpeg,healthy,0.3674575090408325,752.6748046875,564.6803588867188,3016.331298828125,3773.205322265625
ID_TAZIJ7.jpeg,healthy,0.3026341497898102,926.9019775390625,1097.024169921875,2863.825439453125,4029.431396484375
ID_pn5Moa.jpeg,healthy,0.8038179278373718,0.0,0.0,1413.9263916015625,1443.7315673828125
ID_pn5Moa.jpeg,healthy,0.4729948341846466,1232.8709716796875,0.0,3154.82275390625,2773.8525390625
ID_pn5Moa.jpeg,healthy,0.27687346935272217,986.76318359375,159.4860382080078,3462.086669921875,3024.0
ID_bdRL7B.jpeg,anthracnose,0.6575170755386353,851.713623046875,0.0,3024.0,2867.61962890625
ID_bdRL7B.jpeg,anthracnose,0.5290766358375549,935.0975341796875,161.8597412109375,2847.4189453125,3648.134033203125
ID_zjLRFm.JPG,healthy,0.892335832118988,1663.314697265625,1521.4444580078125,2713.986083984375,2289.661865234375
ID_zjLRFm.JPG,healthy,0.719795286655426,1495.4434814453125,629.2365112304688,2197.993896484375,1174.9510498046875
ID_zjLRFm.JPG,healthy,0.7068132162094116,2623.3623046875,1304.3167724609375,3201.08837890625,1744.696044921875
ID_zjLRFm.JPG,healthy,0.39097851514816284,1494.1180419921875,516.1865234375,2315.52880859375,1158.8463134765625
ID_LqD6nA.jpeg,healthy,0.7412335276603699,0.0,1993.6146240234375,2352.387451171875,3023.43994140625
ID_LqD6nA.jpeg,healthy,0.5958589911460876,49.272098541259766,0.0,2552.456787109375,491.5098876953125
ID_LqD6nA.jpeg,healthy,0.4489717185497284,0.0,236.59564208984375,3516.763671875,2159.21435546875
ID_LqD6nA.jpeg,healthy,0.386220246553421,1001.5074462890625,19.472646713256836,4032.0,2152.064208984375
ID_w4Fsqv.jpeg,anthracnose,0.732258677482605,925.5321044921875,369.5645446777344,4004.468017578125,2690.121337890625
ID_nLjVPq.jpeg,cssvd,0.4210492968559265,773.7345581054688,464.3590087890625,3900.7109375,1789.7965087890625
ID_jxvYQ8.JPG,healthy,0.46148914098739624,219.1937255859375,373.23455810546875,2739.938720703125,1780.3023681640625
ID_jxvYQ8.JPG,healthy,0.3146752715110779,2239.880859375,299.96185302734375,3094.37841796875,1147.30322265625
ID_jxvYQ8.JPG,healthy,0.29812490940093994,1482.578125,1532.8575439453125,3264.0,2317.374755859375
ID_s8kkQp.jpg,healthy,0.5147912502288818,16.07810401916504,217.9175567626953,168.64137268066406,298.6650085449219
ID_s8kkQp.jpg,healthy,0.34379440546035767,0.0,378.3568115234375,190.3328857421875,416.0
ID_JYM214.jpg,cssvd,0.4744514524936676,307.911376953125,36.953887939453125,1280.0,823.9007568359375
ID_JYM214.jpg,cssvd,0.4191719889640808,0.0,6.0541534423828125,1044.8961181640625,833.4833984375
ID_JYM214.jpg,healthy,0.39387190341949463,399.2282409667969,748.1198120117188,1268.9498291015625,960.0
ID_fYQixb.jpeg,healthy,0.4212658107280731,299.2454833984375,250.39016723632812,1237.5364990234375,576.0
ID_fYQixb.jpeg,cssvd,0.282554030418396,104.58747863769531,0.59356689453125,1102.0113525390625,330.5045166015625
ID_YMWl03.jpg,anthracnose,0.7024592161178589,70.246337890625,0.0,1439.51171875,509.2764892578125
ID_YMWl03.jpg,anthracnose,0.6307578086853027,90.21630859375,1.036224365234375,1440.7109375,359.2881164550781
ID_YMWl03.jpg,anthracnose,0.6291242837905884,123.906982421875,256.6700439453125,1913.78173828125,1432.714599609375
ID_YMWl03.jpg,anthracnose,0.6280428767204285,468.281982421875,349.8509521484375,2032.228515625,1456.22705078125
ID_YMWl03.jpg,anthracnose,0.6010395288467407,54.017333984375,3.52935791015625,1499.3388671875,723.36962890625
ID_cb1Wwh.jpg,anthracnose,0.437032550573349,1003.0674438476562,0.0,2344.4658203125,2448.0
ID_cb1Wwh.jpg,cssvd,0.3621642291545868,2500.615478515625,7.649688243865967,3264.0,1641.2159423828125
ID_Ivijgf.jpg,anthracnose,0.8921006321907043,451.50726318359375,252.31790161132812,1277.7547607421875,711.6893920898438
ID_Ivijgf.jpg,anthracnose,0.3654009699821472,168.49557495117188,553.5112915039062,584.9739990234375,780.4419555664062
ID_PSqZfs.jpg,healthy,0.6246650218963623,330.52154541015625,302.4057312011719,412.4096374511719,415.6492614746094
ID_PSqZfs.jpg,healthy,0.3490182161331177,138.6154327392578,323.3861999511719,386.35675048828125,416.0
ID_PSqZfs.jpg,healthy,0.329471617937088,38.64352035522461,163.35577392578125,220.36456298828125,362.4302673339844
ID_PSqZfs.jpg,healthy,0.3025151193141937,22.8146915435791,2.1683661937713623,368.978759765625,105.71215057373047
ID_PSqZfs.jpg,healthy,0.2884603440761566,84.98016357421875,344.6455993652344,329.315185546875,416.0
ID_PSqZfs.jpg,healthy,0.28093454241752625,335.60711669921875,194.58145141601562,416.0,344.4981384277344
ID_PSqZfs.jpg,healthy,0.25978565216064453,258.658203125,173.83453369140625,393.35882568359375,403.23297119140625
ID_LzFwB3.jpg,anthracnose,0.9044117331504822,319.12445068359375,203.104248046875,1280.0,864.4720458984375
ID_LzFwB3.jpg,anthracnose,0.47806182503700256,73.58757019042969,133.7866973876953,1203.4141845703125,892.0231323242188
ID_NnZXiB.jpg,cssvd,0.5000989437103271,305.5369567871094,69.75296020507812,1280.0,851.7969360351562
ID_yoaJnY.jpg,healthy,0.8876041173934937,746.9985961914062,1260.9078369140625,1605.2626953125,2244.709228515625
ID_yoaJnY.jpg,healthy,0.7702261209487915,10.954745292663574,2443.250244140625,508.5774230957031,3117.18115234375
ID_jIHTPo.jpg,anthracnose,0.4870550036430359,314.5985412597656,89.3194580078125,1280.0,653.7332153320312
ID_jIHTPo.jpg,cssvd,0.28745779395103455,271.4605712890625,85.0719223022461,1280.0,655.776123046875
ID_jXoAFl.jpg,cssvd,0.4224054515361786,308.2984924316406,218.3953857421875,1280.0,806.4429321289062
ID_S1PHIl.jpg,healthy,0.7460354566574097,652.1814575195312,276.8922424316406,858.724609375,413.7111511230469
ID_S1PHIl.jpg,healthy,0.7064432501792908,153.34007263183594,261.32244873046875,448.991943359375,417.0865478515625
ID_S1PHIl.jpg,healthy,0.47844991087913513,216.37831115722656,102.65325164794922,373.0731201171875,202.18295288085938
ID_S1PHIl.jpg,healthy,0.3649882376194,681.2999267578125,401.00006103515625,817.63720703125,517.3034057617188
ID_S1PHIl.jpg,healthy,0.3490529954433441,383.27642822265625,342.8325500488281,550.25244140625,473.0123596191406
ID_S1PHIl.jpg,healthy,0.2616160213947296,664.6467895507812,94.356201171875,759.8568115234375,279.3046875
ID_S1PHIl.jpg,healthy,0.25796669721603394,507.95782470703125,150.62063598632812,654.2599487304688,268.55218505859375
ID_UbLWzh.jpg,cssvd,0.2737892270088196,150.3460693359375,153.70712280273438,1255.738525390625,957.0396118164062
ID_XvjhVZ.JPG,healthy,0.3435547649860382,116.57000732421875,364.5917053222656,1002.32861328125,1098.367431640625
ID_XvjhVZ.JPG,anthracnose,0.2717084288597107,615.3267822265625,612.2449951171875,2013.2972412109375,1743.9964599609375
ID_m8whrH.jpg,healthy,0.5785400867462158,80.87910461425781,162.5392608642578,416.0,280.2019958496094
ID_qQRBL9.jpeg,healthy,0.5654995441436768,0.0,981.07861328125,134.33303833007812,1263.6119384765625
ID_qQRBL9.jpeg,healthy,0.36301389336586,55.46913146972656,10.34698486328125,566.3973388671875,794.1519165039062
ID_MF2EXB.jpg,2,1.0,,,,
ID_kNIJrZ.jpeg,healthy,0.7420361638069153,125.13481903076172,1504.1685791015625,3024.0,3294.740966796875
ID_kNIJrZ.jpeg,healthy,0.605858325958252,0.0,0.0,682.6355590820312,1113.67822265625
ID_kNIJrZ.jpeg,healthy,0.31992441415786743,0.0,0.0,484.51495361328125,947.9736938476562
ID_kNIJrZ.jpeg,healthy,0.2890690565109253,1.1700266599655151,0.0,718.992919921875,749.668701171875
ID_zpqJjo.jpg,anthracnose,0.8366265296936035,443.48956298828125,243.366943359375,1988.995849609375,1492.23974609375
ID_dp4YLN.jpg,cssvd,0.48555952310562134,0.0,0.0,1043.0843505859375,791.9247436523438
ID_dp4YLN.jpg,cssvd,0.38481172919273376,430.8477783203125,59.81575012207031,1280.0,795.3750610351562
ID_dp4YLN.jpg,cssvd,0.27456092834472656,26.276397705078125,806.3421630859375,998.7899780273438,960.0
ID_dp4YLN.jpg,cssvd,0.2520514130592346,9.03472900390625,796.4240112304688,679.7794799804688,960.0
ID_YdrGaW.jpg,anthracnose,0.5398964285850525,141.5554962158203,0.0,810.0,668.8085327148438
ID_YdrGaW.jpg,healthy,0.3107854723930359,0.0,0.0,383.5885009765625,259.5585632324219
ID_WSLns6.jpg,anthracnose,0.761996328830719,1248.458740234375,255.28732299804688,4128.0,2806.294921875
ID_WSLns6.jpg,anthracnose,0.4794321358203888,1778.5177001953125,2.995634078979492,4108.16748046875,2578.188720703125
ID_YZMjWN.jpg,2,1.0,,,,
ID_TCRFEQ.JPG,healthy,0.8499929904937744,1174.318115234375,844.4649047851562,1869.292724609375,1321.239501953125
ID_TCRFEQ.JPG,healthy,0.3728131651878357,0.0,0.0,976.9304809570312,556.7855224609375
ID_rJ0U1a.jpg,cssvd,0.40874236822128296,0.0,0.0,949.9371948242188,628.8140258789062
ID_rJ0U1a.jpg,cssvd,0.3889239728450775,267.1041259765625,2.1454238891601562,1080.0,585.126953125
ID_VbcDXI.jpg,anthracnose,0.7326608896255493,1237.7412109375,0.0,3305.969482421875,651.9153442382812
ID_VbcDXI.jpg,anthracnose,0.5373944640159607,1028.927978515625,762.2364501953125,4128.0,2551.11572265625
ID_VbcDXI.jpg,anthracnose,0.4963497221469879,0.0,611.7212524414062,3276.802001953125,2476.0244140625
ID_VbcDXI.jpg,anthracnose,0.3424167037010193,162.58432006835938,86.33134460449219,3689.475341796875,2486.674560546875
ID_asy8YG.jpeg,anthracnose,0.9132110476493835,992.909423828125,205.52720642089844,4032.0,2686.702880859375
ID_KRBWR8.jpeg,anthracnose,0.7358114123344421,1715.2579345703125,0.0,3355.682861328125,2660.556884765625
ID_KRBWR8.jpeg,anthracnose,0.4786117970943451,2684.220703125,1303.7845458984375,4028.8232421875,2950.279296875
ID_KRBWR8.jpeg,anthracnose,0.3189515769481659,0.0,1735.7852783203125,888.0257568359375,3024.0
ID_KRBWR8.jpeg,anthracnose,0.27660688757896423,723.269287109375,739.2273559570312,1695.0050048828125,1639.334228515625
ID_TiQ6ML.jpg,healthy,0.4649205505847931,0.0,710.5210571289062,716.1271362304688,960.0
ID_TiQ6ML.jpg,cssvd,0.3365086317062378,699.4339599609375,0.0,1132.4510498046875,152.31393432617188
ID_TiQ6ML.jpg,healthy,0.33490362763404846,1.7145538330078125,787.27783203125,679.72607421875,960.0
ID_TiQ6ML.jpg,healthy,0.3188984990119934,0.0,330.59149169921875,624.1312866210938,809.03955078125
ID_LuM0zS.jpg,healthy,0.5523098111152649,665.56396484375,646.3714599609375,1278.4716796875,959.97802734375
ID_LuM0zS.jpg,healthy,0.5336830019950867,325.1632995605469,270.2189636230469,1280.0,758.5001831054688
ID_LuM0zS.jpg,cssvd,0.2661399841308594,198.8421630859375,0.0,1079.2750244140625,184.11952209472656
ID_LuM0zS.jpg,anthracnose,0.25088033080101013,445.7361145019531,267.3418273925781,1280.0,780.5097045898438
ID_ZNZFXJ.jpg,healthy,0.4922837018966675,330.211669921875,234.87998962402344,1280.0,632.8414306640625
ID_ZNZFXJ.jpg,healthy,0.4601909816265106,133.42979431152344,656.1646118164062,779.3621215820312,959.4342651367188
ID_WPRGm9.jpg,anthracnose,0.5099835991859436,310.3267517089844,191.8387451171875,1080.0,810.0
ID_WPRGm9.jpg,cssvd,0.28282850980758667,262.35595703125,230.83404541015625,1080.0,810.0
ID_li2g5F.jpeg,healthy,0.5325940251350403,1018.8751831054688,84.23615264892578,4029.054931640625,1970.2435302734375
ID_li2g5F.jpeg,anthracnose,0.29161152243614197,748.49267578125,63.31049728393555,4032.0,2148.05908203125
ID_li2g5F.jpeg,healthy,0.29008880257606506,58.5693473815918,0.0,2098.271484375,477.7510986328125
ID_vpcwW4.jpeg,healthy,0.7906341552734375,1730.9295654296875,343.7371520996094,2625.097412109375,1232.8939208984375
ID_KG6mrx.jpeg,anthracnose,0.8214172124862671,739.4139404296875,0.0,3024.0,1855.34375
ID_KG6mrx.jpeg,anthracnose,0.37689223885536194,0.0,2321.70654296875,2152.221435546875,3021.651611328125
ID_Tm3kkv.jpeg,anthracnose,0.46568408608436584,1178.5672607421875,334.0121765136719,4032.0,2701.5107421875
ID_Tm3kkv.jpeg,healthy,0.3248479962348938,1207.3466796875,2646.281982421875,3184.876708984375,3024.0
ID_GCKgNj.jpg,healthy,0.47559449076652527,0.0,1625.4923095703125,1639.4603271484375,2448.0
ID_GCKgNj.jpg,healthy,0.46752652525901794,0.0,1844.57373046875,1552.66015625,2448.0
ID_GCKgNj.jpg,healthy,0.4463966488838196,44.25846862792969,736.3274536132812,2179.60986328125,1674.53173828125
ID_GCKgNj.jpg,cssvd,0.2790703773498535,93.52366638183594,723.4313354492188,2082.37744140625,1632.4061279296875
ID_W0bQti.jpg,healthy,0.4654262363910675,490.6889953613281,517.3184204101562,2190.76806640625,1395.5255126953125
ID_W0bQti.jpg,healthy,0.3709859848022461,2196.486328125,1193.6444091796875,2916.240234375,1552.6451416015625
ID_W0bQti.jpg,anthracnose,0.2910541892051697,180.51133728027344,1163.050537109375,1388.6920166015625,2448.0
ID_W0bQti.jpg,healthy,0.2767747938632965,1274.531494140625,1339.22021484375,1623.37109375,1707.22412109375
ID_wwzx75.jpg,anthracnose,0.5514464378356934,592.02880859375,0.0,2048.0,1352.687744140625
ID_vTg3mr.jpg,cssvd,0.590951681137085,262.97821044921875,25.055265426635742,1080.0,704.3697509765625
ID_o6Mto0.JPG,healthy,0.8510947823524475,1363.8089599609375,1039.97802734375,2187.6142578125,1525.905029296875
ID_o6Mto0.JPG,healthy,0.8181509375572205,1552.0948486328125,1486.308837890625,2130.78564453125,1835.131103515625
ID_o6Mto0.JPG,healthy,0.405778706073761,70.76078796386719,1178.956298828125,1458.4820556640625,1910.0357666015625
ID_o6Mto0.JPG,healthy,0.2504919469356537,2474.37158203125,1181.802490234375,2890.88427734375,1501.57861328125
ID_tTFNac.jpg,anthracnose,0.6366860270500183,244.90748596191406,243.79652404785156,1280.0,668.9483642578125
ID_tTFNac.jpg,anthracnose,0.2754199504852295,287.1820068359375,241.53541564941406,1247.0576171875,562.9664306640625
ID_tTFNac.jpg,anthracnose,0.25061777234077454,88.40030670166016,164.22035217285156,1194.8104248046875,951.1502685546875
ID_NGfv6g.jpeg,anthracnose,0.5853742361068726,669.7619018554688,42.52302551269531,2636.698486328125,3079.0126953125
ID_NGfv6g.jpeg,healthy,0.5352084040641785,0.0,33.99746322631836,649.0101318359375,2363.0791015625
ID_NGfv6g.jpeg,healthy,0.4254719018936157,638.701904296875,895.701904296875,2821.606201171875,4019.850830078125
ID_NGfv6g.jpeg,healthy,0.40426716208457947,0.0,18.850202560424805,877.0715942382812,1997.0362548828125
ID_NGfv6g.jpeg,healthy,0.326038122177124,657.513916015625,11.563521385192871,2676.068359375,2348.695068359375
ID_vG16Zg.jpeg,healthy,0.5171266794204712,1196.484130859375,99.03662872314453,3923.95458984375,2617.390869140625
ID_vG16Zg.jpeg,anthracnose,0.28365516662597656,3399.913818359375,62.41438293457031,4032.0,2068.047607421875
ID_RhFTLb.jpg,anthracnose,0.7259067893028259,108.070556640625,168.6917724609375,1501.090087890625,1607.7564697265625
ID_dfvqZz.jpg,healthy,0.36977171897888184,50.23506164550781,269.09637451171875,874.70068359375,521.6172485351562
ID_kWKsnF.jpg,anthracnose,0.6583532094955444,672.065185546875,760.9583740234375,2241.772216796875,1536.557373046875
ID_kWKsnF.jpg,anthracnose,0.5427842140197754,665.3108520507812,1526.587890625,2419.5673828125,2231.256591796875
ID_kWKsnF.jpg,healthy,0.41948917508125305,2373.08740234375,1319.0791015625,3229.22998046875,1872.656982421875
ID_kWKsnF.jpg,healthy,0.36708688735961914,2597.889892578125,225.8992156982422,3264.0,1427.37548828125
ID_KtDmpI.jpg,anthracnose,0.9072616100311279,74.245361328125,459.178955078125,1522.688720703125,1356.955322265625
ID_KtDmpI.jpg,anthracnose,0.6612954139709473,59.81982421875,1213.85107421875,1381.31396484375,2022.924560546875
ID_KtDmpI.jpg,anthracnose,0.6294467449188232,2.2291259765625,811.5267944335938,1536.0,1894.59521484375
ID_KtDmpI.jpg,anthracnose,0.3389583230018616,25.395751953125,1097.6173095703125,1519.7529296875,1929.4437255859375
ID_SVJoQs.jpeg,healthy,0.7248514294624329,1258.7626953125,13.390719413757324,4031.1923828125,2224.345458984375
ID_SVJoQs.jpeg,healthy,0.644260823726654,0.7659186720848083,5.907571315765381,2321.64404296875,1375.7203369140625
ID_SVJoQs.jpeg,healthy,0.43688473105430603,2410.19873046875,1642.3785400390625,4032.0,3023.95947265625
ID_SVJoQs.jpeg,healthy,0.41648349165916443,2936.8984375,1625.9267578125,4032.0,3018.10986328125
ID_SVJoQs.jpeg,healthy,0.3979870676994324,1829.841796875,2530.371826171875,4006.8408203125,3024.0
ID_SVJoQs.jpeg,healthy,0.3924587368965149,1966.347412109375,2139.633544921875,4032.0,3024.0
ID_SVJoQs.jpeg,healthy,0.3353743255138397,1882.0831298828125,0.0,4024.7578125,1835.8497314453125
ID_SVJoQs.jpeg,healthy,0.3123919665813446,423.8959655761719,108.35406494140625,3709.94921875,2695.669921875
ID_TEq9KZ.jpg,healthy,0.5178723335266113,632.814697265625,497.0181884765625,2048.0,1206.6768798828125
ID_TEq9KZ.jpg,healthy,0.26284271478652954,66.87461853027344,1089.1688232421875,565.234375,1536.0
ID_AHlc9P.jpg,healthy,0.5803576707839966,405.7994384765625,445.96087646484375,2786.765869140625,1300.139404296875
ID_AHlc9P.jpg,anthracnose,0.2684037387371063,149.42611694335938,1488.0447998046875,1702.841064453125,2390.966796875
ID_AHlc9P.jpg,anthracnose,0.2592042088508606,429.1467590332031,1516.563232421875,1971.0389404296875,2448.0
ID_BWl0VT.jpg,healthy,0.5405054092407227,31.600770950317383,0.7035732269287109,227.6796112060547,161.68247985839844
ID_BWl0VT.jpg,healthy,0.4557309150695801,95.68412017822266,77.51556396484375,401.1332702636719,281.3487548828125
ID_BWl0VT.jpg,healthy,0.3940766155719757,46.06687545776367,0.0,209.3186492919922,134.7574462890625
ID_aCgBad.jpg,healthy,0.2699374854564667,202.81640625,65.34783172607422,1634.2913818359375,2210.255126953125
ID_gmo2BZ.jpg,anthracnose,0.32136476039886475,512.178955078125,241.980712890625,2048.0,1165.5474853515625
ID_TOmUKb.jpg,healthy,0.33554771542549133,0.09254312515258789,235.7416229248047,42.81602478027344,386.94427490234375
ID_TOmUKb.jpg,healthy,0.3218802809715271,18.836149215698242,170.6251678466797,260.90924072265625,360.39849853515625
ID_TOmUKb.jpg,healthy,0.3072992265224457,12.105674743652344,91.45008850097656,240.91348266601562,205.35914611816406
ID_TOmUKb.jpg,healthy,0.30625659227371216,160.9345703125,4.004658222198486,231.7434539794922,75.54048156738281
ID_TOmUKb.jpg,healthy,0.2776348292827606,0.0,278.7936706542969,40.83856964111328,389.1679382324219
ID_TOmUKb.jpg,healthy,0.25618115067481995,29.457103729248047,3.1948485374450684,138.11656188964844,57.27531051635742
ID_HSnv88.jpg,cssvd,0.3110901713371277,752.3153686523438,0.0,1242.4583740234375,960.0
ID_y01vv2.jpg,healthy,0.32142677903175354,0.0,0.0,248.2545928955078,56.695404052734375
ID_y01vv2.jpg,healthy,0.25371143221855164,54.587310791015625,165.24803161621094,375.1073913574219,403.23870849609375
ID_DFyyru.jpg,healthy,0.36680319905281067,2.164217948913574,997.2024536132812,544.572998046875,1420.5208740234375
ID_DFyyru.jpg,healthy,0.3538512885570526,443.1266784667969,617.5862426757812,969.5465698242188,1023.4298706054688
ID_DFyyru.jpg,anthracnose,0.2929142415523529,995.1085205078125,338.04278564453125,3264.0,1623.58251953125
ID_DFyyru.jpg,healthy,0.2651931345462799,338.03424072265625,1505.560302734375,809.7324829101562,1846.2366943359375
ID_vQJj2Y.jpg,anthracnose,0.2971736490726471,0.0,0.0,2306.5654296875,677.4114379882812
ID_LW5x6q.jpg,anthracnose,0.6310945749282837,512.341552734375,543.6021118164062,2048.0,1517.27490234375
ID_LW5x6q.jpg,anthracnose,0.45735761523246765,119.8638916015625,366.849609375,1919.9971923828125,1536.0
ID_IcsbIu.jpg,healthy,0.3015661835670471,121.73259735107422,155.79702758789062,343.0516052246094,288.5995178222656
ID_IcsbIu.jpg,healthy,0.2743939459323883,115.06941223144531,54.10573196411133,315.2103576660156,291.3648376464844
ID_czKe5P.jpeg,healthy,0.5397791862487793,16.536344528198242,941.1380004882812,3024.0,3529.5595703125
ID_czKe5P.jpeg,healthy,0.4107205271720886,537.788818359375,928.046875,3024.0,3083.82568359375
ID_GV0avy.jpeg,2,1.0,,,,
ID_JoCDQf.jpg,healthy,0.5221006274223328,90.21546936035156,126.8249282836914,296.2365417480469,235.2149200439453
ID_JoCDQf.jpg,healthy,0.337155818939209,319.7713623046875,76.22801971435547,375.30621337890625,150.3563995361328
ID_JoCDQf.jpg,healthy,0.2780085802078247,239.61692810058594,71.84071350097656,314.8707275390625,162.0263214111328
ID_mPuur5.jpg,anthracnose,0.7455924153327942,360.521484375,562.7158203125,1866.61328125,1302.7706298828125
ID_mPuur5.jpg,healthy,0.29294881224632263,3.848175048828125,1264.71630859375,272.6222229003906,1536.0
ID_mPuur5.jpg,anthracnose,0.2706790566444397,0.2445068359375,312.4798583984375,349.1627502441406,1054.0185546875
ID_mPuur5.jpg,healthy,0.25339800119400024,0.0,1102.7459716796875,275.3516540527344,1536.0
ID_DLYLty.jpg,healthy,0.7145302891731262,703.55419921875,887.75146484375,1812.816162109375,1470.486083984375
ID_DLYLty.jpg,healthy,0.6715392470359802,555.0337524414062,398.0911865234375,1907.5966796875,1026.5499267578125
ID_ZwY4OM.jpg,healthy,0.7916245460510254,33.39579391479492,0.0,1962.533935546875,465.7671813964844
ID_ZwY4OM.jpg,healthy,0.6104641556739807,429.7421569824219,239.74807739257812,2883.11083984375,1368.860595703125
ID_ZwY4OM.jpg,healthy,0.3865158259868622,393.18377685546875,1167.7081298828125,2891.96435546875,2436.134765625
ID_ZwY4OM.jpg,cssvd,0.26713594794273376,185.56544494628906,1168.356689453125,3011.16943359375,2434.576171875
ID_rGRsVE.jpg,cssvd,0.32696595788002014,308.6140441894531,0.0,1280.0,820.1435546875
ID_Qe7Lg1.jpeg,healthy,0.4014284312725067,154.55455017089844,974.9921264648438,2704.09765625,4032.0
ID_Qe7Lg1.jpeg,cssvd,0.33322644233703613,106.40766143798828,955.6234130859375,2675.43212890625,4032.0
ID_Qe7Lg1.jpeg,cssvd,0.2759236693382263,285.31854248046875,0.0,2968.09765625,2916.762939453125
ID_Qe7Lg1.jpeg,healthy,0.25607481598854065,0.0,767.2096557617188,368.2275085449219,2438.41015625
ID_ekVh3Z.jpeg,anthracnose,0.40179240703582764,1417.6982421875,314.3597412109375,4013.651123046875,3019.59033203125
ID_ekVh3Z.jpeg,anthracnose,0.3687722086906433,1143.51220703125,0.0,3514.763671875,3024.0
ID_ekVh3Z.jpeg,anthracnose,0.3178158402442932,1672.5963134765625,992.908935546875,4032.0,3024.0
ID_JfmHHi.jpeg,healthy,0.7144381403923035,1391.421142578125,458.9155578613281,4032.0,2521.11474609375
ID_JfmHHi.jpeg,anthracnose,0.2841683626174927,2356.6474609375,0.0,4031.36279296875,1046.9677734375
ID_JfmHHi.jpeg,anthracnose,0.26970115303993225,1612.149169921875,2039.602783203125,2950.994140625,3024.0
ID_M55N8h.jpg,cssvd,0.5118364095687866,322.28729248046875,170.25917053222656,1277.30029296875,837.6126098632812
ID_M55N8h.jpg,healthy,0.4894002377986908,323.705322265625,165.7978057861328,1276.005126953125,810.457275390625
ID_d6xoGf.jpg,cssvd,0.41356807947158813,366.30401611328125,26.834869384765625,1280.0,865.1153564453125
ID_d6xoGf.jpg,healthy,0.28280654549598694,350.86334228515625,635.655029296875,1280.0,960.0
ID_d6xoGf.jpg,healthy,0.2731401026248932,368.70452880859375,59.852752685546875,1280.0,855.7717895507812
ID_eCoRYk.jpeg,anthracnose,0.8304278254508972,869.8477783203125,243.9983367919922,3995.49560546875,2658.271484375
ID_eCoRYk.jpeg,anthracnose,0.4477611482143402,248.49050903320312,0.0,3775.852783203125,2524.767333984375
ID_TKpRMW.jpg,anthracnose,0.6722136735916138,481.492919921875,364.958984375,2017.51220703125,1275.2657470703125
ID_iKFHn5.jpg,healthy,0.6507136225700378,740.2626342773438,566.67919921875,3264.0,2109.8662109375
ID_pwg2a0.jpeg,anthracnose,0.8398089408874512,778.66796875,908.907470703125,3768.6640625,2361.448486328125
ID_pwg2a0.jpeg,anthracnose,0.7005361914634705,128.1196746826172,717.512451171875,3624.988037109375,2499.291259765625
ID_pwg2a0.jpeg,anthracnose,0.26479002833366394,0.0,762.2799072265625,3121.115966796875,2258.177734375
ID_zSiC0w.jpg,healthy,0.5554860234260559,938.217529296875,637.0340576171875,2970.443359375,1640.62646484375
ID_zSiC0w.jpg,healthy,0.295469731092453,515.1405639648438,351.39569091796875,862.4991455078125,812.8594360351562
ID_TnbSXI.jpeg,healthy,0.7211596369743347,1257.7869873046875,829.472900390625,4032.0,2385.13525390625
ID_TnbSXI.jpeg,healthy,0.5105371475219727,429.8367004394531,96.57710266113281,3791.4033203125,917.773681640625
ID_TnbSXI.jpeg,healthy,0.46901217103004456,0.0,2020.4154052734375,3359.91015625,3024.0
ID_TnbSXI.jpeg,healthy,0.41416609287261963,0.0,864.6984252929688,3485.90380859375,2404.74072265625
ID_TnbSXI.jpeg,healthy,0.3859768807888031,0.0,105.38267517089844,3222.7978515625,1119.478515625
ID_TnbSXI.jpeg,healthy,0.3093377351760864,1.701267123222351,0.39203163981437683,1407.8453369140625,652.873291015625
ID_TnbSXI.jpeg,healthy,0.3010464608669281,0.0,1.3367527723312378,643.2760620117188,789.8532104492188
ID_TnbSXI.jpeg,healthy,0.28609585762023926,186.7512664794922,2260.5478515625,3336.8505859375,3024.0
ID_TnbSXI.jpeg,healthy,0.26278212666511536,0.0,1331.836181640625,3498.8076171875,2434.702880859375
ID_h2CK7l.jpeg,2,1.0,,,,
ID_BWoPJE.jpg,anthracnose,0.8849218487739563,1061.2015380859375,531.3637084960938,4092.553955078125,2492.191162109375
ID_BWoPJE.jpg,anthracnose,0.5299783945083618,1516.312744140625,2674.249755859375,3971.6259765625,3096.0
ID_BWoPJE.jpg,anthracnose,0.3270825147628784,1494.05517578125,2466.016357421875,3990.674072265625,3096.0
ID_GAVVFt.jpg,anthracnose,0.8555875420570374,502.527587890625,101.792236328125,2048.0,1308.9293212890625
ID_GAVVFt.jpg,anthracnose,0.2705704867839813,411.156005859375,4.140472412109375,1733.4443359375,303.4611511230469
ID_Rs0rTN.jpg,anthracnose,0.8133022785186768,168.05496215820312,195.7732391357422,1213.7777099609375,856.7731323242188
ID_Rs0rTN.jpg,anthracnose,0.5727150440216064,266.1846923828125,807.735595703125,1148.8209228515625,960.0
ID_s9aN3f.jpg,healthy,0.739827573299408,0.0,1968.1317138671875,1543.2684326171875,3140.69873046875
ID_s9aN3f.jpg,cssvd,0.3248696029186249,891.556396484375,251.52105712890625,1925.22216796875,1996.685791015625
ID_s9aN3f.jpg,healthy,0.27218738198280334,355.1269836425781,916.8702392578125,1111.23095703125,1737.13427734375
ID_s9aN3f.jpg,healthy,0.2670701742172241,357.02081298828125,658.5802001953125,1217.116943359375,1737.8082275390625
ID_oU6d6Q.jpg,anthracnose,0.34646672010421753,366.560791015625,384.654296875,2001.295166015625,1502.8916015625
ID_MOZV95.jpg,healthy,0.525723397731781,1.340397834777832,1924.6304931640625,803.5140991210938,2447.767333984375
ID_MOZV95.jpg,healthy,0.5138347148895264,2603.2890625,872.8199462890625,3058.52392578125,1484.60546875
ID_MOZV95.jpg,anthracnose,0.47765159606933594,807.538818359375,405.3506164550781,2195.607177734375,1498.4373779296875
ID_MOZV95.jpg,anthracnose,0.4162454903125763,1310.7606201171875,1406.896728515625,2886.9970703125,2442.979736328125
ID_MOZV95.jpg,anthracnose,0.29221439361572266,833.3545532226562,404.3266906738281,1999.056396484375,1147.5684814453125
ID_BPRGb0.jpg,anthracnose,0.5344520807266235,1.121063232421875,0.0,681.6041259765625,140.8039093017578
ID_BPRGb0.jpg,healthy,0.5307409763336182,749.5914916992188,0.0,987.7076416015625,353.9290466308594
ID_BPRGb0.jpg,cssvd,0.3821750581264496,369.4207763671875,160.30593872070312,1280.0,931.9143676757812
ID_FI7oJn.jpg,anthracnose,0.7526520490646362,150.64796447753906,0.0,938.2078247070312,821.8602905273438
ID_FI7oJn.jpg,anthracnose,0.4004721939563751,267.664794921875,230.86318969726562,785.40771484375,1142.5335693359375
ID_FI7oJn.jpg,anthracnose,0.29887908697128296,196.69952392578125,28.17535400390625,886.2330322265625,1091.9771728515625
ID_xXnK2V.jpg,cssvd,0.3863148093223572,133.88699340820312,20.160663604736328,1074.1817626953125,627.3644409179688
ID_pFpDqu.jpg,anthracnose,0.5534507036209106,711.5763549804688,325.88720703125,1980.094970703125,1260.1964111328125
ID_QCZLFs.jpeg,healthy,0.6667843461036682,2619.35302734375,148.58474731445312,4032.0,979.3536987304688
ID_HcsqZd.jpeg,anthracnose,0.817080557346344,1195.871337890625,0.0,4032.0,2368.52490234375
ID_Zz62xP.jpg,anthracnose,0.5665161609649658,201.35061645507812,360.26513671875,1202.797607421875,1647.215087890625
ID_Zz62xP.jpg,anthracnose,0.3412695527076721,271.2141418457031,692.3564453125,1130.38916015625,1556.244140625
ID_Zz62xP.jpg,anthracnose,0.3251681923866272,243.1856689453125,521.582275390625,1314.089111328125,2048.0
ID_ZCMudK.jpg,anthracnose,0.6078352332115173,1110.6112060546875,1813.43408203125,2839.4541015625,2448.0
ID_ZCMudK.jpg,healthy,0.5105879902839661,950.154541015625,506.6302795410156,1646.1715087890625,961.7136840820312
ID_ItkmQn.jpg,healthy,0.6481888890266418,149.16046142578125,348.394775390625,292.9693603515625,415.8949890136719
ID_ItkmQn.jpg,healthy,0.624701201915741,263.1361389160156,360.4250183105469,353.1475830078125,416.0
ID_ItkmQn.jpg,healthy,0.572199821472168,317.99395751953125,104.07279205322266,369.5328063964844,175.0550079345703
ID_ItkmQn.jpg,healthy,0.4866322875022888,107.25941467285156,19.33697509765625,360.65179443359375,222.27529907226562
ID_ItkmQn.jpg,healthy,0.4347599148750305,331.8052062988281,259.988525390625,385.0447082519531,332.2106628417969
ID_ItkmQn.jpg,healthy,0.42566683888435364,0.0,165.53395080566406,64.45700073242188,401.8173522949219
ID_ItkmQn.jpg,healthy,0.3841378092765808,311.2979736328125,286.8248291015625,353.4872741699219,339.63739013671875
ID_ItkmQn.jpg,healthy,0.37626197934150696,45.428314208984375,292.5468444824219,192.8533935546875,395.31060791015625
ID_ItkmQn.jpg,healthy,0.37144050002098083,362.0849914550781,279.5869140625,410.37506103515625,362.0361328125
ID_ItkmQn.jpg,healthy,0.3589445948600769,0.0,178.6864013671875,42.92902374267578,394.0052490234375
ID_ItkmQn.jpg,healthy,0.3465317487716675,331.3049011230469,339.51226806640625,383.5256652832031,396.76025390625
ID_ItkmQn.jpg,healthy,0.30653566122055054,73.22063446044922,20.886714935302734,328.1234130859375,248.10275268554688
ID_ItkmQn.jpg,healthy,0.2729351222515106,0.0,137.9113311767578,47.960487365722656,357.9162292480469
ID_ItkmQn.jpg,healthy,0.26308417320251465,331.8353271484375,260.5973205566406,408.6252136230469,364.0633239746094
ID_ItkmQn.jpg,healthy,0.253167986869812,354.0876770019531,261.58465576171875,410.0015869140625,363.9784851074219
ID_y9PmTs.JPG,healthy,0.8890063762664795,1264.79833984375,749.8971557617188,2368.18505859375,1270.480224609375
ID_GruvRf.jpeg,cssvd,0.538327157497406,1411.58837890625,0.0,4032.0,1544.601806640625
ID_GruvRf.jpeg,healthy,0.5175949931144714,1024.19873046875,1417.2340087890625,4031.022216796875,3013.84423828125
ID_GruvRf.jpeg,healthy,0.3892013728618622,19.056882858276367,0.0,2449.561767578125,643.9607543945312
ID_GruvRf.jpeg,healthy,0.2736265957355499,993.9437866210938,18.154098510742188,4032.0,1572.2156982421875
ID_LOckOg.jpeg,healthy,0.42174023389816284,886.5197143554688,337.8552551269531,3024.0,2269.1259765625
ID_LOckOg.jpeg,anthracnose,0.41954636573791504,1088.240234375,0.0,3011.91357421875,369.33013916015625
ID_I5eBPX.jpeg,anthracnose,0.3597835898399353,631.6234741210938,308.1163330078125,3609.950927734375,2549.45458984375
ID_I5eBPX.jpeg,healthy,0.33545365929603577,493.9872741699219,371.1593322753906,3613.6162109375,2455.55078125
ID_I5eBPX.jpeg,healthy,0.29811373353004456,65.47391510009766,484.5664367675781,3327.84521484375,2230.867919921875
ID_I5eBPX.jpeg,anthracnose,0.28035780787467957,2311.343017578125,0.0,3899.453857421875,458.4741516113281
ID_lCVw1q.jpg,healthy,0.5990208983421326,1152.4090576171875,1718.32861328125,1861.6954345703125,2446.89794921875
ID_lCVw1q.jpg,anthracnose,0.44780293107032776,2625.93798828125,575.6853637695312,3264.0,2414.19580078125
ID_lCVw1q.jpg,healthy,0.4234684109687805,1299.0794677734375,215.79241943359375,2568.438232421875,1721.00830078125
ID_lCVw1q.jpg,healthy,0.3199061155319214,456.48699951171875,0.7383155822753906,1322.782470703125,1398.17138671875
ID_DdPn6R.jpg,anthracnose,0.756251335144043,454.486083984375,463.9234619140625,2030.52099609375,1477.708740234375
ID_WQpdRN.jpg,anthracnose,0.7934141755104065,422.66064453125,359.69677734375,1996.352294921875,1286.35302734375
ID_sAx23j.jpg,healthy,0.6177839636802673,0.0,1491.171630859375,1265.345458984375,2212.439208984375
ID_sAx23j.jpg,anthracnose,0.4072672128677368,17.469383239746094,0.0,2195.768310546875,657.93994140625
ID_sAx23j.jpg,anthracnose,0.3270382881164551,0.0,414.4656982421875,2144.37646484375,1868.6527099609375
ID_sAx23j.jpg,healthy,0.27051591873168945,18.076766967773438,323.0469970703125,1852.35302734375,1756.0802001953125
ID_QXeZ8d.jpeg,cssvd,0.4913397431373596,5.4309844970703125,0.0,876.1382446289062,569.6672973632812
ID_chDAE3.jpeg,healthy,0.7185243368148804,1013.5701904296875,367.38287353515625,4032.0,2246.904541015625
ID_chDAE3.jpeg,healthy,0.31673336029052734,483.8546447753906,153.746337890625,4025.372802734375,2411.193603515625
ID_chDAE3.jpeg,healthy,0.26824843883514404,0.0,0.0,391.56842041015625,785.3594360351562
ID_rRNCOR.jpeg,healthy,0.5766053199768066,577.7227783203125,739.4398193359375,2259.213623046875,3513.05810546875
ID_q6Rgy9.jpg,anthracnose,0.7515918612480164,446.1546630859375,135.493408203125,2035.1314697265625,1398.077392578125
ID_waQg2t.jpg,cssvd,0.6001357436180115,309.051513671875,72.69424438476562,1280.0,911.6660766601562
ID_waQg2t.jpg,healthy,0.5702317357063293,0.0,0.0,705.5932006835938,144.6741485595703
ID_MFOg23.jpg,cssvd,0.4733441174030304,314.7273254394531,118.2928466796875,1280.0,945.10009765625
ID_G7Rbzj.jpg,cssvd,0.5446398258209229,308.5582275390625,0.0,1280.0,846.4307861328125
ID_ypcsKv.jpg,anthracnose,0.4788670837879181,164.45465087890625,0.0,809.599609375,787.5196533203125
ID_ypcsKv.jpg,anthracnose,0.44953081011772156,121.709228515625,268.9254455566406,810.0,1080.0
ID_ypcsKv.jpg,anthracnose,0.3630375266075134,143.61355590820312,118.86722564697266,806.1240844726562,946.1181640625
ID_l7lYFT.jpg,anthracnose,0.9035294651985168,275.2388000488281,98.55278015136719,1265.975830078125,951.463623046875
ID_l7lYFT.jpg,anthracnose,0.30466553568840027,336.8526916503906,0.0,1279.265380859375,207.80197143554688
ID_wBDH5r.jpg,anthracnose,0.7292705178260803,520.6184692382812,358.1348571777344,3225.75732421875,1737.9942626953125
ID_wBDH5r.jpg,anthracnose,0.46777012944221497,0.0,195.5979766845703,2624.701904296875,1858.4931640625
ID_uINVVX.jpg,cssvd,0.365772545337677,303.61151123046875,0.0,1080.0,740.9036865234375
ID_Iz48Er.jpg,cssvd,0.48855432868003845,311.5246276855469,0.0,1280.0,768.5026245117188
ID_phlu23.jpg,anthracnose,0.8308264017105103,522.716064453125,370.5576171875,2047.70654296875,1536.0
ID_phlu23.jpg,anthracnose,0.5786458849906921,61.3294677734375,28.583251953125,1320.3638916015625,550.71337890625
ID_phlu23.jpg,anthracnose,0.2815677523612976,16.59869384765625,1141.755615234375,868.9507446289062,1535.051025390625
ID_phlu23.jpg,anthracnose,0.2689043879508972,0.0,271.923095703125,1661.2442626953125,1528.28662109375
ID_hz9Je6.jpg,anthracnose,0.37280744314193726,542.1663208007812,12.659912109375,1568.615966796875,1295.15283203125
ID_hz9Je6.jpg,healthy,0.3680464029312134,1093.403076171875,1310.6126708984375,2042.3095703125,1536.0
ID_uPiHNH.jpeg,anthracnose,0.8483291864395142,1004.2720336914062,9.306139945983887,4032.0,2049.04296875
ID_bJZocr.JPG,healthy,0.890895426273346,1263.662841796875,551.5176391601562,2656.548828125,1270.7532958984375
ID_bJZocr.JPG,healthy,0.45149368047714233,1261.51806640625,536.5042724609375,2631.7900390625,1070.3114013671875
ID_bJZocr.JPG,healthy,0.3190697729587555,0.0,1961.21435546875,1966.4130859375,2448.0
ID_bJZocr.JPG,healthy,0.2863737642765045,0.0,2090.866943359375,2095.9248046875,2448.0
ID_UEtuEF.jpg,healthy,0.5759881734848022,40.958614349365234,1092.2469482421875,1422.056884765625,1865.4857177734375
ID_UEtuEF.jpg,healthy,0.5698326826095581,1574.5780029296875,1928.5992431640625,2352.915283203125,2445.455322265625
ID_UEtuEF.jpg,anthracnose,0.34164175391197205,1015.4222412109375,6.552234649658203,1968.73681640625,1233.375244140625
ID_UEtuEF.jpg,anthracnose,0.2956186830997467,2348.019287109375,1506.9195556640625,3264.0,2448.0
ID_PuzySs.jpg,cssvd,0.4260742664337158,323.95660400390625,154.48646545410156,1280.0,960.0
ID_ttf2eL.JPG,anthracnose,0.8532482981681824,1012.8348388671875,23.949678421020508,4032.0,2149.89013671875
ID_ttf2eL.JPG,anthracnose,0.46779048442840576,0.0,0.0,3379.83935546875,2116.95458984375
ID_ttf2eL.JPG,anthracnose,0.3083800673484802,1187.0572509765625,0.0,3052.56689453125,558.108642578125
ID_Un7EbF.jpeg,cssvd,0.4693526327610016,740.9762573242188,554.4104614257812,3024.0,2383.261474609375
ID_MRAHmq.jpg,healthy,0.6550048589706421,119.26640319824219,0.29593467712402344,415.74658203125,123.26046752929688
ID_MRAHmq.jpg,healthy,0.4783647358417511,0.0,183.2172088623047,63.66556930541992,372.6617126464844
ID_MRAHmq.jpg,healthy,0.4437576234340668,119.98975372314453,153.7835693359375,416.0,358.34027099609375
ID_MRAHmq.jpg,healthy,0.4358671307563782,0.0,173.2993927001953,95.4080810546875,404.2633056640625
ID_MRAHmq.jpg,healthy,0.4314383268356323,0.0,176.1865692138672,47.30415344238281,402.1683044433594
ID_MRAHmq.jpg,healthy,0.4001924693584442,133.90969848632812,213.3880157470703,415.6105041503906,346.50665283203125
ID_MRAHmq.jpg,healthy,0.3603237271308899,143.14476013183594,96.09925079345703,361.23046875,225.04136657714844
ID_MRAHmq.jpg,healthy,0.3420616090297699,38.24320602416992,140.49856567382812,131.75265502929688,294.7355651855469
ID_MRAHmq.jpg,healthy,0.33454522490501404,2.2509570121765137,0.0,63.673133850097656,113.49710845947266
ID_MRAHmq.jpg,healthy,0.3242272734642029,17.608556747436523,179.4519500732422,115.7413101196289,404.3280944824219
ID_MRAHmq.jpg,healthy,0.31133756041526794,38.05764389038086,0.0,134.92141723632812,95.43350219726562
ID_MRAHmq.jpg,healthy,0.27778059244155884,64.65504455566406,1.2140016555786133,143.99578857421875,116.02415466308594
ID_MRAHmq.jpg,healthy,0.27715402841567993,28.321422576904297,160.4941864013672,111.18612670898438,354.4941101074219
ID_MRAHmq.jpg,healthy,0.2588043808937073,132.9927978515625,0.3352231979370117,374.4208679199219,104.31770324707031
ID_MRAHmq.jpg,healthy,0.2503281831741333,177.9666290283203,113.32782745361328,384.3912048339844,234.9367218017578
ID_zDhQnl.jpg,cssvd,0.4167427718639374,238.4260711669922,0.0,1080.0,613.3770141601562
ID_XVGCaw.jpg,anthracnose,0.48989617824554443,1130.3409423828125,0.3881263732910156,2592.277587890625,790.9837646484375
ID_XVGCaw.jpg,anthracnose,0.4696994125843048,310.6003112792969,191.4300537109375,1360.0645751953125,938.370361328125
ID_XVGCaw.jpg,healthy,0.3031754791736603,705.0897827148438,688.0822143554688,3015.537353515625,1785.4542236328125
ID_XVGCaw.jpg,anthracnose,0.2975121736526489,452.1000061035156,706.191650390625,2977.024169921875,1748.2979736328125
ID_XVGCaw.jpg,healthy,0.2740926742553711,1162.121337890625,6.023643493652344,2611.647705078125,777.9000244140625
ID_XVGCaw.jpg,anthracnose,0.2514197528362274,283.3516845703125,0.0,2635.857666015625,387.5924987792969
ID_agHwYS.jpeg,healthy,0.4409081041812897,1362.1240234375,585.14892578125,4032.0,2409.343505859375
ID_oiYNeG.jpeg,anthracnose,0.8498774170875549,779.4718627929688,330.1313781738281,3860.648681640625,2288.65185546875
ID_oiYNeG.jpeg,anthracnose,0.427857905626297,0.0,0.0,3538.9140625,2464.601806640625
ID_Sode5O.jpeg,healthy,0.6521725058555603,1631.6053466796875,170.5852508544922,4032.0,2334.274169921875
ID_ooSmq3.jpg,anthracnose,0.8641581535339355,268.7009582519531,62.84505844116211,1080.0,731.742919921875
ID_ooSmq3.jpg,anthracnose,0.36094415187835693,25.321447372436523,50.291290283203125,982.1180419921875,727.7377319335938
ID_ooSmq3.jpg,anthracnose,0.25744861364364624,264.16162109375,246.76695251464844,1080.0,771.9615478515625
ID_uCCU3R.jpeg,healthy,0.8388620018959045,984.0053100585938,415.4994812011719,4032.0,2608.162353515625
ID_uCCU3R.jpeg,healthy,0.3346933424472809,216.5692138671875,252.92259216308594,3779.43017578125,2653.77099609375
ID_clveDG.jpg,healthy,0.4047831594944,177.9000701904297,253.3115234375,405.8126525878906,366.1861267089844
ID_clveDG.jpg,healthy,0.3534078001976013,172.14340209960938,182.56375122070312,294.7337341308594,272.5914001464844
ID_clveDG.jpg,cssvd,0.2707725465297699,106.51277160644531,6.401040554046631,333.5662841796875,230.49395751953125
ID_MdOA7y.jpg,healthy,0.28032368421554565,281.5770263671875,15.08050537109375,1184.3212890625,507.0115966796875
ID_iVdvqB.jpg,anthracnose,0.6895588636398315,638.56494140625,609.8089599609375,2011.384765625,2076.93115234375
ID_iVdvqB.jpg,anthracnose,0.39629340171813965,2011.3502197265625,1750.48681640625,2731.82470703125,2448.0
ID_zzaEcN.jpg,healthy,0.5939577221870422,482.550537109375,530.9884033203125,977.8399658203125,902.6761474609375
ID_zzaEcN.jpg,healthy,0.5507723093032837,352.9220275878906,282.0640869140625,701.7928466796875,492.550537109375
ID_zzaEcN.jpg,healthy,0.2679504156112671,1346.9267578125,868.5280151367188,1540.986328125,1012.4465942382812
ID_CBsr8I.jpg,2,1.0,,,,
ID_EmTTcz.jpg,anthracnose,0.8941668272018433,776.3026123046875,374.59912109375,2031.2259521484375,1237.46923828125
ID_EmTTcz.jpg,anthracnose,0.2793737053871155,785.117431640625,985.6522216796875,2032.080810546875,1503.2691650390625
ID_tW9laK.jpeg,anthracnose,0.8487542271614075,1251.2520751953125,235.67019653320312,3993.225830078125,1417.70263671875
ID_tW9laK.jpeg,healthy,0.5562613606452942,558.3469848632812,0.0,2231.85693359375,504.8650207519531
ID_eNeH9u.jpg,anthracnose,0.8458743691444397,517.387939453125,299.014892578125,2048.0,1332.018310546875
ID_pdHz5y.jpeg,healthy,0.4651394784450531,644.9794921875,38.17240524291992,3998.8798828125,2198.71728515625
ID_pdHz5y.jpeg,healthy,0.29980728030204773,99.78500366210938,0.0,2846.317138671875,639.5387573242188
ID_pdHz5y.jpeg,healthy,0.2506072521209717,0.0,0.0,3507.71728515625,2275.50439453125
ID_EsaBbF.jpeg,2,1.0,,,,
ID_nRwW2A.jpg,2,1.0,,,,
ID_z4YpAE.jpeg,anthracnose,0.8537276983261108,896.4609375,14.201163291931152,4000.0,1743.7479248046875
ID_kVPZX8.jpg,anthracnose,0.5230950713157654,419.21771240234375,376.3652648925781,3200.71435546875,1905.88330078125
ID_kVPZX8.jpg,healthy,0.5004178285598755,585.7735595703125,1681.987548828125,2591.173095703125,2442.995361328125
ID_kVPZX8.jpg,anthracnose,0.3093957006931305,1125.63330078125,454.21502685546875,3253.572021484375,1939.484375
ID_iPhQrE.jpg,cssvd,0.4890182912349701,430.0599670410156,0.0,1280.0,788.6099853515625
ID_aatE8l.jpeg,healthy,0.4981927275657654,1102.033203125,0.0,2782.039794921875,3006.17626953125
ID_aatE8l.jpeg,anthracnose,0.2620192766189575,2797.199462890625,0.0,4010.13671875,540.8627319335938
ID_MocvF0.jpg,healthy,0.6260443925857544,212.53915405273438,25.20079803466797,328.7356872558594,112.4802017211914
ID_MocvF0.jpg,healthy,0.6229857802391052,93.18012237548828,90.37832641601562,411.723388671875,250.93568420410156
ID_MocvF0.jpg,healthy,0.4054812490940094,4.93932580947876,235.6896514892578,77.84606170654297,366.3840637207031
ID_MocvF0.jpg,healthy,0.2979665994644165,109.9290771484375,1.1522483825683594,185.9452362060547,139.2454071044922
ID_MocvF0.jpg,healthy,0.2661270201206207,6.873531818389893,353.40386962890625,80.71744537353516,413.6336975097656
ID_MocvF0.jpg,healthy,0.2529420554637909,104.23381805419922,1.394984245300293,162.630615234375,136.4861297607422
ID_SdD2yO.JPG,healthy,0.3959697484970093,523.6499633789062,378.86517333984375,3264.0,1592.648193359375
ID_pliOuX.jpg,anthracnose,0.7376368045806885,1248.4351806640625,116.52709197998047,4128.0,2666.53857421875
ID_pliOuX.jpg,anthracnose,0.589150071144104,1044.1055908203125,1119.270263671875,4128.0,2883.8564453125
ID_pliOuX.jpg,anthracnose,0.507374107837677,2317.13525390625,0.0,4128.0,1181.584228515625
ID_pliOuX.jpg,anthracnose,0.4573327600955963,619.0811767578125,2017.237060546875,4030.35546875,3096.0
ID_pliOuX.jpg,anthracnose,0.4067398011684418,2173.216796875,0.0,4117.85400390625,845.0365600585938
ID_pliOuX.jpg,anthracnose,0.38726919889450073,891.1458740234375,2184.199462890625,3546.3056640625,3096.0
ID_gs6Jao.jpg,cssvd,0.45495957136154175,311.9866638183594,2.81768798828125,1280.0,960.0
ID_UIaTe7.jpg,anthracnose,0.7160270810127258,1012.7115478515625,2452.285888671875,4108.89013671875,3096.0
ID_UIaTe7.jpg,anthracnose,0.7037643790245056,303.7250671386719,1223.4302978515625,3672.26953125,2393.886962890625
ID_UIaTe7.jpg,anthracnose,0.4900471866130829,1013.9899291992188,0.0,4105.494140625,845.3308715820312
ID_UIaTe7.jpg,anthracnose,0.31353333592414856,0.0,11.732305526733398,3587.76611328125,1401.2891845703125
ID_UIaTe7.jpg,anthracnose,0.3126160800457001,352.5962219238281,2279.59423828125,1476.65625,3096.0
ID_UIaTe7.jpg,anthracnose,0.25996845960617065,486.68682861328125,0.0,4123.27783203125,1061.6689453125
ID_iZFxet.jpg,cssvd,0.33479785919189453,25.690433502197266,0.0,980.3563842773438,625.9434204101562
ID_l4spjA.JPG,healthy,0.4399262070655823,531.267333984375,3.616384267807007,2405.631591796875,867.4728393554688
ID_l4spjA.JPG,cssvd,0.34561970829963684,367.5097351074219,709.9992065429688,3068.7275390625,2002.294677734375
ID_l4spjA.JPG,healthy,0.2787841558456421,283.30987548828125,704.822509765625,2896.494140625,1995.5084228515625
ID_l4spjA.JPG,anthracnose,0.2508939802646637,442.42767333984375,698.1912841796875,2885.30419921875,2062.983154296875
ID_zUj61k.jpg,healthy,0.5976414084434509,0.0,1399.0400390625,719.3267822265625,1971.46484375
ID_zUj61k.jpg,healthy,0.5536859035491943,541.12646484375,505.3533630371094,2742.782958984375,1708.9781494140625
ID_zUj61k.jpg,healthy,0.49557173252105713,2763.302490234375,1636.239990234375,3264.0,2445.16015625
ID_zUj61k.jpg,healthy,0.48766928911209106,436.98126220703125,1851.2763671875,2457.16796875,2448.0
ID_zUj61k.jpg,anthracnose,0.35131511092185974,781.493896484375,527.3092041015625,2627.442626953125,1758.70556640625
ID_FoWi5J.jpeg,healthy,0.43648990988731384,828.674560546875,0.0,2163.529296875,600.3284912109375
ID_FoWi5J.jpeg,healthy,0.262045681476593,197.04171752929688,539.8741455078125,2145.71142578125,3295.148681640625
ID_cF8g1J.jpg,cssvd,0.28133121132850647,159.4091339111328,8.24462890625,1278.8494873046875,960.0
ID_F604TY.jpg,anthracnose,0.8367694616317749,1056.778564453125,134.7613983154297,4128.0,2003.4530029296875
ID_F604TY.jpg,anthracnose,0.5018751621246338,0.0,2021.2548828125,2441.0263671875,3095.802978515625
ID_F604TY.jpg,anthracnose,0.32957491278648376,389.0807189941406,291.8846130371094,3961.872314453125,2061.681884765625
ID_F604TY.jpg,anthracnose,0.2529452443122864,0.0,1333.866455078125,3172.070556640625,2461.103515625
ID_fBSCLP.jpg,cssvd,0.5253767371177673,262.2651672363281,0.0,1080.0,634.0331420898438
ID_slp0C2.jpg,anthracnose,0.7876724004745483,462.728515625,0.0,1969.506103515625,1259.71728515625
ID_slp0C2.jpg,anthracnose,0.5617002844810486,0.0,0.0,1737.235107421875,1265.9375
ID_zcSpGG.jpg,healthy,0.7843014001846313,1005.9475708007812,321.83489990234375,2556.781494140625,1338.0863037109375
ID_gwKLiE.jpg,anthracnose,0.8487911224365234,705.562744140625,11.515625,2048.0,1157.710693359375
ID_L7VuIR.jpg,2,1.0,,,,
ID_P8RwEx.jpeg,anthracnose,0.7436861395835876,1711.3248291015625,507.336181640625,4018.42626953125,2177.40087890625
ID_MFVwJx.jpg,healthy,0.3454020917415619,224.3045654296875,1025.47021484375,744.4378662109375,1502.732421875
ID_MFVwJx.jpg,cssvd,0.2734074592590332,219.56610107421875,988.732177734375,727.6207275390625,1506.506103515625
ID_MFVwJx.jpg,healthy,0.2712734341621399,0.0,297.549560546875,379.48114013671875,876.7750244140625
ID_Q1KDRy.jpeg,cssvd,0.25540921092033386,1260.5478515625,10.832449913024902,3879.232177734375,2079.096923828125
ID_RN998C.jpeg,healthy,0.5693893432617188,858.7075805664062,0.0,2508.477294921875,2742.898193359375
ID_RN998C.jpeg,healthy,0.2743549346923828,0.0,2647.16259765625,1837.7655029296875,3024.0
ID_eWFKty.jpg,cssvd,0.3218434751033783,303.41357421875,821.141357421875,1730.09033203125,1529.45947265625
ID_eWFKty.jpg,anthracnose,0.26122093200683594,382.47314453125,845.4597778320312,1721.079345703125,1528.873291015625
ID_s762So.jpg,anthracnose,0.8071363568305969,391.58660888671875,774.1407470703125,2585.942626953125,1692.4776611328125
ID_s762So.jpg,anthracnose,0.7658423781394958,1619.896240234375,1441.2291259765625,3210.474609375,2305.79052734375
ID_s762So.jpg,healthy,0.33803850412368774,2012.5299072265625,712.7847290039062,3210.08056640625,1307.212646484375
ID_g5ysGT.jpg,anthracnose,0.8727486729621887,162.47802734375,432.0929260253906,1657.0859375,1183.6895751953125
ID_g5ysGT.jpg,anthracnose,0.7706071734428406,20.252197265625,46.18988037109375,1061.69482421875,485.8887939453125
ID_g5ysGT.jpg,anthracnose,0.2712495028972626,161.169921875,1000.9327392578125,1878.92626953125,1467.1529541015625
ID_XrMSwO.jpg,healthy,0.7760652899742126,54.65445327758789,62.879093170166016,186.94839477539062,157.4252471923828
ID_XrMSwO.jpg,healthy,0.7081009745597839,121.94245147705078,182.9804229736328,413.4959411621094,313.1372985839844
ID_XrMSwO.jpg,healthy,0.617402195930481,85.86149597167969,0.0,218.6413116455078,66.59602355957031
ID_XrMSwO.jpg,healthy,0.6069487929344177,40.596832275390625,0.0,229.014892578125,70.54672241210938
ID_XrMSwO.jpg,healthy,0.5102471709251404,55.59457015991211,281.0247802734375,384.4791259765625,403.1240234375
ID_XrMSwO.jpg,healthy,0.3870227038860321,0.0,74.29713439941406,61.9882698059082,256.588623046875
ID_XrMSwO.jpg,healthy,0.3393150866031647,0.0,92.86521911621094,42.22870635986328,248.8510284423828
ID_XrMSwO.jpg,healthy,0.33538660407066345,45.77648162841797,92.96772003173828,103.5438232421875,162.49659729003906
ID_XrMSwO.jpg,healthy,0.3280158042907715,0.0,100.12242889404297,67.82416534423828,286.1159362792969
ID_XrMSwO.jpg,healthy,0.3231823146343231,0.0,150.43516540527344,76.30650329589844,290.2641296386719
ID_XrMSwO.jpg,healthy,0.3221227526664734,2.173799514770508,209.66114807128906,204.60003662109375,310.6736145019531
ID_XrMSwO.jpg,healthy,0.3110809028148651,91.50714111328125,204.0367431640625,378.01568603515625,312.0985412597656
ID_XrMSwO.jpg,healthy,0.2658270001411438,73.3138656616211,176.7239990234375,269.56829833984375,297.4298400878906
ID_yIcAt3.jpg,anthracnose,0.9043092727661133,1002.9112548828125,382.1341552734375,4128.0,2872.115966796875
ID_yIcAt3.jpg,anthracnose,0.4350653290748596,639.78564453125,0.0,4083.65625,636.7852783203125
ID_yIcAt3.jpg,anthracnose,0.29257044196128845,0.0,273.1523742675781,3625.6923828125,2979.101806640625
ID_yIcAt3.jpg,anthracnose,0.28179728984832764,797.208251953125,0.0,4128.0,902.2196044921875
ID_yIcAt3.jpg,anthracnose,0.2582746148109436,49.90861892700195,2290.206298828125,1986.184326171875,3096.0
ID_l8hBRM.JPG,healthy,0.725484311580658,1121.6829833984375,385.18548583984375,2627.910400390625,1393.51171875
ID_l8hBRM.JPG,healthy,0.4562782943248749,1067.58447265625,1120.58349609375,1951.54541015625,1714.5618896484375
ID_l8hBRM.JPG,healthy,0.43731561303138733,2722.512939453125,159.00491333007812,3263.510986328125,656.414306640625
ID_l8hBRM.JPG,healthy,0.31298428773880005,2461.729736328125,490.32489013671875,3264.0,1318.3116455078125
ID_l8hBRM.JPG,healthy,0.25516727566719055,1331.3890380859375,98.51007080078125,2576.6181640625,575.3616333007812
ID_eYU5gV.jpeg,healthy,0.7193634510040283,1159.378662109375,636.4476928710938,4032.0,2367.8759765625
ID_eYU5gV.jpeg,healthy,0.38395869731903076,4.015125274658203,283.8662414550781,3511.921875,2545.021484375
ID_qfbYv3.jpg,anthracnose,0.45612749457359314,388.820068359375,232.64276123046875,1950.785400390625,899.4094848632812
ID_qfbYv3.jpg,anthracnose,0.44629597663879395,173.64306640625,911.2681274414062,1739.710205078125,1508.8037109375
ID_qfbYv3.jpg,anthracnose,0.3769637644290924,332.068115234375,236.24996948242188,2048.0,1106.140625
ID_qfbYv3.jpg,anthracnose,0.3101242184638977,150.5316162109375,0.0,1893.8436279296875,1073.8851318359375
ID_qfbYv3.jpg,anthracnose,0.2945820987224579,451.611083984375,7.045654296875,1979.221923828125,917.8470458984375
ID_PR4rHy.jpeg,healthy,0.662100613117218,518.7203369140625,0.0,2418.478515625,2737.3193359375
ID_PR4rHy.jpeg,healthy,0.5123534202575684,1472.7984619140625,2974.62255859375,3024.0,4027.64013671875
ID_bVaZn7.jpeg,healthy,0.39438802003860474,0.0,548.296630859375,3500.104736328125,2215.87109375
ID_bVaZn7.jpeg,anthracnose,0.3130446970462799,640.7186279296875,335.05902099609375,3595.093994140625,2480.58349609375
ID_bVaZn7.jpeg,healthy,0.2682878375053406,0.0,4.715554714202881,1391.2305908203125,735.4542236328125
ID_bVaZn7.jpeg,anthracnose,0.25764843821525574,2318.490966796875,0.0,3948.87060546875,454.4505615234375
ID_ch54d8.jpg,anthracnose,0.6701395511627197,946.23046875,536.861083984375,2668.0947265625,1655.8831787109375
ID_g8otVB.jpg,anthracnose,0.7628188729286194,450.63818359375,311.5816345214844,1982.8671875,1272.9019775390625
ID_g8otVB.jpg,anthracnose,0.4728390872478485,12.265625,15.031982421875,1157.092041015625,514.65869140625
ID_g8otVB.jpg,anthracnose,0.3815293610095978,2.326171875,20.2108154296875,1172.5380859375,740.4542236328125
ID_g8otVB.jpg,anthracnose,0.3809797763824463,310.11328125,196.6282958984375,2048.0,1456.1864013671875
ID_g8otVB.jpg,anthracnose,0.29541105031967163,0.0,146.90087890625,1803.59716796875,1512.94580078125
ID_g8otVB.jpg,anthracnose,0.2937491834163666,13.38623046875,15.42864990234375,1150.729248046875,365.734375
ID_b0uf2A.jpg,anthracnose,0.8211864233016968,1185.0064697265625,580.1097412109375,4128.0,2984.654541015625
ID_b0uf2A.jpg,anthracnose,0.5161892771720886,105.87641143798828,468.8335876464844,3763.494140625,3094.387939453125
ID_b0uf2A.jpg,anthracnose,0.4990967810153961,1972.1226806640625,724.8580932617188,4120.16064453125,2959.93896484375
ID_p9fhXN.jpg,anthracnose,0.4060591161251068,1183.46044921875,1075.5001220703125,3234.3603515625,2155.5439453125
ID_p9fhXN.jpg,cssvd,0.4059491455554962,2317.69677734375,11.485427856445312,3264.0,1233.0841064453125
ID_p9fhXN.jpg,healthy,0.359575480222702,0.8589848875999451,273.09124755859375,729.1282348632812,844.673828125
ID_p9fhXN.jpg,healthy,0.32168734073638916,1.259124755859375,55.093223571777344,717.1202392578125,868.1375122070312
ID_p9fhXN.jpg,healthy,0.26920047402381897,1429.7431640625,0.1050567626953125,3233.412109375,1296.0655517578125
ID_Mag0Kw.jpeg,anthracnose,0.7417032122612,986.6592407226562,0.0,2880.775146484375,3150.119873046875
ID_Mag0Kw.jpeg,anthracnose,0.44615641236305237,975.0690307617188,592.1678466796875,2831.75830078125,3933.66845703125
ID_UTMPlH.jpeg,anthracnose,0.7618570327758789,1592.962890625,84.56063079833984,3642.588134765625,1518.0380859375
ID_d9Kawp.jpg,anthracnose,0.5676040649414062,529.1781005859375,3.31109619140625,2017.9066162109375,859.7280883789062
ID_d9Kawp.jpg,anthracnose,0.3027401566505432,27.416839599609375,682.8388671875,1029.5972900390625,1345.17333984375
ID_HsUaJs.jpg,anthracnose,0.3190675973892212,569.200927734375,57.6590576171875,2048.0,1071.42822265625
ID_HsUaJs.jpg,cssvd,0.3042261302471161,582.061767578125,47.716064453125,2048.0,1143.0115966796875
ID_QnHz8A.jpg,anthracnose,0.6996595859527588,671.5510864257812,328.5914306640625,2036.030029296875,1275.2861328125
ID_QnHz8A.jpg,anthracnose,0.6483673453330994,934.4678955078125,3.5469970703125,2028.1910400390625,589.1375732421875
ID_QnHz8A.jpg,anthracnose,0.3589537441730499,789.078369140625,22.5706787109375,2042.984375,1179.7674560546875
ID_jO4Pjm.jpeg,anthracnose,0.8395816683769226,512.97998046875,0.0,3798.37451171875,1714.5147705078125
ID_jO4Pjm.jpeg,healthy,0.2567864656448364,4.521608352661133,0.0,1573.8150634765625,691.8713989257812
ID_ocMDD4.jpg,cssvd,0.36791327595710754,0.0,5.075619220733643,903.4761962890625,810.0
ID_QqFVxR.jpeg,2,1.0,,,,
ID_lmbhOa.jpg,anthracnose,0.7492824196815491,131.41998291015625,24.204177856445312,1189.5172119140625,830.1630859375
ID_lmbhOa.jpg,anthracnose,0.4193456172943115,139.8990936279297,351.4967346191406,1184.4053955078125,806.8939208984375
ID_lmbhOa.jpg,anthracnose,0.350432425737381,169.70291137695312,83.01223754882812,963.8238525390625,797.3483276367188
ID_tARLwW.jpeg,healthy,0.7969484925270081,1457.650146484375,63.67483139038086,4032.0,2358.820068359375
ID_tARLwW.jpeg,healthy,0.4798922538757324,107.26478576660156,0.0,1638.434326171875,2304.62451171875
ID_tARLwW.jpeg,healthy,0.3335855007171631,3088.92919921875,1376.46337890625,4032.0,3024.0
ID_tARLwW.jpeg,healthy,0.26011404395103455,2393.888916015625,1371.026123046875,4031.49853515625,3024.0
ID_IJpSTi.jpg,anthracnose,0.5701920986175537,986.83837890625,0.0,2073.57421875,479.5625
ID_IJpSTi.jpg,anthracnose,0.5215330123901367,396.601318359375,716.2568969726562,2500.154296875,1656.087646484375
ID_IJpSTi.jpg,anthracnose,0.26342326402664185,52.36593246459961,2154.49072265625,1640.2998046875,2448.0
ID_Ev1UJ0.jpg,healthy,0.4663304090499878,0.5469274520874023,697.2036743164062,757.6966552734375,1574.8214111328125
ID_Ev1UJ0.jpg,anthracnose,0.3942711055278778,1336.9488525390625,1472.093505859375,2870.62255859375,2444.36181640625
ID_Ev1UJ0.jpg,anthracnose,0.30494385957717896,1256.0517578125,515.959228515625,2571.628173828125,1660.1961669921875
ID_Ev1UJ0.jpg,healthy,0.2664886713027954,0.0,0.0,1142.59228515625,697.5823974609375
ID_Ev1UJ0.jpg,healthy,0.2663062810897827,0.9345187544822693,0.0,705.640869140625,886.5299072265625
ID_czixZy.jpg,cssvd,0.5156285762786865,309.0254211425781,72.18818664550781,1280.0,868.7883911132812
ID_ZXdMsB.jpg,healthy,0.2731225788593292,41.8095703125,1139.023193359375,625.986328125,1515.090087890625
ID_ZXdMsB.jpg,healthy,0.26940929889678955,52.08393859863281,1140.886962890625,537.7493286132812,1435.655029296875
ID_LbTNkR.jpg,cssvd,0.5501347184181213,310.26153564453125,58.63739013671875,1280.0,815.2801513671875
ID_LbTNkR.jpg,cssvd,0.4376138150691986,0.0,0.0,1040.0970458984375,785.543212890625
ID_hQA5Qv.jpg,healthy,0.4731658697128296,109.02897644042969,28.520687103271484,405.4630126953125,277.263427734375
ID_hQA5Qv.jpg,healthy,0.3651188313961029,3.3907392024993896,0.0,303.132080078125,179.09735107421875
ID_hQA5Qv.jpg,healthy,0.34328025579452515,3.094135284423828,0.0,240.25991821289062,66.36151123046875
ID_hQA5Qv.jpg,healthy,0.2725151777267456,92.29354095458984,156.8592071533203,400.6539306640625,343.6041259765625
ID_hQA5Qv.jpg,healthy,0.26913774013519287,3.784715414047241,0.0,256.0353698730469,121.3311767578125
ID_uSTE1c.jpg,cssvd,0.3868870437145233,2.92144775390625,309.2755126953125,960.0,1280.0
ID_W1Ldy3.jpg,anthracnose,0.8303740620613098,1041.7755126953125,519.2608642578125,4128.0,2934.697265625
ID_W1Ldy3.jpg,anthracnose,0.45416179299354553,0.0,330.12969970703125,3628.792724609375,3000.477783203125
ID_W1Ldy3.jpg,anthracnose,0.4150765836238861,0.0,2333.650146484375,3179.618896484375,3096.0
ID_W1Ldy3.jpg,anthracnose,0.3169349431991577,138.10008239746094,0.0,2816.462158203125,696.5964965820312
ID_f6eOd7.jpeg,anthracnose,0.7411778569221497,1523.456298828125,4.416823387145996,3972.98681640625,1586.7706298828125
ID_f6eOd7.jpeg,anthracnose,0.6624947190284729,661.8355102539062,23.42104721069336,4000.0,1422.5257568359375
ID_f6eOd7.jpeg,anthracnose,0.33818602561950684,1889.4478759765625,8.148908615112305,3967.81396484375,1272.3779296875
ID_Ko3wiJ.jpg,anthracnose,0.5591418743133545,55.901851654052734,541.68017578125,643.5902099609375,808.4308471679688
ID_Ko3wiJ.jpg,cssvd,0.5060824155807495,311.85211181640625,7.34760046005249,1080.0,630.3870239257812
ID_deS0wq.jpg,anthracnose,0.5050363540649414,703.0357666015625,625.8596801757812,3055.28759765625,2001.1593017578125
ID_deS0wq.jpg,healthy,0.41808784008026123,211.84384155273438,0.0,3043.562744140625,415.5171813964844
ID_zfVZ2p.jpg,anthracnose,0.4713548421859741,716.6431884765625,1.8614423274993896,1079.123291015625,271.1774597167969
ID_zfVZ2p.jpg,cssvd,0.38769370317459106,0.0,81.71298217773438,910.975341796875,761.9853515625
ID_tvu9FP.jpg,cssvd,0.5704907774925232,323.0583190917969,7.999706268310547,1280.0,643.0372314453125
ID_tvu9FP.jpg,cssvd,0.2782111167907715,0.0,4.811573028564453,1025.7188720703125,641.291015625
ID_gyfUir.jpg,anthracnose,0.8737666606903076,590.9688110351562,381.8421630859375,1990.7158203125,1138.584228515625
ID_ibwcq7.jpg,anthracnose,0.38029423356056213,269.9190368652344,143.81382751464844,1080.0,804.9141845703125
ID_r0VhGy.jpeg,anthracnose,0.5887545943260193,1263.62841796875,1012.166015625,3609.431396484375,2035.586669921875
ID_r0VhGy.jpeg,anthracnose,0.3973625600337982,1283.5950927734375,238.416259765625,3234.3359375,986.1074829101562
ID_SO8UBg.jpg,healthy,0.4200635552406311,143.88916015625,0.0,1014.224609375,213.66162109375
ID_iWDZvd.jpeg,healthy,0.7838322520256042,524.7134399414062,0.0,1491.595703125,729.0589599609375
ID_iWDZvd.jpeg,healthy,0.38960000872612,1256.2772216796875,769.5380859375,3373.8642578125,1836.890869140625
ID_iWDZvd.jpeg,healthy,0.37229815125465393,1124.877197265625,6.612807750701904,2813.02099609375,1151.4783935546875
ID_iWDZvd.jpeg,healthy,0.3237212896347046,3209.54638671875,1041.3070068359375,4032.0,1862.862548828125
ID_iWDZvd.jpeg,anthracnose,0.31315580010414124,1242.64892578125,1510.2205810546875,3389.418701171875,2153.9072265625
ID_iWDZvd.jpeg,anthracnose,0.27371418476104736,1252.5570068359375,780.6516723632812,3402.91650390625,1842.5206298828125
ID_nShX8a.jpg,cssvd,0.44209176301956177,0.0,0.0,879.0227661132812,626.022705078125
ID_nShX8a.jpg,cssvd,0.4337618350982666,229.37535095214844,0.0,1080.0,636.2085571289062
ID_tq5475.jpg,anthracnose,0.554040253162384,432.18365478515625,531.6793823242188,2508.472412109375,1325.171142578125
ID_CTJaUE.jpg,anthracnose,0.7777100801467896,1021.9586791992188,385.3441467285156,4128.0,2280.88037109375
ID_CTJaUE.jpg,anthracnose,0.3867439329624176,243.072265625,351.5262756347656,3863.040771484375,2371.3740234375
ID_WBEKHx.jpeg,healthy,0.6962451934814453,96.22769927978516,0.0,2178.666748046875,607.5064086914062
ID_WBEKHx.jpeg,healthy,0.6713451743125916,1021.0193481445312,677.7611083984375,4032.0,2698.804931640625
ID_WBEKHx.jpeg,healthy,0.3167208433151245,1387.396240234375,899.3716430664062,3782.8447265625,2653.598388671875
ID_WBEKHx.jpeg,healthy,0.31566405296325684,495.10504150390625,614.2244262695312,3660.223388671875,2542.088134765625
ID_AaL0uh.jpeg,healthy,0.7510446310043335,628.5556030273438,0.0,3732.631591796875,2065.929443359375
ID_AaL0uh.jpeg,healthy,0.7461733818054199,0.0,2298.345703125,2474.73876953125,3023.289794921875
ID_msd0pU.jpg,anthracnose,0.911302387714386,326.35589599609375,112.298583984375,1280.0,811.2750244140625
ID_msd0pU.jpg,anthracnose,0.2579333782196045,27.1832275390625,76.10668182373047,788.9443969726562,422.7275085449219
ID_GSj4su.jpeg,healthy,0.37848538160324097,441.4527893066406,206.3455047607422,995.71728515625,519.1317749023438
ID_XuSm0l.jpg,healthy,0.5415700674057007,181.48672485351562,0.0,2687.90625,461.1453857421875
ID_XuSm0l.jpg,healthy,0.4874376058578491,1079.6651611328125,1583.8612060546875,2743.107421875,2447.476318359375
ID_XuSm0l.jpg,cssvd,0.41078615188598633,643.966796875,536.8158569335938,3222.23974609375,1716.2293701171875
ID_S4UOLv.jpg,healthy,0.5249412059783936,69.27439880371094,0.12849044799804688,193.4910888671875,144.4905548095703
ID_S4UOLv.jpg,cssvd,0.39127546548843384,101.94157409667969,118.6784896850586,416.0,318.59564208984375
ID_S4UOLv.jpg,healthy,0.3770163655281067,225.0195770263672,349.270751953125,414.6265869140625,416.0
ID_S4UOLv.jpg,healthy,0.3597925007343292,67.82599639892578,0.32785892486572266,234.46084594726562,155.96083068847656
ID_bqjNRc.JPG,healthy,0.5206809043884277,0.0,4.340497970581055,1771.5430908203125,908.464599609375
ID_bqjNRc.JPG,healthy,0.5082718133926392,1274.8055419921875,0.0,2132.06396484375,825.7476806640625
ID_bqjNRc.JPG,healthy,0.30731120705604553,1532.9403076171875,515.2706298828125,3264.0,1095.8065185546875
ID_bqjNRc.JPG,healthy,0.25347527861595154,1304.482177734375,0.0,2132.30029296875,539.1727905273438
ID_RcDJTg.jpg,cssvd,0.34316712617874146,180.21873474121094,0.0,385.7070007324219,275.85430908203125
ID_RpAD1x.jpg,anthracnose,0.9393628835678101,1016.7794799804688,0.0,4128.0,2513.23486328125
ID_RpAD1x.jpg,anthracnose,0.4415469467639923,0.0,2100.570556640625,3318.521484375,3096.0
ID_RpAD1x.jpg,anthracnose,0.3415709137916565,376.3973083496094,2166.96630859375,3975.76025390625,3091.30908203125
ID_RpAD1x.jpg,anthracnose,0.3304518759250641,908.1133422851562,2408.59716796875,4068.314208984375,3096.0
ID_RpAD1x.jpg,anthracnose,0.2866782546043396,0.0,0.0,3628.330322265625,2567.981689453125
ID_XYvWnu.jpg,anthracnose,0.8115407824516296,615.4935302734375,364.8533935546875,2036.7750244140625,1375.3070068359375
ID_HiQLuc.jpg,anthracnose,0.5871989727020264,185.68455505371094,260.9857177734375,628.2994995117188,1080.0
ID_HiQLuc.jpg,healthy,0.3500087559223175,623.42822265625,471.58349609375,810.0,659.6536254882812
ID_HiQLuc.jpg,cssvd,0.26225173473358154,186.32627868652344,0.0,680.7831420898438,767.2343139648438
ID_oxrYai.jpg,anthracnose,0.40053024888038635,914.145751953125,0.0,2152.279296875,563.0794067382812
ID_oxrYai.jpg,healthy,0.38817375898361206,1599.5052490234375,779.7669677734375,3061.27197265625,1629.73974609375
ID_J45fgy.jpg,cssvd,0.28182923793792725,209.24681091308594,170.23817443847656,1080.0,654.6068115234375
ID_QegU5S.jpeg,anthracnose,0.7130107879638672,2282.52685546875,166.31930541992188,3023.85595703125,1125.1943359375
ID_QegU5S.jpeg,anthracnose,0.7055039405822754,517.2974243164062,469.9614562988281,2344.72509765625,1555.8187255859375
ID_QegU5S.jpeg,anthracnose,0.6235045790672302,938.2633666992188,1108.5040283203125,3022.658447265625,2214.313232421875
ID_QegU5S.jpeg,anthracnose,0.5166683197021484,2195.9462890625,979.9270629882812,3024.0,1708.5982666015625
ID_QegU5S.jpeg,anthracnose,0.36567944288253784,2108.47509765625,2031.2080078125,3022.39013671875,2848.559326171875
ID_QegU5S.jpeg,anthracnose,0.3067833185195923,960.067626953125,505.8021240234375,2298.93212890625,1474.3056640625
ID_lU7egE.jpg,cssvd,0.4007718563079834,0.0,330.0093078613281,960.0,1280.0
ID_lU7egE.jpg,cssvd,0.30336353182792664,57.005462646484375,17.428436279296875,957.51123046875,974.3018798828125
ID_zpXC4u.JPG,healthy,0.5499594211578369,324.10223388671875,780.0802612304688,2922.42138671875,1944.6815185546875
ID_sbu14T.jpg,healthy,0.6602855324745178,117.57145690917969,70.8001708984375,412.0757141113281,294.94097900390625
ID_sbu14T.jpg,healthy,0.253335565328598,60.84170150756836,1.226064682006836,136.24566650390625,87.84962463378906
ID_L7jdBx.jpg,anthracnose,0.7625972628593445,324.3132019042969,10.604400634765625,1280.0,664.3937377929688
ID_L7jdBx.jpg,anthracnose,0.3335643708705902,0.0,0.0,1081.06982421875,706.836669921875
ID_xXWJsa.jpg,cssvd,0.5624076128005981,1082.1405029296875,0.0,3264.0,1951.26708984375
ID_Y83vnf.jpeg,healthy,0.7541327476501465,219.69837951660156,0.0,1630.3194580078125,748.7230224609375
ID_Y83vnf.jpeg,healthy,0.5536646842956543,1364.93896484375,0.0,2182.1767578125,503.3401184082031
ID_Y83vnf.jpeg,healthy,0.5274293422698975,1139.13720703125,516.827392578125,4032.0,1986.1929931640625
ID_vyuFDL.jpg,anthracnose,0.8246848583221436,1059.2686767578125,493.42584228515625,4128.0,2221.48291015625
ID_vyuFDL.jpg,healthy,0.6258228421211243,210.7752685546875,2417.25,2928.267333984375,3096.0
ID_tIC8Rp.jpg,anthracnose,0.47158369421958923,431.260498046875,23.4569091796875,1537.3699951171875,1398.8707275390625
ID_Gd3VXA.jpg,healthy,0.39104241132736206,0.624755859375,103.90521240234375,386.78472900390625,567.3602294921875
ID_QgrbIr.jpg,anthracnose,0.5127043724060059,1346.38427734375,49.4996337890625,3021.363037109375,1950.093505859375
ID_QgrbIr.jpg,anthracnose,0.40590012073516846,1815.375,472.1285705566406,3246.840576171875,2303.926513671875
ID_f2N5AI.jpeg,anthracnose,0.5651714205741882,976.7673950195312,0.16803288459777832,3024.0,451.6230773925781
ID_f2N5AI.jpeg,anthracnose,0.37679845094680786,753.064208984375,349.5262451171875,3024.0,2294.24853515625
ID_f2N5AI.jpeg,healthy,0.26335668563842773,753.2386474609375,429.6573486328125,3024.0,2314.6162109375
ID_mirK4L.JPG,healthy,0.7990798354148865,253.52090454101562,727.98193359375,1047.8665771484375,1138.7548828125
ID_mirK4L.JPG,healthy,0.7476136684417725,1621.736572265625,799.6514892578125,2405.034423828125,1375.9088134765625
ID_mirK4L.JPG,healthy,0.7164895534515381,1087.7724609375,864.66943359375,1885.4993896484375,1588.0224609375
ID_mirK4L.JPG,healthy,0.690032958984375,1659.2010498046875,42.934993743896484,2192.599853515625,495.8064270019531
ID_mirK4L.JPG,healthy,0.295176237821579,2615.738525390625,304.864990234375,3098.71630859375,695.3604736328125
ID_mirK4L.JPG,healthy,0.27215638756752014,826.5305786132812,0.0,1769.554443359375,299.077392578125
ID_ws8Esn.jpg,cssvd,0.2987517714500427,0.0,57.18770217895508,867.6510620117188,797.823974609375
ID_Tl30M7.jpeg,anthracnose,0.5852119326591492,1700.26611328125,281.71002197265625,4022.985107421875,2440.362060546875
ID_Tl30M7.jpeg,anthracnose,0.4026995897293091,130.398193359375,145.640380859375,3623.438720703125,2473.4765625
ID_RgKZv7.jpeg,healthy,0.5364774465560913,1253.641357421875,110.12406158447266,2823.068115234375,1597.9649658203125
ID_RgKZv7.jpeg,cssvd,0.2602560520172119,1013.0910034179688,1417.3760986328125,4032.0,3014.18701171875
ID_Ra1OWt.jpg,cssvd,0.48985201120376587,311.839599609375,54.657135009765625,1280.0,952.0008544921875
ID_Ra1OWt.jpg,cssvd,0.2570893466472626,0.0,85.07919311523438,1039.2003173828125,924.02783203125
ID_mHoDGw.JPG,anthracnose,0.3414562940597534,1.8786677122116089,442.6427001953125,738.6469116210938,1254.7056884765625
ID_mHoDGw.JPG,cssvd,0.305936723947525,1503.9093017578125,4.345848083496094,3264.0,1383.9869384765625
ID_mHoDGw.JPG,anthracnose,0.26769864559173584,1365.5758056640625,1578.58203125,2200.302734375,2350.768310546875
ID_EdzwdN.jpg,anthracnose,0.7625854015350342,1057.606689453125,597.9519653320312,4128.0,2468.44091796875
ID_EdzwdN.jpg,anthracnose,0.4441268742084503,0.0,309.0652770996094,3478.352783203125,2810.188720703125
ID_EdzwdN.jpg,anthracnose,0.40305182337760925,374.64642333984375,414.7281188964844,3987.8623046875,2666.43359375
ID_EdzwdN.jpg,anthracnose,0.28477561473846436,0.0,2173.692138671875,3336.60546875,2897.241455078125
ID_EdzwdN.jpg,anthracnose,0.26594626903533936,0.0,4.676387786865234,3075.171875,685.9816284179688
ID_fO7fgj.jpg,2,1.0,,,,
ID_OgEb5I.jpg,anthracnose,0.7253572344779968,712.5693969726562,24.059906005859375,2048.0,1019.1043701171875
ID_OgEb5I.jpg,anthracnose,0.40863871574401855,621.1494140625,312.7261962890625,2048.0,1501.55078125
ID_OgEb5I.jpg,anthracnose,0.32680296897888184,667.41162109375,656.1681518554688,2048.0,1519.805908203125
ID_zPqRJN.jpeg,healthy,0.8560709357261658,981.2420654296875,386.8802490234375,4032.0,2248.2744140625
ID_zPqRJN.jpeg,healthy,0.6640478372573853,0.0,0.0,1490.7562255859375,591.216796875
ID_zPqRJN.jpeg,healthy,0.6471021771430969,342.9556579589844,122.38573455810547,3899.40185546875,2364.60009765625
ID_zPqRJN.jpeg,healthy,0.5032608509063721,830.1448364257812,917.2500610351562,4032.0,2250.751708984375
ID_zPqRJN.jpeg,healthy,0.43470028042793274,381.30230712890625,2653.91796875,2722.355224609375,3024.0
ID_zPqRJN.jpeg,healthy,0.396477073431015,0.13626478612422943,2059.573486328125,1243.6829833984375,2705.826171875
ID_zPqRJN.jpeg,healthy,0.29668793082237244,1.0182008743286133,2387.18994140625,709.3848266601562,3012.709228515625
ID_zPqRJN.jpeg,healthy,0.2916319966316223,1035.174072265625,0.0,2349.703369140625,519.0767822265625
ID_rHask9.jpg,healthy,0.5542023181915283,652.1278076171875,0.0,1276.3826904296875,269.424560546875
ID_rHask9.jpg,cssvd,0.5230430960655212,305.3099060058594,172.65235900878906,1280.0,958.7271728515625
ID_rHask9.jpg,cssvd,0.30315884947776794,0.0,134.6086883544922,1128.0174560546875,956.7687377929688
ID_FQ4xbi.jpg,anthracnose,0.8420172929763794,321.9833068847656,268.6441650390625,1280.0,753.8516235351562
ID_FQ4xbi.jpg,anthracnose,0.40051403641700745,184.9987030029297,0.0,1269.24560546875,350.8385009765625
ID_FQ4xbi.jpg,anthracnose,0.38508716225624084,317.4548034667969,0.0,1274.128662109375,246.51412963867188
ID_FQ4xbi.jpg,anthracnose,0.3151666522026062,0.24171829223632812,0.0,318.99609375,322.3283996582031
ID_tUm5mY.jpg,healthy,0.6185170412063599,980.1458740234375,916.2943725585938,3189.060791015625,1722.90283203125
ID_tUm5mY.jpg,healthy,0.43589136004447937,2050.9111328125,0.0,2812.787353515625,493.92803955078125
ID_tUm5mY.jpg,healthy,0.3519991934299469,822.5177612304688,1569.19140625,3264.0,2448.0
ID_tUm5mY.jpg,healthy,0.26217421889305115,2140.700439453125,577.1373901367188,3259.772705078125,1116.200927734375
ID_SQy8i7.jpeg,healthy,0.3388647735118866,171.69580078125,524.5197143554688,3024.0,2794.909423828125
ID_SQy8i7.jpeg,cssvd,0.26299113035202026,346.6886291503906,562.0651245117188,3024.0,2806.13037109375
ID_eUljiC.jpg,anthracnose,0.619248628616333,365.4119873046875,0.0,1280.0,794.8600463867188
ID_eUljiC.jpg,cssvd,0.32002654671669006,0.0,0.0,1041.0321044921875,780.6991577148438
ID_OVVyOZ.jpg,healthy,0.7246699333190918,7.414235591888428,269.7654724121094,211.3013916015625,362.84619140625
ID_OVVyOZ.jpg,healthy,0.6940236687660217,50.412017822265625,347.7976379394531,245.29550170898438,416.0
ID_OVVyOZ.jpg,healthy,0.5879949927330017,51.222557067871094,373.2528991699219,244.9851531982422,416.0
ID_OVVyOZ.jpg,healthy,0.4053364396095276,170.11692810058594,179.1111602783203,384.328857421875,416.0
ID_OVVyOZ.jpg,healthy,0.38652750849723816,0.0,8.331050872802734,214.3208465576172,254.7418975830078
ID_OVVyOZ.jpg,healthy,0.3519165813922882,6.441606044769287,237.97010803222656,200.9910125732422,370.1358947753906
ID_OVVyOZ.jpg,healthy,0.26623982191085815,128.48414611816406,109.79044342041016,357.4815368652344,358.1930847167969
ID_KlqixB.jpg,cssvd,0.44111230969429016,184.4269561767578,0.0,900.6514892578125,876.0531616210938
ID_J2PCAO.jpeg,anthracnose,0.7505322098731995,0.0,310.385498046875,3024.0,2861.012451171875
ID_J2PCAO.jpeg,anthracnose,0.3010044991970062,0.0,970.9263305664062,3010.65283203125,3011.77294921875
ID_LqMAW4.jpeg,cssvd,0.5303415060043335,745.0155029296875,356.0361328125,3024.0,2300.07275390625
ID_LqMAW4.jpeg,anthracnose,0.2771199941635132,0.0,0.0,1488.553955078125,456.00335693359375
ID_kz9PiB.jpeg,healthy,0.5761842131614685,1414.8634033203125,202.550048828125,4032.0,3009.81396484375
ID_kz9PiB.jpeg,healthy,0.32547515630722046,617.4047241210938,2263.18896484375,2844.03515625,3024.0
ID_kz9PiB.jpeg,healthy,0.2947029173374176,448.58056640625,1935.8031005859375,3066.21435546875,3024.0
ID_aH8VDa.jpeg,anthracnose,0.48306503891944885,194.45346069335938,224.3108367919922,2998.014404296875,3599.888427734375
ID_aH8VDa.jpeg,anthracnose,0.3976760804653168,233.29421997070312,0.0,3024.0,2804.72900390625
ID_aH8VDa.jpeg,anthracnose,0.32448631525039673,22.6170711517334,997.89892578125,3024.0,3858.535888671875
ID_waXjb4.jpg,cssvd,0.5094643235206604,231.38919067382812,28.917903900146484,1045.606201171875,672.2607421875
ID_tK5PSV.jpeg,healthy,0.7276922464370728,853.0466918945312,0.0,2638.624755859375,2696.69384765625
ID_tK5PSV.jpeg,healthy,0.4253619909286499,940.4546508789062,311.6784362792969,2583.244384765625,3257.615966796875
ID_tK5PSV.jpeg,healthy,0.2644020617008209,14.99795913696289,1620.76416015625,771.5321655273438,2391.763916015625
ID_jcfiYK.jpeg,healthy,0.4737066626548767,21.902101516723633,2224.74560546875,2708.870849609375,3024.0
ID_jcfiYK.jpeg,cssvd,0.39525264501571655,1005.9071655273438,159.8710479736328,4032.0,2572.49462890625
ID_jcfiYK.jpeg,healthy,0.35199424624443054,1187.4249267578125,151.7590789794922,4023.3037109375,2538.110595703125
ID_kvMeX2.JPG,healthy,0.4542437195777893,406.2602233886719,0.0,3102.86572265625,348.23284912109375
ID_kvMeX2.JPG,cssvd,0.3839278221130371,758.901123046875,365.926513671875,3264.0,1572.74853515625
ID_kvMeX2.JPG,healthy,0.38098233938217163,862.1490478515625,358.74688720703125,3264.0,1552.246826171875
ID_kvMeX2.JPG,healthy,0.3192899525165558,1733.873046875,1898.415771484375,2235.908203125,2447.93115234375
ID_p8IW20.jpeg,anthracnose,0.40363791584968567,301.2397766113281,60.674285888671875,1090.2978515625,386.98040771484375
ID_oUmw03.jpeg,healthy,0.6573298573493958,0.0,3039.349853515625,2316.9716796875,3899.579345703125
ID_oUmw03.jpeg,healthy,0.559154212474823,448.3102111816406,1505.51904296875,3024.0,3288.284912109375
ID_oUmw03.jpeg,healthy,0.3479223847389221,0.0,1376.748046875,2776.506591796875,2326.09716796875
ID_oUmw03.jpeg,healthy,0.319291889667511,0.0,3552.187255859375,1150.2762451171875,4032.0
ID_oUmw03.jpeg,healthy,0.2532566785812378,277.25823974609375,1109.032958984375,2817.8310546875,2209.772705078125
ID_B9DYFf.jpg,cssvd,0.4189237654209137,271.7032165527344,0.0,1080.0,652.6919555664062
ID_P2WvnN.jpg,anthracnose,0.6931490302085876,295.738525390625,372.88720703125,1528.7083740234375,1817.37158203125
ID_P2WvnN.jpg,anthracnose,0.6398811340332031,841.8014526367188,0.0,1505.712646484375,281.901611328125
ID_P2WvnN.jpg,anthracnose,0.44473662972450256,325.046142578125,3.175537109375,1532.806884765625,1371.025146484375
ID_FC7Nif.jpg,anthracnose,0.8147978782653809,723.011474609375,484.8984680175781,2048.0,1478.689208984375
ID_FC7Nif.jpg,anthracnose,0.6212495565414429,611.0505981445312,52.42626953125,1723.253173828125,474.63653564453125
ID_FC7Nif.jpg,anthracnose,0.38832294940948486,129.2506103515625,1160.71923828125,1194.205322265625,1536.0
ID_FC7Nif.jpg,anthracnose,0.32696533203125,147.7757568359375,1214.4666748046875,1460.0557861328125,1536.0
ID_FC7Nif.jpg,anthracnose,0.2944590747356415,408.868408203125,50.84344482421875,1703.533447265625,576.3069458007812
ID_V0D6Lp.jpeg,anthracnose,0.6834577322006226,384.4819641113281,129.90203857421875,1034.192138671875,456.9890441894531
ID_XzSqhK.JPG,anthracnose,0.3634486794471741,595.6142578125,0.0,3142.94482421875,2189.5185546875
ID_XzSqhK.JPG,healthy,0.2544128894805908,1426.167236328125,1199.9754638671875,2550.353515625,2438.38671875
ID_GMWGve.jpg,cssvd,0.27465927600860596,230.55694580078125,95.98467254638672,1080.0,807.6363525390625
ID_cLSG16.jpg,healthy,0.515122652053833,647.5938720703125,875.3873901367188,1045.2474365234375,1547.171875
ID_cLSG16.jpg,healthy,0.2793356478214264,1187.013427734375,1614.413818359375,1623.5498046875,2058.325439453125
ID_Vt07u8.jpg,healthy,0.9076053500175476,670.828857421875,644.2330322265625,1233.890869140625,1120.70947265625
ID_Vt07u8.jpg,healthy,0.5161271095275879,1529.885986328125,370.6715087890625,1882.17578125,864.2578125
ID_Vt07u8.jpg,healthy,0.38353919982910156,1548.007568359375,64.05813598632812,1858.252197265625,342.1484375
ID_Vt07u8.jpg,healthy,0.2775552272796631,1396.620849609375,196.22203063964844,1560.129150390625,396.7811279296875
ID_ksQokG.jpg,cssvd,0.4370913505554199,24.119281768798828,261.60760498046875,810.0,1080.0
ID_ksQokG.jpg,cssvd,0.2794749140739441,133.7586212158203,0.0,669.1396484375,762.2761840820312
ID_xYJaCN.jpg,anthracnose,0.8023619651794434,925.7821044921875,323.7484436035156,4125.2705078125,2530.318603515625
ID_xYJaCN.jpg,anthracnose,0.6121096611022949,1066.488525390625,916.4312744140625,4128.0,2356.2294921875
ID_xYJaCN.jpg,anthracnose,0.5843440890312195,0.0,2047.6617431640625,3092.41943359375,3096.0
ID_xYJaCN.jpg,anthracnose,0.3489062488079071,259.71002197265625,65.23494720458984,3845.792724609375,2480.005859375
ID_xYJaCN.jpg,anthracnose,0.32846829295158386,0.0,1035.7684326171875,3171.49609375,3096.0
ID_RvIRbs.jpeg,healthy,0.48452481627464294,177.8592071533203,211.51901245117188,2579.146728515625,3160.714111328125
ID_RvIRbs.jpeg,anthracnose,0.256207674741745,2360.8251953125,0.0,3024.0,2515.056884765625
ID_uybmws.jpg,healthy,0.610075831413269,312.9266662597656,210.30433654785156,1280.0,842.9603271484375
ID_uybmws.jpg,healthy,0.5482978224754333,0.0,690.1502685546875,672.1341552734375,960.0
ID_mk4EeG.jpg,healthy,0.46108245849609375,83.83689880371094,145.74966430664062,416.0,312.9525451660156
ID_mk4EeG.jpg,healthy,0.3479715585708618,261.90972900390625,75.70243072509766,356.853515625,169.50411987304688
ID_mk4EeG.jpg,healthy,0.30246442556381226,200.05316162109375,313.7198181152344,340.6290588378906,397.11859130859375
ID_VqylTD.jpeg,healthy,0.5390244126319885,285.83709716796875,3.1526947021484375,1270.2918701171875,444.4355773925781
ID_VqylTD.jpeg,healthy,0.48406240344047546,210.59898376464844,272.1357421875,1229.364013671875,574.2136840820312
ID_kLKJFt.jpg,anthracnose,0.4861859679222107,195.45797729492188,187.5768585205078,996.3839721679688,585.3623657226562
ID_zwPCo9.jpg,cssvd,0.6034464836120605,308.2450866699219,0.0,1280.0,774.1398315429688
ID_ddUcmh.jpeg,healthy,0.6608983278274536,1010.5328369140625,0.0,4032.0,2263.458984375
ID_ddUcmh.jpeg,healthy,0.41856321692466736,245.04640197753906,1716.0015869140625,3127.577880859375,2860.3603515625
ID_h4waf5.jpeg,healthy,0.3891032338142395,55.863037109375,2.027629852294922,1100.4449462890625,791.665283203125
ID_h4waf5.jpeg,anthracnose,0.25912123918533325,1282.14306640625,1050.3953857421875,2822.461669921875,3948.92626953125
ID_AKu1Rh.jpeg,cssvd,0.3420013189315796,1097.857421875,0.0,3020.625244140625,2846.48974609375
ID_RxjY1r.jpg,healthy,0.6047397255897522,635.7285766601562,1022.0723876953125,1696.2330322265625,2359.499267578125
ID_iTTByS.jpg,anthracnose,0.8904178738594055,1218.8189697265625,239.2870635986328,4118.7626953125,2712.34228515625
ID_iTTByS.jpg,anthracnose,0.5204697847366333,708.1557006835938,0.0,3801.432373046875,484.81829833984375
ID_iTTByS.jpg,anthracnose,0.30955734848976135,478.3994445800781,2679.679443359375,2954.3447265625,3096.0
ID_UjUA9i.jpg,anthracnose,0.4549344778060913,396.9651794433594,176.789794921875,1378.6273193359375,1278.151611328125
ID_UjUA9i.jpg,healthy,0.3851342797279358,409.4768981933594,0.0,1388.0745849609375,419.61175537109375
ID_FM0sbd.JPG,anthracnose,0.556934654712677,1679.8043212890625,922.0498046875,3244.09619140625,2448.0
ID_FM0sbd.JPG,healthy,0.3890083134174347,1106.781494140625,0.0,2512.06591796875,2070.8916015625
ID_j5mVgB.JPG,anthracnose,0.7710583209991455,817.5003662109375,63.01070785522461,3264.0,1723.9320068359375
ID_j5mVgB.JPG,anthracnose,0.3525366485118866,0.0,4.013362884521484,2649.873779296875,1723.3193359375
ID_PStxKH.jpg,healthy,0.7616649866104126,142.54270935058594,163.703125,416.0,350.7681884765625
ID_PStxKH.jpg,healthy,0.4887484610080719,67.66839599609375,149.87973022460938,408.1448059082031,352.51068115234375
ID_PStxKH.jpg,healthy,0.29949450492858887,93.45936584472656,186.52359008789062,411.5950012207031,337.2869567871094
ID_aaSu0i.jpg,healthy,0.4391164183616638,96.24251556396484,115.89324951171875,398.25238037109375,314.01806640625
ID_aaSu0i.jpg,healthy,0.37187638878822327,0.0,29.787193298339844,34.854156494140625,151.04713439941406
ID_aaSu0i.jpg,healthy,0.27474701404571533,3.6761109828948975,0.0,299.72930908203125,241.3494415283203
ID_y3kw3c.jpg,anthracnose,0.36396434903144836,482.5355529785156,47.8778076171875,1278.42236328125,854.0604858398438
ID_y3kw3c.jpg,cssvd,0.288227379322052,397.02972412109375,0.0,1280.0,870.9253540039062
ID_L9vR9c.jpeg,healthy,0.7643659114837646,128.11509704589844,1983.899169921875,3024.0,3688.241455078125
ID_L9vR9c.jpeg,healthy,0.5758640170097351,150.50289916992188,19.212133407592773,3024.0,2216.5654296875
ID_L9vR9c.jpeg,healthy,0.4244091808795929,0.0,3205.720703125,1830.5042724609375,4032.0
ID_aTp7Wk.jpeg,anthracnose,0.6802679300308228,351.2449645996094,7.80458402633667,2743.935546875,2881.995361328125
ID_aTp7Wk.jpeg,anthracnose,0.48438122868537903,2220.515380859375,999.405029296875,3024.0,4031.781494140625
ID_aTp7Wk.jpeg,anthracnose,0.39299696683883667,311.71160888671875,352.07049560546875,2597.602294921875,3646.80126953125
ID_fNXlqL.jpeg,healthy,0.5213316679000854,597.514404296875,877.5409545898438,3024.0,4032.0
ID_fNXlqL.jpeg,healthy,0.2660616636276245,581.9107666015625,0.0,3024.0,2847.03857421875
ID_YCzZMn.jpg,anthracnose,0.8956323266029358,509.46173095703125,274.0322265625,2048.0,1495.908935546875
ID_YCzZMn.jpg,anthracnose,0.33930811285972595,48.1802978515625,1006.291015625,1173.4910888671875,1536.0
ID_YCzZMn.jpg,anthracnose,0.2904491424560547,810.557373046875,427.5887451171875,2039.30615234375,1467.045166015625
ID_xiDYGL.jpg,2,1.0,,,,
ID_H8j5jt.jpeg,healthy,0.3821892738342285,2402.8828125,0.0,4028.365478515625,514.3300170898438
ID_H8j5jt.jpeg,healthy,0.3360646963119507,907.8521728515625,341.7862243652344,4032.0,2999.3857421875
ID_UeBBfA.jpg,anthracnose,0.6223224401473999,372.571044921875,498.2584228515625,1546.720947265625,1075.564697265625
ID_UeBBfA.jpg,anthracnose,0.5412530899047852,270.97479248046875,16.14642333984375,1013.7061157226562,505.84136962890625
ID_UeBBfA.jpg,anthracnose,0.28106018900871277,223.97164916992188,2.552734375,1230.867431640625,463.7811279296875
ID_yAA9sh.jpeg,healthy,0.30835703015327454,860.7071533203125,210.82382202148438,3024.0,2172.79931640625
ID_Ve7W8p.jpeg,healthy,0.8489442467689514,1365.26220703125,2021.8624267578125,4027.854736328125,3024.0
ID_Ve7W8p.jpeg,healthy,0.7745999097824097,649.81396484375,2.6344525814056396,3961.644287109375,1944.44921875
ID_Ve7W8p.jpeg,healthy,0.5874577164649963,171.04620361328125,37.34063720703125,3612.65771484375,2188.46337890625
ID_Ve7W8p.jpeg,healthy,0.3211550712585449,584.1503295898438,2110.580078125,2530.736083984375,2818.47705078125
ID_XOILgQ.jpg,cssvd,0.4182887673377991,6.8292236328125,310.6914978027344,874.80224609375,1280.0
ID_YdYAzU.jpg,healthy,0.7481496930122375,240.13665771484375,143.95834350585938,1069.2152099609375,627.2361450195312
ID_YdYAzU.jpg,healthy,0.637063205242157,74.07769775390625,116.2290267944336,975.1514282226562,590.2872924804688
ID_YdYAzU.jpg,healthy,0.5466421842575073,75.5343017578125,0.0,1012.5303955078125,107.28543853759766
ID_YdYAzU.jpg,healthy,0.538827121257782,61.859378814697266,481.6061096191406,965.8217163085938,773.4591674804688
ID_q6BhHX.jpeg,anthracnose,0.8172892928123474,1148.6544189453125,11.30771541595459,3870.705810546875,1474.903564453125
ID_q6BhHX.jpeg,anthracnose,0.2721840441226959,275.94921875,0.0,3377.40869140625,1800.0
ID_wbgAMO.jpg,cssvd,0.5399137139320374,317.09014892578125,160.7289276123047,1280.0,721.0224609375
ID_wbgAMO.jpg,healthy,0.294273316860199,0.0,0.0,219.48512268066406,375.15350341796875
ID_HzGJHG.jpg,cssvd,0.4329565763473511,307.8974609375,67.55386352539062,1280.0,906.2040405273438
ID_LnbQQF.jpg,anthracnose,0.6291308403015137,889.2552490234375,202.66184997558594,4128.0,2833.171142578125
ID_FQs6k1.jpg,anthracnose,0.9293146133422852,498.1298828125,0.0,2048.0,1264.6168212890625
ID_FQs6k1.jpg,anthracnose,0.4364805519580841,96.2218017578125,1040.548583984375,1769.7994384765625,1536.0
ID_C3AIRq.jpg,cssvd,0.5829933285713196,310.8135681152344,17.751617431640625,1280.0,950.078857421875
ID_pZxwNH.jpg,anthracnose,0.4599394202232361,0.0,18.087980270385742,873.2039184570312,680.5646362304688
ID_pZxwNH.jpg,anthracnose,0.3335918188095093,97.67459869384766,0.0,1046.6986083984375,652.7481689453125
ID_hxlQYU.jpg,healthy,0.7395331859588623,212.2268524169922,165.33242797851562,776.2339477539062,487.5743713378906
ID_hxlQYU.jpg,healthy,0.2918413281440735,195.775146484375,162.60989379882812,798.6157836914062,388.6441345214844
ID_hxlQYU.jpg,anthracnose,0.25031933188438416,1.694488525390625,283.3697509765625,423.47564697265625,752.3776245117188
ID_cF0WSr.jpg,cssvd,0.2894805371761322,214.32815551757812,481.8983154296875,1080.0,810.0
ID_wKhaSp.jpg,healthy,0.48674455285072327,385.9770202636719,136.41552734375,692.413818359375,365.2741394042969
ID_wKhaSp.jpg,healthy,0.45274391770362854,510.519775390625,479.9491882324219,683.3793334960938,618.0709228515625
ID_IemiUM.jpg,healthy,0.2711496353149414,341.3140563964844,157.5643768310547,405.0979919433594,280.49566650390625
ID_IemiUM.jpg,cssvd,0.2601947486400604,96.09677124023438,4.206884384155273,385.6805114746094,324.5145568847656
ID_DQIbC9.jpeg,healthy,0.6328185796737671,129.99176025390625,30.707731246948242,745.9400634765625,296.6749267578125
ID_VLFJSv.jpg,anthracnose,0.7398265600204468,383.736572265625,0.0,2048.0,1266.3974609375
ID_hZNoLp.jpg,anthracnose,0.7119770646095276,906.1923828125,4.725803375244141,2321.9228515625,1526.8406982421875
ID_hZNoLp.jpg,anthracnose,0.3522408902645111,2245.515380859375,4.907609939575195,3262.7451171875,1501.8076171875
ID_EFetFh.jpg,healthy,0.46383243799209595,0.0,0.0,338.5209655761719,191.52191162109375
ID_wjNoYf.jpeg,healthy,0.5006913542747498,581.512451171875,884.5320434570312,2367.685302734375,3996.529052734375
ID_wjNoYf.jpeg,healthy,0.4626447558403015,539.44921875,0.0,2396.619140625,3341.07177734375
ID_wjNoYf.jpeg,anthracnose,0.2820231318473816,2292.02294921875,0.0,3022.989013671875,1752.998046875
ID_W4b7ZX.jpg,anthracnose,0.6944616436958313,294.0974426269531,0.0,2089.96142578125,730.134033203125
ID_W4b7ZX.jpg,healthy,0.48256349563598633,361.4952087402344,1230.1932373046875,804.4667358398438,1725.208251953125
ID_W4b7ZX.jpg,anthracnose,0.27340859174728394,2568.794677734375,405.69342041015625,3264.0,1420.5250244140625
ID_W4b7ZX.jpg,anthracnose,0.27126193046569824,2574.72509765625,877.1939086914062,3264.0,1485.5240478515625
ID_DyHG2r.jpg,2,1.0,,,,
ID_hHQBc3.jpg,healthy,0.5488725304603577,252.96461486816406,1698.36279296875,1513.7801513671875,2448.0
ID_hHQBc3.jpg,healthy,0.364957720041275,0.0,1788.3905029296875,487.4902038574219,2443.831787109375
ID_hHQBc3.jpg,anthracnose,0.34623801708221436,626.722412109375,205.87953186035156,2785.46435546875,1686.7928466796875
ID_hHQBc3.jpg,healthy,0.3071891963481903,589.500732421875,259.7395935058594,2799.8486328125,1671.670166015625
ID_LEiRHI.jpg,anthracnose,0.5728594660758972,332.7748718261719,9.251220703125,2332.466552734375,1991.2042236328125
ID_LEiRHI.jpg,anthracnose,0.39263635873794556,2526.14453125,97.04326629638672,3264.0,1629.2003173828125
ID_LEiRHI.jpg,anthracnose,0.37852993607521057,1627.9417724609375,5.853607177734375,2676.019287109375,1309.378662109375
ID_LEiRHI.jpg,anthracnose,0.3763943612575531,499.5721130371094,521.5545043945312,2192.226806640625,1983.157958984375
ID_LEiRHI.jpg,healthy,0.3275362253189087,1726.455078125,0.0,2634.17626953125,1287.980712890625
ID_LEiRHI.jpg,anthracnose,0.28129100799560547,2514.61279296875,773.6697998046875,3264.0,1558.7890625
ID_LEiRHI.jpg,healthy,0.2507549524307251,2340.51904296875,1514.994384765625,2861.70263671875,1880.6883544921875
ID_yUCeOK.JPG,healthy,0.8111869692802429,649.7832641601562,1489.747314453125,1413.728759765625,1980.3203125
ID_yUCeOK.JPG,healthy,0.45690634846687317,327.2784423828125,1085.7781982421875,2253.001708984375,2077.184814453125
ID_yUCeOK.JPG,healthy,0.44587069749832153,622.0237426757812,1340.529296875,1590.8079833984375,1979.0447998046875
ID_yUCeOK.JPG,healthy,0.32280483841896057,423.28778076171875,0.0,753.7240600585938,308.2718811035156
ID_yUCeOK.JPG,healthy,0.31684935092926025,0.0,1183.6295166015625,1556.712646484375,2301.339599609375
ID_yUCeOK.JPG,healthy,0.2911635935306549,0.0,1129.903564453125,1613.5283203125,1966.4871826171875
ID_yUCeOK.JPG,healthy,0.2508794069290161,408.2886962890625,1068.07080078125,2145.153564453125,1851.0296630859375
ID_REmUN4.jpeg,anthracnose,0.8019798398017883,873.744873046875,200.79855346679688,3965.584716796875,2722.8916015625
ID_REmUN4.jpeg,anthracnose,0.4332197904586792,0.0,50.191104888916016,3547.662353515625,2614.020263671875
