Image_ID,class,confidence,ymin,xmin,ymax,xmax
ID_a7m7Ky.jpg,anthracnose,0.9508163928985596,396.1634826660156,93.04951477050781,2027.165283203125,1214.4766845703125
ID_a7m7Ky.jpg,anthracnose,0.2573740482330322,154.1554718017578,439.2561950683594,2018.055419921875,1325.1953125
ID_D99Mnd.jpg,healthy,0.8041368722915649,227.81063842773438,959.7626953125,687.4146728515625,1498.503662109375
ID_D99Mnd.jpg,healthy,0.5300844311714172,351.1048889160156,205.3142852783203,1499.453857421875,997.2154541015625
ID_D99Mnd.jpg,healthy,0.5233345031738281,339.70654296875,207.43124389648438,1439.5391845703125,792.2459106445312
ID_D99Mnd.jpg,healthy,0.37719497084617615,1.5341675281524658,606.3536987304688,184.01141357421875,1016.8736572265625
ID_Z7ar8k.jpg,healthy,0.9218748211860657,208.7989044189453,188.92750549316406,308.7939453125,286.9774475097656
ID_Z7ar8k.jpg,healthy,0.8897101283073425,61.037593841552734,86.98928833007812,231.2972869873047,234.3616485595703
ID_Z7ar8k.jpg,healthy,0.6706838011741638,2.2385752201080322,1.8296722173690796,65.63569641113281,113.2237548828125
ID_Z7ar8k.jpg,healthy,0.6642624735832214,1.3317878246307373,83.94346618652344,107.41061401367188,175.37120056152344
ID_Z7ar8k.jpg,healthy,0.4943446218967438,295.0054016113281,221.5855255126953,398.1232604980469,351.02923583984375
ID_Z7ar8k.jpg,healthy,0.3786112368106842,277.3600769042969,321.8902282714844,373.6353759765625,389.90093994140625
ID_Z7ar8k.jpg,healthy,0.3387552797794342,1.0442390441894531,0.0,85.74799346923828,136.70668029785156
ID_Z7ar8k.jpg,healthy,0.32515525817871094,61.59154510498047,162.27061462402344,226.0161895751953,228.44699096679688
ID_Z7ar8k.jpg,healthy,0.2956189811229706,61.199893951416016,130.9158477783203,230.53778076171875,227.21034240722656
ID_tIRab8.jpeg,healthy,0.7782366871833801,19.803625106811523,494.2666015625,4029.848876953125,2474.983154296875
ID_tIRab8.jpeg,healthy,0.7084755897521973,0.0,3.617337703704834,1482.878173828125,570.8804931640625
ID_tIRab8.jpeg,healthy,0.6091468930244446,599.1779174804688,2429.2431640625,4010.308349609375,3012.25439453125
ID_tIRab8.jpeg,healthy,0.5949174165725708,0.0,352.50408935546875,1440.8988037109375,1483.6929931640625
ID_tIRab8.jpeg,healthy,0.5296003818511963,1113.7156982421875,1838.0810546875,3670.02294921875,2962.447998046875
ID_tIRab8.jpeg,healthy,0.4212614595890045,0.0,1019.3882446289062,1038.5609130859375,2295.308349609375
ID_tIRab8.jpeg,healthy,0.29446202516555786,64.81763458251953,1843.8023681640625,3981.611083984375,3024.0
ID_tIRab8.jpeg,healthy,0.2687547206878662,0.0,171.831787109375,1454.676025390625,1273.03466796875
ID_pa95hB.jpg,healthy,0.703877329826355,58.94123458862305,872.6287231445312,273.1743469238281,1194.6353759765625
ID_pa95hB.jpg,anthracnose,0.4495840072631836,897.8679809570312,19.372264862060547,1536.0,1985.1793212890625
ID_pa95hB.jpg,cssvd,0.36353251338005066,924.8160400390625,30.6015625,1533.4202880859375,1911.5062255859375
ID_pa95hB.jpg,healthy,0.2905038893222809,124.6373519897461,1462.7777099609375,380.344482421875,1980.072998046875
ID_pa95hB.jpg,healthy,0.2559352219104767,1067.935791015625,1586.2786865234375,1536.0,1938.3333740234375
ID_DJdr6B.jpg,cssvd,0.6831263899803162,0.0,1.82275390625,1280.0,917.6445922851562
ID_eKtHoY.jpeg,healthy,0.6167811751365662,7.414342880249023,181.837890625,3961.409423828125,2319.914306640625
ID_eKtHoY.jpeg,healthy,0.613242506980896,0.0,1810.2540283203125,483.8764953613281,3024.0
ID_eKtHoY.jpeg,healthy,0.5722557306289673,0.0,0.0,3480.187255859375,488.1004943847656
ID_eKtHoY.jpeg,healthy,0.5491672158241272,0.0,2379.8623046875,1665.6832275390625,3024.0
ID_hLLkip.jpg,healthy,0.9088289141654968,1187.7755126953125,895.9566040039062,1894.721923828125,1371.9639892578125
ID_hLLkip.jpg,healthy,0.8379763960838318,1146.864013671875,1227.701416015625,1742.48974609375,1865.4990234375
ID_hLLkip.jpg,healthy,0.7044719457626343,395.48126220703125,1657.1363525390625,1038.8275146484375,2069.73388671875
ID_hLLkip.jpg,healthy,0.31931260228157043,0.0,985.7994384765625,1223.9990234375,1533.2034912109375
ID_hLLkip.jpg,healthy,0.3179338276386261,4.6689558029174805,1754.91259765625,554.3346557617188,2281.507568359375
ID_eiqfRF.jpg,healthy,0.8115962147712708,710.148193359375,675.8519287109375,2055.087646484375,1366.040771484375
ID_eiqfRF.jpg,healthy,0.49496790766716003,0.0,836.6734619140625,859.673583984375,1772.1448974609375
ID_eiqfRF.jpg,healthy,0.4153095781803131,483.0301208496094,0.0,2806.610595703125,483.8577575683594
ID_eiqfRF.jpg,healthy,0.3089119791984558,584.686767578125,0.517657458782196,2220.29736328125,489.08660888671875
ID_VOLpYN.jpg,anthracnose,0.8229625821113586,74.9798812866211,579.8876342773438,1507.500732421875,2044.0513916015625
ID_D7howW.jpg,cssvd,0.4450348913669586,255.45993041992188,0.0,1080.0,810.0
ID_D7howW.jpg,anthracnose,0.2622206211090088,265.3177490234375,0.0,1073.6641845703125,803.9231567382812
ID_d0hoEZ.jpg,healthy,0.7968022227287292,67.87886047363281,35.571075439453125,416.0,292.3431396484375
ID_d0hoEZ.jpg,healthy,0.6572521328926086,68.2112808227539,0.0,415.2426452636719,149.330810546875
ID_d0hoEZ.jpg,healthy,0.6118183732032776,0.0,358.1510314941406,97.94915771484375,409.9859924316406
ID_d0hoEZ.jpg,healthy,0.5114221572875977,110.3380355834961,308.8157043457031,328.9084167480469,405.40045166015625
ID_d0hoEZ.jpg,healthy,0.42765235900878906,106.31292724609375,132.97633361816406,413.8631591796875,364.0272216796875
ID_d0hoEZ.jpg,healthy,0.4192824363708496,112.4558334350586,257.7723388671875,337.7220458984375,403.2020568847656
ID_d0hoEZ.jpg,healthy,0.4183191657066345,108.87853240966797,202.0778350830078,392.5529479980469,362.50555419921875
ID_d0hoEZ.jpg,healthy,0.2728528678417206,106.0905990600586,247.6063232421875,406.3842468261719,359.1726379394531
ID_d0hoEZ.jpg,healthy,0.26412492990493774,107.35041046142578,329.45916748046875,311.8379821777344,402.2818298339844
ID_d0hoEZ.jpg,healthy,0.2624300420284271,0.0,331.603515625,99.86202239990234,409.5151062011719
ID_nGepdO.jpg,cssvd,0.5644558668136597,0.3140373229980469,5.076147079467773,1080.0,656.6634521484375
ID_Js3NsK.jpg,healthy,0.7919947504997253,2869.015869140625,677.408935546875,3264.0,1095.2889404296875
ID_Js3NsK.jpg,healthy,0.6667892336845398,2486.285400390625,1356.771484375,3252.152099609375,2043.7879638671875
ID_Js3NsK.jpg,healthy,0.651813268661499,0.0,1810.9722900390625,613.2490844726562,2444.548583984375
ID_Js3NsK.jpg,healthy,0.5347795486450195,2484.72021484375,1051.9603271484375,3263.84130859375,1485.817626953125
ID_Js3NsK.jpg,cssvd,0.43194878101348877,1275.4151611328125,6.23399019241333,2179.006103515625,1704.76708984375
ID_qdfgRf.jpg,healthy,0.9592981934547424,441.7912902832031,278.2132263183594,698.4426879882812,431.70556640625
ID_qdfgRf.jpg,healthy,0.8729156851768494,503.1684265136719,449.7801818847656,763.8095092773438,601.2593383789062
ID_qdfgRf.jpg,healthy,0.763327956199646,498.2097473144531,422.3844299316406,783.4462890625,572.5330810546875
ID_qdfgRf.jpg,healthy,0.4584291875362396,488.8228454589844,420.0533142089844,811.0267944335938,535.9358520507812
ID_qdfgRf.jpg,healthy,0.40436041355133057,0.0,114.82199096679688,510.9762268066406,525.97119140625
ID_qdfgRf.jpg,healthy,0.3078131079673767,0.0,123.8294906616211,428.76898193359375,442.2784729003906
ID_qdfgRf.jpg,healthy,0.30481114983558655,448.0791931152344,364.9911804199219,788.3200073242188,431.0356750488281
ID_FZdNUn.jpeg,healthy,0.5631242394447327,85.85364532470703,29.358598709106445,2396.40966796875,4002.63671875
ID_FZdNUn.jpeg,healthy,0.37664225697517395,111.94380950927734,1640.802734375,2346.636962890625,4032.0
ID_FZdNUn.jpeg,healthy,0.30776551365852356,108.09917449951172,22.167085647583008,2315.29736328125,2079.79345703125
ID_f0K6FR.jpg,cssvd,0.7259652018547058,0.0,4.022850036621094,810.0,773.3642578125
ID_f0K6FR.jpg,anthracnose,0.3248838484287262,0.3029136657714844,14.261043548583984,810.0,758.3792724609375
ID_f0K6FR.jpg,anthracnose,0.2578371465206146,0.0,249.64303588867188,810.0,751.6296997070312
ID_kczq4B.jpg,healthy,0.6356255412101746,530.9578247070312,1155.927978515625,3147.28955078125,2276.092529296875
ID_kczq4B.jpg,healthy,0.36315852403640747,630.6860961914062,236.9110870361328,3144.641845703125,1270.35595703125
ID_kczq4B.jpg,healthy,0.3133891224861145,0.0,0.0,1065.816162109375,814.5560913085938
ID_JGxJMG.jpg,cssvd,0.5674388408660889,0.0,7.91925048828125,1280.0,956.6630859375
ID_Ty8R17.jpg,cssvd,0.6458823680877686,76.24566650390625,196.9341583251953,1073.6796875,676.5092163085938
ID_Ty8R17.jpg,healthy,0.5055767297744751,0.0,0.0,1073.5277099609375,103.5709457397461
ID_Ty8R17.jpg,healthy,0.37079092860221863,1.833292007446289,667.1311645507812,761.9828491210938,808.9056396484375
ID_kOvqJh.jpeg,anthracnose,0.9093606472015381,16.971817016601562,611.7101440429688,3024.0,2219.473388671875
ID_kOvqJh.jpeg,healthy,0.33826974034309387,0.0,2330.287841796875,1441.82470703125,3001.6279296875
ID_LeQzfF.jpeg,healthy,0.785535454750061,0.0,1103.720458984375,3024.0,2724.272705078125
ID_LeQzfF.jpeg,healthy,0.6774157285690308,0.0,2445.995361328125,1726.66943359375,3405.490234375
ID_LeQzfF.jpeg,healthy,0.4602661430835724,162.52127075195312,0.0,1790.6590576171875,1020.4066772460938
ID_LeQzfF.jpeg,healthy,0.4549270272254944,0.0,1117.710693359375,1003.6023559570312,1666.1817626953125
ID_LeQzfF.jpeg,healthy,0.4473676085472107,0.0,1708.2662353515625,3024.0,2720.784423828125
ID_LeQzfF.jpeg,healthy,0.3459727168083191,0.0,1118.766357421875,3004.4287109375,2050.05810546875
ID_LeQzfF.jpeg,healthy,0.2803652286529541,1399.8201904296875,2202.997314453125,3024.0,3737.4580078125
ID_LeQzfF.jpeg,healthy,0.2545264959335327,0.0,1726.3421630859375,1255.0604248046875,2214.721435546875
ID_eA9nie.jpg,anthracnose,0.7200013995170593,8.7947998046875,163.21136474609375,1280.0,641.5944213867188
ID_eA9nie.jpg,healthy,0.5577949285507202,962.2838134765625,1.0124969482421875,1277.6270751953125,196.0335693359375
ID_eA9nie.jpg,healthy,0.5073306560516357,839.9127197265625,606.345703125,1200.3489990234375,960.0
ID_eA9nie.jpg,healthy,0.41703179478645325,526.87255859375,596.5660400390625,855.9102783203125,833.8109130859375
ID_eA9nie.jpg,healthy,0.34287431836128235,1033.3597412109375,373.6698913574219,1280.0,850.1923828125
ID_o2Gyy3.jpg,anthracnose,0.8971239924430847,684.032958984375,52.42435836791992,3927.511474609375,2585.760009765625
ID_o2Gyy3.jpg,anthracnose,0.705257773399353,842.4950561523438,1439.115478515625,4084.88623046875,3095.622314453125
ID_o2Gyy3.jpg,anthracnose,0.6935939788818359,937.2277221679688,2159.856689453125,4076.53076171875,3090.082763671875
ID_o2Gyy3.jpg,anthracnose,0.4042208194732666,716.4782104492188,835.5056762695312,3943.813720703125,2661.93212890625
ID_o2Gyy3.jpg,anthracnose,0.3568779528141022,0.0,0.0,1273.8466796875,1569.23388671875
ID_o2Gyy3.jpg,anthracnose,0.34036120772361755,1034.56884765625,1.593701958656311,3995.61865234375,885.18505859375
ID_L7tNJ5.jpg,healthy,0.48143184185028076,0.0,409.3583984375,1271.624267578125,960.0
ID_L7tNJ5.jpg,healthy,0.35352155566215515,0.0,179.422607421875,1280.0,955.7645263671875
ID_L7tNJ5.jpg,healthy,0.309343159198761,0.0,205.58465576171875,1243.37060546875,616.09375
ID_L7tNJ5.jpg,healthy,0.29201680421829224,6.57763671875,752.3331298828125,1266.294677734375,959.1326904296875
ID_K2rEzl.jpg,healthy,0.7273269295692444,574.4619140625,16.7379150390625,1269.6051025390625,733.7053833007812
ID_pVHXbj.jpeg,healthy,0.904084324836731,0.0,179.58595275878906,4032.0,2881.842041015625
ID_pVHXbj.jpeg,healthy,0.6197320818901062,0.0,0.0,1533.5069580078125,379.5669250488281
ID_pVHXbj.jpeg,healthy,0.4262946844100952,0.0,229.71119689941406,4032.0,1942.3441162109375
ID_pVHXbj.jpeg,healthy,0.41198083758354187,0.0,0.0,2158.493408203125,360.3648376464844
ID_IGKW0F.jpg,cssvd,0.5231250524520874,247.792724609375,0.0,1276.863037109375,392.0937805175781
ID_IGKW0F.jpg,cssvd,0.33806172013282776,98.03369140625,390.25201416015625,1280.0,718.1176147460938
ID_IGKW0F.jpg,healthy,0.3046356737613678,0.0,592.9532470703125,349.1234130859375,960.0
ID_J06bJZ.jpeg,anthracnose,0.4222319424152374,1098.0201416015625,0.0,3904.418701171875,3017.69287109375
ID_J06bJZ.jpeg,cssvd,0.29478341341018677,1115.9473876953125,0.0,3838.677490234375,3009.227294921875
ID_J06bJZ.jpeg,anthracnose,0.2723771333694458,0.0,1669.9296875,3410.30712890625,3022.49853515625
ID_GySyuV.jpg,anthracnose,0.9418144822120667,36.482032775878906,300.56756591796875,2048.0,1498.734375
ID_GySyuV.jpg,anthracnose,0.4078039824962616,99.42207336425781,748.8084106445312,2043.042724609375,1523.230712890625
ID_GySyuV.jpg,anthracnose,0.3244186341762543,99.9986343383789,1164.4449462890625,2042.5989990234375,1529.1793212890625
ID_GySyuV.jpg,anthracnose,0.2536947429180145,329.43475341796875,1057.681396484375,2033.002685546875,1528.9130859375
ID_Tq3QYm.jpg,cssvd,0.4764482378959656,0.0,0.0,1188.986572265625,959.0849609375
ID_Tq3QYm.jpg,anthracnose,0.4619315266609192,1155.138427734375,0.0,1280.0,960.0
ID_KmYZLr.jpeg,anthracnose,0.9345291256904602,0.0,425.9981689453125,3024.0,2824.1572265625
ID_KmYZLr.jpeg,anthracnose,0.4150729775428772,0.0,288.7921447753906,3024.0,2189.075927734375
ID_b0PKMq.jpg,anthracnose,0.7959132194519043,508.35113525390625,315.3385314941406,2984.534912109375,1656.7882080078125
ID_WDpctT.jpg,healthy,0.3558200001716614,204.42074584960938,0.0,1157.9654541015625,414.50396728515625
ID_WDpctT.jpg,anthracnose,0.30090874433517456,7.32470703125,335.22686767578125,1155.84326171875,701.0486450195312
ID_k2LylP.jpg,anthracnose,0.8652896285057068,89.63945007324219,37.19804763793945,1921.8695068359375,1221.62158203125
ID_k2LylP.jpg,anthracnose,0.7504869103431702,159.18984985351562,318.0018615722656,1994.833984375,1176.9979248046875
ID_k2LylP.jpg,anthracnose,0.5151512026786804,436.25958251953125,735.5359497070312,2006.912109375,1533.853271484375
ID_k2LylP.jpg,anthracnose,0.4006084203720093,0.22990722954273224,0.8456054925918579,214.4307403564453,612.9173583984375
ID_k2LylP.jpg,healthy,0.36028778553009033,406.08001708984375,60.310462951660156,1147.68212890625,377.41064453125
ID_k2LylP.jpg,anthracnose,0.2962476909160614,115.15840148925781,17.926025390625,499.76776123046875,499.6941833496094
ID_k2LylP.jpg,anthracnose,0.28942054510116577,381.8177795410156,1052.162109375,1981.6148681640625,1531.5277099609375
ID_k2LylP.jpg,anthracnose,0.26937779784202576,840.1964721679688,540.2918090820312,2016.233154296875,1536.0
ID_BbUwow.jpg,healthy,0.6262236833572388,0.0,344.93145751953125,1475.146728515625,1012.9899291992188
ID_IabbE3.jpeg,healthy,0.965000569820404,2025.839111328125,818.7327270507812,3055.39453125,1736.48583984375
ID_IabbE3.jpeg,healthy,0.7369455695152283,0.0,1910.6295166015625,1092.5230712890625,3024.0
ID_IabbE3.jpeg,healthy,0.592359185218811,2531.071533203125,272.9945068359375,2946.79638671875,782.475830078125
ID_IabbE3.jpeg,healthy,0.45030832290649414,36.91252136230469,1697.4344482421875,4032.0,3022.961181640625
ID_IabbE3.jpeg,healthy,0.3739267885684967,2444.8623046875,0.0,2836.449462890625,301.9967346191406
ID_IabbE3.jpeg,healthy,0.3361615240573883,2253.51953125,135.70416259765625,2612.93408203125,542.4424438476562
ID_Dh68Pg.jpeg,healthy,0.911361038684845,28.58763313293457,279.9374084472656,4024.95458984375,2247.26953125
ID_Dh68Pg.jpeg,healthy,0.8006256222724915,3729.6728515625,0.0,4032.0,543.5661010742188
ID_Dh68Pg.jpeg,healthy,0.7749660611152649,521.193115234375,0.0,3764.330322265625,789.3761596679688
ID_Dh68Pg.jpeg,healthy,0.6645939350128174,2867.8427734375,1903.5089111328125,4029.8388671875,3024.0
ID_Dh68Pg.jpeg,healthy,0.4933275580406189,0.0,1633.0926513671875,3938.978759765625,2939.674072265625
ID_Dh68Pg.jpeg,healthy,0.4066683351993561,5.242181301116943,1125.3140869140625,3910.618408203125,2984.694580078125
ID_Dh68Pg.jpeg,healthy,0.39834943413734436,3221.796142578125,511.02691650390625,3887.186767578125,1100.3046875
ID_Dh68Pg.jpeg,healthy,0.36243167519569397,2866.19580078125,1322.4566650390625,4031.3095703125,3016.059814453125
ID_Dh68Pg.jpeg,healthy,0.32606595754623413,4.261194705963135,0.0,385.9628601074219,965.5989990234375
ID_Dh68Pg.jpeg,healthy,0.25683826208114624,3474.34912109375,2085.17138671875,4031.562255859375,3015.630859375
ID_YRcFgg.jpeg,healthy,0.5350225567817688,2584.83642578125,0.0,3022.286376953125,1211.278564453125
ID_YRcFgg.jpeg,healthy,0.4761345088481903,161.1232452392578,469.2247619628906,3024.0,2594.455322265625
ID_YRcFgg.jpeg,healthy,0.36700209975242615,553.8379516601562,0.8967882394790649,2208.601806640625,459.77740478515625
ID_YRcFgg.jpeg,healthy,0.329851895570755,2571.540283203125,345.8385314941406,2994.991943359375,1207.3585205078125
ID_YRcFgg.jpeg,healthy,0.31811851263046265,0.0,0.0,2772.841552734375,448.0704345703125
ID_YRcFgg.jpeg,healthy,0.25628527998924255,0.0,0.0,2012.7861328125,416.99163818359375
ID_rV6NA8.jpg,anthracnose,0.8361251950263977,63.2786750793457,0.0,1078.293701171875,810.0
ID_rV6NA8.jpg,anthracnose,0.4156082272529602,156.24720764160156,159.6831817626953,1042.9945068359375,807.903076171875
ID_rV6NA8.jpg,anthracnose,0.3598004877567291,206.50718688964844,172.18203735351562,801.8526611328125,808.1495361328125
ID_rV6NA8.jpg,anthracnose,0.34497329592704773,133.69752502441406,0.0,838.1029052734375,810.0
ID_A16nzu.jpg,cssvd,0.5756517648696899,70.2755126953125,29.848876953125,1275.1375732421875,956.2882690429688
ID_A16nzu.jpg,healthy,0.33860278129577637,0.0,0.0,1272.657958984375,194.6179962158203
ID_FIcPrm.jpeg,healthy,0.8940823674201965,1803.7010498046875,0.0,3795.708251953125,3008.5078125
ID_fPR4u5.jpg,healthy,0.5426352620124817,448.48529052734375,213.3140106201172,2517.859375,955.8287963867188
ID_fPR4u5.jpg,healthy,0.5168167948722839,836.1590576171875,226.78695678710938,3257.495361328125,1260.6612548828125
ID_fPR4u5.jpg,healthy,0.4864584505558014,199.32521057128906,1004.2156372070312,3264.0,1893.5408935546875
ID_fPR4u5.jpg,healthy,0.38596105575561523,243.6658172607422,0.0,1089.716796875,718.439697265625
ID_fPR4u5.jpg,healthy,0.25694841146469116,258.4576721191406,301.909423828125,3231.725341796875,1451.8255615234375
ID_Cj1prl.jpg,anthracnose,0.6659684777259827,0.0,176.8936767578125,1263.29638671875,829.4208374023438
ID_Cj1prl.jpg,cssvd,0.4604693055152893,8.145263671875,182.3343505859375,1266.3701171875,824.9713134765625
ID_b3HQYb.jpg,anthracnose,0.9091029167175293,37.095375061035156,50.83213424682617,4117.11474609375,2917.16455078125
ID_tKVti2.jpg,healthy,0.8431868553161621,2125.549072265625,97.6230239868164,3167.25341796875,897.2760009765625
ID_tKVti2.jpg,healthy,0.789182722568512,384.49810791015625,692.025390625,1699.148193359375,1501.4522705078125
ID_tKVti2.jpg,healthy,0.6337153315544128,532.7823486328125,1352.9268798828125,1702.2591552734375,2140.686767578125
ID_tKVti2.jpg,healthy,0.5490095019340515,1633.713623046875,142.185302734375,2253.963134765625,1068.079345703125
ID_tKVti2.jpg,healthy,0.4680686295032501,98.03632354736328,1332.8154296875,1719.540771484375,2351.0517578125
ID_tKVti2.jpg,healthy,0.38918688893318176,1399.171142578125,1224.574951171875,2271.25048828125,1631.237060546875
ID_tKVti2.jpg,cssvd,0.3093281090259552,4.62942361831665,0.0,967.5763549804688,1166.5096435546875
ID_tKVti2.jpg,healthy,0.30764317512512207,5.909014701843262,0.0,968.5724487304688,1206.6546630859375
ID_tBKR7L.jpeg,healthy,0.8683398365974426,592.9893798828125,372.4158020019531,4000.0,1799.1102294921875
ID_tBKR7L.jpeg,healthy,0.5312092304229736,569.7525024414062,0.0,3889.7705078125,797.9577026367188
ID_tBKR7L.jpeg,healthy,0.281111478805542,560.8611450195312,1.3438224792480469,3653.29443359375,1129.405517578125
ID_h8uMuy.jpg,cssvd,0.5626046657562256,7.6534881591796875,166.0220184326172,796.7109985351562,1075.0406494140625
ID_h8uMuy.jpg,anthracnose,0.2948072552680969,0.3158912658691406,6.401973724365234,784.2028198242188,1074.0057373046875
ID_d7p17d.jpeg,cssvd,0.6352962255477905,0.0,0.0,3900.5458984375,1942.2933349609375
ID_d7p17d.jpeg,anthracnose,0.4299265742301941,10.348241806030273,2303.30615234375,4030.41796875,3021.02783203125
ID_aHPQMO.jpg,anthracnose,0.9016193747520447,2.64453125,0.0,1280.0,746.9781494140625
ID_aHPQMO.jpg,anthracnose,0.5881990790367126,12.6533203125,554.4022216796875,1072.66748046875,959.551513671875
ID_aHPQMO.jpg,anthracnose,0.34051793813705444,5.8526611328125,426.11297607421875,1212.2847900390625,958.5383911132812
ID_aHPQMO.jpg,anthracnose,0.32245609164237976,254.7640380859375,1.36688232421875,1265.4097900390625,575.9108276367188
ID_rMtiJb.jpg,cssvd,0.3429771959781647,0.0,208.646240234375,957.4010009765625,1279.7529296875
ID_ZQfdtf.jpg,healthy,0.908172607421875,616.7478637695312,622.6214599609375,1240.96484375,1139.097900390625
ID_Lh0MPo.jpeg,healthy,0.7172178030014038,1242.6553955078125,353.8347473144531,4031.830322265625,2982.991455078125
ID_Lh0MPo.jpeg,healthy,0.7031944394111633,0.0,0.9897102117538452,1349.09423828125,492.05828857421875
ID_Lh0MPo.jpeg,healthy,0.5319638848304749,0.0,2467.528076171875,1127.0081787109375,3024.0
ID_Lh0MPo.jpeg,healthy,0.5235188007354736,0.0,1634.218505859375,853.9481811523438,2691.471435546875
ID_Lh0MPo.jpeg,healthy,0.36304759979248047,0.0,699.8763427734375,957.4591064453125,2171.882568359375
ID_Lh0MPo.jpeg,healthy,0.3453771770000458,1121.01220703125,2115.66796875,1649.790283203125,3011.0107421875
ID_Lh0MPo.jpeg,healthy,0.29097044467926025,1068.847900390625,0.0,3271.3369140625,1334.89013671875
ID_Lh0MPo.jpeg,healthy,0.25026607513427734,0.0,2012.2108154296875,1098.5865478515625,3022.052001953125
ID_E5U3se.jpeg,healthy,0.7084829211235046,816.9869995117188,170.86529541015625,4023.8349609375,1510.2548828125
ID_E5U3se.jpeg,healthy,0.6014944911003113,836.7775268554688,63.619075775146484,4032.0,2318.708251953125
ID_VFgZyy.jpg,healthy,0.794687032699585,144.4485321044922,65.91352844238281,384.2352600097656,260.414794921875
ID_VFgZyy.jpg,healthy,0.7905692458152771,269.8117980957031,305.60247802734375,406.1717529296875,415.8081359863281
ID_VFgZyy.jpg,healthy,0.4671601951122284,157.51747131347656,13.78646183013916,224.91810607910156,92.62627410888672
ID_VFgZyy.jpg,healthy,0.42662540078163147,219.12628173828125,339.3534851074219,286.0997619628906,415.1490783691406
ID_VFgZyy.jpg,healthy,0.3178316056728363,99.32820129394531,79.27465057373047,229.37562561035156,404.5987548828125
ID_rSXpAa.jpg,cssvd,0.3783184587955475,123.71267700195312,0.0,1078.902099609375,514.9679565429688
ID_J71gF7.jpeg,healthy,0.5044804811477661,0.3332359194755554,3297.5439453125,580.6202392578125,4029.29443359375
ID_J71gF7.jpeg,healthy,0.39581117033958435,1074.60302734375,296.46759033203125,2750.610595703125,1255.88330078125
ID_J71gF7.jpeg,healthy,0.3364696800708771,494.9193115234375,754.3743896484375,1585.0882568359375,2058.054931640625
ID_J71gF7.jpeg,healthy,0.3274860382080078,208.6148223876953,669.7202758789062,3024.0,3425.686767578125
ID_J71gF7.jpeg,healthy,0.2599585950374603,993.3556518554688,237.1259307861328,2946.207275390625,1421.8251953125
ID_FDAz2F.jpeg,healthy,0.6542454361915588,170.7388458251953,911.445556640625,576.0,1280.0
ID_FDAz2F.jpeg,healthy,0.4175091087818146,361.66107177734375,74.91629028320312,535.6100463867188,262.6876220703125
ID_JDep7x.jpg,anthracnose,0.8981388807296753,148.6348876953125,287.7615966796875,1275.0958251953125,874.7503662109375
ID_JDep7x.jpg,anthracnose,0.6278359889984131,4.6441650390625,0.062713623046875,1280.0,261.92462158203125
ID_PEqgVf.jpg,healthy,0.7229322791099548,117.98554992675781,1035.6942138671875,1355.2958984375,1467.8021240234375
ID_PEqgVf.jpg,healthy,0.7169994115829468,318.27716064453125,550.4923095703125,2265.146728515625,1143.80419921875
ID_PEqgVf.jpg,healthy,0.5010004043579102,0.0,1159.986328125,3264.0,1937.8094482421875
ID_PEqgVf.jpg,healthy,0.4285988509654999,1889.0574951171875,231.12608337402344,3252.54248046875,1348.595458984375
ID_PEqgVf.jpg,anthracnose,0.41886988282203674,325.3789978027344,1860.2352294921875,3237.630126953125,2442.421142578125
ID_PEqgVf.jpg,anthracnose,0.3149203956127167,1895.4639892578125,203.72093200683594,3235.32275390625,1328.3538818359375
ID_PEqgVf.jpg,anthracnose,0.2851664125919342,0.0,1250.953857421875,895.0193481445312,2442.45263671875
ID_gS3T9S.jpeg,healthy,0.5367717742919922,7.671395778656006,677.427734375,3024.0,3665.524658203125
ID_IJFePk.jpeg,healthy,0.7296133041381836,188.12637329101562,131.0216522216797,3980.9296875,1588.7728271484375
ID_IJFePk.jpeg,healthy,0.5301693081855774,0.0,990.0314331054688,3039.75390625,1796.0025634765625
ID_IJFePk.jpeg,healthy,0.42466387152671814,4.3926239013671875,1108.6502685546875,3899.447998046875,1799.6829833984375
ID_SceXBD.jpg,anthracnose,0.8795153498649597,489.6643981933594,27.52734375,1954.339111328125,1363.709716796875
ID_SceXBD.jpg,anthracnose,0.29659003019332886,987.0462646484375,821.2431640625,2041.2855224609375,1475.2412109375
ID_s2Jw6Z.jpg,healthy,0.9964355230331421,1131.941650390625,899.7135620117188,2104.291015625,1440.504638671875
ID_s2Jw6Z.jpg,healthy,0.7406741976737976,2333.5078125,816.5202026367188,3132.3349609375,1826.211181640625
ID_s2Jw6Z.jpg,healthy,0.2905537486076355,3005.150390625,1341.87646484375,3264.0,2069.320556640625
ID_s2Jw6Z.jpg,healthy,0.28819185495376587,0.0,106.77595520019531,3119.244140625,2101.39794921875
ID_s2Jw6Z.jpg,healthy,0.25160670280456543,184.9307098388672,586.8951416015625,2585.3544921875,1465.2716064453125
ID_k2Xu3Z.jpeg,healthy,0.8894948363304138,0.0,533.4308471679688,4032.0,2764.171142578125
ID_k2Xu3Z.jpeg,healthy,0.3711138069629669,0.0,1859.711181640625,1112.5550537109375,3024.0
ID_k2Xu3Z.jpeg,healthy,0.3320741057395935,3568.258544921875,1600.38232421875,4032.0,2714.84619140625
ID_xK8ICq.jpeg,anthracnose,0.8344748020172119,0.0,61.24446487426758,3934.226806640625,2443.284912109375
ID_xK8ICq.jpeg,anthracnose,0.3472420573234558,175.6228790283203,2430.1455078125,4032.0,3014.052490234375
ID_jDY3MR.jpeg,anthracnose,0.6339225172996521,0.0,629.1639404296875,4032.0,2816.056884765625
ID_jDY3MR.jpeg,anthracnose,0.39722514152526855,3.2188291549682617,1347.9429931640625,4032.0,2812.693115234375
ID_BbuHsd.jpeg,anthracnose,0.8091644644737244,879.6444702148438,0.0,4014.85107421875,2891.63330078125
ID_BbuHsd.jpeg,healthy,0.648614227771759,0.6039870977401733,2042.191650390625,679.4976806640625,2725.602294921875
ID_BbuHsd.jpeg,anthracnose,0.452176958322525,779.8814697265625,8.903786659240723,3843.6650390625,1791.1246337890625
ID_BbuHsd.jpeg,anthracnose,0.42200684547424316,1620.4688720703125,221.21405029296875,4000.759033203125,2894.35400390625
ID_UZmHfH.JPG,healthy,0.9253166317939758,1194.0828857421875,409.6850891113281,1880.209716796875,1097.226806640625
ID_UZmHfH.JPG,healthy,0.6625347137451172,0.0,706.9171142578125,1230.8685302734375,1450.98486328125
ID_UZmHfH.JPG,healthy,0.5873857736587524,1687.5887451171875,1374.7186279296875,2118.00927734375,1723.5811767578125
ID_UZmHfH.JPG,healthy,0.45475372672080994,1255.686767578125,736.1444091796875,2209.32568359375,1178.9119873046875
ID_UZmHfH.JPG,healthy,0.36852991580963135,1043.1671142578125,1369.4610595703125,1538.5299072265625,1664.88134765625
ID_UZmHfH.JPG,healthy,0.27296382188796997,0.0,719.1424560546875,2569.827880859375,1400.02734375
ID_aRAs2F.jpeg,healthy,0.8685003519058228,38.54231643676758,1140.7886962890625,3024.0,3754.0400390625
ID_aRAs2F.jpeg,healthy,0.7986827492713928,18.663902282714844,719.8866577148438,2980.5283203125,2111.651123046875
ID_aRAs2F.jpeg,healthy,0.5438166856765747,185.88633728027344,605.372314453125,1289.603515625,1198.0037841796875
ID_aRAs2F.jpeg,healthy,0.49322065711021423,13.655319213867188,1476.163330078125,2954.7373046875,3264.259765625
ID_aRAs2F.jpeg,healthy,0.3545011579990387,68.00146484375,1906.9715576171875,3009.542236328125,3713.25537109375
ID_aRAs2F.jpeg,healthy,0.26779109239578247,36.024471282958984,1241.56787109375,2183.1845703125,3506.216064453125
ID_YGrcG9.jpg,anthracnose,0.9548344016075134,281.46173095703125,59.54902267456055,2038.9443359375,1478.5657958984375
ID_YGrcG9.jpg,anthracnose,0.5391715168952942,329.3460998535156,1056.19677734375,2030.9410400390625,1532.393798828125
ID_YGrcG9.jpg,anthracnose,0.5140368938446045,286.890625,756.3587646484375,2042.8773193359375,1534.859619140625
ID_O3ydPh.jpg,anthracnose,0.5179726481437683,0.0,0.0,1080.0,667.9926147460938
ID_O3ydPh.jpg,cssvd,0.3224876821041107,0.0,0.0,1080.0,717.1173706054688
ID_tH76LR.jpg,healthy,0.6671549081802368,10.017731666564941,0.9866241216659546,208.8351287841797,120.23670959472656
ID_tH76LR.jpg,healthy,0.5623573660850525,0.0,20.601160049438477,410.444091796875,314.2785339355469
ID_alEQ0h.jpeg,healthy,0.7572333216667175,577.0599365234375,256.07147216796875,3885.70068359375,1742.26025390625
ID_alEQ0h.jpeg,healthy,0.2710365355014801,0.0,1023.7178955078125,1503.0709228515625,1800.0
ID_d6gpj1.jpg,cssvd,0.3278215229511261,5.062808990478516,0.0,1080.0,705.6732177734375
ID_d6gpj1.jpg,anthracnose,0.2988361120223999,5.144382476806641,619.2805786132812,1073.6556396484375,809.136962890625
ID_VQKJAq.jpg,healthy,0.6160445809364319,0.0,155.35263061523438,1757.103759765625,1128.6492919921875
ID_VQKJAq.jpg,healthy,0.4272443652153015,0.0,0.0,2027.3828125,441.4364318847656
ID_VQKJAq.jpg,healthy,0.2982923686504364,0.0,0.0,1993.8218994140625,308.92437744140625
ID_fFDUnh.jpg,cssvd,0.6351305246353149,0.0,23.984922409057617,1037.7537841796875,559.8226318359375
ID_fFDUnh.jpg,healthy,0.3137509822845459,0.0,605.47705078125,1052.1583251953125,810.0
ID_fFDUnh.jpg,healthy,0.2899572253227234,0.0,539.7664184570312,896.0966796875,810.0
ID_Be0vKo.jpg,anthracnose,0.8285238146781921,358.16424560546875,112.8233413696289,2043.885498046875,1048.761962890625
ID_Be0vKo.jpg,anthracnose,0.5516824126243591,1.852148413658142,624.451904296875,1159.6312255859375,1489.3031005859375
ID_Be0vKo.jpg,anthracnose,0.32158008217811584,1.79931640625,947.7886962890625,1152.6634521484375,1493.270263671875
ID_Be0vKo.jpg,anthracnose,0.2545264661312103,373.26953125,0.0,1987.8140869140625,405.3604736328125
ID_p9vAO2.jpg,cssvd,0.6580061912536621,0.0,83.90296173095703,807.1212158203125,1080.0
ID_f3L3v3.jpeg,anthracnose,0.35887497663497925,41.10546875,6.5159912109375,1036.753662109375,454.71923828125
ID_f3L3v3.jpeg,healthy,0.2699744999408722,19.134796142578125,39.223052978515625,1008.50146484375,455.9915466308594
ID_ynZOCB.jpeg,anthracnose,0.6626602411270142,1296.0860595703125,225.85421752929688,3880.360595703125,1227.1446533203125
ID_ynZOCB.jpeg,healthy,0.2884752154350281,3772.4765625,825.2096557617188,4000.0,1800.0
ID_teJw25.jpeg,anthracnose,0.5064643025398254,0.0,208.6699981689453,4030.34326171875,2601.066650390625
ID_teJw25.jpeg,cssvd,0.33929958939552307,3372.217041015625,731.6589965820312,4030.937744140625,3023.600341796875
ID_L6bLmM.jpeg,healthy,0.8240823745727539,0.0,165.29885864257812,4032.0,2888.297607421875
ID_nfIFMI.jpg,cssvd,0.5172823667526245,740.568359375,0.572070300579071,1672.209228515625,1055.1033935546875
ID_ePqLr4.jpg,cssvd,0.5835638046264648,124.51815795898438,0.0,956.1668701171875,1241.579345703125
ID_CcIssk.jpg,healthy,0.5977047085762024,1188.6796875,0.0,1936.84765625,1475.101806640625
ID_CcIssk.jpg,healthy,0.3951546251773834,2783.4169921875,1600.1875,3264.0,2335.56494140625
ID_CcIssk.jpg,cssvd,0.2961215078830719,200.79319763183594,1.488226294517517,1001.0748291015625,1023.3684692382812
ID_CcIssk.jpg,healthy,0.2603321671485901,824.8641357421875,0.0,1983.5745849609375,1474.0557861328125
ID_oE9rtC.jpg,healthy,0.7960612177848816,335.8741455078125,247.34877014160156,1280.0,684.0565185546875
ID_GbKeZt.jpg,anthracnose,0.5196447968482971,89.99666595458984,0.40740394592285156,1076.8548583984375,566.081787109375
ID_GbKeZt.jpg,cssvd,0.3470282256603241,175.5050506591797,0.5671520233154297,1080.0,559.0989379882812
ID_zP9dHg.jpg,cssvd,0.5962738990783691,2816.42822265625,1841.1607666015625,3263.211181640625,2448.0
ID_zP9dHg.jpg,healthy,0.5625929236412048,182.2076416015625,0.0,2895.97314453125,482.82012939453125
ID_zP9dHg.jpg,cssvd,0.4362637996673584,0.0,1604.11962890625,1565.423583984375,2446.323974609375
ID_zP9dHg.jpg,healthy,0.4362218976020813,468.7625427246094,582.78515625,1609.908935546875,1256.4229736328125
ID_zP9dHg.jpg,healthy,0.40911751985549927,0.0,978.8124389648438,730.2440795898438,1771.973876953125
ID_CsD8EL.jpg,anthracnose,0.9397040009498596,0.0,0.0,1280.0,960.0
ID_CsD8EL.jpg,anthracnose,0.5063260793685913,216.276123046875,0.0,1276.018798828125,259.2144775390625
ID_CsD8EL.jpg,anthracnose,0.4814872741699219,6.849365234375,409.4290771484375,1280.0,959.7138671875
ID_CsD8EL.jpg,anthracnose,0.2882477343082428,13.607666015625,632.3623046875,1275.92919921875,957.541015625
ID_gChBxR.jpg,healthy,0.8754590153694153,120.39814758300781,38.31336212158203,391.37005615234375,215.9636993408203
ID_gChBxR.jpg,healthy,0.7115333676338196,113.0431137084961,121.0333480834961,298.5758056640625,335.9486389160156
ID_gChBxR.jpg,healthy,0.6826616525650024,126.90032196044922,0.0,406.5225830078125,84.4095230102539
ID_gChBxR.jpg,healthy,0.4253706932067871,15.31833267211914,271.1300964355469,106.60078430175781,330.1473388671875
ID_gChBxR.jpg,healthy,0.2996305227279663,15.256075859069824,334.2457580566406,235.97142028808594,415.7406005859375
ID_LoiG9j.jpg,healthy,0.8120585083961487,21.246002197265625,92.70577239990234,409.7088317871094,382.3356018066406
ID_LoiG9j.jpg,healthy,0.7019416093826294,34.81185531616211,1.4662094116210938,266.1363830566406,131.25228881835938
ID_LoiG9j.jpg,healthy,0.622321605682373,26.580928802490234,1.3043937683105469,355.65386962890625,130.52423095703125
ID_LoiG9j.jpg,healthy,0.4236467778682709,1.0715736150741577,0.0,88.3052978515625,143.18856811523438
ID_LoiG9j.jpg,healthy,0.3748874068260193,43.804420471191406,106.21659088134766,340.58642578125,344.98748779296875
ID_LoiG9j.jpg,healthy,0.33193135261535645,3.882910966873169,2.0106201171875,48.567989349365234,146.96067810058594
ID_LoiG9j.jpg,healthy,0.2994070053100586,0.0,146.77536010742188,57.013179779052734,349.5526428222656
ID_LoiG9j.jpg,healthy,0.28436583280563354,40.411441802978516,113.80654907226562,374.1640930175781,264.4573059082031
ID_LoiG9j.jpg,healthy,0.25858402252197266,0.0,189.26853942871094,31.24054527282715,283.6554870605469
ID_mGappw.jpg,anthracnose,0.9361085295677185,22.8359375,0.0,1280.0,833.8834228515625
ID_mGappw.jpg,anthracnose,0.30407339334487915,260.0694580078125,4.5096435546875,1277.0751953125,731.451904296875
ID_mGappw.jpg,anthracnose,0.2743452787399292,277.5888671875,0.3004150390625,1274.44287109375,280.636474609375
ID_roZ2bL.jpeg,cssvd,0.6682531833648682,0.0,439.34442138671875,4032.0,2766.790283203125
ID_kFZBmo.jpg,healthy,0.8827925324440002,580.7584228515625,767.4061889648438,3186.844482421875,2064.298828125
ID_kFZBmo.jpg,healthy,0.4059484601020813,1639.904541015625,1966.525634765625,2209.72900390625,2448.0
ID_oagAcI.jpg,cssvd,0.515552818775177,0.0,240.7060089111328,1080.0,714.801513671875
ID_oagAcI.jpg,cssvd,0.29743802547454834,2.2072219848632812,603.7962036132812,997.0997314453125,809.8228149414062
ID_R6m9LT.jpg,healthy,0.7626829147338867,18.202341079711914,112.00234985351562,413.3774719238281,299.8033447265625
ID_R6m9LT.jpg,healthy,0.6805678009986877,111.85562133789062,13.992425918579102,275.32684326171875,151.5460205078125
ID_R6m9LT.jpg,healthy,0.6113964319229126,16.560638427734375,357.7745361328125,253.31991577148438,415.7817077636719
ID_R6m9LT.jpg,healthy,0.46112483739852905,373.643310546875,317.72845458984375,416.0,414.1728210449219
ID_R6m9LT.jpg,healthy,0.43584930896759033,15.246732711791992,14.224403381347656,133.15260314941406,175.12371826171875
ID_R6m9LT.jpg,healthy,0.3476090729236603,24.995800018310547,251.06231689453125,183.70648193359375,415.8533630371094
ID_R6m9LT.jpg,healthy,0.338085800409317,83.95679473876953,259.5091552734375,132.22103881835938,401.9387512207031
ID_R6m9LT.jpg,healthy,0.27654898166656494,385.04400634765625,257.122802734375,416.0,346.8766784667969
ID_Cisrab.jpeg,anthracnose,0.8634621500968933,0.0,396.80230712890625,3781.17236328125,2425.33349609375
ID_Cisrab.jpeg,healthy,0.4372657835483551,0.0,1560.5684814453125,3836.346923828125,3024.0
ID_Cisrab.jpeg,healthy,0.34323734045028687,0.0,2246.821533203125,3704.35107421875,3019.658203125
ID_Cisrab.jpeg,healthy,0.31501325964927673,0.0,1447.5712890625,2098.760498046875,3020.377197265625
ID_DtvCD1.jpeg,healthy,0.9246307611465454,0.0,431.99066162109375,4032.0,2917.818603515625
ID_DtvCD1.jpeg,healthy,0.45265960693359375,0.0,6.244916915893555,3912.98974609375,1032.6507568359375
ID_DtvCD1.jpeg,healthy,0.3663206398487091,0.0,279.08489990234375,4032.0,2167.876708984375
ID_DtvCD1.jpeg,healthy,0.33750951290130615,0.0,0.0,2540.8720703125,963.2181396484375
ID_DtvCD1.jpeg,healthy,0.29177945852279663,124.8691177368164,0.0,3244.565185546875,879.679931640625
ID_QZECWO.jpeg,healthy,0.873094379901886,0.0,0.0,4000.0,1627.581298828125
ID_wRy96J.jpg,cssvd,0.4739616811275482,137.910888671875,0.0,869.4891357421875,1277.316162109375
ID_KPndE7.jpg,cssvd,0.3077068030834198,0.0,0.0,1080.0,487.6671447753906
ID_CEnc58.jpeg,healthy,0.7793468832969666,495.8486022949219,844.7515869140625,3167.589111328125,2001.9022216796875
ID_CEnc58.jpeg,healthy,0.5985532999038696,33.81212615966797,0.0,3373.1591796875,608.7521362304688
ID_CEnc58.jpeg,healthy,0.4619413912296295,0.0,1736.2193603515625,1391.419189453125,2300.076416015625
ID_CEnc58.jpeg,healthy,0.4245094060897827,53.355621337890625,0.0,2421.06884765625,644.0218505859375
ID_CEnc58.jpeg,healthy,0.3933936059474945,0.0,1287.166748046875,542.3934936523438,1992.923583984375
ID_CEnc58.jpeg,healthy,0.3830460011959076,0.0,1309.6318359375,1190.044921875,2135.81591796875
ID_CEnc58.jpeg,healthy,0.3367520570755005,0.0,1816.8001708984375,1189.31591796875,2406.916748046875
ID_CEnc58.jpeg,healthy,0.3296760320663452,454.4559326171875,317.39190673828125,2302.423828125,1173.1817626953125
ID_CEnc58.jpeg,healthy,0.2583019435405731,221.3590087890625,44.85567855834961,2501.3779296875,1222.9339599609375
ID_ZQ6oNQ.jpeg,healthy,0.8749555945396423,0.0,0.0,4032.0,2487.906982421875
ID_ZQ6oNQ.jpeg,healthy,0.5490186810493469,1453.7318115234375,2495.56005859375,3934.331298828125,3021.809326171875
ID_ZxQNwN.jpeg,anthracnose,0.3906985819339752,700.206298828125,574.9380493164062,2575.346435546875,4018.588623046875
ID_ZurP0w.jpg,cssvd,0.5329699516296387,333.016845703125,642.3677978515625,2946.8515625,1669.9664306640625
ID_ynSfDY.jpg,cssvd,0.5885189771652222,0.0,0.0,1080.0,806.5992431640625
ID_ynSfDY.jpg,cssvd,0.4058702290058136,636.3577270507812,0.0,1075.6929931640625,376.6810302734375
ID_UptcTn.jpg,healthy,0.7975698709487915,1639.0118408203125,0.41715314984321594,3009.52978515625,506.6107482910156
ID_UptcTn.jpg,healthy,0.7811142206192017,2766.46533203125,0.852282702922821,3264.0,932.1449584960938
ID_UptcTn.jpg,healthy,0.5584306716918945,843.5379028320312,618.9396362304688,3251.4541015625,1961.2640380859375
ID_UptcTn.jpg,healthy,0.2876454293727875,2911.56103515625,0.0,3264.0,819.7136840820312
ID_UptcTn.jpg,healthy,0.25186240673065186,0.0,975.8238525390625,362.6362609863281,1904.2467041015625
ID_WdNm5h.jpeg,healthy,0.80995112657547,1464.701904296875,0.11559676378965378,3024.0,420.271728515625
ID_WdNm5h.jpeg,healthy,0.473230242729187,601.96142578125,79.798583984375,2398.315673828125,3881.05712890625
ID_WdNm5h.jpeg,anthracnose,0.25179627537727356,0.31737440824508667,64.01225280761719,578.1348876953125,2235.60302734375
ID_YhSvIO.jpg,healthy,0.9089657068252563,67.00996398925781,71.0546875,2027.6087646484375,1125.6051025390625
ID_nzhupC.jpg,anthracnose,0.6485735774040222,16.89739418029785,42.84797668457031,4128.0,3096.0
ID_sUfpAn.jpg,healthy,0.69005286693573,33.087158203125,131.25115966796875,1280.0,777.9078369140625
ID_sUfpAn.jpg,healthy,0.3522290587425232,2.45703125,725.672119140625,1250.95458984375,960.0
ID_J0i3Jb.jpg,anthracnose,0.8803048729896545,255.87747192382812,22.61114501953125,1271.65185546875,581.0916137695312
ID_J0i3Jb.jpg,anthracnose,0.6467283964157104,245.15658569335938,0.0,1268.5223388671875,398.2060852050781
ID_J0i3Jb.jpg,anthracnose,0.48800569772720337,125.059814453125,586.403564453125,1274.0035400390625,814.7410888671875
ID_J0i3Jb.jpg,anthracnose,0.4410932958126068,218.1529541015625,282.68353271484375,1278.66259765625,585.9549560546875
ID_LdnKe8.jpg,anthracnose,0.3884744346141815,314.623779296875,120.81341552734375,1253.4859619140625,537.3136596679688
ID_LdnKe8.jpg,anthracnose,0.3155862092971802,225.8831787109375,0.0,1248.0718994140625,949.856689453125
ID_ho5pCV.jpeg,healthy,0.6668775081634521,0.0,898.3092651367188,3806.168212890625,2292.4873046875
ID_ho5pCV.jpeg,healthy,0.4874848425388336,358.6512451171875,0.0,3456.287353515625,1402.0867919921875
ID_ho5pCV.jpeg,healthy,0.4856184422969818,0.0,1848.0386962890625,1871.31494140625,3019.50830078125
ID_ho5pCV.jpeg,healthy,0.3831506371498108,0.0,0.0,3689.3603515625,795.7108764648438
ID_ho5pCV.jpeg,healthy,0.2543446719646454,3.2369017601013184,1224.4571533203125,2931.685791015625,2268.618896484375
ID_XwcCdA.jpg,cssvd,0.49279895424842834,422.72039794921875,6.390953063964844,808.9727783203125,1080.0
ID_XwcCdA.jpg,cssvd,0.38029584288597107,178.79010009765625,5.39373779296875,810.0,1080.0
ID_XwcCdA.jpg,cssvd,0.374673455953598,620.0260620117188,0.0,809.058837890625,1080.0
ID_XwcCdA.jpg,cssvd,0.27719661593437195,668.5238647460938,73.84202575683594,810.0,1080.0
ID_ZYbA7d.jpg,anthracnose,0.9101963639259338,20.0029296875,0.0,2048.0,1492.285888671875
ID_ZYbA7d.jpg,anthracnose,0.29477500915527344,3.0843749046325684,0.0,2032.6796875,431.5186462402344
ID_ZYbA7d.jpg,anthracnose,0.28992417454719543,102.43437194824219,478.65411376953125,2042.7113037109375,1497.4375
ID_ZYbA7d.jpg,anthracnose,0.274808794260025,294.8199157714844,8.439550399780273,2034.742919921875,988.5315551757812
ID_mJsjdn.jpeg,healthy,0.6936436295509338,0.0,2420.020263671875,2840.75,3023.20166015625
ID_mJsjdn.jpeg,healthy,0.6757033467292786,0.0,6.6010565757751465,3024.0,692.7344360351562
ID_mJsjdn.jpeg,healthy,0.60623699426651,0.0,2355.87890625,2082.981201171875,3020.4853515625
ID_mJsjdn.jpeg,healthy,0.5501876473426819,0.0,428.3660583496094,3024.0,2207.981201171875
ID_mJsjdn.jpeg,healthy,0.524698793888092,0.0,2312.834228515625,913.2506103515625,3021.01806640625
ID_mJsjdn.jpeg,cssvd,0.47075799107551575,0.0,272.8720703125,3024.0,2220.150146484375
ID_mJsjdn.jpeg,healthy,0.33150121569633484,96.79097747802734,0.0,3011.6142578125,517.8948364257812
ID_mJsjdn.jpeg,healthy,0.32482773065567017,0.0,2605.332275390625,2895.0556640625,3020.885498046875
ID_mJsjdn.jpeg,healthy,0.25422266125679016,0.0,2755.212646484375,2970.590576171875,3018.960205078125
ID_kDt6VL.jpg,healthy,0.6731298565864563,360.29833984375,281.94891357421875,1230.6646728515625,575.9442749023438
ID_kDt6VL.jpg,healthy,0.4542281925678253,0.0,638.2196044921875,1238.7132568359375,959.2171630859375
ID_UbtyYv.jpg,healthy,0.450562983751297,0.0,140.11538696289062,1058.2127685546875,809.8059692382812
ID_yYEvdD.jpg,anthracnose,0.9192022085189819,0.0,151.37081909179688,1280.0,940.1123046875
ID_yYEvdD.jpg,anthracnose,0.3792860805988312,0.0,0.1349945068359375,1256.92138671875,200.2324981689453
ID_yYEvdD.jpg,anthracnose,0.2853853702545166,0.0,746.52685546875,1278.972900390625,955.68603515625
ID_XeuIbQ.jpg,cssvd,0.4244852662086487,0.0,5.88623046875,1280.0,932.10009765625
ID_XeuIbQ.jpg,healthy,0.2955775856971741,0.0,749.8092041015625,1280.0,958.9014892578125
ID_XeuIbQ.jpg,healthy,0.2590813636779785,0.0,0.0,1058.4813232421875,138.01217651367188
ID_hj1Gx1.jpeg,healthy,0.6555672287940979,723.6087646484375,397.843994140625,953.7247314453125,576.0
ID_hj1Gx1.jpeg,healthy,0.5256774425506592,607.1654052734375,362.4898681640625,778.127685546875,574.8634643554688
ID_hj1Gx1.jpeg,healthy,0.5017032027244568,113.101806640625,128.7472381591797,1046.9173583984375,496.19622802734375
ID_hj1Gx1.jpeg,healthy,0.2610738277435303,608.6456298828125,388.82281494140625,958.6466064453125,576.0
ID_qpvWGX.jpg,anthracnose,0.612762451171875,982.7457885742188,1934.061767578125,2758.2939453125,2444.656982421875
ID_qpvWGX.jpg,anthracnose,0.5736460089683533,846.4535522460938,229.13003540039062,2030.829833984375,2098.3037109375
ID_qpvWGX.jpg,healthy,0.4303518831729889,1618.4029541015625,176.1359100341797,2481.28173828125,1003.9219360351562
ID_qpvWGX.jpg,anthracnose,0.4257553219795227,937.3901977539062,296.1567077636719,2663.834716796875,2035.735107421875
ID_qpvWGX.jpg,healthy,0.3117000162601471,1636.0966796875,124.92455291748047,3165.169189453125,1011.4617309570312
ID_qpvWGX.jpg,healthy,0.2777906656265259,2061.411865234375,72.19625091552734,3166.297119140625,689.1223754882812
ID_LyDLFt.jpg,anthracnose,0.4835011661052704,45.345314025878906,290.5513610839844,1434.8426513671875,1215.150146484375
ID_LyDLFt.jpg,anthracnose,0.33358633518218994,44.798828125,555.2243041992188,1415.0792236328125,1210.158447265625
ID_LyDLFt.jpg,cssvd,0.31412944197654724,50.23876953125,562.1599731445312,1410.6265869140625,1200.225341796875
ID_UVK5Xv.jpg,healthy,0.870895266532898,222.51712036132812,71.0511245727539,1080.0,618.3231201171875
ID_UVK5Xv.jpg,healthy,0.7636582255363464,196.5617218017578,490.9126281738281,1003.4786987304688,810.0
ID_UVK5Xv.jpg,healthy,0.28363484144210815,212.66612243652344,579.3547973632812,966.6345825195312,809.3973388671875
ID_JVGGHr.jpg,cssvd,0.4102984368801117,155.92686462402344,12.0008544921875,664.391357421875,1156.328125
ID_eMuJcQ.jpeg,anthracnose,0.7702340483665466,0.0,0.0,1276.0010986328125,574.9327392578125
ID_a0srv9.jpg,healthy,0.6693376898765564,408.01214599609375,868.6153564453125,2323.798828125,2405.1552734375
ID_a0srv9.jpg,cssvd,0.5087766051292419,1635.0081787109375,1284.0853271484375,2447.09033203125,3229.6103515625
ID_a0srv9.jpg,healthy,0.27055615186691284,450.631103515625,1424.3917236328125,2136.455810546875,2457.98193359375
ID_a0srv9.jpg,healthy,0.2531543970108032,465.6068420410156,1677.7281494140625,1698.6959228515625,2447.08984375
ID_MpkZzo.jpeg,anthracnose,0.7596678733825684,150.61093139648438,0.0,3073.9208984375,1182.10009765625
ID_MpkZzo.jpeg,anthracnose,0.3094388246536255,32.66455841064453,0.0,2541.175048828125,999.5950927734375
ID_jfZVfE.jpg,healthy,0.7262427806854248,1371.495361328125,508.0999450683594,2954.33642578125,1417.232666015625
ID_jfZVfE.jpg,cssvd,0.33466583490371704,1366.810546875,536.1200561523438,2885.3466796875,1400.1092529296875
ID_FHV9TQ.jpg,anthracnose,0.8298362493515015,1187.82666015625,868.0084228515625,4082.275146484375,2365.6220703125
ID_FHV9TQ.jpg,anthracnose,0.692966639995575,721.2429809570312,2309.155517578125,4124.74267578125,3088.078857421875
ID_FHV9TQ.jpg,anthracnose,0.6540334224700928,732.9395141601562,1558.4639892578125,4115.630859375,3094.877197265625
ID_FHV9TQ.jpg,anthracnose,0.38310813903808594,783.6222534179688,1004.8785400390625,4102.92822265625,2969.401123046875
ID_FHV9TQ.jpg,anthracnose,0.26648569107055664,0.0,784.6414794921875,1386.9578857421875,2718.504638671875
ID_rPGfuC.jpg,anthracnose,0.7156592011451721,13.149810791015625,0.0,1080.0,808.972412109375
ID_rPGfuC.jpg,anthracnose,0.2646777033805847,105.13710021972656,0.12699508666992188,1063.7581787109375,222.38632202148438
ID_xPZf5p.jpg,anthracnose,0.9179391264915466,96.8538818359375,136.26947021484375,1256.261962890625,763.42626953125
ID_xPZf5p.jpg,anthracnose,0.3406847417354584,0.0,0.0,1249.029296875,259.53411865234375
ID_xPZf5p.jpg,anthracnose,0.27742964029312134,183.222900390625,304.826416015625,1240.904541015625,759.33349609375
ID_DHCirx.jpg,healthy,0.6053690314292908,249.8595733642578,68.4886703491211,2019.144287109375,1279.334716796875
ID_DHCirx.jpg,anthracnose,0.2902534306049347,219.5593719482422,54.92949295043945,2027.4066162109375,1299.9814453125
ID_jaeOlD.jpg,healthy,0.7580318450927734,3.632485866546631,34.636173248291016,356.3140869140625,323.2636413574219
ID_jaeOlD.jpg,healthy,0.5543578863143921,2.5332305431365967,96.21483612060547,312.50982666015625,316.18902587890625
ID_jaeOlD.jpg,healthy,0.3796805739402771,386.40887451171875,257.9486999511719,416.0,416.0
ID_jaeOlD.jpg,healthy,0.3657000660896301,129.71945190429688,68.90829467773438,318.36859130859375,225.15005493164062
ID_jaeOlD.jpg,healthy,0.27580174803733826,2.2369537353515625,111.45002746582031,113.80403137207031,192.41342163085938
ID_rnaFA7.jpg,healthy,0.8669489026069641,79.72775268554688,66.37539672851562,412.2813720703125,278.885009765625
ID_rnaFA7.jpg,healthy,0.6306522488594055,83.97139739990234,0.0,221.47230529785156,136.50833129882812
ID_rnaFA7.jpg,healthy,0.5457473397254944,17.7288875579834,205.6940155029297,89.69926452636719,277.4480285644531
ID_rnaFA7.jpg,healthy,0.49035218358039856,50.676090240478516,0.0,128.3092041015625,64.62594604492188
ID_rnaFA7.jpg,healthy,0.4832645654678345,3.6631901264190674,101.72224426269531,85.37284088134766,191.84080505371094
ID_rnaFA7.jpg,healthy,0.45409905910491943,79.87896728515625,0.0,228.03236389160156,86.28385162353516
ID_rnaFA7.jpg,healthy,0.4463079571723938,25.387447357177734,274.4564208984375,78.87942504882812,353.8238525390625
ID_rnaFA7.jpg,healthy,0.37014931440353394,87.4591293334961,0.0,317.8988037109375,125.54991149902344
ID_rnaFA7.jpg,healthy,0.32517749071121216,31.655811309814453,69.46963500976562,97.94590759277344,145.5330047607422
ID_rnaFA7.jpg,healthy,0.31007739901542664,88.38948822021484,31.118412017822266,209.3494110107422,139.49267578125
ID_rnaFA7.jpg,healthy,0.3096618056297302,14.019661903381348,63.55229187011719,109.0937728881836,184.9867706298828
ID_rnaFA7.jpg,healthy,0.29132434725761414,33.376529693603516,0.00684852572157979,204.41273498535156,62.221492767333984
ID_rnaFA7.jpg,healthy,0.2774122357368469,94.72631072998047,83.56475067138672,396.3652648925781,241.93959045410156
ID_rnaFA7.jpg,healthy,0.2729684114456177,83.09481811523438,148.73902893066406,290.3534240722656,408.82281494140625
ID_rnaFA7.jpg,healthy,0.26662713289260864,95.73519134521484,0.0,388.9586486816406,103.38536834716797
ID_rnaFA7.jpg,healthy,0.2657023072242737,86.40465545654297,0.0,388.5166931152344,61.18246841430664
ID_rnaFA7.jpg,healthy,0.2641102373600006,86.38116455078125,0.008137893863022327,343.60906982421875,76.99954986572266
ID_akSgp1.jpg,cssvd,0.47070178389549255,0.0,0.0,954.954833984375,440.2015380859375
ID_akSgp1.jpg,cssvd,0.2585401237010956,917.6845092773438,524.2981567382812,1080.0,809.3240356445312
ID_CWDQS2.jpeg,healthy,0.7128816246986389,428.99859619140625,799.9642333984375,576.0,987.1099853515625
ID_CWDQS2.jpeg,healthy,0.5535393357276917,152.2474365234375,393.58355712890625,576.0,978.5877075195312
ID_CWDQS2.jpeg,healthy,0.42341670393943787,151.907958984375,448.3822326660156,406.22064208984375,997.0418701171875
ID_CWDQS2.jpeg,healthy,0.31029513478279114,454.5838623046875,775.552734375,575.900146484375,1007.55859375
ID_i0dF6K.jpeg,healthy,0.8900805711746216,0.0,321.8758239746094,4032.0,2632.228759765625
ID_i0dF6K.jpeg,healthy,0.37304872274398804,0.0,2148.328857421875,2557.089599609375,3019.087646484375
ID_i0dF6K.jpeg,healthy,0.2583015561103821,0.0,414.45263671875,4032.0,1788.089599609375
ID_i0dF6K.jpeg,healthy,0.25816309452056885,0.0,2141.275390625,1228.306396484375,3022.19775390625
ID_i0dF6K.jpeg,healthy,0.25468021631240845,0.0,2241.887939453125,3750.476806640625,3019.189453125
ID_ORZ9Bi.jpg,healthy,0.858657956123352,118.8099136352539,130.5336151123047,338.3072509765625,294.4634094238281
ID_ORZ9Bi.jpg,healthy,0.2881194055080414,119.17973327636719,0.0,250.7987060546875,140.10350036621094
ID_hcfuoO.JPG,healthy,0.2813030481338501,0.0,808.1039428710938,712.0151977539062,1266.871337890625
ID_hcfuoO.JPG,anthracnose,0.271115779876709,726.2570190429688,770.3706665039062,2387.087646484375,1815.167724609375
ID_fMnZ1J.jpg,healthy,0.8948375582695007,370.6248474121094,822.5519409179688,764.7686767578125,1442.739990234375
ID_fMnZ1J.jpg,anthracnose,0.825096607208252,52.93514633178711,1699.141357421875,1193.9549560546875,2523.67724609375
ID_fMnZ1J.jpg,healthy,0.7727820873260498,760.5297241210938,332.58807373046875,2155.876220703125,1055.5877685546875
ID_fMnZ1J.jpg,anthracnose,0.5149694085121155,1295.0174560546875,1560.9202880859375,2243.903076171875,2103.643310546875
ID_fMnZ1J.jpg,healthy,0.4686119854450226,1342.0032958984375,0.0,1743.6102294921875,371.4192199707031
ID_fMnZ1J.jpg,healthy,0.4623975455760956,0.0,221.4691619873047,622.2847900390625,870.4131469726562
ID_fMnZ1J.jpg,anthracnose,0.3994758725166321,1514.8836669921875,2061.36181640625,2448.0,3262.771728515625
ID_fMnZ1J.jpg,anthracnose,0.3757675886154175,991.8256225585938,1046.494140625,1593.1695556640625,1984.396728515625
ID_fMnZ1J.jpg,healthy,0.3299660086631775,2.871201276779175,2081.450439453125,258.9312438964844,3061.7587890625
ID_J6zS4O.jpg,healthy,0.5475680232048035,0.0,90.32810974121094,1080.0,637.8633422851562
ID_J6zS4O.jpg,healthy,0.3976425230503082,0.0,651.2355346679688,1076.4007568359375,810.0
ID_J6zS4O.jpg,cssvd,0.325570672750473,1.96929931640625,89.94630432128906,1065.47314453125,643.8445434570312
ID_J6zS4O.jpg,healthy,0.31884831190109253,0.0,0.0,931.7880859375,124.86933135986328
ID_J6zS4O.jpg,healthy,0.30487826466560364,0.0,578.6798095703125,1061.8978271484375,806.4055786132812
ID_J6zS4O.jpg,healthy,0.2904290556907654,0.0,65.53543853759766,978.2566528320312,510.9486999511719
ID_GbRUYX.jpg,healthy,0.8566469550132751,0.0,0.0,1277.0848388671875,831.646240234375
ID_GbRUYX.jpg,healthy,0.6769412159919739,121.0390625,8.69970703125,1226.248779296875,639.657470703125
ID_GbRUYX.jpg,healthy,0.3704454302787781,182.8726806640625,2.176177978515625,1117.441162109375,495.9661865234375
ID_GbRUYX.jpg,healthy,0.3142179250717163,0.0,268.19757080078125,1275.7403564453125,814.2921752929688
ID_J1dy6E.jpg,healthy,0.4583625793457031,751.5885009765625,950.6681518554688,1734.257080078125,1530.7515869140625
ID_J1dy6E.jpg,healthy,0.3589869737625122,0.0,394.9754943847656,574.3751831054688,1216.8580322265625
ID_J1dy6E.jpg,healthy,0.3294989764690399,653.7705078125,162.65664672851562,1682.723388671875,1044.59765625
ID_J1dy6E.jpg,cssvd,0.3142416775226593,0.0,397.48370361328125,605.8385620117188,1201.892578125
ID_J1dy6E.jpg,cssvd,0.2821435332298279,651.3828125,186.26651000976562,1700.3687744140625,1089.29345703125
ID_J1dy6E.jpg,cssvd,0.27171164751052856,750.4961547851562,953.1090087890625,1938.4136962890625,1523.399169921875
ID_QSdkq6.jpeg,healthy,0.319498211145401,7.03857421875,18.162933349609375,1279.24951171875,468.1926574707031
ID_QSdkq6.jpeg,healthy,0.2934918999671936,1046.271240234375,191.86563110351562,1270.2890625,484.6845397949219
ID_QSdkq6.jpeg,healthy,0.28872427344322205,20.013427734375,444.35333251953125,1037.12255859375,573.3086547851562
ID_QSdkq6.jpeg,anthracnose,0.2619662582874298,19.75439453125,0.0,1278.6917724609375,457.1052551269531
ID_UuSzzb.jpg,healthy,0.5307039618492126,196.45254516601562,307.6971740722656,1300.4176025390625,865.9791870117188
ID_UuSzzb.jpg,cssvd,0.372999906539917,0.0,39.201560974121094,754.228271484375,608.9068603515625
ID_UuSzzb.jpg,cssvd,0.3156529366970062,76.6006851196289,301.77813720703125,1324.132568359375,880.5213012695312
ID_HGfxsz.jpeg,anthracnose,0.6690093874931335,846.9970092773438,314.99810791015625,3998.261962890625,1632.991943359375
ID_HGfxsz.jpeg,anthracnose,0.41115298867225647,0.0,2265.61279296875,1266.972900390625,3021.156005859375
ID_gC2mtl.jpg,cssvd,0.605779767036438,2473.314453125,0.0,3258.117431640625,1148.248291015625
ID_gC2mtl.jpg,healthy,0.5045226812362671,903.2105102539062,666.1879272460938,2732.00439453125,1660.000732421875
ID_gC2mtl.jpg,cssvd,0.47090619802474976,21.78581428527832,1820.1202392578125,1466.127685546875,2448.0
ID_gC2mtl.jpg,cssvd,0.31267133355140686,856.5347900390625,676.322265625,2690.69580078125,1634.7958984375
ID_gC2mtl.jpg,cssvd,0.31033575534820557,0.0,1336.7860107421875,1189.537841796875,1897.7862548828125
ID_ukOBhq.jpg,anthracnose,0.8088870048522949,65.78202819824219,138.04287719726562,2048.0,1404.3070068359375
ID_ukOBhq.jpg,anthracnose,0.5439431667327881,146.1623077392578,599.0233154296875,2048.0,1533.6474609375
ID_ukOBhq.jpg,anthracnose,0.4731084704399109,161.65234375,1036.237060546875,2046.9951171875,1533.259521484375
ID_Z5E5sR.jpeg,anthracnose,0.8903417587280273,1066.502197265625,0.0,2926.830078125,3024.0
ID_JsIHyJ.JPG,cssvd,0.42086127400398254,584.0333862304688,323.40142822265625,3200.78857421875,1726.5621337890625
ID_JsIHyJ.JPG,healthy,0.3448532819747925,0.0,1789.7022705078125,980.3162231445312,2448.0
ID_JsIHyJ.JPG,healthy,0.2794456481933594,0.0,1.209008812904358,984.6378784179688,379.0055847167969
ID_JsIHyJ.JPG,healthy,0.26599928736686707,2.1968536376953125,1796.1279296875,1829.3623046875,2445.600341796875
ID_agrzCp.jpg,healthy,0.9637351632118225,260.3289489746094,296.7518310546875,518.2672119140625,467.5010986328125
ID_agrzCp.jpg,healthy,0.8272364139556885,769.68603515625,270.85650634765625,975.3177490234375,462.1233825683594
ID_agrzCp.jpg,healthy,0.7100679874420166,0.0,130.18124389648438,329.883544921875,433.2613525390625
ID_agrzCp.jpg,healthy,0.43892961740493774,93.06864929199219,0.0,1067.953125,163.51004028320312
ID_agrzCp.jpg,healthy,0.4221637547016144,90.1217041015625,0.0,1075.6490478515625,233.70492553710938
ID_agrzCp.jpg,healthy,0.36512520909309387,199.8382568359375,191.1493377685547,799.9978637695312,367.54833984375
ID_tFoMZj.jpeg,healthy,0.8130069971084595,888.8321533203125,1043.1593017578125,2992.62060546875,3190.633544921875
ID_tFoMZj.jpeg,healthy,0.5167783498764038,1507.19775390625,2863.081787109375,2026.5692138671875,3735.5576171875
ID_tFoMZj.jpeg,healthy,0.2640821635723114,539.3629150390625,2040.856201171875,1608.0572509765625,3094.302001953125
ID_cTL3Ur.jpg,cssvd,0.42603838443756104,823.8878173828125,851.2987670898438,2156.36767578125,2200.419189453125
ID_cTL3Ur.jpg,healthy,0.2988568842411041,997.36328125,60.923892974853516,1992.4549560546875,722.984619140625
ID_cTL3Ur.jpg,cssvd,0.29429441690444946,792.2944946289062,887.3733520507812,2894.275146484375,2191.634521484375
ID_zuELGh.jpg,healthy,0.5796182751655579,784.2955932617188,436.3392028808594,3241.466552734375,1582.8228759765625
ID_zuELGh.jpg,cssvd,0.42663899064064026,793.6694946289062,415.7427673339844,3248.595947265625,1583.4744873046875
ID_ktdjLR.jpeg,anthracnose,0.5930458307266235,0.0,254.2207794189453,1792.8431396484375,2627.658447265625
ID_ktdjLR.jpeg,anthracnose,0.5864306688308716,9.058761596679688,0.0,1797.593017578125,3674.303466796875
ID_ktdjLR.jpeg,anthracnose,0.32042980194091797,0.0,3256.544677734375,1256.129638671875,3989.285400390625
ID_ktdjLR.jpeg,anthracnose,0.31871795654296875,457.7669372558594,640.8455200195312,1797.961669921875,3776.02587890625
ID_TSMqUn.jpeg,healthy,0.5838528871536255,103.16845703125,33.81635665893555,3018.5634765625,3999.570068359375
ID_TSMqUn.jpeg,healthy,0.2622336447238922,0.0,3031.361083984375,1421.3533935546875,4032.0
ID_dyozg8.JPG,cssvd,0.5647688508033752,244.7212371826172,0.0,3248.668701171875,2448.0
ID_GdW3ec.jpg,anthracnose,0.5995961427688599,361.345703125,498.983154296875,2045.5367431640625,1353.0101318359375
ID_GdW3ec.jpg,healthy,0.38793203234672546,423.3203125,1193.062255859375,2045.6324462890625,1532.6629638671875
ID_GdW3ec.jpg,cssvd,0.35451048612594604,409.870849609375,19.565942764282227,716.552001953125,385.88507080078125
ID_plGfpU.jpg,healthy,0.6630947589874268,0.0,2021.949462890625,884.8488159179688,2448.0
ID_MkwSuG.jpg,cssvd,0.2681775987148285,0.0,154.2629852294922,738.6089477539062,1075.8619384765625
ID_MkwSuG.jpg,anthracnose,0.2674170434474945,737.4388427734375,0.0,809.8917236328125,1063.748291015625
ID_T79DbJ.jpg,cssvd,0.6570515036582947,0.0,4.936071395874023,1080.0,630.2228393554688
ID_M3dc17.jpg,cssvd,0.3008042275905609,19.6553955078125,63.1759033203125,928.3621826171875,1278.94873046875
ID_Vbc7tX.JPG,healthy,0.8157185912132263,730.1678466796875,698.1652221679688,3213.667724609375,1627.4954833984375
ID_Vbc7tX.JPG,healthy,0.28290820121765137,628.5172729492188,1865.8265380859375,1190.57373046875,2443.268310546875
ID_XDDvmd.jpg,cssvd,0.5128209590911865,611.866455078125,641.5470581054688,1576.732177734375,2419.8115234375
ID_XDDvmd.jpg,healthy,0.40371960401535034,1322.3626708984375,1816.2813720703125,3257.531982421875,2448.0
ID_xy2IQY.jpg,anthracnose,0.9528135061264038,716.6546630859375,308.5756530761719,4128.0,2878.41259765625
ID_xy2IQY.jpg,anthracnose,0.38700631260871887,850.7551879882812,1043.5535888671875,4113.3955078125,2884.862060546875
ID_xy2IQY.jpg,anthracnose,0.2554972767829895,886.9625244140625,1571.98193359375,4118.62646484375,3054.738037109375
ID_azfgNA.jpg,cssvd,0.5289841890335083,0.0,87.5013427734375,960.0,1252.8204345703125
ID_coFJm9.jpg,healthy,0.8474768400192261,10.950698852539062,86.13935089111328,404.85711669921875,289.10693359375
ID_coFJm9.jpg,healthy,0.6724633574485779,0.0,0.2847915589809418,50.73109436035156,104.92190551757812
ID_coFJm9.jpg,healthy,0.6685944199562073,37.563533782958984,227.95001220703125,155.31732177734375,322.0908508300781
ID_coFJm9.jpg,healthy,0.6519916653633118,0.0,0.0,63.12079620361328,121.7031478881836
ID_coFJm9.jpg,healthy,0.6250832080841064,14.892533302307129,249.3673095703125,209.55821228027344,416.0
ID_coFJm9.jpg,healthy,0.5898383855819702,13.888275146484375,263.2646179199219,319.94024658203125,416.0
ID_coFJm9.jpg,healthy,0.5226041078567505,8.276589393615723,296.1463317871094,404.8160705566406,416.0
ID_coFJm9.jpg,healthy,0.42145127058029175,0.0,0.0,145.46934509277344,42.772342681884766
ID_coFJm9.jpg,healthy,0.3478113114833832,0.0,0.0,150.64511108398438,109.21705627441406
ID_coFJm9.jpg,healthy,0.2721819579601288,0.0,200.95205688476562,23.287229537963867,299.613037109375
ID_uMLXbD.jpeg,healthy,0.8758693337440491,22.824424743652344,387.3665466308594,3886.567626953125,1476.8624267578125
ID_uMLXbD.jpeg,healthy,0.754641592502594,0.0,1670.013671875,3880.81982421875,2582.688720703125
ID_uMLXbD.jpeg,healthy,0.4982742965221405,1368.1436767578125,2.7447142601013184,2334.546142578125,529.9644165039062
ID_uMLXbD.jpeg,healthy,0.38904979825019836,0.0,687.09521484375,3872.403564453125,1759.7275390625
ID_uovQd1.jpeg,anthracnose,0.6605221033096313,2246.5439453125,0.0,4032.0,3014.13525390625
ID_uovQd1.jpeg,healthy,0.5868343710899353,0.0,4.58955192565918,787.3379516601562,1186.3828125
ID_uovQd1.jpeg,cssvd,0.5799632668495178,2466.9609375,0.0,4032.0,3016.39990234375
ID_uovQd1.jpeg,cssvd,0.39672785997390747,3081.448974609375,9.829906463623047,4030.71240234375,3024.0
ID_uovQd1.jpeg,cssvd,0.3441844582557678,605.6819458007812,0.0,3118.892822265625,3024.0
ID_uovQd1.jpeg,cssvd,0.3056447505950928,588.0302124023438,729.8617553710938,4015.337890625,3013.7158203125
ID_LImmc4.jpeg,anthracnose,0.7541651725769043,0.0,777.080810546875,4022.082763671875,2998.456298828125
ID_LImmc4.jpeg,anthracnose,0.6794304847717285,96.24149322509766,410.6979064941406,4002.394287109375,1688.4893798828125
ID_LImmc4.jpeg,healthy,0.6788508296012878,0.0,2321.945556640625,1330.385009765625,3013.723876953125
ID_LImmc4.jpeg,anthracnose,0.4722963273525238,339.42864990234375,1608.520263671875,3971.128662109375,3022.426513671875
ID_X0MOwz.jpg,healthy,0.33119523525238037,1813.2408447265625,0.0,2888.924560546875,435.865478515625
ID_X0MOwz.jpg,cssvd,0.31177234649658203,1451.4580078125,402.20147705078125,2089.25732421875,1474.3018798828125
ID_Egf8mv.jpg,anthracnose,0.7771990895271301,0.0,533.8013916015625,1280.0,840.7178955078125
ID_Egf8mv.jpg,anthracnose,0.5770913362503052,275.0028381347656,101.49299621582031,1261.2911376953125,520.3338012695312
ID_Egf8mv.jpg,anthracnose,0.5539025068283081,154.5953369140625,243.5391845703125,1277.78857421875,529.8028564453125
ID_Egf8mv.jpg,anthracnose,0.4106854200363159,37.916259765625,299.1322937011719,1280.0,835.56103515625
ID_Egf8mv.jpg,anthracnose,0.3601629137992859,0.0,696.389892578125,1253.9813232421875,959.806396484375
ID_lpjo7E.jpg,cssvd,0.39542120695114136,108.6611328125,8.34625244140625,1280.0,890.09033203125
ID_m0or8l.jpg,anthracnose,0.781682014465332,231.85507202148438,172.76416015625,2039.802001953125,1167.2174072265625
ID_m0or8l.jpg,anthracnose,0.6257201433181763,1352.984130859375,1175.3502197265625,2034.6705322265625,1536.0
ID_Pj910V.jpeg,cssvd,0.6678643822669983,808.8416137695312,0.0,4021.0302734375,1428.951171875
ID_Pj910V.jpeg,cssvd,0.42701244354248047,532.8802490234375,1217.22900390625,4032.0,2874.991455078125
ID_Pj910V.jpeg,anthracnose,0.31177064776420593,553.4609985351562,1229.7161865234375,4032.0,2863.640625
ID_Pj910V.jpeg,healthy,0.2970874309539795,0.0,475.2056579589844,1439.767822265625,1392.883056640625
ID_sQdLfM.jpeg,healthy,0.8590201139450073,1003.1784057617188,153.3399658203125,3993.691650390625,1800.0
ID_sQdLfM.jpeg,healthy,0.2614017724990845,716.9140014648438,0.0,3860.743896484375,680.8114624023438
ID_uGWUku.jpeg,anthracnose,0.546877920627594,82.34719848632812,40.568939208984375,3938.222412109375,1831.9476318359375
ID_B4zGjd.jpg,healthy,0.5789859890937805,919.2088012695312,649.6759033203125,2025.3382568359375,1522.72607421875
ID_B4zGjd.jpg,cssvd,0.3982389271259308,100.46220397949219,1110.5640869140625,832.2469482421875,1488.6083984375
ID_VtWgbl.jpg,anthracnose,0.8252888321876526,756.5052490234375,130.32333374023438,2039.388671875,1147.980224609375
ID_MdCrOf.jpg,cssvd,0.33420509099960327,0.0,0.0,723.2910766601562,1067.5589599609375
ID_MdCrOf.jpg,cssvd,0.27661439776420593,595.45947265625,0.0,806.8344116210938,735.1292114257812
ID_wXf9J2.jpg,anthracnose,0.9348875880241394,1038.7012939453125,455.13677978515625,4115.36083984375,2972.21435546875
ID_RtPII9.jpeg,healthy,0.799650251865387,594.547119140625,0.0,4032.0,1598.8804931640625
ID_RtPII9.jpeg,healthy,0.7383095622062683,250.6603240966797,1126.8746337890625,4032.0,2565.30859375
ID_RtPII9.jpeg,healthy,0.5837886929512024,0.0,2470.23974609375,1486.8826904296875,3024.0
ID_RtPII9.jpeg,healthy,0.35405319929122925,0.0,1863.2445068359375,991.2153930664062,3019.53857421875
ID_RtPII9.jpeg,healthy,0.3292863667011261,746.8214721679688,0.0,3555.83935546875,761.8346557617188
ID_iKbbSX.jpg,healthy,0.6663328409194946,0.0,268.6538391113281,1080.0,717.0914916992188
ID_iKbbSX.jpg,healthy,0.663796067237854,0.0,605.8961181640625,1080.0,808.626220703125
ID_iKbbSX.jpg,healthy,0.3768339157104492,0.0,689.8255615234375,1080.0,808.0242919921875
ID_iKbbSX.jpg,cssvd,0.3697201609611511,0.0,275.0705261230469,1080.0,722.6895751953125
ID_GVII9k.jpg,healthy,0.8149653077125549,0.0,849.5079345703125,1020.3873901367188,1644.6522216796875
ID_GVII9k.jpg,healthy,0.751543402671814,0.0,0.0,688.507080078125,741.869384765625
ID_GVII9k.jpg,healthy,0.47389668226242065,1051.805419921875,8.049370765686035,1823.6451416015625,2204.138427734375
ID_wUUlmx.jpeg,anthracnose,0.7529155015945435,515.967041015625,706.78125,4008.837890625,3017.261474609375
ID_QNub1d.jpeg,healthy,0.7362625002861023,34.048606872558594,1662.995361328125,3024.0,3764.361328125
ID_QNub1d.jpeg,healthy,0.6395624876022339,10.683159828186035,126.91707611083984,3024.0,2710.991455078125
ID_QNub1d.jpeg,healthy,0.5726864337921143,190.46713256835938,9.799337387084961,3011.879638671875,2186.28564453125
ID_QNub1d.jpeg,healthy,0.5299810171127319,0.0,1371.488525390625,3024.0,3378.421142578125
ID_QNub1d.jpeg,healthy,0.41003313660621643,11.814422607421875,949.1704711914062,3024.0,3548.746826171875
ID_QNub1d.jpeg,healthy,0.29166537523269653,778.2345581054688,0.0,2997.173828125,1880.1373291015625
ID_GBdTHp.jpg,healthy,0.568199872970581,18.5667724609375,105.2159423828125,1280.0,776.0991821289062
ID_GBdTHp.jpg,healthy,0.44730010628700256,82.9501953125,127.57786560058594,1268.876953125,433.87939453125
ID_GBdTHp.jpg,healthy,0.3362199366092682,47.3662109375,284.9332275390625,1260.315185546875,764.8375244140625
ID_qTSD4z.jpeg,healthy,0.7726461887359619,1481.7550048828125,0.0,3382.84716796875,3021.026123046875
ID_qTSD4z.jpeg,healthy,0.6561920642852783,0.0,0.0,483.85009765625,667.4591674804688
ID_qTSD4z.jpeg,healthy,0.44172701239585876,0.0,379.9688415527344,959.3128051757812,1350.357421875
ID_qTSD4z.jpeg,healthy,0.3756500780582428,1467.796875,8.450628280639648,3373.41455078125,1994.2998046875
ID_qTSD4z.jpeg,healthy,0.3387024402618408,0.0,0.0,464.5635681152344,1125.16064453125
ID_jc8o9w.jpg,anthracnose,0.5252315998077393,0.0,0.0,1080.0,679.73388671875
ID_jc8o9w.jpg,cssvd,0.3242003321647644,5.403110504150391,0.0,1080.0,686.9692993164062
ID_tf1cZY.jpg,anthracnose,0.9460315108299255,68.1898422241211,0.0,2048.0,1297.2447509765625
ID_tf1cZY.jpg,anthracnose,0.3547001779079437,574.8716430664062,6.112597465515137,2043.2783203125,1091.525390625
ID_tf1cZY.jpg,anthracnose,0.33151301741600037,72.62284851074219,463.9253845214844,2046.478759765625,1496.781005859375
ID_tf1cZY.jpg,anthracnose,0.31309449672698975,85.76191711425781,995.2269287109375,2048.0,1501.153076171875
ID_n9Z46S.jpg,anthracnose,0.6254866719245911,167.68603515625,0.0,1048.7584228515625,701.1055908203125
ID_wuwroR.jpg,cssvd,0.4956100285053253,0.0,5.15728759765625,1280.0,960.0
ID_wuwroR.jpg,healthy,0.26364654302597046,0.0,1.13751220703125,425.98931884765625,195.51246643066406
ID_bhyI4V.jpg,cssvd,0.5060827732086182,0.0,160.305908203125,552.886474609375,1080.0
ID_Kwu8Oa.jpg,healthy,0.480063796043396,343.15972900390625,253.01649475097656,648.5254516601562,441.7909851074219
ID_Kwu8Oa.jpg,healthy,0.47139236330986023,246.3515167236328,200.4838409423828,647.0905151367188,441.3890380859375
ID_Kwu8Oa.jpg,healthy,0.4358023703098297,56.39838409423828,16.250581741333008,648.4793701171875,453.6922607421875
ID_bgDyl3.JPG,healthy,0.774839460849762,0.0,0.0,3239.562744140625,2129.00537109375
ID_bgDyl3.JPG,healthy,0.44976806640625,0.0,2077.17578125,1142.9117431640625,2448.0
ID_bgDyl3.JPG,healthy,0.3986707031726837,3013.73291015625,416.6471862792969,3264.0,1274.7720947265625
ID_dmcCsB.jpeg,cssvd,0.6447186470031738,958.5424194335938,0.0,3413.3076171875,3016.976318359375
ID_GRoUWA.JPG,healthy,0.7747148275375366,1117.054931640625,839.2636108398438,2680.6943359375,1645.985595703125
ID_GRoUWA.JPG,healthy,0.6818172931671143,621.49609375,1962.9495849609375,1869.8897705078125,2447.19775390625
ID_GRoUWA.JPG,healthy,0.43176916241645813,567.4010009765625,0.0,1458.6485595703125,488.9807434082031
ID_GRoUWA.JPG,anthracnose,0.36693769693374634,0.0,2064.4013671875,617.9747924804688,2447.025146484375
ID_GRoUWA.JPG,healthy,0.3655904233455658,231.14486694335938,0.0,664.1494140625,334.7487487792969
ID_uaodz4.jpg,anthracnose,0.9486902952194214,38.514060974121094,177.2311553955078,2039.100341796875,1460.694580078125
ID_JLBUdh.jpg,healthy,0.4617825150489807,0.0,0.0,1280.0,442.72662353515625
ID_iMeLZx.jpg,anthracnose,0.3627946972846985,18.98997688293457,2819.80029296875,3008.158447265625,4028.10400390625
ID_iMeLZx.jpg,anthracnose,0.35847708582878113,76.22946166992188,3213.07421875,3000.411865234375,4029.109375
ID_iMeLZx.jpg,healthy,0.3566271960735321,0.15955238044261932,2967.488037109375,264.7138671875,3660.682373046875
ID_iMeLZx.jpg,healthy,0.3228897750377655,2.8718466758728027,1458.006591796875,327.78692626953125,2286.562744140625
ID_iMeLZx.jpg,anthracnose,0.260225772857666,5.983346462249756,2192.891357421875,2994.94287109375,4032.0
ID_qqJgGv.jpg,anthracnose,0.8468235731124878,96.870849609375,95.93914794921875,1279.645263671875,822.6646118164062
ID_t6ATVq.jpg,healthy,0.7140354514122009,1.043670654296875,573.6820068359375,226.86480712890625,958.4378662109375
ID_t6ATVq.jpg,healthy,0.6560536026954651,350.0482177734375,129.7418212890625,1151.43310546875,607.337890625
ID_t6ATVq.jpg,healthy,0.5046863555908203,459.5776062011719,557.7637329101562,1193.635009765625,960.0
ID_t6ATVq.jpg,healthy,0.45533809065818787,458.014404296875,439.8299255371094,1075.7965087890625,908.0777587890625
ID_t6ATVq.jpg,healthy,0.3302835524082184,115.89483642578125,532.1153564453125,490.759765625,756.9630126953125
ID_kFarz0.jpg,cssvd,0.5818979144096375,0.0,71.881103515625,1280.0,798.8009033203125
ID_LhPlyT.jpeg,healthy,0.45169365406036377,0.0,6.060250759124756,803.5546875,1240.260986328125
ID_LhPlyT.jpeg,healthy,0.36247408390045166,490.42919921875,15.59157657623291,2017.5570068359375,3351.72900390625
ID_LhPlyT.jpeg,healthy,0.3211595118045807,16.25199317932129,2658.69921875,3019.90966796875,4026.711181640625
ID_LhPlyT.jpeg,anthracnose,0.29351621866226196,2220.367431640625,0.0,3024.0,2539.183349609375
ID_LhPlyT.jpeg,anthracnose,0.27539312839508057,2208.435546875,1265.6424560546875,3024.0,2440.81396484375
ID_EJgRE4.jpg,healthy,0.8566838502883911,72.64611053466797,102.70547485351562,414.0233459472656,345.2740173339844
ID_EJgRE4.jpg,healthy,0.43797746300697327,0.0,14.74586296081543,83.79090881347656,179.306884765625
ID_EJgRE4.jpg,healthy,0.3571857810020447,36.44550323486328,308.9393615722656,132.96250915527344,405.00830078125
ID_EJgRE4.jpg,healthy,0.3094765841960907,77.58235931396484,124.05091857910156,410.2266540527344,267.8489990234375
ID_mj9r13.jpeg,anthracnose,0.6110616326332092,0.0,3.0017669200897217,4032.0,2074.65283203125
ID_mj9r13.jpeg,healthy,0.4656867980957031,3.0029685497283936,1801.9268798828125,667.99365234375,2957.37353515625
ID_OagsgX.jpg,healthy,0.5315507650375366,1411.66943359375,1922.218994140625,2090.757080078125,2698.114013671875
ID_OagsgX.jpg,healthy,0.3802148401737213,0.0,2481.0908203125,1784.697998046875,4032.0
ID_OagsgX.jpg,healthy,0.37581315636634827,0.0,7.93272590637207,1179.5726318359375,792.4017333984375
ID_OagsgX.jpg,anthracnose,0.27519506216049194,0.0,601.8385620117188,1732.4228515625,2580.963623046875
ID_OagsgX.jpg,healthy,0.27481839060783386,105.46827697753906,1100.970458984375,1733.019287109375,2602.876708984375
ID_VATTeh.jpg,cssvd,0.5944758653640747,1729.5560302734375,1194.266357421875,3018.8056640625,4025.762939453125
ID_VATTeh.jpg,cssvd,0.4467129111289978,455.1278381347656,870.8761596679688,2022.524658203125,3262.82421875
ID_VATTeh.jpg,healthy,0.4086177945137024,0.0,2.449209451675415,2980.899169921875,1091.122314453125
ID_VATTeh.jpg,healthy,0.3476593792438507,0.0,41.834014892578125,1465.052978515625,1104.6995849609375
ID_YpuhPQ.jpg,cssvd,0.6221886873245239,458.7687072753906,1535.848876953125,3224.766845703125,2443.9296875
ID_YpuhPQ.jpg,cssvd,0.4447179436683655,27.791170120239258,27.26744270324707,1363.76220703125,1530.8896484375
ID_YpuhPQ.jpg,healthy,0.28763461112976074,943.5083618164062,899.8621826171875,2730.208251953125,1638.4664306640625
ID_YpuhPQ.jpg,cssvd,0.28463083505630493,2322.27490234375,0.0,3260.381591796875,2448.0
ID_YpuhPQ.jpg,cssvd,0.26536279916763306,1260.6319580078125,0.0,3259.69873046875,1026.140380859375
ID_kJARM7.jpg,healthy,0.46474453806877136,22.702302932739258,0.0,778.1736450195312,200.97715759277344
ID_kJARM7.jpg,healthy,0.37344592809677124,156.74005126953125,0.0,668.4013061523438,172.93846130371094
ID_kJARM7.jpg,anthracnose,0.2945460081100464,367.1748046875,156.73593139648438,843.5685424804688,760.4229125976562
ID_Ne1ISX.jpeg,anthracnose,0.6762863397598267,15.49169921875,25.539794921875,573.766357421875,1280.0
ID_Ne1ISX.jpeg,healthy,0.6399527192115784,417.61578369140625,898.0623779296875,576.0,1278.4964599609375
ID_Ne1ISX.jpeg,healthy,0.45860931277275085,1.9916000366210938,978.1661376953125,125.28247833251953,1275.5755615234375
ID_Ne1ISX.jpeg,healthy,0.3666009306907654,0.0577392578125,203.7701416015625,154.0465087890625,434.08477783203125
ID_Ne1ISX.jpeg,healthy,0.2796757221221924,479.28936767578125,873.82080078125,576.0,1275.791015625
ID_y8BV0N.jpg,healthy,0.8367438316345215,73.52025604248047,56.188499450683594,411.5577392578125,332.37127685546875
ID_y8BV0N.jpg,healthy,0.5843987464904785,186.5350799560547,30.240894317626953,337.38531494140625,137.09642028808594
ID_y8BV0N.jpg,healthy,0.5077572464942932,78.35491180419922,72.40628814697266,408.0278015136719,269.9291687011719
ID_y8BV0N.jpg,healthy,0.27597755193710327,92.13064575195312,260.4583435058594,293.2030334472656,415.3157958984375
ID_TaRW6o.jpg,healthy,0.876468300819397,1016.999267578125,633.2284545898438,2938.84375,1628.7928466796875
ID_TaRW6o.jpg,healthy,0.2718830704689026,83.3058090209961,0.0,3250.253173828125,573.8610229492188
ID_V4HYsA.jpg,cssvd,0.5733930468559265,0.0,1.40283203125,1280.0,956.696044921875
ID_V4HYsA.jpg,healthy,0.2784437835216522,0.0,560.8463134765625,1266.741455078125,958.794921875
ID_V4HYsA.jpg,healthy,0.2643224000930786,0.0,395.5426025390625,1271.8995361328125,960.0
ID_kDub9n.jpeg,healthy,0.6661953330039978,2.024505615234375,605.2032470703125,3004.400390625,3068.3564453125
ID_kDub9n.jpeg,healthy,0.660158097743988,326.7269287109375,3105.22705078125,1913.69091796875,4030.172607421875
ID_kDub9n.jpeg,healthy,0.5933268070220947,19.766517639160156,942.1315307617188,3024.0,3835.700927734375
ID_kDub9n.jpeg,healthy,0.3894282877445221,286.1460876464844,3487.157470703125,1929.74951171875,4032.0
ID_kDub9n.jpeg,healthy,0.34527865052223206,0.0,600.2172241210938,2796.572265625,2251.368896484375
ID_kDub9n.jpeg,anthracnose,0.3421741724014282,2337.54150390625,6.968682765960693,3024.0,1708.7222900390625
ID_rSmGHZ.jpg,anthracnose,0.9319538474082947,19.75430679321289,0.0,4128.0,2790.10302734375
ID_rSmGHZ.jpg,anthracnose,0.6198261380195618,0.0,0.0,4128.0,840.7037963867188
ID_rSmGHZ.jpg,anthracnose,0.5172004699707031,104.48299407958984,2445.1865234375,4128.0,3084.86572265625
ID_rSmGHZ.jpg,anthracnose,0.40595903992652893,537.2050170898438,925.4456787109375,4117.5224609375,2723.613525390625
ID_rSmGHZ.jpg,anthracnose,0.2922559380531311,61.95881652832031,2098.9912109375,4128.0,3091.89404296875
ID_rSmGHZ.jpg,anthracnose,0.2514536678791046,774.6818237304688,1808.0455322265625,4117.16357421875,3082.900390625
ID_kLd2ft.jpg,cssvd,0.5464305281639099,2510.884521484375,0.0,3264.0,1616.27490234375
ID_kLd2ft.jpg,healthy,0.40028247237205505,0.0,1879.11865234375,674.0989379882812,2448.0
ID_kLd2ft.jpg,anthracnose,0.3045409917831421,799.9750366210938,0.0,1781.8865966796875,1338.4456787109375
ID_kLd2ft.jpg,anthracnose,0.2956441640853882,1489.2952880859375,16.496557235717773,2583.664794921875,1600.220703125
ID_kLd2ft.jpg,healthy,0.28080683946609497,2455.529541015625,6.119128227233887,3261.451904296875,1605.56396484375
ID_CkzYK9.jpg,anthracnose,0.6036636829376221,636.181396484375,0.0,3253.9150390625,766.53173828125
ID_CkzYK9.jpg,healthy,0.3992989957332611,405.5060119628906,484.23150634765625,3257.218994140625,1963.6728515625
ID_CkzYK9.jpg,anthracnose,0.3325362801551819,493.587158203125,373.0047302246094,3264.0,1961.07421875
ID_CkzYK9.jpg,anthracnose,0.2837704122066498,0.7609222531318665,0.0,843.3984985351562,2409.672119140625
ID_lJqimA.jpg,cssvd,0.8196539282798767,5.042724609375,1.67559814453125,1280.0,869.70947265625
ID_ja4auO.jpeg,anthracnose,0.6071344614028931,0.0,265.98236083984375,3711.68505859375,2393.60009765625
ID_ja4auO.jpeg,healthy,0.5555402040481567,0.0,310.8644714355469,3766.81396484375,2388.82080078125
ID_bq9ADT.jpg,anthracnose,0.46241506934165955,723.43408203125,3.85345458984375,960.0,582.9386596679688
ID_bq9ADT.jpg,healthy,0.28110164403915405,0.0,0.0,823.534423828125,107.8088150024414
ID_YGtgH6.jpeg,anthracnose,0.8160677552223206,14.035418510437012,554.8709716796875,4032.0,2024.7186279296875
ID_YGtgH6.jpeg,anthracnose,0.42619431018829346,18.120189666748047,0.0,3994.97802734375,581.6614990234375
ID_e6N3Z1.jpg,cssvd,0.4548580050468445,229.27200317382812,26.7923583984375,820.84423828125,1280.0
ID_e6N3Z1.jpg,healthy,0.2964039444923401,0.116943359375,641.27783203125,138.13577270507812,866.79296875
ID_DjtECY.jpeg,anthracnose,0.8404864072799683,89.63356018066406,265.2770690917969,3800.5771484375,1713.60400390625
ID_DjtECY.jpeg,anthracnose,0.39475733041763306,138.55857849121094,1099.1943359375,3792.099853515625,1790.2291259765625
ID_IBDzHA.jpg,healthy,0.7670031785964966,1296.2506103515625,1036.3590087890625,2648.13916015625,1690.7349853515625
ID_IBDzHA.jpg,anthracnose,0.5449513792991638,60.41059494018555,1441.5029296875,3264.0,2440.47314453125
ID_Yspbo5.jpg,anthracnose,0.9039705395698547,527.0796508789062,1014.6522216796875,4111.9921875,3028.480224609375
ID_Yspbo5.jpg,anthracnose,0.5499017238616943,785.8233032226562,2316.953857421875,4098.05615234375,3088.50390625
ID_Yspbo5.jpg,anthracnose,0.41189777851104736,695.003662109375,947.4068603515625,4128.0,2479.177001953125
ID_Yspbo5.jpg,anthracnose,0.37207740545272827,607.5156860351562,2566.8525390625,4128.0,3089.0537109375
ID_Yspbo5.jpg,anthracnose,0.3442174196243286,0.0,22.610824584960938,1075.8348388671875,2114.740966796875
ID_Yspbo5.jpg,anthracnose,0.3432855010032654,1576.878173828125,0.0,4109.22607421875,1552.9656982421875
ID_Yspbo5.jpg,anthracnose,0.25928202271461487,912.7926025390625,45.629302978515625,4123.2724609375,2168.876953125
ID_Yspbo5.jpg,anthracnose,0.2500983476638794,1127.3626708984375,2713.73779296875,4090.469970703125,3091.518798828125
ID_hdsYyk.jpg,anthracnose,0.4837196469306946,0.0,0.0,1280.0,616.2540283203125
ID_hdsYyk.jpg,cssvd,0.34696513414382935,14.7470703125,0.0,1280.0,619.736328125
ID_wLF5dT.jpg,healthy,0.4900340139865875,542.021728515625,304.065185546875,1224.688232421875,957.4268798828125
ID_wLF5dT.jpg,healthy,0.4547359049320221,15.01611328125,0.0,1210.126708984375,447.78985595703125
ID_wLF5dT.jpg,healthy,0.2582889795303345,0.0,0.0,1241.47412109375,732.2587890625
ID_GZ9jri.jpg,cssvd,0.6703301668167114,0.0,0.0,1280.0,772.1320190429688
ID_fydp9k.jpg,cssvd,0.39138439297676086,66.73541259765625,199.017578125,955.46630859375,1273.13134765625
ID_pecs2M.jpeg,healthy,0.6781112551689148,2551.550537109375,1692.1468505859375,4031.724609375,3023.7724609375
ID_pecs2M.jpeg,healthy,0.665087103843689,72.59649658203125,5.1448974609375,4032.0,2726.93310546875
ID_pecs2M.jpeg,healthy,0.5266806483268738,2903.47021484375,310.0068359375,4032.0,1697.0706787109375
ID_pecs2M.jpeg,healthy,0.5196707844734192,275.7295837402344,0.0,3847.7236328125,2087.39404296875
ID_pecs2M.jpeg,healthy,0.29306843876838684,781.7521362304688,0.0,3923.151123046875,1513.0467529296875
ID_pecs2M.jpeg,healthy,0.27581438422203064,268.17218017578125,2474.464111328125,3529.890869140625,3023.769287109375
ID_I72DYt.jpeg,anthracnose,0.41235974431037903,0.0,336.1206970214844,3024.0,1941.8116455078125
ID_I72DYt.jpeg,anthracnose,0.2862374782562256,0.0,390.37091064453125,3024.0,2529.765625
ID_rry4FO.JPG,healthy,0.9815214276313782,2179.67919921875,735.8963012695312,2965.2626953125,1258.2293701171875
ID_rry4FO.JPG,healthy,0.9473515152931213,1686.6600341796875,513.2721557617188,2458.17578125,1064.1983642578125
ID_rry4FO.JPG,healthy,0.9283178448677063,0.5099533200263977,282.0726013183594,649.4443969726562,886.9951782226562
ID_rry4FO.JPG,healthy,0.8532965183258057,2802.50341796875,1521.0562744140625,3264.0,2275.6171875
ID_rry4FO.JPG,healthy,0.8501871824264526,2698.90380859375,1734.3958740234375,3256.85888671875,2279.606689453125
ID_rry4FO.JPG,healthy,0.8236294388771057,1744.43310546875,692.7176513671875,2504.228515625,1114.7445068359375
ID_rry4FO.JPG,healthy,0.8233819007873535,604.6693725585938,409.2192687988281,1056.0294189453125,814.7195434570312
ID_rry4FO.JPG,healthy,0.7929301857948303,884.1296997070312,764.9554443359375,1704.042724609375,1354.770263671875
ID_rry4FO.JPG,healthy,0.7881677150726318,465.5398254394531,1395.31201171875,1441.9969482421875,2131.066650390625
ID_rry4FO.JPG,healthy,0.7765029668807983,843.6580810546875,573.31640625,1494.8712158203125,966.8477783203125
ID_rry4FO.JPG,healthy,0.7628085017204285,2843.6533203125,970.9459228515625,3264.0,1782.43017578125
ID_rry4FO.JPG,healthy,0.6621795296669006,868.1580810546875,750.13232421875,1598.8741455078125,1043.982177734375
ID_rry4FO.JPG,healthy,0.6561315655708313,1747.6607666015625,999.8374633789062,2347.027099609375,1423.305908203125
ID_rry4FO.JPG,healthy,0.6431682705879211,3047.296630859375,1307.071533203125,3264.0,2267.275146484375
ID_rry4FO.JPG,healthy,0.621475338935852,498.9603271484375,1703.2110595703125,1398.82373046875,2214.55126953125
ID_rry4FO.JPG,healthy,0.6023940443992615,2021.4959716796875,1112.930419921875,2628.827392578125,1691.6854248046875
ID_rry4FO.JPG,healthy,0.49743372201919556,598.4459838867188,446.1348571777344,1348.6025390625,886.4312744140625
ID_rry4FO.JPG,healthy,0.49318063259124756,999.28466796875,2031.91259765625,1513.94384765625,2446.213623046875
ID_rry4FO.JPG,healthy,0.4927423894405365,0.0,1549.9156494140625,382.2242736816406,2050.148193359375
ID_rry4FO.JPG,healthy,0.4744085669517517,1757.2137451171875,968.4290771484375,2398.6689453125,1217.57958984375
ID_rry4FO.JPG,healthy,0.46452727913856506,0.0,1553.5943603515625,705.7053833007812,2035.98974609375
ID_rry4FO.JPG,healthy,0.43359482288360596,1869.2066650390625,1040.5230712890625,2633.49560546875,1566.7286376953125
ID_rry4FO.JPG,healthy,0.4324392080307007,186.7859344482422,803.887939453125,875.7503662109375,1265.4261474609375
ID_rry4FO.JPG,healthy,0.42274701595306396,5.4473876953125,799.5843505859375,815.0856323242188,1277.405517578125
ID_rry4FO.JPG,healthy,0.4195106625556946,1907.492431640625,1080.16015625,2641.50927734375,1442.831298828125
ID_rry4FO.JPG,healthy,0.3930908143520355,1.6668227910995483,9.219820022583008,441.7372131347656,449.89166259765625
ID_rry4FO.JPG,healthy,0.3751797378063202,0.0,251.41221618652344,426.890625,787.2551879882812
ID_rry4FO.JPG,healthy,0.3726954460144043,1596.4334716796875,670.8400268554688,2978.302490234375,1050.536376953125
ID_rry4FO.JPG,healthy,0.3700545132160187,595.9915161132812,462.0491638183594,1174.7171630859375,933.6973266601562
ID_rry4FO.JPG,healthy,0.34492626786231995,1994.677734375,1084.7384033203125,2911.5302734375,1325.5960693359375
ID_rry4FO.JPG,healthy,0.3411671221256256,1731.6566162109375,975.038818359375,2487.98974609375,1157.045654296875
ID_rry4FO.JPG,healthy,0.31757086515426636,2282.473388671875,991.811279296875,3261.208984375,1304.043701171875
ID_rry4FO.JPG,healthy,0.310585081577301,1798.965576171875,979.9126586914062,2910.6298828125,1199.660888671875
ID_rry4FO.JPG,healthy,0.30286920070648193,762.408447265625,772.9407958984375,1543.0867919921875,1006.2614135742188
ID_rry4FO.JPG,healthy,0.28187382221221924,0.0,14.954869270324707,713.0764770507812,373.2586669921875
ID_rry4FO.JPG,healthy,0.2809877097606659,501.6638488769531,1807.8902587890625,1111.6346435546875,2237.388427734375
ID_rry4FO.JPG,healthy,0.2783673405647278,429.3062438964844,1723.0457763671875,1084.3726806640625,2220.640625
ID_rry4FO.JPG,healthy,0.27273085713386536,1977.132080078125,852.0238647460938,2993.511962890625,1296.471923828125
ID_rry4FO.JPG,healthy,0.2712925970554352,195.9422149658203,791.2219848632812,887.509765625,1138.384765625
ID_Ubcnkw.jpg,healthy,0.5512601137161255,39.039093017578125,0.0,1561.8394775390625,730.344970703125
ID_Ubcnkw.jpg,anthracnose,0.3785252273082733,183.56607055664062,1772.7900390625,3260.203369140625,2440.289306640625
ID_Ubcnkw.jpg,anthracnose,0.3712262213230133,260.622314453125,1455.6456298828125,3263.807861328125,2437.775390625
ID_Ubcnkw.jpg,healthy,0.36945873498916626,155.90469360351562,192.48468017578125,2379.015869140625,1616.955810546875
ID_Ubcnkw.jpg,healthy,0.3194524645805359,1163.6395263671875,0.0,3246.13818359375,343.60797119140625
ID_Ubcnkw.jpg,anthracnose,0.30508553981781006,241.75381469726562,1038.93994140625,3237.944091796875,2435.14208984375
ID_Ubcnkw.jpg,cssvd,0.30017051100730896,2437.7158203125,481.20556640625,3264.0,2438.53515625
ID_CGnAYP.jpg,cssvd,0.5380346775054932,3.265625,620.11083984375,1280.0,957.739990234375
ID_CGnAYP.jpg,cssvd,0.4848758280277252,68.5264892578125,11.36199951171875,1279.3231201171875,703.6476440429688
ID_ZOEuyF.jpg,anthracnose,0.7662773132324219,23.794139862060547,0.0,2046.9339599609375,1131.57861328125
ID_ZOEuyF.jpg,anthracnose,0.3425878584384918,19.555078506469727,291.35369873046875,2048.0,1484.7708740234375
ID_X14BRF.jpg,healthy,0.5955259203910828,297.1998291015625,568.7843017578125,1279.6260986328125,958.6070556640625
ID_X14BRF.jpg,anthracnose,0.5363380312919617,2.05859375,0.0,647.5079956054688,483.3470764160156
ID_X14BRF.jpg,anthracnose,0.4328440725803375,269.1575927734375,39.38250732421875,1270.369384765625,782.9247436523438
ID_J93yB8.jpeg,healthy,0.8587183356285095,0.0,3296.278076171875,1574.367919921875,4032.0
ID_J93yB8.jpeg,healthy,0.7821440696716309,1430.484130859375,2513.164794921875,3024.0,4032.0
ID_J93yB8.jpeg,healthy,0.7490273118019104,1589.676513671875,3.0625693798065186,2239.586669921875,634.62939453125
ID_J93yB8.jpeg,healthy,0.6035960912704468,0.0,382.578857421875,2149.65576171875,3952.940673828125
ID_J93yB8.jpeg,healthy,0.47040170431137085,4.192437648773193,36.57587432861328,2112.833984375,2946.90576171875
ID_J93yB8.jpeg,healthy,0.29693832993507385,1950.69775390625,2006.6983642578125,2436.766845703125,2635.699462890625
ID_J93yB8.jpeg,healthy,0.2812480926513672,0.0,26.75288963317871,2099.30224609375,2028.9881591796875
ID_iafMXS.jpg,healthy,0.6434704661369324,780.5281372070312,436.515380859375,3131.230712890625,1603.067138671875
ID_iafMXS.jpg,healthy,0.5190647840499878,1296.8048095703125,0.0,3239.702392578125,476.2091979980469
ID_iafMXS.jpg,healthy,0.4156894385814667,1026.994384765625,0.0,3264.0,341.2298889160156
ID_ElOfB1.jpeg,healthy,0.8360254764556885,469.3503723144531,567.8782348632812,4032.0,3024.0
ID_ElOfB1.jpeg,healthy,0.5294967889785767,391.72393798828125,109.17526245117188,4004.471923828125,1926.3948974609375
ID_ElOfB1.jpeg,healthy,0.3246038258075714,0.0,367.2707824707031,213.99766540527344,1241.2742919921875
ID_ElOfB1.jpeg,healthy,0.2769531309604645,350.3601989746094,172.9426727294922,3990.87646484375,1375.213134765625
ID_ElOfB1.jpeg,healthy,0.2683295011520386,782.3551025390625,1527.48486328125,4009.804443359375,3020.20263671875
ID_ElOfB1.jpeg,healthy,0.26425936818122864,334.9185791015625,0.0,4013.464111328125,672.0347290039062
ID_wE7217.jpeg,anthracnose,0.5265673398971558,66.33071899414062,21.05875015258789,3488.920654296875,839.0818481445312
ID_wE7217.jpeg,anthracnose,0.40712621808052063,6.2068939208984375,18.323898315429688,3747.942138671875,1096.275146484375
ID_AwZkd2.jpg,anthracnose,0.8641589879989624,671.6469116210938,253.5646209716797,2038.378173828125,969.8517456054688
ID_AwZkd2.jpg,anthracnose,0.3196544051170349,688.1701049804688,169.99667358398438,2024.763671875,1266.92578125
ID_fYv2qm.jpg,healthy,0.6568350791931152,138.6870574951172,652.9142456054688,3264.0,1963.029296875
ID_fYv2qm.jpg,anthracnose,0.4687837064266205,0.0,575.4273071289062,3264.0,1956.6046142578125
ID_d863CL.jpg,healthy,0.6453895568847656,68.20980834960938,29.38134765625,276.9715270996094,352.60302734375
ID_d863CL.jpg,healthy,0.5971850156784058,0.0,341.45404052734375,279.5732421875,581.3967895507812
ID_d863CL.jpg,healthy,0.504562258720398,339.188232421875,0.0,1023.466796875,957.9847412109375
ID_d863CL.jpg,healthy,0.3746165931224823,342.4983825683594,298.4848937988281,1001.8509521484375,955.61083984375
ID_d863CL.jpg,healthy,0.34431010484695435,0.0,0.0,72.164794921875,318.49761962890625
ID_d863CL.jpg,anthracnose,0.3073101341724396,775.768798828125,767.398193359375,1278.464599609375,959.780029296875
ID_MryrEs.jpg,anthracnose,0.9539118409156799,36.202880859375,11.45452880859375,1250.413818359375,779.219970703125
ID_MryrEs.jpg,anthracnose,0.7209882140159607,143.527587890625,730.530029296875,1228.20166015625,957.57275390625
ID_MryrEs.jpg,anthracnose,0.5776339769363403,105.068603515625,518.1434326171875,1251.150634765625,959.3424072265625
ID_MryrEs.jpg,anthracnose,0.3630032539367676,71.3017578125,646.3344116210938,1171.79736328125,958.2625122070312
ID_MryrEs.jpg,anthracnose,0.3266674280166626,0.0,0.0,1236.99951171875,285.1408386230469
ID_MryrEs.jpg,anthracnose,0.2917340099811554,203.31808471679688,788.6314697265625,1217.055908203125,957.9354248046875
ID_MryrEs.jpg,anthracnose,0.28454917669296265,225.241455078125,57.429931640625,1233.6680908203125,685.95947265625
ID_MryrEs.jpg,anthracnose,0.25155264139175415,30.8294677734375,272.91009521484375,1229.72412109375,793.6594848632812
ID_XwgRC8.jpg,cssvd,0.5100981593132019,0.0,10.518447875976562,1080.0,809.1455078125
ID_utRK8X.jpeg,healthy,0.8063493371009827,253.12899780273438,228.125244140625,1416.052978515625,1158.1944580078125
ID_utRK8X.jpeg,healthy,0.7050384283065796,0.0,1118.0618896484375,3024.0,1650.1439208984375
ID_utRK8X.jpeg,healthy,0.6905953884124756,5.344271659851074,1675.0762939453125,1917.999267578125,3701.369140625
ID_utRK8X.jpeg,healthy,0.5659096837043762,0.0,74.23014068603516,466.2594299316406,785.2422485351562
ID_utRK8X.jpeg,healthy,0.45359352231025696,0.0,3255.61328125,456.8585205078125,4027.0048828125
ID_utRK8X.jpeg,healthy,0.4373592436313629,1205.11279296875,2058.27392578125,2993.2294921875,2883.5107421875
ID_utRK8X.jpeg,healthy,0.4157275855541229,0.0,1680.319580078125,3024.0,2265.898193359375
ID_utRK8X.jpeg,healthy,0.3416455090045929,10.002941131591797,1452.439453125,3023.14208984375,2363.771484375
ID_utRK8X.jpeg,healthy,0.302571177482605,0.0,400.85382080078125,381.033203125,1655.3587646484375
ID_utRK8X.jpeg,healthy,0.2532239258289337,1852.02978515625,2046.4967041015625,3024.0,3986.0751953125
ID_B6Bi68.jpg,healthy,0.7380828261375427,13.91549015045166,4.532965183258057,405.640380859375,164.90621948242188
ID_B6Bi68.jpg,healthy,0.717103898525238,19.706735610961914,143.99085998535156,408.0817565917969,366.6376037597656
ID_B6Bi68.jpg,healthy,0.500508189201355,0.0,363.54559326171875,160.30007934570312,416.0
ID_B6Bi68.jpg,healthy,0.47546887397766113,46.97999572753906,171.52272033691406,388.9267578125,324.8268737792969
ID_B6Bi68.jpg,healthy,0.4580109417438507,0.0739898681640625,100.94847869873047,140.06089782714844,413.35528564453125
ID_B6Bi68.jpg,healthy,0.44480907917022705,0.0,80.47862243652344,46.83266830444336,177.59527587890625
ID_B6Bi68.jpg,healthy,0.40642300248146057,273.44610595703125,163.46022033691406,377.6662902832031,238.41297912597656
ID_B6Bi68.jpg,healthy,0.36802011728286743,0.0,268.41864013671875,161.39926147460938,415.7408447265625
ID_B6Bi68.jpg,healthy,0.34626123309135437,12.714375495910645,77.57597351074219,144.60093688964844,215.4854278564453
ID_B6Bi68.jpg,healthy,0.32059192657470703,37.235748291015625,180.6941680908203,406.8965148925781,280.64434814453125
ID_B6Bi68.jpg,healthy,0.28322190046310425,0.0,57.52587127685547,97.93195343017578,416.0
ID_B6Bi68.jpg,healthy,0.2767411172389984,5.351907253265381,344.2164001464844,319.95159912109375,415.7491760253906
ID_B6Bi68.jpg,healthy,0.2745181918144226,0.03692054748535156,40.85763931274414,69.83504486083984,416.0
ID_B6Bi68.jpg,healthy,0.2701631188392639,21.983877182006836,0.3340950012207031,293.4632263183594,159.8234405517578
ID_B6Bi68.jpg,healthy,0.2686885893344879,2.0121872425079346,294.34197998046875,303.52606201171875,415.9743347167969
ID_WogKCn.jpg,anthracnose,0.6548012495040894,328.4654235839844,43.96367263793945,1317.3349609375,775.27001953125
ID_WogKCn.jpg,anthracnose,0.40797773003578186,219.00448608398438,721.2156982421875,2031.128173828125,1132.4464111328125
ID_WogKCn.jpg,anthracnose,0.26235082745552063,254.18222045898438,547.259765625,1999.1595458984375,1139.743896484375
ID_WogKCn.jpg,anthracnose,0.25906649231910706,313.6527404785156,47.21709060668945,2021.3551025390625,789.1376953125
ID_AhZ64h.jpeg,healthy,0.6659802198410034,799.5348510742188,694.0116577148438,2724.31396484375,3134.98095703125
ID_cCtxAa.jpeg,healthy,0.7689679265022278,1671.750244140625,2596.3408203125,2954.905029296875,3022.21728515625
ID_cCtxAa.jpeg,anthracnose,0.759418785572052,0.0,502.9124450683594,3024.0,2411.9619140625
ID_cCtxAa.jpeg,healthy,0.5859562158584595,0.0,1981.9317626953125,1063.5911865234375,2947.032470703125
ID_cCtxAa.jpeg,anthracnose,0.26713812351226807,150.98025512695312,630.461181640625,3004.96044921875,1953.91748046875
ID_dcwTQ3.jpeg,healthy,0.7867918014526367,0.0,3217.591552734375,3024.0,4031.2392578125
ID_dcwTQ3.jpeg,healthy,0.7074822187423706,7.696197032928467,2857.045166015625,3024.0,4032.0
ID_dcwTQ3.jpeg,healthy,0.5684021711349487,20.405689239501953,669.770263671875,3024.0,3117.28369140625
ID_dcwTQ3.jpeg,healthy,0.49356842041015625,0.0,2141.944091796875,3024.0,4032.0
ID_dcwTQ3.jpeg,healthy,0.4211139380931854,0.0,3267.59814453125,1615.8660888671875,4026.910400390625
ID_dcwTQ3.jpeg,healthy,0.3860902786254883,13.240227699279785,868.9212646484375,3024.0,3927.56640625
ID_dlFmzD.jpeg,healthy,0.6123720407485962,10.616683959960938,82.67078399658203,4000.0,1800.0
ID_w0zuYF.jpg,anthracnose,0.7043384909629822,595.3916015625,336.2977294921875,3065.743896484375,1567.855224609375
ID_w0zuYF.jpg,healthy,0.3609338402748108,0.0,624.9574584960938,271.8014831542969,1491.333740234375
ID_cRMiKg.jpg,cssvd,0.5641588568687439,1764.5614013671875,0.0,3261.210205078125,1137.4197998046875
ID_cRMiKg.jpg,cssvd,0.5470421314239502,0.0,967.3994140625,892.267333984375,2448.0
ID_cRMiKg.jpg,anthracnose,0.3392737805843353,1595.4984130859375,0.0,3249.83544921875,1147.20361328125
ID_cRMiKg.jpg,cssvd,0.3025597035884857,2535.0341796875,1447.911865234375,3264.0,2440.306396484375
ID_cRMiKg.jpg,healthy,0.2645355761051178,518.987548828125,387.1204528808594,2628.817138671875,1963.9703369140625
ID_cRMiKg.jpg,healthy,0.25112736225128174,0.0,962.9507446289062,876.1690063476562,2442.61083984375
ID_QOVg3l.jpg,healthy,0.6547234058380127,170.43359375,173.41842651367188,1276.6259765625,944.68017578125
ID_QOVg3l.jpg,healthy,0.46341651678085327,214.8519287109375,652.127685546875,1277.79443359375,958.009033203125
ID_mpAMzq.jpg,2,1.0,,,,
ID_r9AaMI.jpg,cssvd,0.5721640586853027,1909.374755859375,21.2603759765625,3264.0,2418.58056640625
ID_r9AaMI.jpg,cssvd,0.4213902950286865,361.6125183105469,29.145702362060547,2377.45556640625,2425.548583984375
ID_OKnByL.jpg,anthracnose,0.8810977339744568,0.0,57.41617965698242,4128.0,2793.3291015625
ID_OKnByL.jpg,anthracnose,0.7773318886756897,49.7749137878418,838.9722290039062,4128.0,2944.8125
ID_OKnByL.jpg,anthracnose,0.6517422199249268,1511.617919921875,0.0,4096.38232421875,1370.01953125
ID_OKnByL.jpg,anthracnose,0.5993337035179138,0.0,2162.896240234375,4128.0,3085.613037109375
ID_OKnByL.jpg,anthracnose,0.5753018260002136,180.2945098876953,1757.002197265625,4109.01318359375,3087.031982421875
ID_OKnByL.jpg,anthracnose,0.346239298582077,46.08340835571289,2428.107666015625,4128.0,3093.9619140625
ID_OKnByL.jpg,anthracnose,0.2900238037109375,3.998378038406372,1.6389747858047485,2838.467529296875,918.790283203125
ID_kEt8fQ.jpeg,anthracnose,0.66615891456604,485.2710876464844,0.0,4032.0,3009.64111328125
ID_kEt8fQ.jpeg,anthracnose,0.3640125095844269,0.0,233.7896270751953,1018.45654296875,2163.61376953125
ID_kEt8fQ.jpeg,healthy,0.2649748921394348,462.7177429199219,0.0,3981.816650390625,3024.0
ID_nnRffu.jpg,anthracnose,0.923591673374176,0.0,0.0,2046.2545166015625,1210.5478515625
ID_nnRffu.jpg,anthracnose,0.6273200511932373,0.0,0.0,2025.122802734375,433.3401794433594
ID_nnRffu.jpg,anthracnose,0.318621963262558,442.74609375,193.39364624023438,2047.225830078125,1208.5916748046875
ID_nnRffu.jpg,anthracnose,0.30618366599082947,0.0,1065.7777099609375,1945.4163818359375,1447.9097900390625
ID_ydmVnV.jpg,cssvd,0.5405680537223816,174.29248046875,173.8916015625,1277.300537109375,924.576171875
ID_ydmVnV.jpg,healthy,0.4240931272506714,0.0,0.05584716796875,794.4341430664062,193.66000366210938
ID_ydmVnV.jpg,healthy,0.29026201367378235,5.3729248046875,0.0,1099.9554443359375,185.47581481933594
ID_rVN3na.jpeg,cssvd,0.6327842473983765,0.0,1162.3111572265625,4000.0,1796.3873291015625
ID_rVN3na.jpeg,cssvd,0.41126900911331177,124.57962036132812,768.7809448242188,4000.0,1800.0
ID_rVN3na.jpeg,cssvd,0.31504490971565247,175.19760131835938,0.0,3982.04052734375,537.4797973632812
ID_rVN3na.jpeg,cssvd,0.2985973060131073,0.0,415.2015686035156,4000.0,1133.71337890625
ID_YYGIZ7.jpeg,healthy,0.9008771777153015,0.0,140.67910766601562,4032.0,2832.837646484375
ID_YYGIZ7.jpeg,healthy,0.6002489328384399,1035.448974609375,0.0,3922.122802734375,529.6625366210938
ID_YYGIZ7.jpeg,healthy,0.3155222237110138,0.0,102.26329040527344,4032.0,2042.3917236328125
ID_Dt9R4S.jpg,healthy,0.6084675788879395,1231.442138671875,522.7884521484375,3219.64453125,1831.314453125
ID_Dt9R4S.jpg,anthracnose,0.30661919713020325,0.0,1.1741454601287842,2038.1494140625,1088.9344482421875
ID_ibfU3Z.jpeg,anthracnose,0.5950580835342407,0.0,76.4659423828125,4032.0,3024.0
ID_ibfU3Z.jpeg,healthy,0.46063679456710815,203.8725128173828,0.0,4032.0,572.0581665039062
ID_ibfU3Z.jpeg,healthy,0.4154506325721741,119.03438568115234,164.62181091308594,4032.0,3024.0
ID_ibfU3Z.jpeg,healthy,0.3374696969985962,0.0,2525.45654296875,3808.261474609375,3023.9091796875
ID_ibfU3Z.jpeg,healthy,0.28339436650276184,0.0,2550.59130859375,2414.596435546875,3020.478759765625
ID_Qxdm0a.jpeg,anthracnose,0.6206179261207581,26.129003524780273,491.4234313964844,3970.88330078125,1970.989990234375
ID_Qxdm0a.jpeg,anthracnose,0.3776944577693939,836.405029296875,1891.1024169921875,3973.548095703125,3024.0
ID_Qxdm0a.jpeg,anthracnose,0.3175492286682129,899.4583740234375,2252.407470703125,4015.353271484375,3020.04345703125
ID_rgDeQr.jpg,healthy,0.711988091468811,38.87162399291992,1319.283203125,3257.292724609375,2419.25830078125
ID_rgDeQr.jpg,healthy,0.6197914481163025,126.72460174560547,188.26373291015625,3264.0,1533.093017578125
ID_rgDeQr.jpg,cssvd,0.5019722580909729,218.7029571533203,256.2830810546875,3264.0,1555.2215576171875
ID_rgDeQr.jpg,healthy,0.4351734519004822,0.0,1896.039794921875,1746.1884765625,2446.9873046875
ID_rgDeQr.jpg,healthy,0.2677772045135498,0.0,0.0,453.10699462890625,766.2503662109375
ID_V8P0t0.jpg,cssvd,0.6535371541976929,0.0,4.9580078125,1280.0,910.61376953125
ID_V8P0t0.jpg,healthy,0.2784056067466736,0.0,146.92453002929688,1280.0,894.046630859375
ID_Q23VUi.jpg,cssvd,0.555392861366272,140.38427734375,21.81756591796875,1272.7928466796875,854.8908081054688
ID_Q23VUi.jpg,healthy,0.27000972628593445,1.6168289184570312,606.3079223632812,127.58939361572266,893.8888549804688
ID_TMMqb6.jpeg,anthracnose,0.6729421019554138,122.14546203613281,396.31854248046875,3013.64111328125,2362.4111328125
ID_TMMqb6.jpeg,anthracnose,0.6398407220840454,520.6016235351562,16.23223876953125,3006.801025390625,2003.5408935546875
ID_TMMqb6.jpeg,anthracnose,0.6136360764503479,30.77536964416504,1313.540771484375,3024.0,3012.7470703125
ID_TMMqb6.jpeg,anthracnose,0.5632202625274658,337.86749267578125,1714.383056640625,3020.02880859375,3021.420166015625
ID_TMMqb6.jpeg,anthracnose,0.47103458642959595,549.3031616210938,2218.767578125,3019.044921875,3018.0654296875
ID_MBxsVT.jpeg,healthy,0.7772129774093628,146.21121215820312,3.4130125045776367,4032.0,2252.547119140625
ID_MBxsVT.jpeg,healthy,0.7249539494514465,557.7698974609375,1991.3482666015625,1914.243408203125,3019.4501953125
ID_MBxsVT.jpeg,healthy,0.7186172604560852,2574.964111328125,2142.091064453125,3133.923828125,2994.612060546875
ID_MBxsVT.jpeg,anthracnose,0.44082894921302795,217.33538818359375,0.0,4009.960693359375,2261.0224609375
ID_lDkNRk.jpeg,anthracnose,0.7805762887001038,360.1778564453125,270.05517578125,3240.92919921875,1637.700439453125
ID_lDkNRk.jpeg,healthy,0.394707053899765,881.800048828125,1.2727432250976562,3113.0927734375,534.8890380859375
ID_lDkNRk.jpeg,healthy,0.3299538791179657,2.7695491313934326,1467.0181884765625,282.884765625,2288.499755859375
ID_G0OzBp.jpg,anthracnose,0.86183762550354,639.3751220703125,892.7843017578125,4002.90478515625,2271.540283203125
ID_G0OzBp.jpg,anthracnose,0.4471803605556488,673.845458984375,758.7875366210938,4128.0,2661.888427734375
ID_G0OzBp.jpg,anthracnose,0.4034319519996643,362.44049072265625,0.07278098911046982,4041.0595703125,692.9142456054688
ID_G0OzBp.jpg,anthracnose,0.3616041839122772,618.9834594726562,109.39371490478516,4015.9443359375,2276.681396484375
ID_waTCD6.jpg,anthracnose,0.9298729300498962,28.1171817779541,0.0,4128.0,2634.475341796875
ID_waTCD6.jpg,healthy,0.31476274132728577,0.0,3.279228925704956,1473.955078125,608.293212890625
ID_waTCD6.jpg,anthracnose,0.2833304703235626,2858.395263671875,10.220636367797852,4125.03662109375,3076.045166015625
ID_vC31ze.JPG,anthracnose,0.8930178880691528,0.0,66.74730682373047,3264.0,2446.411865234375
ID_rMv7Zl.jpg,cssvd,0.7515802383422852,0.0,0.0,1080.0,664.2981567382812
ID_qSCHkr.JPG,healthy,0.9037514328956604,350.6546936035156,1004.0276489257812,2439.22216796875,1868.9893798828125
ID_qSCHkr.JPG,healthy,0.8212321996688843,442.7793884277344,382.79833984375,1682.699462890625,1111.259521484375
ID_qSCHkr.JPG,healthy,0.5033903121948242,0.0,1833.4788818359375,2448.0,2448.0
ID_e73UkP.jpg,cssvd,0.44432786107063293,13.796142578125,0.0,1280.0,842.2658081054688
ID_e73UkP.jpg,cssvd,0.2913786470890045,74.6356201171875,0.0,1271.870849609375,594.8945922851562
ID_e73UkP.jpg,healthy,0.2730194628238678,2.5694580078125,0.0,1280.0,827.5908813476562
ID_FsrFzQ.jpg,anthracnose,0.9293285012245178,139.97988891601562,0.0,2040.692138671875,1161.050537109375
ID_FsrFzQ.jpg,anthracnose,0.3421415686607361,411.15234375,3.407031297683716,2018.44140625,894.0308837890625
ID_oMkPup.jpg,cssvd,0.7948996424674988,0.0,195.8235321044922,805.674560546875,1065.023193359375
ID_OSO5iu.jpeg,anthracnose,0.8345916271209717,273.0628967285156,0.0,3985.408935546875,1771.32958984375
ID_nuUNo0.jpg,anthracnose,0.7747604250907898,261.230712890625,262.1112060546875,1265.05615234375,733.99267578125
ID_OZL65Y.jpeg,healthy,0.8614572286605835,0.0,303.614501953125,3973.209716796875,2558.018798828125
ID_OZL65Y.jpeg,healthy,0.7946573495864868,1175.0933837890625,2457.05078125,3975.257568359375,3012.887939453125
ID_OZL65Y.jpeg,healthy,0.7505050301551819,2100.121337890625,0.12669982016086578,4020.494873046875,1383.6512451171875
ID_OZL65Y.jpeg,healthy,0.5283821821212769,0.0,408.31219482421875,3957.953369140625,1869.473388671875
ID_WU55ux.jpg,2,1.0,,,,
ID_F2jvAj.jpeg,healthy,0.9343931674957275,0.0,363.4698791503906,4032.0,2370.100830078125
ID_F2jvAj.jpeg,healthy,0.5975937247276306,0.0,0.0,4032.0,621.1709594726562
ID_F2jvAj.jpeg,healthy,0.5938303470611572,0.0,1578.4925537109375,1158.404052734375,2734.662841796875
ID_F2jvAj.jpeg,healthy,0.5506327748298645,0.0,2475.125,3990.526611328125,3024.0
ID_F2jvAj.jpeg,healthy,0.44165053963661194,0.0,2529.052734375,2285.077880859375,3020.5234375
ID_F2jvAj.jpeg,healthy,0.27672407031059265,5.16796875,2162.140869140625,3969.75048828125,3008.75244140625
ID_F2jvAj.jpeg,healthy,0.26510050892829895,0.0,1964.6470947265625,2276.980712890625,2992.795166015625
ID_F2jvAj.jpeg,healthy,0.2620025873184204,0.0,2564.07568359375,1498.094482421875,3024.0
ID_F2jvAj.jpeg,healthy,0.260082483291626,4.82151460647583,2645.65625,3844.787841796875,3019.00732421875
ID_eW60kF.jpeg,anthracnose,0.6527482867240906,1388.33154296875,191.2606964111328,3015.77734375,3024.0
ID_eW60kF.jpeg,anthracnose,0.5112587809562683,688.5159912109375,6.334222316741943,2943.78466796875,2028.392578125
ID_eW60kF.jpeg,anthracnose,0.3623039126396179,782.8076782226562,1690.227783203125,1958.2056884765625,2708.145751953125
ID_eW60kF.jpeg,anthracnose,0.27706387639045715,1742.6258544921875,553.7109375,3013.239013671875,3018.022216796875
ID_eW60kF.jpeg,anthracnose,0.26767095923423767,951.9574584960938,0.0,2931.9267578125,2902.75634765625
ID_mTnr2Q.jpg,healthy,0.9175279140472412,433.5718688964844,371.94830322265625,1002.4996337890625,905.4323120117188
ID_mTnr2Q.jpg,healthy,0.29023441672325134,89.38720703125,324.2025451660156,1013.9910278320312,921.9730224609375
ID_pvsYXM.jpeg,cssvd,0.5112887620925903,38.0584716796875,298.75146484375,1750.2762451171875,4000.0
ID_pvsYXM.jpeg,healthy,0.2651837468147278,1359.778076171875,2877.735107421875,1800.0,3995.47802734375
ID_pvsYXM.jpeg,healthy,0.2611352205276489,1173.17431640625,3262.143310546875,1749.338134765625,3996.093505859375
ID_joOOoQ.jpg,healthy,0.9713869094848633,1123.009033203125,1062.4066162109375,2235.763427734375,1657.8814697265625
ID_joOOoQ.jpg,healthy,0.7540229558944702,746.3079833984375,1974.654052734375,1209.0283203125,2436.556396484375
ID_joOOoQ.jpg,healthy,0.37952426075935364,8.7220458984375,170.23764038085938,1533.91552734375,1275.7916259765625
ID_joOOoQ.jpg,healthy,0.27085885405540466,12.290240287780762,253.63394165039062,1537.03857421875,1011.2420654296875
ID_zpxAXu.jpg,anthracnose,0.9609958529472351,4.715234279632568,76.1260757446289,2037.891845703125,1419.642333984375
ID_zpxAXu.jpg,anthracnose,0.4763828217983246,28.718555450439453,1208.877197265625,2021.965087890625,1529.6224365234375
ID_zpxAXu.jpg,anthracnose,0.3250379264354706,17.097265243530273,850.6779174804688,2019.577392578125,1529.5384521484375
ID_zpxAXu.jpg,anthracnose,0.2932405471801758,567.4689331054688,69.9334945678711,2037.46484375,1210.888427734375
ID_zpxAXu.jpg,anthracnose,0.2614484131336212,52.35332107543945,593.2802734375,2024.6595458984375,1447.225830078125
ID_yPWd1K.jpeg,healthy,0.6791428327560425,790.1812133789062,0.0,4032.0,3024.0
ID_yPWd1K.jpeg,healthy,0.29290473461151123,804.85986328125,958.4651489257812,4020.732177734375,3010.947265625
ID_yPWd1K.jpeg,healthy,0.2808891832828522,0.0,2146.377197265625,492.4466552734375,3007.078857421875
ID_yPWd1K.jpeg,healthy,0.25342854857444763,847.7400512695312,2279.92236328125,1439.7518310546875,3024.0
ID_XxYDsU.jpg,anthracnose,0.4213040769100189,656.3151245117188,0.0,809.204833984375,1038.1075439453125
ID_XxYDsU.jpg,anthracnose,0.34649819135665894,9.780913352966309,67.67138671875,810.0,1065.005615234375
ID_rkz8cy.jpg,anthracnose,0.950548529624939,25.190195083618164,0.0,4113.56787109375,2621.380126953125
ID_rkz8cy.jpg,anthracnose,0.5326815843582153,14.565449714660645,8.418973922729492,2717.006591796875,1220.447509765625
ID_rkz8cy.jpg,anthracnose,0.28288716077804565,0.0,0.10304488986730576,2213.657470703125,1037.3043212890625
ID_rkz8cy.jpg,anthracnose,0.2713337540626526,0.0,2359.20654296875,4128.0,3079.6826171875
ID_JgQ193.jpg,anthracnose,0.9079623818397522,2.315185546875,222.31588745117188,1280.0,877.77490234375
ID_wOSKtS.jpg,anthracnose,0.7073363065719604,0.0,0.0,1080.0,614.9755859375
ID_lnlgta.jpeg,healthy,0.6707671284675598,284.6190185546875,0.0,1218.2557373046875,463.1994323730469
ID_lnlgta.jpeg,healthy,0.3185950517654419,173.85560607910156,0.135406494140625,409.159912109375,200.06597900390625
ID_oC7ET9.jpeg,healthy,0.6715068221092224,102.41421508789062,0.7563537359237671,2071.33642578125,3939.437744140625
ID_oC7ET9.jpeg,healthy,0.516715943813324,10.199239730834961,1086.7862548828125,2005.035888671875,4006.11376953125
ID_oC7ET9.jpeg,healthy,0.3937404453754425,2614.0419921875,1437.229736328125,3024.0,4032.0
ID_oC7ET9.jpeg,healthy,0.3650783896446228,2089.906982421875,2.0289275646209717,3024.0,1294.896240234375
ID_oC7ET9.jpeg,anthracnose,0.3234996497631073,2176.40087890625,4.446894645690918,3024.0,1299.8599853515625
ID_oC7ET9.jpeg,healthy,0.26726967096328735,2647.529052734375,1518.6644287109375,3024.0,2986.831298828125
ID_PNdJoa.jpeg,healthy,0.4585939049720764,692.2639770507812,920.8997192382812,1994.0953369140625,3937.007568359375
ID_PNdJoa.jpeg,healthy,0.37428557872772217,0.9624091982841492,3360.0498046875,386.04815673828125,4032.0
ID_PNdJoa.jpeg,healthy,0.3174996078014374,0.0,3403.169677734375,1092.9244384765625,4032.0
ID_QEsBpT.JPG,healthy,0.9901131391525269,1449.424072265625,739.0321655273438,2492.449951171875,1244.1744384765625
ID_QEsBpT.JPG,healthy,0.37747055292129517,110.74320983886719,1317.6729736328125,564.8567504882812,1769.796142578125
ID_V0L4sG.jpg,healthy,0.8973313570022583,1105.3875732421875,869.7966918945312,2854.6171875,1718.3875732421875
ID_Gasjw8.jpg,cssvd,0.7271159291267395,11.55904483795166,1424.1646728515625,1862.676025390625,2328.154296875
ID_Gasjw8.jpg,cssvd,0.6824294328689575,28.035058975219727,347.1415100097656,2258.2529296875,1418.1439208984375
ID_Gasjw8.jpg,healthy,0.5502303838729858,2556.81005859375,1485.4022216796875,2901.699462890625,1966.625732421875
ID_Gasjw8.jpg,healthy,0.48730871081352234,2317.219482421875,1967.009765625,2944.646728515625,2448.0
ID_Gasjw8.jpg,healthy,0.4230059087276459,2965.712158203125,1774.3087158203125,3263.00146484375,2098.20849609375
ID_Gasjw8.jpg,cssvd,0.29952770471572876,0.0,0.0,2147.18359375,453.99346923828125
ID_Gasjw8.jpg,healthy,0.2703111469745636,0.0,1427.6146240234375,1847.7891845703125,2383.34423828125
ID_Gasjw8.jpg,healthy,0.2528734505176544,0.0,0.0,2296.593505859375,449.4746398925781
ID_ehbYgK.jpg,anthracnose,0.9020391702651978,96.13665008544922,24.071758270263672,4128.0,2376.38525390625
ID_ehbYgK.jpg,anthracnose,0.4631568491458893,5.190234184265137,950.878173828125,3730.8056640625,3080.201416015625
ID_ehbYgK.jpg,anthracnose,0.41331925988197327,0.0,768.6337890625,2088.7294921875,3074.020751953125
ID_pxrJ4f.jpg,anthracnose,0.5352960228919983,0.0,589.904052734375,960.0,1272.76611328125
ID_pxrJ4f.jpg,anthracnose,0.521371066570282,740.4061279296875,1.8671875,960.0,545.8251953125
ID_pxrJ4f.jpg,anthracnose,0.30676376819610596,0.0,61.6593017578125,960.0,648.1311645507812
ID_pxrJ4f.jpg,anthracnose,0.2636336386203766,0.6788330078125,0.794189453125,952.9064331054688,294.11273193359375
ID_CRgjeZ.jpg,healthy,0.8040368556976318,1104.0111083984375,665.837158203125,2663.970703125,1675.206787109375
ID_CRgjeZ.jpg,healthy,0.4745485484600067,879.1326904296875,656.3336181640625,3109.412353515625,1680.806640625
ID_CRgjeZ.jpg,healthy,0.36895155906677246,0.0,123.13321685791016,1573.4312744140625,963.882568359375
ID_MNwF62.jpg,healthy,0.7958233952522278,294.55865478515625,68.6013412475586,1014.2509155273438,614.0467529296875
ID_MNwF62.jpg,healthy,0.6500853896141052,298.81048583984375,237.85098266601562,1012.9157104492188,598.9759521484375
ID_MNwF62.jpg,healthy,0.6346156001091003,139.42515563964844,0.0,1027.067626953125,643.00390625
ID_MNwF62.jpg,healthy,0.5364553928375244,177.45567321777344,0.0,954.6116333007812,319.4200744628906
ID_MNwF62.jpg,healthy,0.2531645596027374,113.31816101074219,0.0,967.2648315429688,435.9081726074219
ID_qF23Xs.jpeg,healthy,0.6839653253555298,266.0379333496094,0.0,1184.5535888671875,452.1802673339844
ID_qF23Xs.jpeg,healthy,0.4933961033821106,226.21484375,344.45928955078125,1198.89306640625,575.8469848632812
ID_yj8UoR.JPG,healthy,0.8825917840003967,0.0,81.4996109008789,3198.50732421875,2205.188232421875
ID_yj8UoR.JPG,healthy,0.7022374272346497,0.0,144.06581115722656,3200.4384765625,1127.5548095703125
ID_yj8UoR.JPG,healthy,0.4968370199203491,0.0,1420.814208984375,985.1336669921875,2446.0693359375
ID_yj8UoR.JPG,healthy,0.3904639780521393,1.469549536705017,0.0,3031.57763671875,349.6747741699219
ID_yj8UoR.JPG,healthy,0.3588695228099823,0.0,973.8072509765625,3135.917236328125,2154.84912109375
ID_yj8UoR.JPG,healthy,0.30404403805732727,6.232745170593262,1799.113525390625,2896.354248046875,2446.943115234375
ID_yj8UoR.JPG,healthy,0.2754291892051697,0.0,89.58602142333984,3129.852294921875,1467.268798828125
ID_yj8UoR.JPG,healthy,0.264630526304245,0.0,0.0,427.3623962402344,489.75726318359375
ID_yj8UoR.JPG,healthy,0.26052170991897583,2.7330322265625,0.0,2153.647216796875,321.3489685058594
ID_yj8UoR.JPG,healthy,0.252976655960083,0.0,0.0,3200.26611328125,549.875732421875
ID_UDljRB.jpeg,anthracnose,0.9262815713882446,367.9847412109375,0.0,3982.287841796875,2427.322509765625
ID_UDljRB.jpeg,anthracnose,0.46572163701057434,144.43087768554688,1505.8922119140625,4032.0,3020.6552734375
ID_UDljRB.jpeg,anthracnose,0.4630320072174072,136.22518920898438,773.9432983398438,4032.0,3016.28955078125
ID_UDljRB.jpeg,anthracnose,0.4347440004348755,768.6050415039062,0.0,3983.578125,1897.5447998046875
ID_UDljRB.jpeg,anthracnose,0.42681050300598145,123.96241760253906,1959.5791015625,3972.652099609375,3017.809814453125
ID_g7Qwh5.jpg,anthracnose,0.8858846426010132,7.552490234375,66.75140380859375,1231.615478515625,835.245849609375
ID_g7Qwh5.jpg,anthracnose,0.7180164456367493,825.522216796875,3.34417724609375,1280.0,279.27166748046875
ID_g7Qwh5.jpg,anthracnose,0.4448288381099701,9.35693359375,737.6251220703125,1223.5023193359375,956.055908203125
ID_g7Qwh5.jpg,anthracnose,0.3217012882232666,0.0,800.653076171875,1234.5635986328125,959.196533203125
ID_g7Qwh5.jpg,anthracnose,0.31324175000190735,2.1063232421875,0.319091796875,824.2093505859375,308.6336669921875
ID_dHYPgN.jpg,cssvd,0.49949970841407776,2374.676513671875,0.776641845703125,3264.0,1355.28076171875
ID_dHYPgN.jpg,cssvd,0.38463276624679565,1719.2232666015625,9.997979164123535,2599.49951171875,2104.496337890625
ID_dHYPgN.jpg,cssvd,0.31479257345199585,956.77392578125,0.0,2183.19189453125,883.38232421875
ID_XiQ5Zy.jpg,anthracnose,0.9146526455879211,104.3656234741211,96.935546875,2032.1226806640625,1328.698974609375
ID_XiQ5Zy.jpg,anthracnose,0.3921126127243042,84.7083969116211,1056.078369140625,2011.44921875,1531.200927734375
ID_XiQ5Zy.jpg,anthracnose,0.38464635610580444,75.43632507324219,783.9596557617188,2019.04296875,1535.53564453125
ID_XiQ5Zy.jpg,anthracnose,0.26472577452659607,82.66914367675781,528.1979370117188,2001.4820556640625,1407.570068359375
ID_wSjCHI.jpg,anthracnose,0.7533396482467651,231.059814453125,0.0,1167.8798828125,717.8012084960938
ID_wSjCHI.jpg,anthracnose,0.40177294611930847,22.504638671875,387.2782287597656,1280.0,959.6715087890625
ID_wSjCHI.jpg,anthracnose,0.33361515402793884,206.4200439453125,139.43603515625,1205.02685546875,809.6481323242188
ID_wSjCHI.jpg,anthracnose,0.31365495920181274,49.8953857421875,2.430084228515625,1269.21484375,320.0770568847656
ID_QHuaJE.JPG,healthy,0.9838780164718628,1614.4404296875,900.9896850585938,2654.5810546875,1443.5416259765625
ID_QHuaJE.JPG,healthy,0.8458473086357117,1258.5086669921875,0.0,2124.4736328125,1191.689453125
ID_QHuaJE.JPG,healthy,0.7568047046661377,997.1336669921875,1329.578125,1945.995849609375,2412.285400390625
ID_QHuaJE.JPG,healthy,0.43324074149131775,1605.9281005859375,1054.178955078125,2632.116455078125,1463.0211181640625
ID_QHuaJE.JPG,healthy,0.37020328640937805,1274.267822265625,538.6714477539062,2618.979736328125,1253.4039306640625
ID_QHuaJE.JPG,healthy,0.29143112897872925,1558.9202880859375,903.095458984375,2614.349365234375,1284.685546875
ID_japwcF.jpg,2,1.0,,,,
ID_ft52kR.jpg,cssvd,0.6612007021903992,35.2720947265625,212.08197021484375,1280.0,816.8660278320312
ID_h8HudT.jpeg,healthy,0.6996622681617737,1962.6693115234375,898.2008056640625,2666.269775390625,1567.298583984375
ID_ZtVe9g.jpg,healthy,0.7084087133407593,0.0,219.35211181640625,1280.0,955.4246215820312
ID_ZtVe9g.jpg,healthy,0.6120712757110596,0.0,0.0,1280.0,295.709716796875
ID_FxRJIn.jpg,healthy,0.85252845287323,0.2658304274082184,21.35231590270996,37.171329498291016,127.64835357666016
ID_FxRJIn.jpg,healthy,0.8388896584510803,3.657127618789673,315.2123107910156,167.2019500732422,413.0943603515625
ID_FxRJIn.jpg,healthy,0.7666126489639282,103.83750915527344,0.0,367.0761413574219,157.96888732910156
ID_FxRJIn.jpg,healthy,0.7579007744789124,363.98602294921875,88.07527923583984,416.0,155.90660095214844
ID_FxRJIn.jpg,healthy,0.7576448917388916,8.92483901977539,89.05160522460938,57.52925491333008,206.3603973388672
ID_FxRJIn.jpg,healthy,0.708088219165802,81.45514678955078,132.47157287597656,356.062255859375,294.0059509277344
ID_FxRJIn.jpg,healthy,0.6658913493156433,0.0,233.462646484375,37.8691520690918,303.8974304199219
ID_FxRJIn.jpg,healthy,0.6536969542503357,9.665989875793457,314.8239440917969,75.67239379882812,413.8085021972656
ID_FxRJIn.jpg,healthy,0.6258851885795593,6.309118747711182,15.061480522155762,75.67805480957031,205.63592529296875
ID_FxRJIn.jpg,healthy,0.48179617524147034,51.493228912353516,109.29594421386719,103.34269714355469,191.70982360839844
ID_FxRJIn.jpg,healthy,0.4474846422672272,102.96697998046875,0.3046279847621918,316.7827453613281,134.2259521484375
ID_FxRJIn.jpg,healthy,0.4437994360923767,109.37158203125,0.0,358.5597839355469,110.81190490722656
ID_FxRJIn.jpg,healthy,0.43352216482162476,361.158935546875,44.82865524291992,416.0,161.1614990234375
ID_FxRJIn.jpg,healthy,0.40445855259895325,60.20227813720703,229.68359375,198.64608764648438,335.4154357910156
ID_FxRJIn.jpg,healthy,0.3603856563568115,3.5776283740997314,313.4072570800781,110.96377563476562,415.0832214355469
ID_FxRJIn.jpg,healthy,0.32358723878860474,12.955794334411621,76.32583618164062,64.0414810180664,193.96238708496094
ID_FxRJIn.jpg,healthy,0.3160107433795929,58.47700881958008,171.75848388671875,198.8367156982422,334.63275146484375
ID_FxRJIn.jpg,healthy,0.3158194422721863,0.0,3.1287498474121094,121.03935241699219,145.48228454589844
ID_FxRJIn.jpg,healthy,0.3069150447845459,5.895256519317627,100.77632141113281,106.2503890991211,200.319091796875
ID_FxRJIn.jpg,healthy,0.30270835757255554,4.27170467376709,1.7365005016326904,122.21183013916016,205.35702514648438
ID_FxRJIn.jpg,healthy,0.30101126432418823,29.006040573120117,0.23969344794750214,110.37562561035156,95.95494842529297
ID_FxRJIn.jpg,healthy,0.2951216995716095,22.725868225097656,0.0,125.72720336914062,123.4433822631836
ID_FxRJIn.jpg,healthy,0.2564784586429596,33.45131301879883,9.034430503845215,105.5549545288086,128.3013153076172
ID_FxRJIn.jpg,healthy,0.2553008496761322,104.26549530029297,0.11358337104320526,322.1021423339844,90.16703033447266
ID_BiL2B8.jpeg,healthy,0.8436194658279419,18.872802734375,151.3466796875,1255.611572265625,530.1974487304688
ID_BiL2B8.jpeg,healthy,0.6242719292640686,2.498046875,397.8355712890625,826.1753540039062,575.3668212890625
ID_BiL2B8.jpeg,healthy,0.4335119426250458,0.0,395.81500244140625,498.548583984375,575.6953735351562
ID_BiL2B8.jpeg,healthy,0.42637741565704346,1.0626220703125,0.0,1054.8717041015625,123.08547973632812
ID_BiL2B8.jpeg,healthy,0.3093753159046173,0.0,0.0,618.9142456054688,121.04480743408203
ID_BiL2B8.jpeg,healthy,0.2549702227115631,19.97906494140625,157.54335021972656,714.5291748046875,460.773193359375
ID_dc0J77.jpg,cssvd,0.5553463101387024,147.03543090820312,0.0,960.0,1271.9288330078125
ID_dc0J77.jpg,cssvd,0.47425857186317444,463.81365966796875,0.0,958.2589721679688,1275.068115234375
ID_dc0J77.jpg,cssvd,0.31987789273262024,759.7757568359375,0.0,958.8892822265625,1264.9588623046875
ID_Nurt45.jpeg,healthy,0.773788571357727,15.406237602233887,0.0,4032.0,2001.6553955078125
ID_Nurt45.jpeg,healthy,0.6669742465019226,3008.1484375,2.5242393016815186,4023.39111328125,735.83349609375
ID_Nurt45.jpeg,healthy,0.653779923915863,3468.760498046875,2225.23681640625,4032.0,3015.61376953125
ID_Nurt45.jpeg,healthy,0.4067877531051636,1125.2867431640625,1910.912353515625,3872.86572265625,3024.0
ID_DitJb1.jpeg,anthracnose,0.7760210037231445,65.76759338378906,395.378662109375,3005.625244140625,2402.42919921875
ID_DitJb1.jpeg,anthracnose,0.5528424978256226,493.91534423828125,21.317583084106445,3004.137939453125,2080.707763671875
ID_DitJb1.jpeg,anthracnose,0.4750598073005676,51.32265853881836,1631.897705078125,3024.0,3024.0
ID_DitJb1.jpeg,anthracnose,0.3674422800540924,863.276611328125,12.656044006347656,3024.0,1712.605224609375
ID_DitJb1.jpeg,anthracnose,0.3599686920642853,417.0556640625,2157.3681640625,3019.989013671875,3017.41259765625
ID_DitJb1.jpeg,anthracnose,0.35965901613235474,290.935302734375,2437.754638671875,3024.0,3017.759765625
ID_DitJb1.jpeg,anthracnose,0.27407461404800415,16.65141487121582,1019.58056640625,3024.0,2889.029541015625
ID_DitJb1.jpeg,healthy,0.25927188992500305,0.0,676.78173828125,148.6948699951172,1333.762939453125
ID_DorYRG.jpg,anthracnose,0.9210454821586609,85.66484832763672,13.252931594848633,4128.0,3096.0
ID_DorYRG.jpg,anthracnose,0.8319746255874634,7.655831813812256,1.9485031366348267,3564.23876953125,2467.753173828125
ID_DorYRG.jpg,anthracnose,0.7756999135017395,9.410449028015137,1303.034423828125,4127.544921875,3096.0
ID_DorYRG.jpg,anthracnose,0.503826379776001,99.61576843261719,30.36054801940918,3188.055419921875,2014.8870849609375
ID_DorYRG.jpg,anthracnose,0.33124852180480957,664.1484375,15.314813613891602,2802.111572265625,1781.7156982421875
ID_hmKSAg.jpg,healthy,0.8086038827896118,4.108004570007324,3.606044054031372,413.2964782714844,270.3481750488281
ID_hmKSAg.jpg,healthy,0.46881845593452454,8.381604194641113,3.2271087169647217,409.08953857421875,175.7196502685547
ID_hmKSAg.jpg,healthy,0.34550806879997253,51.007442474365234,252.82627868652344,251.419921875,412.8768005371094
ID_hmKSAg.jpg,healthy,0.3290897011756897,122.33279418945312,260.7635498046875,251.12213134765625,414.6369934082031
ID_hmKSAg.jpg,healthy,0.32675185799598694,5.278512477874756,190.2466278076172,263.4436950683594,410.0023193359375
ID_hmKSAg.jpg,healthy,0.30538681149482727,156.50558471679688,138.4375,399.0438232421875,408.1908264160156
ID_hmKSAg.jpg,healthy,0.27712953090667725,0.0,75.84754180908203,397.26641845703125,265.0562744140625
ID_CTHVbX.jpg,anthracnose,0.4709477424621582,0.0,218.8194580078125,1280.0,887.044189453125
ID_CTHVbX.jpg,cssvd,0.3810463845729828,11.2235107421875,202.19561767578125,1280.0,890.3937377929688
ID_N1urjJ.jpg,healthy,0.4310322403907776,0.233306884765625,931.5919189453125,267.7380676269531,1279.8087158203125
ID_N1urjJ.jpg,healthy,0.40351712703704834,0.316192626953125,773.096923828125,265.618408203125,1280.0
ID_N1urjJ.jpg,cssvd,0.38245004415512085,328.4396667480469,0.0,956.808349609375,1280.0
ID_N1urjJ.jpg,anthracnose,0.34958183765411377,290.6644592285156,0.0,960.0,1279.861572265625
ID_N1urjJ.jpg,healthy,0.34546351432800293,0.0,864.3468017578125,432.96990966796875,1280.0
ID_gBtRxw.jpeg,healthy,0.6866010427474976,647.4122924804688,381.86444091796875,2618.07568359375,4032.0
ID_gBtRxw.jpeg,healthy,0.5630459189414978,105.17887878417969,1367.3642578125,549.5325927734375,2281.595703125
ID_gBtRxw.jpeg,healthy,0.46444404125213623,44.08822250366211,565.4933471679688,530.895751953125,1453.4864501953125
ID_gBtRxw.jpeg,healthy,0.25396084785461426,634.96875,1634.135498046875,2553.8974609375,4032.0
ID_IyJq31.JPG,healthy,0.8183573484420776,731.5717163085938,1002.9756469726562,2581.236328125,1937.5338134765625
ID_IyJq31.JPG,healthy,0.8121195435523987,2302.97802734375,59.20960235595703,3264.0,1173.306640625
ID_IyJq31.JPG,healthy,0.32491788268089294,2.1900055408477783,1999.8138427734375,540.4376831054688,2448.0
ID_IyJq31.JPG,healthy,0.3244347870349884,0.0,921.0282592773438,839.1364135742188,1393.7242431640625
ID_IyJq31.JPG,healthy,0.2527715861797333,714.29833984375,1051.698974609375,1815.094482421875,1882.6942138671875
ID_lfLaoW.jpg,cssvd,0.5809041261672974,0.0,0.0,1280.0,849.19140625
ID_lfLaoW.jpg,healthy,0.4197104275226593,0.0,661.6534423828125,262.8570251464844,881.0723876953125
ID_hBZYGx.jpg,anthracnose,0.8533759713172913,336.2421875,3.3780274391174316,2032.455810546875,1162.904052734375
ID_iIZUc1.jpeg,healthy,0.7867156863212585,481.1782531738281,0.0,3017.25,1406.9329833984375
ID_iIZUc1.jpeg,healthy,0.7441251873970032,12.918767929077148,1456.5885009765625,3022.278076171875,3264.910400390625
ID_iIZUc1.jpeg,healthy,0.5275031924247742,0.0,1918.96630859375,3001.859619140625,3730.966796875
ID_iIZUc1.jpeg,healthy,0.37047600746154785,0.0,2397.67822265625,2919.8037109375,3681.406982421875
ID_n9p1ZH.jpeg,healthy,0.732697069644928,2728.22021484375,2835.296875,3024.0,4025.15771484375
ID_n9p1ZH.jpeg,anthracnose,0.6182708144187927,0.0,1010.974609375,2964.6064453125,2780.221435546875
ID_n9p1ZH.jpeg,healthy,0.535022497177124,1470.354736328125,2807.833740234375,2310.889892578125,3993.96533203125
ID_n9p1ZH.jpeg,healthy,0.3024766445159912,0.0,994.3201293945312,2175.892333984375,1550.4454345703125
ID_n9p1ZH.jpeg,healthy,0.30208146572113037,0.0,0.0,403.5746154785156,1132.3173828125
ID_n9p1ZH.jpeg,healthy,0.2893642485141754,2701.818115234375,2322.20556640625,3024.0,4032.0
ID_n9p1ZH.jpeg,anthracnose,0.28384679555892944,0.8130706548690796,1358.646240234375,2776.482666015625,2919.47900390625
ID_n9p1ZH.jpeg,healthy,0.2574751675128937,2770.33544921875,2523.92724609375,3024.0,4032.0
ID_n9p1ZH.jpeg,healthy,0.25310781598091125,0.0,0.0,441.96026611328125,847.6505737304688
ID_i5VHxx.jpg,anthracnose,0.8049390316009521,829.9060668945312,44.15380096435547,4060.9638671875,2772.69384765625
ID_i5VHxx.jpg,healthy,0.4898085296154022,152.0187530517578,449.376708984375,732.0406494140625,1621.3748779296875
ID_i5VHxx.jpg,healthy,0.33831459283828735,2.4768173694610596,582.1150512695312,711.4521484375,1686.1500244140625
ID_m41Ily.jpg,cssvd,0.3875846266746521,97.39361572265625,184.6820068359375,960.0,1277.8095703125
ID_DCnllR.jpg,healthy,0.7829577922821045,248.63543701171875,0.0,377.1310729980469,122.78368377685547
ID_DCnllR.jpg,healthy,0.7466539740562439,198.57296752929688,105.00373077392578,311.79962158203125,246.21495056152344
ID_DCnllR.jpg,healthy,0.624872088432312,224.61990356445312,210.77578735351562,413.79412841796875,339.8320617675781
ID_DCnllR.jpg,healthy,0.3949698805809021,21.205455780029297,254.69285583496094,79.96430206298828,326.7391662597656
ID_DCnllR.jpg,healthy,0.3289628028869629,274.9190979003906,111.01872253417969,388.4063720703125,202.09521484375
ID_DCnllR.jpg,healthy,0.2840621769428253,232.8221893310547,110.45100402832031,387.8544921875,209.2662353515625
ID_DCnllR.jpg,healthy,0.2764524519443512,202.16970825195312,108.75657653808594,389.55255126953125,242.46630859375
ID_DCnllR.jpg,healthy,0.2611342966556549,21.721590042114258,312.6870422363281,103.43666076660156,402.6965637207031
ID_FtNOa1.jpeg,healthy,0.40816667675971985,0.0,1025.06005859375,576.0,1278.912109375
ID_FtNOa1.jpeg,healthy,0.394043505191803,76.47373962402344,28.1474609375,547.5126953125,1249.160400390625
ID_Vq59xO.jpg,anthracnose,0.9436725378036499,26.547592163085938,12.508685111999512,3898.051025390625,2754.842529296875
ID_Vq59xO.jpg,anthracnose,0.4824031591415405,31.26620101928711,1613.67578125,3669.852783203125,3096.0
ID_Vq59xO.jpg,anthracnose,0.39873987436294556,55.362762451171875,2329.728759765625,3622.5009765625,3090.010498046875
ID_Vq59xO.jpg,anthracnose,0.31333985924720764,20.3294677734375,1129.3017578125,3632.191650390625,2947.57080078125
ID_Vq59xO.jpg,anthracnose,0.29823628067970276,2415.74462890625,12.453964233398438,4128.0,3082.789306640625
ID_PS1fIb.jpg,anthracnose,0.5902623534202576,287.2622375488281,550.5059814453125,2518.294189453125,1465.051513671875
ID_PS1fIb.jpg,healthy,0.5815311670303345,654.8314208984375,1966.1617431640625,1848.879638671875,2444.178955078125
ID_PS1fIb.jpg,anthracnose,0.5664675831794739,1548.3626708984375,5.018755912780762,3250.322265625,998.6365966796875
ID_PS1fIb.jpg,healthy,0.5459389090538025,0.0,1998.4693603515625,659.9486694335938,2448.0
ID_PS1fIb.jpg,cssvd,0.26833462715148926,2034.3997802734375,1210.7232666015625,3264.0,2011.472412109375
ID_CzSEcr.jpg,healthy,0.8227655291557312,1.6781120300292969,336.98504638671875,93.5112533569336,409.33966064453125
ID_CzSEcr.jpg,healthy,0.7704950571060181,73.85672760009766,139.77630615234375,379.9705505371094,331.0997619628906
ID_CzSEcr.jpg,healthy,0.6301905512809753,36.655025482177734,303.0838317871094,368.54656982421875,413.9730224609375
ID_CzSEcr.jpg,healthy,0.5878750085830688,125.86463928222656,0.1819942444562912,259.8862609863281,57.203147888183594
ID_CzSEcr.jpg,healthy,0.5304436683654785,25.51333236694336,0.142802432179451,286.71844482421875,57.61992645263672
ID_CzSEcr.jpg,healthy,0.40840771794319153,0.12044181674718857,20.74465560913086,34.33146286010742,141.68016052246094
ID_CzSEcr.jpg,healthy,0.36301320791244507,10.076924324035645,143.7252197265625,203.26220703125,299.1475830078125
ID_CzSEcr.jpg,healthy,0.334074467420578,0.0,0.0,339.19281005859375,50.89911651611328
ID_CzSEcr.jpg,healthy,0.29844751954078674,0.0,123.96345520019531,40.950439453125,333.2052001953125
ID_CzSEcr.jpg,healthy,0.29391708970069885,0.0,26.46817970275879,109.15119934082031,234.5183563232422
ID_CzSEcr.jpg,healthy,0.286092072725296,0.0,0.0,318.1318359375,36.94688034057617
ID_CzSEcr.jpg,healthy,0.2568190097808838,1.0330711603164673,22.325281143188477,109.00592041015625,127.71353149414062
ID_jUGauO.jpg,cssvd,0.2988675832748413,661.2966918945312,186.7482452392578,1419.082275390625,1302.490234375
ID_jUGauO.jpg,cssvd,0.292049378156662,28.808374404907227,1150.9322509765625,373.23504638671875,1498.2314453125
ID_jUGauO.jpg,anthracnose,0.2583479881286621,132.1794891357422,82.8265609741211,1179.7689208984375,856.115234375
ID_g5B3Nn.jpg,cssvd,0.6084383726119995,162.4043731689453,1905.5687255859375,3264.0,2447.678466796875
ID_g5B3Nn.jpg,cssvd,0.5690320730209351,268.6097412109375,1003.252685546875,3264.0,1947.39453125
ID_g5B3Nn.jpg,healthy,0.2937164902687073,413.25469970703125,0.0,2346.596435546875,487.7427978515625
ID_g5B3Nn.jpg,cssvd,0.27916252613067627,421.9282531738281,0.0,2392.196533203125,488.3169860839844
ID_zOUCUN.jpg,cssvd,0.592701256275177,5.477165222167969,0.0,1080.0,512.64111328125
ID_nEicnS.JPG,cssvd,0.5028443932533264,859.953857421875,669.1371459960938,3175.683837890625,1677.0828857421875
ID_nEicnS.JPG,healthy,0.4107716679573059,676.0858764648438,1807.015625,3039.68017578125,2444.99462890625
ID_nEicnS.JPG,cssvd,0.31890925765037537,486.3978576660156,0.0,3146.182373046875,1116.5924072265625
ID_aJfG4Y.jpg,healthy,0.5976923704147339,2.400921583175659,68.22115325927734,221.9110870361328,255.7659149169922
ID_aJfG4Y.jpg,healthy,0.29311487078666687,0.0,0.0,206.83421325683594,57.97876739501953
ID_D2n955.jpg,cssvd,0.7743219137191772,0.0,0.0,1278.2667236328125,960.0
ID_M4SGQm.jpg,anthracnose,0.862295389175415,780.501953125,729.5995483398438,3430.9833984375,2573.8125
ID_M4SGQm.jpg,anthracnose,0.5596734881401062,447.32427978515625,2074.724853515625,4128.0,3090.5244140625
ID_M4SGQm.jpg,anthracnose,0.48662686347961426,406.9153137207031,2387.70849609375,4128.0,3090.21142578125
ID_sBJnxJ.jpg,cssvd,0.6590030789375305,0.0,0.0,1280.0,805.4853515625
ID_sBJnxJ.jpg,healthy,0.6308225989341736,5.056640625,699.79345703125,1255.505615234375,959.3916015625
ID_vfelPl.jpg,healthy,0.8528820872306824,1210.86328125,666.0623779296875,3038.443115234375,1929.8577880859375
ID_vfelPl.jpg,anthracnose,0.4172080159187317,0.0,52.049320220947266,1639.4862060546875,2002.2398681640625
ID_vfelPl.jpg,healthy,0.3145565688610077,668.4819946289062,641.571044921875,3246.52001953125,1934.1627197265625
ID_TqIzU1.jpg,healthy,0.6605210304260254,0.0,104.64601135253906,407.0098876953125,312.0613098144531
ID_TqIzU1.jpg,healthy,0.5616071224212646,98.90390014648438,0.0,404.996337890625,170.9903564453125
ID_TqIzU1.jpg,healthy,0.2570481598377228,196.0677947998047,289.427001953125,398.71240234375,403.3196105957031
ID_pidubH.jpg,healthy,0.817829966545105,0.0,43.419189453125,1280.0,725.062255859375
ID_pidubH.jpg,healthy,0.47332048416137695,0.0,0.0,1144.779296875,114.9036865234375
ID_pidubH.jpg,healthy,0.27880221605300903,0.0,0.0,813.641357421875,134.27896118164062
ID_EOFmpE.jpeg,anthracnose,0.8301698565483093,10.17694091796875,52.08404541015625,813.9688110351562,575.8784790039062
ID_EOFmpE.jpeg,anthracnose,0.3488014042377472,4.1417236328125,295.36181640625,850.615234375,574.2438354492188
ID_EOFmpE.jpeg,cssvd,0.27516257762908936,1126.2962646484375,307.6131591796875,1279.8433837890625,575.6506958007812
ID_rO21Rv.jpg,cssvd,0.5594260692596436,0.0,1.9201183319091797,1070.5606689453125,618.2227783203125
ID_rO21Rv.jpg,cssvd,0.3010704219341278,483.57525634765625,0.0,1080.0,134.16481018066406
ID_bA2YCT.jpg,anthracnose,0.9307993650436401,395.41290283203125,0.0,2040.7581787109375,1437.9244384765625
ID_bA2YCT.jpg,anthracnose,0.3217909634113312,404.6103515625,25.26416015625,2045.638916015625,1029.021240234375
ID_bA2YCT.jpg,anthracnose,0.2610742747783661,857.9996337890625,1.4619140625,2012.961181640625,1412.340087890625
ID_EG9Mkf.jpg,healthy,0.8299456238746643,233.073974609375,1.08050537109375,1280.0,535.421142578125
ID_EG9Mkf.jpg,healthy,0.6059638857841492,83.74072265625,340.94512939453125,1280.0,822.6925659179688
ID_EG9Mkf.jpg,healthy,0.41849029064178467,0.08160400390625,267.118408203125,200.11825561523438,576.7359619140625
ID_ytdXbX.jpg,anthracnose,0.9294156432151794,15.4256591796875,0.0,1280.0,825.952880859375
ID_ytdXbX.jpg,anthracnose,0.36163049936294556,264.8837585449219,214.336669921875,1277.2626953125,822.4669189453125
ID_EsHAwO.JPG,anthracnose,0.7655830383300781,0.0,372.02117919921875,3264.0,2440.0517578125
ID_gxJl1S.jpg,healthy,0.5467659831047058,67.59400939941406,74.32078552246094,410.72027587890625,355.2375793457031
ID_hANUAB.jpg,healthy,0.9582430124282837,196.58718872070312,17.7208194732666,3264.0,1801.6207275390625
ID_hANUAB.jpg,healthy,0.34980541467666626,0.0,2024.2769775390625,1424.295166015625,2445.26611328125
ID_hANUAB.jpg,healthy,0.28287774324417114,40.439849853515625,1464.453857421875,3264.0,2211.700927734375
ID_V4uHkL.jpeg,cssvd,0.6015026569366455,1025.3460693359375,0.0,1800.0,3178.587890625
ID_VtUtXq.jpeg,cssvd,0.3319282829761505,369.521484375,652.6029052734375,2574.873291015625,4032.0
ID_VtUtXq.jpeg,healthy,0.2626202404499054,291.9438781738281,762.8978881835938,2587.7333984375,4029.25390625
ID_qxOohj.jpg,anthracnose,0.9036768674850464,316.7203063964844,123.98466491699219,1992.568115234375,1179.1444091796875
ID_qxOohj.jpg,anthracnose,0.41751185059547424,988.9503784179688,0.8858886957168579,2048.0,309.5430603027344
ID_qxOohj.jpg,anthracnose,0.30445876717567444,219.0535125732422,343.09112548828125,1978.661376953125,1347.742431640625
ID_qxOohj.jpg,anthracnose,0.2816564440727234,1595.978515625,19.254980087280273,2046.419921875,975.3538208007812
ID_Z2Yu1j.jpg,healthy,0.8178842067718506,451.298828125,224.173095703125,987.7677001953125,566.3148803710938
ID_Z2Yu1j.jpg,healthy,0.6422989368438721,315.0760498046875,417.52728271484375,728.4100341796875,762.9797973632812
ID_Z2Yu1j.jpg,healthy,0.5810635089874268,0.0,20.9674072265625,524.2239990234375,473.40966796875
ID_Z2Yu1j.jpg,healthy,0.31534695625305176,648.6638793945312,514.9277954101562,861.8765258789062,720.8717651367188
ID_Yg0KUv.jpg,cssvd,0.5786546468734741,0.0,77.41189575195312,1079.2265625,570.5404052734375
ID_Yg0KUv.jpg,healthy,0.2872866690158844,0.0,556.4320068359375,976.9248657226562,810.0
ID_kpzVTg.jpg,healthy,0.4091303050518036,0.7755134701728821,1546.073486328125,599.9256591796875,2124.055908203125
ID_kpzVTg.jpg,cssvd,0.36894333362579346,747.5901489257812,284.3529968261719,2868.96826171875,1458.5826416015625
ID_kTAyAz.jpg,2,1.0,,,,
ID_wGs0TG.JPG,healthy,0.8090692758560181,1997.01953125,1122.3380126953125,2822.609130859375,1690.673583984375
ID_wGs0TG.JPG,healthy,0.5152365565299988,660.8453369140625,1259.645751953125,1439.8385009765625,1770.1290283203125
ID_wGs0TG.JPG,healthy,0.34897381067276,1087.7603759765625,2058.8466796875,3917.673828125,3017.9033203125
ID_wGs0TG.JPG,healthy,0.3355152904987335,2617.6025390625,940.7548217773438,3261.768798828125,1348.9927978515625
ID_P0LEyO.jpg,cssvd,0.5004763007164001,0.0,23.72900390625,1280.0,818.0095825195312
ID_Uuubv2.jpg,anthracnose,0.8878275156021118,942.2145385742188,755.4012451171875,4092.914794921875,2556.09033203125
ID_Uuubv2.jpg,healthy,0.5480706691741943,3120.56982421875,2301.66552734375,3719.398681640625,3012.668212890625
ID_Uuubv2.jpg,anthracnose,0.2907916307449341,889.6925659179688,1691.7996826171875,4076.9384765625,3090.70458984375
ID_Uuubv2.jpg,healthy,0.2647717595100403,21.834001541137695,1054.9090576171875,710.7098999023438,1807.5447998046875
ID_h2mTi3.jpg,healthy,0.9064734578132629,13.896408081054688,102.74046325683594,416.0,344.8064270019531
ID_h2mTi3.jpg,healthy,0.767182469367981,1.237158179283142,10.020767211914062,182.9091033935547,210.0231170654297
ID_h2mTi3.jpg,healthy,0.666592538356781,0.024864958599209785,12.323220252990723,53.62529754638672,86.72822570800781
ID_h2mTi3.jpg,healthy,0.5402078628540039,23.717639923095703,309.0372619628906,251.29466247558594,411.4450378417969
ID_h2mTi3.jpg,healthy,0.47603511810302734,0.0,11.760719299316406,97.14896392822266,93.53378295898438
ID_h2mTi3.jpg,healthy,0.46762776374816895,3.672520875930786,92.66681671142578,66.99394989013672,192.3244171142578
ID_h2mTi3.jpg,healthy,0.4599006474018097,0.0,10.33179759979248,63.84418869018555,62.05647277832031
ID_h2mTi3.jpg,healthy,0.3550185561180115,21.24599266052246,310.8152770996094,347.8771057128906,410.04754638671875
ID_h2mTi3.jpg,healthy,0.27933764457702637,0.0,11.036927223205566,110.16559600830078,119.17842102050781
ID_h2mTi3.jpg,healthy,0.2776631712913513,0.0,10.537466049194336,76.46089172363281,118.78882598876953
ID_KJj1Zi.jpeg,cssvd,0.2979663014411926,381.4602966308594,648.747314453125,2573.69482421875,4032.0
ID_xOXg44.jpg,cssvd,0.6885520815849304,0.0,1.9430351257324219,1074.4375,718.0612182617188
ID_xUtJVT.jpg,healthy,0.7977989912033081,0.0,0.0,434.4891357421875,242.1751708984375
ID_xUtJVT.jpg,cssvd,0.38810163736343384,0.0,113.8624267578125,1280.0,884.75439453125
ID_beWVeF.jpeg,anthracnose,0.8861649036407471,0.0,59.02596664428711,2922.09375,2586.09521484375
ID_beWVeF.jpeg,anthracnose,0.40177589654922485,0.0,887.73388671875,2868.485107421875,2701.07568359375
ID_VEfmr3.jpeg,healthy,0.6307425498962402,1723.9166259765625,23.543479919433594,3571.31787109375,2127.946533203125
ID_VEfmr3.jpeg,healthy,0.5922473073005676,1717.773193359375,11.75482177734375,3590.334716796875,3024.0
ID_VEfmr3.jpeg,healthy,0.47507244348526,2783.45947265625,1609.2071533203125,3974.993896484375,3024.0
ID_VEfmr3.jpeg,anthracnose,0.3480788767337799,0.0,1788.57275390625,1295.7696533203125,3024.0
ID_VEfmr3.jpeg,healthy,0.30196499824523926,0.0,3.3091437816619873,1214.4991455078125,672.7709350585938
ID_VEfmr3.jpeg,healthy,0.2683151364326477,0.0,0.0,1972.640869140625,666.9190673828125
ID_hYKtFA.JPG,healthy,0.7974866628646851,573.7484130859375,1066.150634765625,2560.272216796875,2252.465087890625
ID_hYKtFA.JPG,healthy,0.397899866104126,229.80628967285156,0.0,3245.580810546875,1039.377685546875
ID_myReVS.JPG,healthy,0.945722758769989,1205.071044921875,988.0611572265625,2058.21923828125,1441.603271484375
ID_myReVS.JPG,healthy,0.5755777359008789,0.0,1720.663330078125,2448.0,2448.0
ID_ExXVO1.jpg,anthracnose,0.5072170495986938,324.35235595703125,401.5098571777344,1683.195068359375,1341.9588623046875
ID_C8BlN8.jpg,cssvd,0.6806414723396301,700.1337890625,508.09588623046875,3228.669189453125,1358.4884033203125
ID_C8BlN8.jpg,cssvd,0.3314495384693146,2632.39501953125,1874.3878173828125,3157.248046875,2448.0
ID_C8BlN8.jpg,healthy,0.30154067277908325,2828.861328125,1222.35888671875,3262.15966796875,1696.84130859375
ID_C8BlN8.jpg,healthy,0.2607080936431885,2634.941162109375,1877.8212890625,3161.427734375,2443.39697265625
ID_I0DZzb.jpg,healthy,0.6202401518821716,3.7326202392578125,14.911358833312988,377.24072265625,321.8630676269531
ID_I0DZzb.jpg,healthy,0.3765256404876709,0.0,292.3363952636719,240.0301513671875,404.19439697265625
ID_I0DZzb.jpg,healthy,0.3388240337371826,3.9495513439178467,359.5160827636719,336.2619323730469,413.2839050292969
ID_I0DZzb.jpg,healthy,0.3075355589389801,0.0,273.3870544433594,303.8629150390625,393.7936706542969
ID_I0DZzb.jpg,healthy,0.25906553864479065,0.0,298.4373474121094,170.49569702148438,397.69683837890625
ID_ktDANd.jpeg,healthy,0.5919091105461121,2326.138916015625,0.0,4030.8681640625,2077.46337890625
ID_ktDANd.jpeg,anthracnose,0.4595262110233307,918.0069580078125,0.0,3665.044189453125,1028.9876708984375
ID_ktDANd.jpeg,anthracnose,0.3613981604576111,1245.8349609375,18.796178817749023,3011.38134765625,2277.56884765625
ID_ktDANd.jpeg,anthracnose,0.320436030626297,0.0,122.66927337646484,1208.545166015625,2526.661376953125
ID_iXRhGf.jpeg,healthy,0.8871800899505615,0.0,493.9074401855469,3982.83251953125,2431.83642578125
ID_iXRhGf.jpeg,healthy,0.4408651292324066,0.0,217.55628967285156,3758.3720703125,1341.4901123046875
ID_iXRhGf.jpeg,healthy,0.3781260550022125,0.0,219.97108459472656,2596.802978515625,1355.8211669921875
ID_JaY2HL.jpg,healthy,0.8345878720283508,0.0,107.93853759765625,1280.0,827.752197265625
ID_G002P0.jpg,cssvd,0.4368557035923004,14.8214111328125,40.4405517578125,1125.001953125,836.4935302734375
ID_G002P0.jpg,cssvd,0.4325796067714691,0.0,0.0,1198.2177734375,272.06732177734375
ID_G002P0.jpg,healthy,0.38580992817878723,1.5321197509765625,53.98089599609375,237.07386779785156,364.2398681640625
ID_KzyWDd.jpg,healthy,0.5671265721321106,833.9404296875,628.0479736328125,960.0,890.0386962890625
ID_KzyWDd.jpg,cssvd,0.3755103349685669,52.17962646484375,203.904541015625,922.5635375976562,1278.369384765625
ID_wc4VDk.jpg,healthy,0.37195247411727905,7.928592681884766,183.15817260742188,1066.718017578125,659.7183227539062
ID_oR0uum.jpg,healthy,0.7578405141830444,1960.9346923828125,2.7733428478240967,3257.96142578125,452.198486328125
ID_oR0uum.jpg,cssvd,0.3402085602283478,2692.492431640625,40.94209671020508,3264.0,1612.9034423828125
ID_oR0uum.jpg,anthracnose,0.30956709384918213,523.7420654296875,78.39942169189453,2434.265380859375,2437.283447265625
ID_ZQxVRX.jpeg,anthracnose,0.8048572540283203,178.96090698242188,220.99044799804688,3833.076171875,1834.2431640625
ID_ZQxVRX.jpeg,anthracnose,0.6887083053588867,0.0,1869.0457763671875,3389.52685546875,3002.845947265625
ID_ZQxVRX.jpeg,anthracnose,0.5476906895637512,38.77226257324219,1913.9564208984375,2781.722412109375,2848.427001953125
ID_ZQxVRX.jpeg,anthracnose,0.2885572016239166,112.29949188232422,0.0,3876.10400390625,670.8455200195312
ID_ZQxVRX.jpeg,anthracnose,0.2600021958351135,14.942503929138184,2485.6728515625,3703.425537109375,3018.534423828125
ID_ZQxVRX.jpeg,anthracnose,0.25793811678886414,134.76785278320312,0.0,3860.948486328125,444.1418151855469
ID_vXgQwz.jpg,anthracnose,0.7318002581596375,883.9527587890625,4.457405090332031,4108.94921875,2357.996826171875
ID_vXgQwz.jpg,anthracnose,0.3093152940273285,1578.713134765625,36.330657958984375,4076.35595703125,2693.00634765625
ID_vXgQwz.jpg,anthracnose,0.3069286644458771,2574.517578125,174.70606994628906,4124.578125,2622.6748046875
ID_nBKCpo.jpg,cssvd,0.7014326453208923,515.8324584960938,1899.010986328125,3264.0,2442.478515625
ID_nBKCpo.jpg,cssvd,0.6137774586677551,301.5231628417969,615.2379150390625,3264.0,1844.1912841796875
ID_nBKCpo.jpg,cssvd,0.2943100929260254,0.0,0.0,3264.0,379.8987121582031
ID_XoAAeX.jpeg,healthy,0.8069924116134644,0.0,1129.0096435546875,3024.0,3261.9111328125
ID_XoAAeX.jpeg,healthy,0.33404436707496643,0.0,1121.1407470703125,3001.26708984375,2629.322509765625
ID_XoAAeX.jpeg,anthracnose,0.3160652816295624,0.0,0.0,3023.8056640625,697.8009643554688
ID_A6Fogi.jpeg,anthracnose,0.9252048134803772,769.3748779296875,46.982574462890625,3989.418212890625,1790.5269775390625
ID_UfuRhW.jpeg,anthracnose,0.48129311203956604,0.0,300.1392517089844,3267.484375,1705.9761962890625
ID_pTFwON.jpg,anthracnose,0.6422002911567688,214.8916015625,0.0,4128.0,447.0928955078125
ID_pTFwON.jpg,anthracnose,0.6021857857704163,0.0,985.5033569335938,4128.0,2564.155029296875
ID_pTFwON.jpg,anthracnose,0.5895292162895203,161.97593688964844,2177.365966796875,4128.0,3086.223876953125
ID_pTFwON.jpg,anthracnose,0.5761954188346863,0.0,138.02267456054688,4128.0,2565.154052734375
ID_pTFwON.jpg,anthracnose,0.531300961971283,553.2150268554688,2482.7236328125,4088.718994140625,3085.212158203125
ID_pTFwON.jpg,anthracnose,0.47837337851524353,29.535205841064453,1615.673095703125,4128.0,3093.004150390625
ID_pTFwON.jpg,anthracnose,0.4106694161891937,0.0,841.696533203125,4128.0,3095.951904296875
ID_pTFwON.jpg,anthracnose,0.2546673119068146,712.656494140625,0.6071971654891968,4115.6513671875,813.1366577148438
ID_Fh5Pcm.jpg,healthy,0.7579450011253357,219.0636749267578,468.66387939453125,2021.283203125,1159.984619140625
ID_G9YWm0.jpg,anthracnose,0.9491056799888611,257.2395324707031,0.0,1269.504150390625,829.6485595703125
ID_G9YWm0.jpg,anthracnose,0.26778915524482727,382.5496826171875,754.2645263671875,1225.954833984375,957.9134521484375
ID_NtqErb.jpg,cssvd,0.46546855568885803,0.0,18.1337890625,1280.0,915.7657470703125
ID_NtqErb.jpg,healthy,0.3287695646286011,0.0,0.0,1274.69873046875,193.46368408203125
ID_idyM5h.jpeg,cssvd,0.4063020348548889,1020.8258056640625,0.0,1280.0,217.93954467773438
ID_idyM5h.jpeg,cssvd,0.3988736867904663,468.3942565917969,15.72235107421875,944.6689453125,325.88714599609375
ID_idyM5h.jpeg,cssvd,0.323324054479599,893.5542602539062,289.105712890625,1279.38623046875,574.7633666992188
ID_idyM5h.jpeg,cssvd,0.25168418884277344,574.9922485351562,40.26983642578125,989.0563354492188,573.8358154296875
ID_m4rRzw.jpeg,healthy,0.6113925576210022,0.0,2780.71923828125,1260.0753173828125,4032.0
ID_m4rRzw.jpeg,healthy,0.49669209122657776,485.5850524902344,1213.752685546875,2346.817138671875,4015.177001953125
ID_m4rRzw.jpeg,healthy,0.4331115186214447,527.960693359375,36.22422790527344,2441.140380859375,3599.032470703125
ID_m4rRzw.jpeg,healthy,0.2516157031059265,2.8362302780151367,2833.3876953125,2296.3251953125,4032.0
ID_vSr6vC.jpg,healthy,0.3684209883213043,750.2700805664062,1035.509521484375,1843.2584228515625,1851.4583740234375
ID_vSr6vC.jpg,healthy,0.28020232915878296,1226.3438720703125,1667.1219482421875,2306.506103515625,2263.48583984375
ID_E1lv1B.jpg,cssvd,0.4257630407810211,186.45458984375,723.2877807617188,1698.5577392578125,2444.657958984375
ID_E1lv1B.jpg,cssvd,0.37580129504203796,784.4318237304688,0.0,2911.38720703125,2399.607421875
ID_r8vfga.jpg,cssvd,0.6071909666061401,7.1552734375,1.95562744140625,1280.0,608.0465087890625
ID_r8vfga.jpg,cssvd,0.5596227645874023,1055.068359375,404.3624267578125,1280.0,955.8463134765625
ID_ZLh9RR.jpg,healthy,0.6156206727027893,112.22257995605469,181.80096435546875,349.3357238769531,340.8028564453125
ID_ZLh9RR.jpg,healthy,0.6106931567192078,111.01873016357422,227.3870086669922,324.1219177246094,341.1791687011719
ID_jLLLAF.jpg,healthy,0.7993228435516357,11.853595733642578,0.0,1080.0,670.0878295898438
ID_jLLLAF.jpg,healthy,0.3994184136390686,91.78376770019531,0.0,1071.150146484375,490.373046875
ID_jLLLAF.jpg,cssvd,0.32784751057624817,162.32681274414062,530.623291015625,1074.1546630859375,809.150146484375
ID_Lpv49N.jpg,cssvd,0.3112102746963501,33.21015548706055,484.59368896484375,1984.2191162109375,1279.990234375
ID_yKiZHu.jpg,anthracnose,0.8428871035575867,6.299023628234863,0.0,2011.375244140625,1042.3062744140625
ID_yKiZHu.jpg,anthracnose,0.6842980980873108,0.0,1040.9027099609375,1956.2314453125,1434.936767578125
ID_yKiZHu.jpg,anthracnose,0.676803708076477,212.4597625732422,93.18778991699219,2004.0230712890625,886.1868896484375
ID_yKiZHu.jpg,anthracnose,0.6446191072463989,0.0,296.80450439453125,1988.8863525390625,1358.673095703125
ID_yKiZHu.jpg,anthracnose,0.5821645855903625,7.772265434265137,451.37188720703125,1989.893310546875,1090.2427978515625
ID_yKiZHu.jpg,anthracnose,0.29323336482048035,288.0537109375,74.817626953125,2008.7408447265625,665.196533203125
ID_hUbmNZ.jpg,healthy,0.9245200753211975,1125.307861328125,712.2099609375,2436.746826171875,1721.0435791015625
ID_hUbmNZ.jpg,healthy,0.6849750280380249,1316.4390869140625,1799.1519775390625,2366.014404296875,2357.992919921875
ID_hUbmNZ.jpg,healthy,0.4822828471660614,0.0,0.0,801.52587890625,647.6438598632812
ID_hUbmNZ.jpg,healthy,0.41124898195266724,562.6563110351562,770.981201171875,1126.9412841796875,1291.067626953125
ID_icUqrM.jpeg,healthy,0.790950357913971,0.0,585.613525390625,4032.0,2797.1376953125
ID_icUqrM.jpeg,healthy,0.4583567976951599,0.0,2463.1923828125,4032.0,3012.32958984375
ID_icUqrM.jpeg,healthy,0.458117812871933,889.7642211914062,1.8747344017028809,4032.0,527.0867919921875
ID_icUqrM.jpeg,healthy,0.3463549017906189,0.0,0.0,1146.1405029296875,923.3543090820312
ID_eFaC28.jpeg,anthracnose,0.9106907248497009,52.22208023071289,88.75849151611328,3257.74951171875,1686.078857421875
ID_eFaC28.jpeg,anthracnose,0.8661890029907227,2204.967529296875,160.8289794921875,3264.0,2448.0
ID_eFaC28.jpeg,anthracnose,0.4716613292694092,2141.74462890625,997.8826293945312,3264.0,2448.0
ID_eFaC28.jpeg,healthy,0.39052385091781616,0.0,2004.8712158203125,1790.001953125,2446.11083984375
ID_eFaC28.jpeg,anthracnose,0.34997788071632385,2133.09375,1484.988037109375,3264.0,2446.142822265625
ID_eFaC28.jpeg,anthracnose,0.2899181544780731,306.4687805175781,470.531982421875,3227.93017578125,1709.666015625
ID_eFaC28.jpeg,anthracnose,0.2651367485523224,103.44339752197266,0.0,3152.30029296875,605.5662841796875
ID_jHqWXa.jpg,anthracnose,0.48641252517700195,510.4703369140625,1928.7896728515625,3119.2431640625,2440.091064453125
ID_jHqWXa.jpg,anthracnose,0.40017056465148926,15.087395668029785,148.27523803710938,1988.2467041015625,2242.970947265625
ID_stSmpC.jpeg,healthy,0.9448851346969604,1214.0654296875,583.6803588867188,3956.56640625,2069.644287109375
ID_stSmpC.jpeg,healthy,0.7576994895935059,3060.02099609375,0.0,4020.059814453125,647.9862670898438
ID_QDGH72.jpg,healthy,0.5246299505233765,0.0,159.012451171875,1271.736083984375,900.2135009765625
ID_QDGH72.jpg,cssvd,0.496990442276001,0.0,152.01806640625,1280.0,901.8790283203125
ID_QDGH72.jpg,healthy,0.2642010748386383,0.0,771.6270141601562,1028.5927734375,955.3290405273438
ID_UzoTeR.jpg,anthracnose,0.5818478465080261,765.7264404296875,0.0,1280.0,533.3194580078125
ID_UzoTeR.jpg,anthracnose,0.5815117359161377,60.458251953125,263.79669189453125,817.8773193359375,602.4701538085938
ID_UzoTeR.jpg,anthracnose,0.5108921527862549,0.0,256.68597412109375,995.5619506835938,706.2362670898438
ID_CiaBXB.jpg,healthy,0.8852416276931763,35.18724060058594,144.85768127441406,416.0,411.97454833984375
ID_CiaBXB.jpg,healthy,0.7652720808982849,31.048686981201172,162.5839080810547,413.9316101074219,348.1868591308594
ID_CiaBXB.jpg,healthy,0.46288958191871643,34.19145202636719,353.1502685546875,416.0,414.9040832519531
ID_CiaBXB.jpg,healthy,0.4408506751060486,0.19229431450366974,0.0,45.7273063659668,156.90780639648438
ID_CiaBXB.jpg,healthy,0.40336206555366516,33.18705368041992,4.020684719085693,416.0,117.28441619873047
ID_CiaBXB.jpg,healthy,0.38789981603622437,31.135173797607422,223.9755859375,414.7956848144531,413.9642333984375
ID_CiaBXB.jpg,healthy,0.3677523136138916,26.639347076416016,10.234147071838379,219.76876831054688,192.12388610839844
ID_MNV5lc.jpg,cssvd,0.6902316808700562,0.0,37.86627197265625,1258.9501953125,861.4469604492188
ID_OvOLtN.jpg,cssvd,0.6323882341384888,0.986328125,0.0,1280.0,958.955322265625
ID_Tsb0A0.jpg,anthracnose,0.8619786500930786,639.95703125,0.0,3063.78466796875,4067.20263671875
ID_Tsb0A0.jpg,anthracnose,0.45083096623420715,497.9615478515625,1230.479248046875,3038.97607421875,4124.68896484375
ID_Tsb0A0.jpg,anthracnose,0.2698555290699005,1373.092041015625,0.0,3094.1728515625,4122.16455078125
ID_QgwdlL.jpg,anthracnose,0.3425409495830536,217.9347686767578,514.2788696289062,1911.138671875,1362.362060546875
ID_Q0XNxq.jpg,anthracnose,0.8502269983291626,191.38720703125,178.15606689453125,1271.5228271484375,686.5062255859375
ID_Q0XNxq.jpg,anthracnose,0.4531964361667633,407.0987548828125,585.4483642578125,1272.221923828125,958.1937255859375
ID_Q0XNxq.jpg,healthy,0.39870375394821167,714.3853759765625,0.0,934.5028076171875,238.08888244628906
ID_Q0XNxq.jpg,anthracnose,0.35108405351638794,0.0,0.0,773.9606323242188,243.34890747070312
ID_Q0XNxq.jpg,anthracnose,0.31698721647262573,412.1295166015625,420.5934753417969,1268.1917724609375,960.0
ID_Q0XNxq.jpg,anthracnose,0.2527027428150177,3.0831298828125,0.0,688.6998291015625,152.83840942382812
ID_Hp6I1X.jpg,healthy,0.8550554513931274,29.57428550720215,24.35304069519043,416.0,315.93817138671875
ID_Hp6I1X.jpg,healthy,0.5254715085029602,24.209762573242188,12.003159523010254,355.49200439453125,269.06231689453125
ID_Hp6I1X.jpg,healthy,0.38633763790130615,155.038330078125,351.94110107421875,204.3370819091797,414.2812805175781
ID_Hp6I1X.jpg,healthy,0.3796616792678833,28.65220832824707,14.561800956726074,389.17962646484375,207.96888732910156
ID_Hp6I1X.jpg,healthy,0.32195863127708435,97.19071197509766,205.75328063964844,230.0852813720703,370.2742614746094
ID_Hp6I1X.jpg,healthy,0.2709994614124298,68.61768341064453,79.74571990966797,416.0,300.706298828125
ID_sNijYN.jpg,healthy,0.49368542432785034,742.3652954101562,0.0,3150.752197265625,506.5484924316406
ID_sNijYN.jpg,healthy,0.3984759747982025,459.31158447265625,152.48390197753906,2890.371826171875,1875.5321044921875
ID_sNijYN.jpg,healthy,0.3898106515407562,555.9737548828125,215.43115234375,1517.95751953125,1331.522705078125
ID_sNijYN.jpg,healthy,0.35609710216522217,566.9678344726562,0.0,3264.0,647.111083984375
ID_sNijYN.jpg,healthy,0.27800294756889343,753.9296264648438,0.0,2369.6201171875,501.76190185546875
ID_tDjhPh.jpg,cssvd,0.6358493566513062,0.0,166.10543823242188,1280.0,959.83935546875
ID_tDjhPh.jpg,healthy,0.5251211524009705,0.0,0.684356689453125,579.53076171875,294.15509033203125
ID_jebdAi.jpg,cssvd,0.6485472321510315,0.0,0.0,1080.0,702.7257690429688
ID_jebdAi.jpg,healthy,0.413312703371048,0.0,544.1049194335938,1080.0,809.6187744140625
ID_xFHPYt.jpg,anthracnose,0.7696424126625061,658.2684326171875,0.4615478515625,1272.736572265625,318.4951171875
ID_xFHPYt.jpg,healthy,0.34656211733818054,14.913330078125,254.7969970703125,1280.0,735.7792358398438
ID_xFHPYt.jpg,cssvd,0.31161168217658997,7.7283935546875,258.3809814453125,1280.0,732.4561767578125
ID_RDuHV3.jpg,cssvd,0.48872268199920654,5.198970794677734,1.7996635437011719,817.1288452148438,566.47412109375
ID_GX6BsX.jpeg,anthracnose,0.7319386005401611,0.0,0.0,4032.0,2585.818115234375
ID_GX6BsX.jpeg,anthracnose,0.30392372608184814,470.7588806152344,0.0,3829.9638671875,1692.51416015625
ID_GX6BsX.jpeg,anthracnose,0.26594358682632446,9.365020751953125,638.9170532226562,4032.0,2480.520263671875
ID_mssdYp.jpg,healthy,0.4696471393108368,128.573974609375,108.82867431640625,1238.8082275390625,700.3346557617188
ID_vFFcxB.jpg,healthy,0.801010251045227,317.4769592285156,546.2029418945312,1409.9453125,1038.5631103515625
ID_vFFcxB.jpg,cssvd,0.302333265542984,245.95657348632812,0.0,958.1887817382812,671.6494140625
ID_AqSCmf.jpeg,anthracnose,0.8579103350639343,0.0,238.57057189941406,4014.4892578125,2324.667236328125
ID_fDgoZP.jpg,cssvd,0.43431174755096436,0.0,493.97442626953125,610.020751953125,810.0
ID_fDgoZP.jpg,cssvd,0.34409642219543457,2.5672988891601562,0.0,1075.581787109375,698.852294921875
ID_fDgoZP.jpg,anthracnose,0.3354872465133667,0.0,0.0,1079.159423828125,741.7640991210938
ID_GiSjPJ.jpg,healthy,0.6730175614356995,50.9906005859375,134.268798828125,1280.0,852.8262329101562
ID_GiSjPJ.jpg,healthy,0.4010050892829895,0.0,627.5778198242188,935.24609375,959.6192016601562
ID_GiSjPJ.jpg,cssvd,0.31745755672454834,117.493408203125,127.90692138671875,1279.922119140625,855.84716796875
ID_GiSjPJ.jpg,healthy,0.25226765871047974,0.0,705.1895751953125,1186.9901123046875,960.0
ID_fbXY3G.jpeg,healthy,0.7527506351470947,11.630236625671387,576.6707153320312,3828.967041015625,2241.8916015625
ID_fbXY3G.jpeg,healthy,0.7492574453353882,3649.537841796875,1276.5828857421875,4032.0,1966.0029296875
ID_fbXY3G.jpeg,healthy,0.596274197101593,13.260607719421387,2477.004150390625,3985.784912109375,3016.1484375
ID_fbXY3G.jpeg,healthy,0.5622190833091736,0.0,0.0,1260.39697265625,663.7034912109375
ID_fbXY3G.jpeg,healthy,0.5148680210113525,0.0,0.730975329875946,1860.7156982421875,670.9094848632812
ID_fbXY3G.jpeg,healthy,0.506511926651001,0.0,2586.66748046875,2685.81103515625,3014.28466796875
ID_fbXY3G.jpeg,healthy,0.5058953762054443,0.0,0.0,2341.5439453125,522.3386840820312
ID_fbXY3G.jpeg,healthy,0.46815693378448486,0.0,2552.60693359375,1323.6556396484375,3020.802490234375
ID_fbXY3G.jpeg,healthy,0.3625282645225525,0.0,2158.842041015625,1308.2861328125,2806.321533203125
ID_fbXY3G.jpeg,healthy,0.3532372713088989,0.0,0.0,3000.24560546875,286.43499755859375
ID_fbXY3G.jpeg,healthy,0.30983948707580566,0.0,2011.1531982421875,1068.7474365234375,2549.91845703125
ID_fbXY3G.jpeg,healthy,0.30635473132133484,26.40509033203125,2249.18115234375,3857.941650390625,3014.8310546875
ID_fbXY3G.jpeg,healthy,0.2739882469177246,0.0,2401.722412109375,1768.0518798828125,2920.156494140625
ID_fbXY3G.jpeg,healthy,0.27204349637031555,0.0,2057.83642578125,1293.4334716796875,2476.348388671875
ID_TnGU2G.jpg,2,1.0,,,,
ID_MUYBb1.jpg,healthy,0.8320060968399048,140.10284423828125,201.26519775390625,573.8821411132812,418.06036376953125
ID_MUYBb1.jpg,healthy,0.820659875869751,6.3695068359375,477.73516845703125,840.3431396484375,983.1394653320312
ID_MUYBb1.jpg,healthy,0.6672642230987549,0.0,0.0315704345703125,682.2625732421875,198.12745666503906
ID_MUYBb1.jpg,healthy,0.4348812401294708,5.853515625,300.32269287109375,798.064453125,998.5693969726562
ID_MUYBb1.jpg,healthy,0.2755141258239746,0.0,1.602813720703125,414.4776306152344,190.68629455566406
ID_Cy2zVL.jpg,healthy,0.7636110782623291,0.0,651.7645263671875,771.5797729492188,959.1217041015625
ID_Cy2zVL.jpg,healthy,0.6598674058914185,0.0,650.2274169921875,1165.3179931640625,960.0
ID_Cy2zVL.jpg,cssvd,0.6200480461120605,0.0,0.0,1275.6800537109375,580.4102172851562
ID_ej2wFd.jpg,cssvd,0.27135205268859863,0.0,0.0,911.4661254882812,448.17755126953125
ID_ej2wFd.jpg,healthy,0.25844332575798035,0.0,223.10781860351562,960.0,1170.5921630859375
ID_ej2wFd.jpg,healthy,0.2509191632270813,0.0,0.0,653.3087158203125,458.97265625
ID_jlnthU.jpeg,healthy,0.7820003032684326,1333.0372314453125,201.998291015625,1799.663818359375,810.9340209960938
ID_jlnthU.jpeg,healthy,0.6383533477783203,1418.6011962890625,2472.887451171875,1783.2723388671875,2842.479248046875
ID_jlnthU.jpeg,healthy,0.6174318790435791,1053.7679443359375,0.0,3022.412109375,460.4360046386719
ID_jlnthU.jpeg,anthracnose,0.5648050904273987,16.951053619384766,347.65045166015625,3024.0,1996.7894287109375
ID_jlnthU.jpeg,healthy,0.44536110758781433,0.0,2190.780029296875,445.1417541503906,3022.098388671875
ID_jlnthU.jpeg,healthy,0.40999847650527954,1380.337890625,2403.243408203125,2175.32958984375,2841.315185546875
ID_jlnthU.jpeg,healthy,0.26534974575042725,835.1304931640625,0.0,2949.54052734375,270.7458190917969
ID_Rh8XJd.jpg,anthracnose,0.900195837020874,642.7001342773438,0.0,4128.0,2342.05615234375
ID_Rh8XJd.jpg,anthracnose,0.5870699286460876,43.01076126098633,0.0,4128.0,3066.587646484375
ID_Rh8XJd.jpg,anthracnose,0.4166797995567322,87.16751098632812,1281.1392822265625,4128.0,3092.277099609375
ID_Rh8XJd.jpg,anthracnose,0.37674152851104736,0.0,187.07479858398438,1796.9620361328125,3021.57373046875
ID_Rh8XJd.jpg,anthracnose,0.3085193336009979,7.200741767883301,491.9837646484375,2757.004638671875,3043.851318359375
ID_wWJQ0F.jpeg,anthracnose,0.6368194222450256,17.674720764160156,340.0692443847656,3006.65185546875,2257.001708984375
ID_wWJQ0F.jpeg,anthracnose,0.4928700029850006,0.0,843.0563354492188,2567.89599609375,3338.21923828125
ID_wWJQ0F.jpeg,anthracnose,0.45804327726364136,0.0,1861.41455078125,2326.193115234375,3320.078369140625
ID_wWJQ0F.jpeg,healthy,0.36597684025764465,0.06724318861961365,2853.999755859375,602.0281372070312,4032.0
ID_ZXL2eL.jpeg,anthracnose,0.36559829115867615,258.446533203125,0.0,2621.02099609375,2754.876220703125
ID_ZXL2eL.jpeg,cssvd,0.35506191849708557,288.3905334472656,0.0,2803.031982421875,2796.419677734375
ID_ZXL2eL.jpeg,healthy,0.3169127106666565,1947.9415283203125,1075.0489501953125,2837.342529296875,2963.556640625
ID_ZXL2eL.jpeg,healthy,0.29757893085479736,0.5391471982002258,2377.53466796875,346.45989990234375,3016.230712890625
ID_cyOfnc.jpg,cssvd,0.8208330273628235,2644.750244140625,0.0,3263.9345703125,2448.0
ID_cyOfnc.jpg,cssvd,0.44543975591659546,1287.4747314453125,8.852160453796387,2550.751953125,1881.76513671875
ID_cyOfnc.jpg,anthracnose,0.3079323470592499,1297.85302734375,10.303811073303223,2528.59912109375,1904.5660400390625
ID_jvBAbL.jpg,healthy,0.9874227046966553,373.76788330078125,191.21356201171875,713.386474609375,442.92254638671875
ID_jvBAbL.jpg,healthy,0.8224007487297058,674.6996459960938,244.6248016357422,877.654052734375,399.44659423828125
ID_jvBAbL.jpg,healthy,0.7359552383422852,830.65283203125,242.13673400878906,1045.2491455078125,402.2904968261719
ID_jvBAbL.jpg,healthy,0.6157687902450562,0.0,66.72471618652344,419.9796142578125,431.7023620605469
ID_jvBAbL.jpg,healthy,0.6152570247650146,713.8108520507812,243.13072204589844,1036.134033203125,401.12310791015625
ID_jvBAbL.jpg,healthy,0.4199181795120239,763.8359985351562,359.4604797363281,927.4448852539062,495.0978088378906
ID_scGOdn.jpeg,healthy,0.7877467274665833,0.0,1143.2510986328125,3024.0,3818.076416015625
ID_lO5Suu.jpeg,healthy,0.8328506350517273,0.0,2434.3935546875,779.2401733398438,3024.0
ID_lO5Suu.jpeg,healthy,0.649560809135437,0.0,0.0,906.0732421875,748.5354614257812
ID_lO5Suu.jpeg,healthy,0.5544978380203247,633.0657958984375,1449.1339111328125,3024.0,2781.705078125
ID_lO5Suu.jpeg,healthy,0.46815258264541626,754.0594482421875,2062.009765625,2981.669921875,3019.343017578125
ID_lO5Suu.jpeg,healthy,0.43422219157218933,793.0455932617188,2680.674560546875,2967.69921875,3019.892822265625
ID_lO5Suu.jpeg,healthy,0.34552496671676636,2129.00048828125,2300.06640625,3024.0,3024.0
ID_lO5Suu.jpeg,healthy,0.33187827467918396,276.071044921875,44.481590270996094,2703.007568359375,2311.7578125
ID_lO5Suu.jpeg,healthy,0.3310789465904236,0.0,1.7126827239990234,959.1822509765625,549.4852294921875
ID_lO5Suu.jpeg,healthy,0.2988855242729187,775.7266845703125,2688.44873046875,2224.041015625,3022.574462890625
ID_lO5Suu.jpeg,healthy,0.29055488109588623,635.491455078125,1675.9769287109375,2484.148681640625,2787.318603515625
ID_lO5Suu.jpeg,healthy,0.28457170724868774,685.8226318359375,2333.78662109375,2591.458740234375,3017.0556640625
ID_lO5Suu.jpeg,healthy,0.2845596373081207,0.13521938025951385,2439.837890625,458.6778869628906,3018.056884765625
ID_lO5Suu.jpeg,healthy,0.26102107763290405,405.34381103515625,990.5972290039062,3024.0,2793.616943359375
ID_ScrLWI.jpeg,anthracnose,0.45507773756980896,0.0,400.7976989746094,4032.0,2782.296630859375
ID_ScrLWI.jpeg,anthracnose,0.27232590317726135,559.8717041015625,2026.0875244140625,4030.2802734375,3018.111328125
ID_NJtHxD.jpeg,healthy,0.8719664216041565,10.56972599029541,306.22442626953125,3996.820068359375,2572.009521484375
ID_NJtHxD.jpeg,healthy,0.8538368344306946,0.0,0.0,3928.244384765625,983.9736938476562
ID_NJtHxD.jpeg,healthy,0.5736111998558044,0.0,0.0,3898.85009765625,664.98388671875
ID_NJtHxD.jpeg,healthy,0.47322383522987366,0.0,2009.51513671875,4032.0,3022.7880859375
ID_NJtHxD.jpeg,healthy,0.26448339223861694,0.0,0.0,1190.3148193359375,913.5299682617188
ID_szH9Dd.jpg,healthy,0.6163482069969177,0.0,150.95742797851562,1901.0833740234375,1198.397216796875
ID_szH9Dd.jpg,anthracnose,0.3316273093223572,0.0,165.22216796875,1832.0745849609375,1367.81982421875
ID_ejxsiL.jpg,anthracnose,0.9117960929870605,286.6640625,95.31816101074219,2039.027587890625,1254.492431640625
ID_ejxsiL.jpg,anthracnose,0.6990255117416382,318.3013610839844,816.4865112304688,2048.0,1536.0
ID_ejxsiL.jpg,anthracnose,0.6793209314346313,332.9673767089844,1132.305419921875,2048.0,1532.12890625
ID_ejxsiL.jpg,anthracnose,0.27372631430625916,258.89141845703125,495.74835205078125,2048.0,1536.0
ID_Pc5LPR.jpeg,healthy,0.6676409244537354,50.47709655761719,1756.0645751953125,2902.060302734375,2737.41259765625
ID_Pc5LPR.jpeg,healthy,0.5752781629562378,0.0,806.2387084960938,3024.0,1940.15380859375
ID_Pc5LPR.jpeg,healthy,0.5548277497291565,0.0,0.0,3024.0,1179.1922607421875
ID_Pc5LPR.jpeg,cssvd,0.5151850581169128,0.0,0.0,3024.0,1166.2669677734375
ID_Pc5LPR.jpeg,healthy,0.40497639775276184,304.4751281738281,2537.41259765625,1899.3251953125,3024.0
ID_Pc5LPR.jpeg,healthy,0.3544982671737671,145.21934509277344,2243.044921875,769.1363525390625,3023.93359375
ID_Pc5LPR.jpeg,healthy,0.27897515892982483,1759.791748046875,2208.48583984375,2584.68115234375,3024.0
ID_UGhrpz.jpg,healthy,0.8308700919151306,0.0,113.4156723022461,396.4998474121094,336.73553466796875
ID_UGhrpz.jpg,healthy,0.7989416718482971,0.0,0.0,246.77264404296875,129.1393585205078
ID_UGhrpz.jpg,healthy,0.43740302324295044,0.221394345164299,0.0,251.30685424804688,68.1527328491211
ID_UGhrpz.jpg,healthy,0.4359619915485382,0.398965060710907,279.6802978515625,35.93960952758789,383.5783386230469
ID_UGhrpz.jpg,healthy,0.3924189805984497,103.53241729736328,285.671875,291.57586669921875,398.48614501953125
ID_UGhrpz.jpg,healthy,0.37844422459602356,0.0,0.0,78.17829132080078,156.47817993164062
ID_UGhrpz.jpg,healthy,0.3555764853954315,0.0,0.0,48.70567321777344,162.41734313964844
ID_UGhrpz.jpg,healthy,0.3143470287322998,8.087250709533691,284.990478515625,162.44406127929688,392.6156311035156
ID_UGhrpz.jpg,healthy,0.3031408488750458,0.0768512710928917,225.92898559570312,38.39063262939453,400.2983093261719
ID_UGhrpz.jpg,healthy,0.301872581243515,0.0,0.0,123.53038787841797,143.81854248046875
ID_UGhrpz.jpg,healthy,0.2971745431423187,0.14293880760669708,245.57467651367188,35.15226745605469,360.3417053222656
ID_UGhrpz.jpg,healthy,0.2769086956977844,0.5422881841659546,126.2047348022461,373.03564453125,289.9880676269531
ID_ZuLnag.jpg,healthy,0.7221930623054504,11.793667793273926,197.41627502441406,401.1364440917969,393.4162902832031
ID_ZuLnag.jpg,healthy,0.6449680328369141,17.440105438232422,38.41946792602539,360.09368896484375,248.39016723632812
ID_ZuLnag.jpg,healthy,0.5486186742782593,13.216137886047363,339.4191589355469,396.4092102050781,415.5190124511719
ID_ZuLnag.jpg,healthy,0.5048476457595825,2.8031249046325684,44.67243194580078,356.2490234375,350.42822265625
ID_ZuLnag.jpg,healthy,0.343841016292572,6.205904960632324,103.33615112304688,401.8616638183594,403.67596435546875
ID_ZuLnag.jpg,healthy,0.3281842768192291,0.0,18.316221237182617,102.01822662353516,306.6264343261719
ID_ZuLnag.jpg,healthy,0.3106748163700104,8.819671630859375,281.59356689453125,396.3265380859375,415.8442077636719
ID_ZuLnag.jpg,healthy,0.26763108372688293,0.0,20.60301399230957,58.50499725341797,114.70195770263672
ID_rO4Ndj.jpg,healthy,0.7324833869934082,430.4047546386719,603.59521484375,1266.243896484375,960.0
ID_rO4Ndj.jpg,healthy,0.5416156649589539,323.9591064453125,220.11532592773438,1005.3819580078125,403.9280090332031
ID_rO4Ndj.jpg,healthy,0.3863763213157654,321.1418151855469,399.59326171875,1236.549072265625,574.6503295898438
ID_rO4Ndj.jpg,healthy,0.3322254717350006,323.5517578125,374.45458984375,1025.2974853515625,583.1993408203125
ID_rO4Ndj.jpg,healthy,0.28512823581695557,185.24710083007812,1.831695556640625,967.897705078125,375.4711608886719
ID_rO4Ndj.jpg,healthy,0.2699945271015167,107.33627319335938,0.0,937.0152587890625,287.16851806640625
ID_OyJQFx.jpg,healthy,0.783885657787323,0.0,778.638671875,1280.0,958.55517578125
ID_OyJQFx.jpg,cssvd,0.5633415579795837,0.0,0.0,1280.0,784.94873046875
ID_OyJQFx.jpg,healthy,0.2886645197868347,0.0,729.33056640625,1023.034423828125,959.6429443359375
ID_RC0I1m.jpg,anthracnose,0.4233546555042267,0.0,181.6361083984375,810.0,1045.5390625
ID_RC0I1m.jpg,anthracnose,0.265657514333725,0.0,5.76123046875,810.0,894.7454833984375
ID_Sx5Cni.jpg,cssvd,0.4780685603618622,0.0,83.989501953125,1280.0,934.4017944335938
ID_Sx5Cni.jpg,healthy,0.28575897216796875,0.0,758.630615234375,563.67041015625,960.0
ID_JTlzxh.jpeg,anthracnose,0.9258830547332764,0.0,0.0,3742.406494140625,1797.1231689453125
ID_FyajvQ.jpg,healthy,0.7419756054878235,723.2141723632812,0.0,1922.8145751953125,1439.533935546875
ID_FyajvQ.jpg,healthy,0.4975476861000061,124.29148864746094,1093.4447021484375,514.5532836914062,1598.5072021484375
ID_FyajvQ.jpg,healthy,0.37290769815444946,1466.7757568359375,0.4205772280693054,2292.3935546875,395.7113952636719
ID_FyajvQ.jpg,cssvd,0.263152539730072,0.10957030951976776,11.390564918518066,387.8101806640625,774.3844604492188
ID_HREepb.jpg,anthracnose,0.9351598024368286,57.68925857543945,62.626075744628906,2048.0,1328.96484375
ID_HREepb.jpg,anthracnose,0.2780059278011322,27.570117950439453,1164.2896728515625,2048.0,1530.5478515625
ID_HTPRRT.jpg,anthracnose,0.7980027198791504,0.0,159.4656524658203,1080.0,734.2963256835938
ID_HTPRRT.jpg,anthracnose,0.2533903419971466,0.0,659.4810791015625,1080.0,808.8984985351562
ID_uIkDoe.jpg,cssvd,0.4165303111076355,0.0,4.045200347900391,1077.79931640625,615.5507202148438
ID_HuM6fN.jpg,healthy,0.9327845573425293,49.537452697753906,494.921630859375,2423.099853515625,1761.48486328125
ID_HuM6fN.jpg,healthy,0.8888131380081177,452.9091796875,1017.4617919921875,2448.0,2624.7744140625
ID_HuM6fN.jpg,healthy,0.7260569334030151,0.20816802978515625,0.0,690.756591796875,1196.214111328125
ID_HuM6fN.jpg,healthy,0.5852182507514954,471.41241455078125,1493.2044677734375,2406.644287109375,2605.0244140625
ID_HuM6fN.jpg,healthy,0.3078637719154358,450.6672668457031,1821.2108154296875,2412.147216796875,2605.401123046875
ID_HuM6fN.jpg,healthy,0.26330673694610596,1.3508743047714233,0.0,651.305908203125,835.2376098632812
ID_V2UnP2.jpg,healthy,0.5925708413124084,0.0,79.26362609863281,1069.23291015625,682.8392333984375
ID_V2UnP2.jpg,cssvd,0.2648504674434662,0.0,94.63574981689453,1026.9493408203125,677.511474609375
ID_ZGRNor.jpg,healthy,0.5609341263771057,937.44775390625,418.8989562988281,3121.131103515625,1466.3909912109375
ID_ZGRNor.jpg,healthy,0.5439309477806091,909.4096069335938,0.0,2500.1396484375,375.9757385253906
ID_ZGRNor.jpg,healthy,0.5216624140739441,891.2804565429688,0.0,3088.43603515625,414.4134216308594
ID_ZGRNor.jpg,healthy,0.26350730657577515,861.0383911132812,0.0,3210.809814453125,562.6275634765625
ID_ZGRNor.jpg,healthy,0.2521609663963318,870.8243408203125,0.0,2013.3111572265625,391.492919921875
ID_HBcXbz.jpg,cssvd,0.5925455689430237,0.0,0.0,1280.0,909.2294311523438
ID_TF3v0I.jpg,2,1.0,,,,
ID_tf5cZg.jpeg,healthy,0.8658891916275024,0.0,248.2509002685547,4032.0,2364.9609375
ID_tf5cZg.jpeg,healthy,0.7725194692611694,2430.541259765625,2470.6015625,3519.412353515625,3024.0
ID_tf5cZg.jpeg,healthy,0.5259796977043152,3154.297607421875,0.0,4029.240966796875,1182.5159912109375
ID_tf5cZg.jpeg,healthy,0.5215361714363098,1.4591628313064575,1908.3504638671875,414.0317687988281,2850.238037109375
ID_tf5cZg.jpeg,healthy,0.5115602016448975,2883.7373046875,0.0,4011.378662109375,778.1168823242188
ID_tf5cZg.jpeg,healthy,0.3896450698375702,3312.31494140625,923.8265991210938,4032.0,2865.567138671875
ID_tf5cZg.jpeg,healthy,0.34207767248153687,1982.7799072265625,2389.29833984375,3532.39501953125,3022.098388671875
ID_ERLFdx.jpg,cssvd,0.7504067420959473,0.0,0.0,1280.0,960.0
ID_AopVga.jpg,healthy,0.7349541187286377,69.96125030517578,75.14180755615234,373.248046875,334.04779052734375
ID_AopVga.jpg,healthy,0.6635266542434692,372.5792541503906,38.00811767578125,415.36602783203125,140.93177795410156
ID_AopVga.jpg,healthy,0.4896847903728485,12.612075805664062,285.2483215332031,86.03075408935547,416.0
ID_AopVga.jpg,healthy,0.48377475142478943,57.89973068237305,46.35391616821289,331.22845458984375,368.14764404296875
ID_AopVga.jpg,healthy,0.46519705653190613,113.55854797363281,1.9789016246795654,310.95556640625,120.39749908447266
ID_AopVga.jpg,healthy,0.35743364691734314,22.156734466552734,324.6577453613281,79.32086944580078,415.2856750488281
ID_AopVga.jpg,healthy,0.35228636860847473,53.386566162109375,0.47280120849609375,339.75262451171875,115.60063934326172
ID_AopVga.jpg,healthy,0.2519606947898865,374.1817932128906,2.425736904144287,416.0,135.9654998779297
ID_dRyjub.jpg,anthracnose,0.8334916830062866,51.599220275878906,492.3515625,2048.0,1314.8271484375
ID_dRyjub.jpg,anthracnose,0.537811815738678,1112.502197265625,21.688282012939453,1934.187744140625,538.4881591796875
ID_dRyjub.jpg,anthracnose,0.3472450375556946,15.846460342407227,12.208593368530273,814.9818115234375,569.2672729492188
ID_dRyjub.jpg,anthracnose,0.3034982979297638,610.1785278320312,17.773340225219727,2036.3687744140625,526.4924926757812
ID_wErPQs.jpg,healthy,0.5243891477584839,84.85905456542969,13.210622787475586,322.55157470703125,277.99200439453125
ID_wErPQs.jpg,healthy,0.4119970202445984,132.859375,313.21728515625,271.7817687988281,407.9469909667969
ID_wErPQs.jpg,healthy,0.38866424560546875,353.79638671875,34.33700942993164,416.0,389.39862060546875
ID_wErPQs.jpg,healthy,0.38703882694244385,85.21385192871094,19.54808235168457,292.82421875,209.0760040283203
ID_wErPQs.jpg,healthy,0.32939404249191284,72.02999114990234,8.05596923828125,354.61663818359375,364.284912109375
ID_wErPQs.jpg,healthy,0.2902509868144989,131.37396240234375,313.859375,385.2095031738281,410.1853942871094
ID_sVtcQI.jpeg,healthy,0.8564795851707458,27.50116729736328,763.0005493164062,3024.0,3013.1728515625
ID_sVtcQI.jpeg,healthy,0.7666977047920227,0.0,2797.562255859375,1086.3084716796875,4032.0
ID_sVtcQI.jpeg,healthy,0.5970860123634338,0.0,2304.278076171875,1044.8629150390625,4029.51171875
ID_sVtcQI.jpeg,healthy,0.3471025228500366,2133.046630859375,3539.9384765625,2836.056640625,3972.20068359375
ID_sVtcQI.jpeg,healthy,0.31375521421432495,4.902071952819824,3046.251708984375,2197.447998046875,4030.686767578125
ID_sVtcQI.jpeg,healthy,0.29519009590148926,534.6671752929688,394.0946350097656,2132.619873046875,1172.5810546875
ID_sVtcQI.jpeg,healthy,0.273937851190567,1.6063385009765625,2601.49658203125,703.2163696289062,4029.6962890625
ID_sVtcQI.jpeg,healthy,0.2640056908130646,2051.302490234375,3465.442138671875,3022.25146484375,4032.0
ID_TbaWHO.jpeg,cssvd,0.42817336320877075,484.9200134277344,1.9166473150253296,4032.0,2187.294921875
ID_TbaWHO.jpeg,cssvd,0.2505698800086975,591.1163940429688,0.0,4011.13427734375,1561.384033203125
ID_JI3AOF.jpg,healthy,0.42117828130722046,39.756900787353516,887.0629272460938,2715.908447265625,1796.5972900390625
ID_JI3AOF.jpg,healthy,0.41502779722213745,0.0,414.38946533203125,2922.986328125,1783.92919921875
ID_JI3AOF.jpg,healthy,0.3401784300804138,1207.8118896484375,895.8267822265625,2557.940673828125,1783.009765625
ID_FVwyw8.jpeg,healthy,0.7866172194480896,0.0,215.6331024169922,4032.0,2380.475830078125
ID_aVsPYb.jpg,cssvd,0.6419231295585632,7.05810546875,0.0,1280.0,816.6103515625
ID_VHvV8H.jpg,healthy,0.5368436574935913,393.3744201660156,337.3648376464844,1113.685302734375,788.2060546875
ID_VHvV8H.jpg,cssvd,0.32056257128715515,426.6158142089844,1.183447241783142,1381.662353515625,450.4817810058594
ID_VHvV8H.jpg,anthracnose,0.2602306604385376,410.02490234375,2.159374952316284,1434.319580078125,508.3726501464844
ID_iGN3un.jpg,anthracnose,0.839409589767456,392.6578063964844,0.701953113079071,2032.544677734375,878.1865234375
ID_k9lo30.jpg,healthy,0.7629088163375854,1454.068603515625,0.0,1828.7142333984375,377.7041320800781
ID_k9lo30.jpg,healthy,0.7062100172042847,1689.125,0.0,2046.317138671875,659.0974731445312
ID_k9lo30.jpg,healthy,0.6929131746292114,1452.3597412109375,0.0,1981.673095703125,499.5703125
ID_k9lo30.jpg,healthy,0.6508055329322815,959.8687744140625,133.40646362304688,1639.979248046875,723.1959228515625
ID_k9lo30.jpg,healthy,0.4817548394203186,7.636523246765137,0.0,1781.4310302734375,296.6815185546875
ID_k9lo30.jpg,healthy,0.2998772859573364,1759.4722900390625,0.0,2045.9644775390625,457.6639709472656
ID_k9lo30.jpg,cssvd,0.29415151476860046,0.0,314.9087829589844,1984.747314453125,1521.749267578125
ID_HSAN5m.jpeg,healthy,0.7952907085418701,790.2415161132812,608.4669799804688,3994.510498046875,1823.698486328125
ID_HSAN5m.jpeg,healthy,0.2840106785297394,12.681037902832031,521.4032592773438,949.1057739257812,1676.739501953125
ID_D1Efw8.jpg,cssvd,0.6259905099868774,332.2104797363281,1.3260841369628906,1080.0,461.1436767578125
ID_D1Efw8.jpg,cssvd,0.4818556606769562,415.3489074707031,449.2493896484375,1070.1507568359375,806.9198608398438
ID_D1Efw8.jpg,healthy,0.40408504009246826,446.0930480957031,451.31890869140625,1072.9139404296875,810.0
ID_Nbmn82.jpg,healthy,0.9087275862693787,1427.0450439453125,1169.3721923828125,2004.4105224609375,1530.879150390625
ID_zkewDU.jpg,cssvd,0.4703771770000458,188.08837890625,151.74456787109375,1280.0,784.988037109375
ID_hBG2hR.jpg,cssvd,0.4742352068424225,111.127197265625,9.0137939453125,1276.011474609375,911.8394165039062
ID_hBG2hR.jpg,healthy,0.2744307518005371,0.0,0.0,698.12255859375,195.71437072753906
ID_rANrt1.jpeg,healthy,0.903378963470459,0.0,84.21058654785156,4032.0,2808.61279296875
ID_rANrt1.jpeg,healthy,0.7237069606781006,0.0,1788.96728515625,1117.539306640625,3023.10595703125
ID_rANrt1.jpeg,healthy,0.5542151927947998,0.0,20.46442413330078,3929.9423828125,1163.8082275390625
ID_rANrt1.jpeg,healthy,0.43219733238220215,236.6541290283203,720.6509399414062,4032.0,2655.282958984375
ID_rANrt1.jpeg,healthy,0.3682097792625427,1.4398406744003296,1863.6683349609375,2248.38037109375,3023.2880859375
ID_rANrt1.jpeg,healthy,0.2876302897930145,0.0,99.66143035888672,4032.0,1903.839599609375
ID_rANrt1.jpeg,healthy,0.2824649214744568,0.0,2133.200439453125,3260.499755859375,3024.0
ID_flvZnD.jpeg,healthy,0.9499090909957886,1779.0692138671875,884.3739013671875,3187.392578125,1647.4029541015625
ID_flvZnD.jpeg,healthy,0.852226972579956,993.0458374023438,5.98912239074707,2245.41015625,618.30615234375
ID_flvZnD.jpeg,healthy,0.6470938920974731,1667.1722412109375,221.13124084472656,2640.047119140625,965.845703125
ID_flvZnD.jpeg,healthy,0.35807356238365173,988.5872192382812,0.0,2795.745849609375,589.1090698242188
ID_flvZnD.jpeg,healthy,0.2845158874988556,40.87810516357422,0.0,2484.876953125,608.6192016601562
ID_flvZnD.jpeg,healthy,0.2619789242744446,998.4794921875,18.135499954223633,2603.31494140625,747.4404296875
ID_T4dbK0.jpeg,anthracnose,0.5146979689598083,976.2070922851562,569.6116943359375,2147.70947265625,3002.068359375
ID_T4dbK0.jpeg,healthy,0.3806001842021942,1650.599365234375,2640.540283203125,2216.53857421875,3024.0
ID_Ww6XF5.jpeg,healthy,0.726041853427887,0.0,1839.2696533203125,3276.6650390625,2849.4013671875
ID_Ww6XF5.jpeg,cssvd,0.45334088802337646,244.62986755371094,0.0,4032.0,1753.561279296875
ID_Ww6XF5.jpeg,healthy,0.4344804584980011,198.99447631835938,0.0,4024.44091796875,1768.7811279296875
ID_pEZw7i.jpg,cssvd,0.6471264362335205,145.1986083984375,23.92388916015625,1280.0,736.9237670898438
ID_pEZw7i.jpg,healthy,0.43471741676330566,752.037109375,517.3259887695312,1278.68212890625,869.8242797851562
ID_YGGSTX.jpg,healthy,0.928127646446228,502.533447265625,1690.4488525390625,1679.203125,2475.65283203125
ID_YGGSTX.jpg,healthy,0.8910827040672302,365.1522521972656,841.7529907226562,1502.2587890625,1859.161376953125
ID_YGGSTX.jpg,healthy,0.32821667194366455,0.0,0.0,1856.594970703125,681.85205078125
ID_nBlDry.jpg,healthy,0.6062875986099243,437.8466796875,461.8091735839844,1954.5738525390625,1291.437255859375
ID_Suoisd.JPG,2,1.0,,,,
ID_GqsAlR.jpg,anthracnose,0.7175467610359192,210.2569580078125,162.35427856445312,1277.957275390625,953.06591796875
ID_GqsAlR.jpg,anthracnose,0.3638344407081604,54.56982421875,28.53216552734375,1273.1087646484375,684.76904296875
ID_GqsAlR.jpg,anthracnose,0.31475669145584106,0.0,9.9814453125,1270.780029296875,958.0
ID_Cc4hHM.jpg,cssvd,0.3551124334335327,22.7027587890625,153.71533203125,901.870361328125,493.66424560546875
ID_CuBkOO.jpg,cssvd,0.3243628442287445,64.32758331298828,69.2568130493164,382.6671447753906,413.31707763671875
ID_g3WNqx.jpg,healthy,0.8879745006561279,703.1541137695312,582.2466430664062,2886.998291015625,1636.1312255859375
ID_Cw5fwO.jpg,anthracnose,0.8955206871032715,0.0,105.50273132324219,1371.774658203125,2018.2926025390625
ID_Cw5fwO.jpg,anthracnose,0.43868571519851685,0.0,503.54998779296875,1536.0,2043.686767578125
ID_Cw5fwO.jpg,anthracnose,0.43155768513679504,325.05517578125,44.849220275878906,1244.800537109375,2046.7847900390625
ID_Cw5fwO.jpg,anthracnose,0.27291324734687805,39.46923828125,889.8966674804688,1385.8818359375,2039.559814453125
ID_uxLkJr.jpg,cssvd,0.6017831563949585,0.0,0.0,1280.0,755.3974609375
ID_uxLkJr.jpg,cssvd,0.2528081238269806,128.8695068359375,0.0,1274.87451171875,353.30841064453125
ID_ROrXbg.jpg,cssvd,0.5535719990730286,0.0,0.0,490.2937927246094,768.0578002929688
ID_ROrXbg.jpg,cssvd,0.362143337726593,135.0124969482422,1045.8514404296875,1984.521484375,1445.5089111328125
ID_ROrXbg.jpg,healthy,0.3308350741863251,387.489013671875,103.5190200805664,1549.875,740.1174926757812
ID_ROrXbg.jpg,cssvd,0.2643309533596039,372.6688537597656,97.9627685546875,1607.77880859375,867.2791748046875
ID_yuZIAA.jpeg,healthy,0.7829226851463318,0.0,1518.0189208984375,4032.0,2223.344970703125
ID_yuZIAA.jpeg,healthy,0.7667577862739563,0.0,625.7775268554688,4032.0,1588.6302490234375
ID_yuZIAA.jpeg,healthy,0.7450437545776367,0.0,619.7265014648438,4032.0,2072.213623046875
ID_yuZIAA.jpeg,healthy,0.6652979254722595,19.309898376464844,0.0,3769.73046875,1145.1181640625
ID_yuZIAA.jpeg,healthy,0.5945352911949158,0.0,0.0,3639.05419921875,802.1669311523438
ID_yuZIAA.jpeg,healthy,0.5171260237693787,0.0,2224.288330078125,3675.92578125,2796.1962890625
ID_yuZIAA.jpeg,healthy,0.5000104904174805,2.84675669670105,2073.336669921875,365.9298095703125,3011.189208984375
ID_yuZIAA.jpeg,healthy,0.464652419090271,0.0,1191.181640625,3995.461181640625,2267.322021484375
ID_yuZIAA.jpeg,healthy,0.3345474302768707,0.9038177132606506,1984.78173828125,2497.49072265625,2804.3994140625
ID_pYkIQk.JPG,anthracnose,0.506379246711731,1770.5706787109375,8.828969955444336,3250.693603515625,1610.481689453125
ID_pYkIQk.JPG,healthy,0.2534646689891815,0.0,1756.206298828125,630.5369873046875,2445.325439453125
ID_mNXgiD.jpg,anthracnose,0.9150235056877136,635.2017822265625,0.0,4128.0,2814.359375
ID_mNXgiD.jpg,anthracnose,0.48151978850364685,594.327880859375,0.0,3584.07421875,1384.6385498046875
ID_mNXgiD.jpg,anthracnose,0.36015164852142334,3740.629150390625,0.0,4128.0,2864.10400390625
ID_geqhfZ.jpg,cssvd,0.6118914484977722,0.0,421.7525634765625,1080.0,806.9404907226562
ID_geqhfZ.jpg,cssvd,0.5680419206619263,2.723957061767578,168.40618896484375,1078.955078125,485.00701904296875
ID_geqhfZ.jpg,cssvd,0.3986486792564392,47.67228698730469,262.18768310546875,1078.8074951171875,807.7254028320312
ID_geqhfZ.jpg,cssvd,0.3751659095287323,3.729360580444336,0.9350824356079102,709.4166259765625,308.175048828125
ID_geqhfZ.jpg,cssvd,0.2732946276664734,4.8008880615234375,0.0,899.203369140625,249.1175537109375
ID_nT9Wsn.jpeg,healthy,0.6781474351882935,6.95176362991333,2811.863525390625,2686.997314453125,4032.0
ID_nT9Wsn.jpeg,healthy,0.6528892517089844,0.9025920629501343,1623.3397216796875,339.4022216796875,2458.34716796875
ID_nT9Wsn.jpeg,healthy,0.6112290024757385,0.14929045736789703,3223.45166015625,934.1829833984375,4029.119873046875
ID_nT9Wsn.jpeg,healthy,0.5180078148841858,897.2926025390625,388.202880859375,3008.6142578125,3771.115234375
ID_nT9Wsn.jpeg,healthy,0.37051641941070557,1669.0419921875,0.0,3020.47412109375,463.2520446777344
ID_nT9Wsn.jpeg,healthy,0.3400988280773163,0.0,2375.9521484375,1379.8670654296875,3151.12451171875
ID_nT9Wsn.jpeg,cssvd,0.33764180541038513,0.0,0.0,1074.6463623046875,997.7100830078125
ID_nT9Wsn.jpeg,healthy,0.3042590320110321,0.0,1034.822265625,369.6980285644531,2552.44921875
ID_RD8L7Q.jpg,anthracnose,0.730924129486084,121.76310729980469,1.0425338745117188,801.1121215820312,929.360107421875
ID_RD8L7Q.jpg,anthracnose,0.46473896503448486,309.94830322265625,618.3060302734375,805.323974609375,1080.0
ID_RD8L7Q.jpg,anthracnose,0.39228248596191406,1.9938640594482422,125.14299774169922,810.0,1022.102783203125
ID_AvhFY7.jpg,anthracnose,0.8109564185142517,149.91722106933594,1881.77294921875,4128.0,2916.8271484375
ID_AvhFY7.jpg,anthracnose,0.7240288257598877,229.81077575683594,1070.6558837890625,4128.0,1858.7147216796875
ID_AvhFY7.jpg,anthracnose,0.3147936165332794,0.046749114990234375,1.379246473312378,1588.40625,1696.8878173828125
ID_EDbrKH.jpg,cssvd,0.5965217351913452,0.0,43.64788818359375,1280.0,958.6441650390625
ID_OpSbvu.jpg,cssvd,0.6992301344871521,0.0,0.0,1280.0,808.994873046875
ID_MpNTbH.jpg,cssvd,0.6121125221252441,113.74546813964844,6.328897476196289,1076.0927734375,540.8489990234375
ID_GkVLBT.jpg,healthy,0.42821651697158813,2131.876953125,1916.58740234375,2551.851806640625,2442.91455078125
ID_GkVLBT.jpg,healthy,0.31452271342277527,3.1912548542022705,1595.9566650390625,300.5929260253906,2297.562744140625
ID_PH0j4i.jpg,anthracnose,0.5918225049972534,275.16796875,0.0,2045.096435546875,1491.967041015625
ID_PH0j4i.jpg,anthracnose,0.35381636023521423,924.1652221679688,13.61328125,2034.7825927734375,1082.0726318359375
ID_PH0j4i.jpg,anthracnose,0.3403615951538086,1194.498046875,19.474803924560547,2048.0,1286.932373046875
ID_ksM9yC.JPG,healthy,0.6103956699371338,0.0,1186.8948974609375,3151.40966796875,1822.1221923828125
ID_ksM9yC.JPG,healthy,0.3861449956893921,0.0,1179.1978759765625,2273.66943359375,1810.01220703125
ID_ksM9yC.JPG,healthy,0.290878027677536,0.0,1175.8077392578125,1406.6737060546875,1773.102294921875
ID_yE8O3e.jpeg,anthracnose,0.6268235445022583,253.36427307128906,0.0,4010.9365234375,1693.3992919921875
ID_yE8O3e.jpeg,healthy,0.2547249495983124,53.343894958496094,0.0,4032.0,1721.1640625
ID_XSQdrt.jpeg,healthy,0.7863889336585999,988.5093383789062,356.7917175292969,4032.0,2208.914794921875
ID_XSQdrt.jpeg,healthy,0.7212510704994202,0.0,639.7772827148438,521.8975219726562,1303.0830078125
ID_XSQdrt.jpeg,healthy,0.3893321752548218,1077.515625,1745.173828125,3860.967041015625,3023.310546875
ID_XSQdrt.jpeg,healthy,0.3520433306694031,432.771240234375,1277.591552734375,944.4020385742188,2212.623779296875
ID_XSQdrt.jpeg,healthy,0.2652612328529358,322.18707275390625,0.0,3917.0068359375,341.226806640625
ID_gN3hhG.jpg,healthy,0.8627439737319946,682.9967041015625,524.9132080078125,1608.2838134765625,1001.55712890625
ID_gN3hhG.jpg,healthy,0.5333892703056335,196.56454467773438,1188.179931640625,957.7776489257812,1536.0
ID_gN3hhG.jpg,healthy,0.4699798822402954,653.4254150390625,1333.310302734375,1997.86328125,1531.679931640625
ID_gN3hhG.jpg,healthy,0.3108923137187958,894.4326171875,1367.0191650390625,2003.5439453125,1536.0
ID_vrrjg8.jpg,healthy,0.4392511248588562,0.0,0.4858551025390625,358.0513916015625,164.49359130859375
ID_vrrjg8.jpg,healthy,0.4080817699432373,0.0,88.3169174194336,188.776123046875,320.7043151855469
ID_vrrjg8.jpg,cssvd,0.33304697275161743,0.0,136.8319091796875,1280.0,960.0
ID_V7syTo.jpg,anthracnose,0.7136543989181519,530.3103637695312,297.4722595214844,1498.2828369140625,912.6160278320312
ID_V7syTo.jpg,anthracnose,0.5669156908988953,666.2742309570312,0.977246105670929,2042.740478515625,496.87371826171875
ID_V7syTo.jpg,anthracnose,0.5311059355735779,179.55020141601562,2.59521484375,2048.0,1515.4530029296875
ID_V7syTo.jpg,anthracnose,0.3351115584373474,101.8333740234375,1015.0640869140625,740.6109619140625,1505.990234375
ID_V7syTo.jpg,anthracnose,0.28625258803367615,288.00115966796875,284.15185546875,1909.6605224609375,984.9522705078125
ID_L7l34l.jpg,anthracnose,0.8209023475646973,96.4683609008789,193.8141632080078,2024.5386962890625,1016.8473510742188
ID_L7l34l.jpg,anthracnose,0.43623587489128113,49.362693786621094,10.315332412719727,2016.501953125,1496.9730224609375
ID_L7l34l.jpg,anthracnose,0.33368003368377686,500.0122985839844,0.9075927734375,2041.626953125,224.5343475341797
ID_Q3N927.jpg,anthracnose,0.7736623287200928,660.0625,410.802490234375,2027.467041015625,1354.3333740234375
ID_Q3N927.jpg,anthracnose,0.38851040601730347,662.0933837890625,1086.7025146484375,1998.5751953125,1528.459228515625
ID_Q3N927.jpg,anthracnose,0.34939202666282654,38.776123046875,602.2901000976562,749.8775634765625,1113.760009765625
ID_Q3N927.jpg,anthracnose,0.27236562967300415,109.53105163574219,41.53764724731445,1715.204345703125,600.0249633789062
ID_Q3N927.jpg,anthracnose,0.26960015296936035,660.4417724609375,584.1566162109375,1992.587890625,1529.955078125
ID_Latri8.jpeg,healthy,0.7382684946060181,0.0,177.541259765625,4032.0,2579.574951171875
ID_Latri8.jpeg,healthy,0.6958926320075989,3530.919189453125,1992.2423095703125,4032.0,3017.660400390625
ID_Latri8.jpeg,healthy,0.27231764793395996,3729.14697265625,1976.8226318359375,4032.0,3024.0
ID_RirekC.jpg,2,1.0,,,,
ID_qd0l5v.jpeg,healthy,0.8779309391975403,0.0,328.5937805175781,4032.0,2710.18505859375
ID_qd0l5v.jpeg,healthy,0.3513753116130829,53.87645721435547,419.4604797363281,4032.0,1995.443603515625
ID_qA8Iv8.jpg,anthracnose,0.9282609820365906,0.0,362.76251220703125,4128.0,2804.639892578125
ID_qA8Iv8.jpg,anthracnose,0.3530656099319458,79.05029296875,2544.33203125,4128.0,3090.5908203125
ID_qA8Iv8.jpg,anthracnose,0.26736775040626526,548.9417114257812,196.7427215576172,4098.0654296875,2432.35009765625
ID_k2TRcU.jpg,cssvd,0.4907371699810028,0.0,68.84869384765625,1080.0,619.8485717773438
ID_k2TRcU.jpg,healthy,0.47816208004951477,0.0,3.5574331283569336,1080.0,301.1003112792969
ID_k2TRcU.jpg,cssvd,0.43342429399490356,36.068458557128906,601.7340087890625,1080.0,809.0843505859375
ID_k2TRcU.jpg,cssvd,0.33787909150123596,0.0,223.67547607421875,1080.0,637.0442504882812
ID_smDdal.jpg,anthracnose,0.4945985972881317,2007.5830078125,0.0,3264.0,2435.564453125
ID_smDdal.jpg,anthracnose,0.29317283630371094,689.7855834960938,1.629547119140625,2388.905029296875,2061.821533203125
ID_PH3bRp.jpg,healthy,0.5980951189994812,48.81230545043945,1020.5582275390625,2044.878173828125,1532.780029296875
ID_PH3bRp.jpg,healthy,0.5793092846870422,49.58203125,20.847021102905273,2048.0,562.9251098632812
ID_PH3bRp.jpg,anthracnose,0.3513157367706299,10.537694931030273,61.24052810668945,2047.710205078125,990.0162963867188
ID_PH3bRp.jpg,healthy,0.31657397747039795,12.519335746765137,64.8319320678711,2048.0,1019.0263671875
ID_PH3bRp.jpg,healthy,0.3044683337211609,87.7738265991211,651.9641723632812,2042.619873046875,1536.0
ID_PH3bRp.jpg,anthracnose,0.28310832381248474,36.08671951293945,383.1986389160156,2048.0,1527.8013916015625
ID_I039Xf.jpg,anthracnose,0.7854776382446289,380.8704833984375,214.31854248046875,1280.0,800.8465576171875
ID_I039Xf.jpg,anthracnose,0.4757459759712219,388.513671875,25.033935546875,1275.357666015625,730.3482666015625
ID_I039Xf.jpg,anthracnose,0.3400074541568756,448.017333984375,129.3897247314453,837.729736328125,503.00640869140625
ID_I039Xf.jpg,anthracnose,0.33788758516311646,95.57917785644531,385.2668151855469,477.45111083984375,733.599853515625
ID_I039Xf.jpg,anthracnose,0.32761383056640625,311.3223876953125,725.4270629882812,1272.755859375,958.2697143554688
ID_I039Xf.jpg,anthracnose,0.2920762598514557,352.8695983886719,505.8036193847656,1276.218017578125,959.5545654296875
ID_jSMFXp.jpg,anthracnose,0.7791284322738647,253.81405639648438,1.510009765625,1275.9556884765625,729.515625
ID_jSMFXp.jpg,anthracnose,0.6745800971984863,272.0806884765625,316.22314453125,1280.0,920.7098388671875
ID_jSMFXp.jpg,anthracnose,0.6470806002616882,293.9853820800781,501.2164306640625,1280.0,951.45654296875
ID_jSMFXp.jpg,anthracnose,0.4000616669654846,316.8837890625,652.404052734375,1280.0,947.796875
ID_jSMFXp.jpg,anthracnose,0.3553702235221863,0.0,645.3424072265625,273.33984375,947.3094482421875
ID_jSMFXp.jpg,anthracnose,0.3223085105419159,233.2196044921875,166.92022705078125,1277.2857666015625,794.298583984375
ID_jSMFXp.jpg,anthracnose,0.25885358452796936,293.6676025390625,754.4915161132812,1280.0,955.7863159179688
ID_ABDCyn.jpeg,healthy,0.7439011931419373,492.7381286621094,0.0,4032.0,1679.86474609375
ID_ABDCyn.jpeg,healthy,0.6644278764724731,0.0,9.158916473388672,607.3908081054688,2843.6728515625
ID_ABDCyn.jpeg,healthy,0.6212920546531677,448.9707336425781,1186.7935791015625,3379.633544921875,2984.762939453125
ID_ABDCyn.jpeg,healthy,0.6024577021598816,0.0,49.048980712890625,435.889892578125,2587.61474609375
ID_ABDCyn.jpeg,healthy,0.46923837065696716,356.27337646484375,0.0,3742.630859375,2188.1220703125
ID_ABDCyn.jpeg,healthy,0.4528743624687195,491.6831970214844,2309.15380859375,2911.316162109375,3021.28955078125
ID_ABDCyn.jpeg,healthy,0.326302707195282,324.96380615234375,899.0736694335938,877.0657958984375,1697.5982666015625
ID_fMQTN0.jpg,anthracnose,0.9206967353820801,9.296699523925781,0.0,1062.940185546875,612.8917236328125
ID_fMQTN0.jpg,anthracnose,0.30264005064964294,11.814971923828125,222.12269592285156,1053.615234375,612.8630981445312
ID_fMQTN0.jpg,cssvd,0.2790665924549103,0.0,561.7930297851562,1059.0146484375,807.8897705078125
ID_ibtYVQ.jpg,healthy,0.7863510847091675,80.63729858398438,0.0,986.6495361328125,451.75799560546875
ID_u0EnNo.jpg,healthy,0.6334825754165649,315.2699890136719,128.2897491455078,809.2325439453125,526.3394775390625
ID_u0EnNo.jpg,healthy,0.48404085636138916,999.7442626953125,566.2759399414062,1080.0,801.9048461914062
ID_u0EnNo.jpg,healthy,0.3695700764656067,841.06201171875,385.3174743652344,964.5096435546875,516.7266235351562
ID_u0EnNo.jpg,healthy,0.3373092710971832,0.0,0.0,1080.0,202.26451110839844
ID_ki8k4f.jpg,cssvd,0.7934700846672058,102.82470703125,0.0,1274.484130859375,960.0
ID_geuLOB.jpg,cssvd,0.6800737380981445,0.0,23.51702880859375,1280.0,797.8858642578125
ID_geuLOB.jpg,healthy,0.43383967876434326,0.0,778.60107421875,709.8779296875,958.6201171875
ID_rvTrG9.jpg,cssvd,0.3671669065952301,0.0,0.0,1080.0,614.48095703125
ID_rvTrG9.jpg,healthy,0.35669630765914917,0.0,493.8892517089844,663.24169921875,779.6430053710938
ID_rvTrG9.jpg,healthy,0.31833407282829285,0.0,22.04930305480957,1080.0,598.7442626953125
ID_rvTrG9.jpg,healthy,0.2979671061038971,0.0,537.8943481445312,279.6819152832031,810.0
ID_pO0cXq.jpeg,cssvd,0.33536297082901,199.8463897705078,507.8267517089844,2779.718994140625,3010.55517578125
ID_Vy2tc0.jpg,healthy,0.646052896976471,0.2293701171875,720.5826416015625,199.8067626953125,960.0
ID_Vy2tc0.jpg,cssvd,0.5887627601623535,60.6981201171875,44.60272216796875,1280.0,898.02099609375
ID_Vy2tc0.jpg,healthy,0.25672829151153564,0.0,718.9451904296875,387.16021728515625,960.0
ID_EWolCN.jpeg,healthy,0.9084101319313049,1310.4549560546875,91.19657135009766,3106.15283203125,1952.9268798828125
ID_EWolCN.jpeg,healthy,0.6645612716674805,0.0,0.6371520757675171,1471.548095703125,463.8014221191406
ID_EWolCN.jpeg,healthy,0.3613828420639038,0.0,0.0,2001.79833984375,392.7735900878906
ID_Ljsm1u.jpg,anthracnose,0.8342927098274231,348.3460693359375,0.0,4128.0,2569.479736328125
ID_Ljsm1u.jpg,anthracnose,0.7112690806388855,296.2149963378906,712.6887817382812,4128.0,2526.6708984375
ID_Ljsm1u.jpg,anthracnose,0.5224692821502686,266.07666015625,2531.1240234375,4128.0,3086.656982421875
ID_Ljsm1u.jpg,anthracnose,0.4487888216972351,0.0,76.82582092285156,778.6989135742188,1720.7025146484375
ID_Ljsm1u.jpg,anthracnose,0.3112732470035553,454.07305908203125,1985.8614501953125,4119.0029296875,3087.139892578125
ID_Ljsm1u.jpg,anthracnose,0.3079858124256134,443.67529296875,0.0,4128.0,924.0745849609375
ID_PU4EzR.JPG,healthy,0.8737215995788574,1859.85302734375,1365.8018798828125,2668.443359375,1874.5567626953125
ID_PU4EzR.JPG,healthy,0.8118074536323547,1402.2158203125,444.5577087402344,2239.459228515625,1184.123046875
ID_PU4EzR.JPG,healthy,0.4073799252510071,1187.7030029296875,1190.5791015625,1874.6617431640625,1641.6346435546875
ID_PU4EzR.JPG,healthy,0.2786288559436798,49.0445442199707,395.4296875,2408.56884765625,1202.1357421875
ID_PU4EzR.JPG,healthy,0.26568594574928284,2009.7198486328125,121.0781478881836,3264.0,1302.2099609375
ID_BcNWAl.jpeg,anthracnose,0.8197389245033264,1605.0706787109375,22.468358993530273,3479.67431640625,2286.205078125
ID_BcNWAl.jpeg,anthracnose,0.2886526882648468,0.0,6.750466823577881,1414.1309814453125,1201.632080078125
ID_azCzfu.jpg,cssvd,0.6725339293479919,49.78495788574219,404.868408203125,1076.757080078125,808.2207641601562
ID_w3XyZ2.jpg,healthy,0.7853700518608093,0.8420860171318054,154.1864471435547,85.61821746826172,260.838134765625
ID_w3XyZ2.jpg,healthy,0.6762924790382385,24.317167282104492,0.0,132.3746337890625,83.53140258789062
ID_w3XyZ2.jpg,healthy,0.6687257289886475,3.628912925720215,252.42283630371094,81.91929626464844,371.97412109375
ID_w3XyZ2.jpg,healthy,0.6587165594100952,117.25499725341797,0.0,231.21116638183594,58.831756591796875
ID_w3XyZ2.jpg,healthy,0.6467128396034241,80.94619750976562,81.39496612548828,356.5269775390625,401.908935546875
ID_w3XyZ2.jpg,healthy,0.595142662525177,79.26532745361328,37.904449462890625,201.60592651367188,176.36460876464844
ID_w3XyZ2.jpg,healthy,0.5764039158821106,111.36253356933594,0.13181304931640625,279.9808044433594,65.77609252929688
ID_w3XyZ2.jpg,healthy,0.4934474229812622,31.566696166992188,0.0,134.068115234375,52.087486267089844
ID_w3XyZ2.jpg,healthy,0.48059263825416565,112.85597229003906,0.06490974128246307,205.68028259277344,70.87859344482422
ID_w3XyZ2.jpg,healthy,0.3127714991569519,66.41751098632812,202.4363555908203,116.78128051757812,336.0264587402344
ID_w3XyZ2.jpg,healthy,0.31072717905044556,170.4768524169922,320.8708190917969,309.61431884765625,397.0418701171875
ID_w3XyZ2.jpg,healthy,0.26874563097953796,75.56533813476562,25.53327751159668,127.48584747314453,110.9930419921875
ID_w3XyZ2.jpg,healthy,0.2651500701904297,5.770832538604736,250.47422790527344,114.97321319580078,387.6925048828125
ID_w3XyZ2.jpg,healthy,0.258785218000412,111.87290954589844,0.0,370.8389587402344,62.6124382019043
ID_nSawWh.jpg,anthracnose,0.9487407207489014,0.559765636920929,8.904980659484863,2048.0,1347.2611083984375
ID_nSawWh.jpg,anthracnose,0.673153281211853,389.9252014160156,756.7111206054688,2047.6822509765625,1535.8050537109375
ID_nSawWh.jpg,anthracnose,0.5056131482124329,241.0378875732422,383.54193115234375,2045.1402587890625,1337.787353515625
ID_nSawWh.jpg,anthracnose,0.41357964277267456,123.5738296508789,1141.4580078125,2048.0,1532.253173828125
ID_WWkuVQ.jpg,anthracnose,0.910021960735321,0.0,0.0,828.3162841796875,619.3364868164062
ID_WWkuVQ.jpg,anthracnose,0.29592716693878174,167.0341796875,3.9257240295410156,725.8876342773438,689.0770874023438
ID_FagcvQ.jpg,cssvd,0.7283955216407776,2.4387588500976562,0.0,1076.6243896484375,448.3895263671875
ID_FagcvQ.jpg,cssvd,0.5193207859992981,908.8399658203125,574.6845703125,1079.1881103515625,810.0
ID_FagcvQ.jpg,healthy,0.3022557199001312,0.0,341.60064697265625,313.973876953125,678.031982421875
ID_Mm5qD3.JPG,healthy,0.93134605884552,925.4581298828125,512.4220581054688,2376.026611328125,1444.718505859375
ID_Mm5qD3.JPG,healthy,0.2642884850502014,690.5771484375,507.36578369140625,2284.957275390625,2448.0
ID_UrWagq.jpeg,cssvd,0.6252914667129517,339.968505859375,0.0,4017.421142578125,1909.31640625
ID_UrWagq.jpeg,healthy,0.545444905757904,173.32113647460938,1618.2928466796875,3999.07177734375,3024.0
ID_UrWagq.jpeg,cssvd,0.337591290473938,464.0351257324219,1526.44287109375,3987.869873046875,3017.354248046875
ID_yYAwAy.jpg,cssvd,0.5938879251480103,18.301563262939453,601.5657348632812,1995.083984375,1367.575439453125
ID_yYAwAy.jpg,anthracnose,0.3595597445964813,108.83769226074219,104.42041015625,1259.56640625,559.488037109375
ID_x7GErW.jpg,healthy,0.3262973725795746,1323.790283203125,1124.7310791015625,1560.825439453125,1507.9759521484375
ID_x7GErW.jpg,healthy,0.31695568561553955,0.0,102.07958984375,955.4998168945312,714.1171264648438
ID_x7GErW.jpg,cssvd,0.27490589022636414,1502.1470947265625,395.4291687011719,2046.7451171875,1000.0621948242188
ID_x7GErW.jpg,cssvd,0.2666848599910736,298.33123779296875,78.37841796875,2048.0,1166.9072265625
ID_cgUOgM.jpeg,anthracnose,0.6240201592445374,462.39398193359375,447.98040771484375,3874.483642578125,2301.442138671875
ID_cgUOgM.jpeg,anthracnose,0.6132433414459229,486.1920166015625,1860.984375,3770.3583984375,3017.60888671875
ID_cgUOgM.jpeg,anthracnose,0.573046088218689,491.3526916503906,672.6793823242188,3293.4267578125,2243.189697265625
ID_cgUOgM.jpeg,healthy,0.4130097031593323,0.0,1219.404541015625,481.1298828125,2125.221435546875
ID_cgUOgM.jpeg,healthy,0.3548104763031006,0.0,1183.1160888671875,495.0461120605469,3024.0
ID_cgUOgM.jpeg,healthy,0.2830507755279541,331.27716064453125,0.0,3777.23583984375,411.6024475097656
ID_cgUOgM.jpeg,healthy,0.27715441584587097,1.8862700462341309,1829.334716796875,289.8659973144531,2839.841796875
ID_L5vm7u.jpeg,healthy,0.7019152641296387,1549.430908203125,0.0,2919.25537109375,3014.03466796875
ID_L5vm7u.jpeg,healthy,0.32577621936798096,0.0,11.606588363647461,389.22296142578125,1758.2261962890625
ID_L5vm7u.jpeg,healthy,0.3137279152870178,0.0,2274.558349609375,1184.4886474609375,3023.010986328125
ID_L5vm7u.jpeg,healthy,0.2666507065296173,7.259741306304932,553.8406982421875,390.0094909667969,1594.8099365234375
ID_ZIewmk.jpg,healthy,0.7022388577461243,660.2557373046875,419.5534362792969,1474.7078857421875,1409.0467529296875
ID_ZIewmk.jpg,healthy,0.6304513812065125,914.1699829101562,85.4790267944336,1291.4815673828125,670.0926513671875
ID_ZIewmk.jpg,cssvd,0.44534581899642944,1194.658447265625,33.84726333618164,2448.0,2336.98681640625
ID_nEPxrt.jpeg,healthy,0.8640385270118713,0.0,0.0,4032.0,2632.547607421875
ID_nEPxrt.jpeg,healthy,0.3834228217601776,778.6736450195312,2561.6533203125,4013.014404296875,3014.74951171875
ID_nEPxrt.jpeg,healthy,0.2851599454879761,0.0,2328.673828125,1566.2725830078125,3023.615478515625
ID_vWVDBR.jpg,healthy,0.7236760854721069,977.2997436523438,44.61833190917969,2778.464111328125,3696.407958984375
ID_vWVDBR.jpg,healthy,0.717207133769989,0.0,1426.1986083984375,1142.486572265625,3248.7734375
ID_vWVDBR.jpg,healthy,0.6623557209968567,2218.428466796875,3038.609130859375,3020.8681640625,4032.0
ID_vWVDBR.jpg,healthy,0.40088164806365967,2555.6962890625,1569.989990234375,3024.0,2659.108642578125
ID_vWVDBR.jpg,healthy,0.3279295861721039,2470.464599609375,686.6392211914062,3017.198974609375,2135.334716796875
ID_vWVDBR.jpg,healthy,0.3125356435775757,2747.870361328125,1493.851318359375,3024.0,2681.325927734375
ID_vWVDBR.jpg,healthy,0.25564998388290405,2689.978271484375,1332.532958984375,3024.0,2621.760498046875
ID_QZmSyW.jpg,anthracnose,0.8709254264831543,0.0,50.93212890625,1068.87060546875,821.7991943359375
ID_QZmSyW.jpg,anthracnose,0.4358678460121155,0.0,541.7138671875,996.1917724609375,958.173095703125
ID_QZmSyW.jpg,anthracnose,0.39461782574653625,0.0,664.4859619140625,968.3021240234375,959.263916015625
ID_QZmSyW.jpg,anthracnose,0.2596151530742645,312.7945251464844,84.063232421875,1017.4210205078125,698.5758056640625
ID_QZmSyW.jpg,anthracnose,0.2526187300682068,0.0,231.9642333984375,1024.68701171875,946.868408203125
ID_VbGL5b.JPG,healthy,0.7684605717658997,111.38818359375,400.6939697265625,3093.449462890625,1578.146484375
ID_VbGL5b.JPG,healthy,0.38646817207336426,137.4833526611328,0.0,1460.7391357421875,710.8634643554688
ID_VbGL5b.JPG,healthy,0.3261428773403168,2368.720947265625,875.667724609375,3251.74169921875,1562.8021240234375
ID_VbGL5b.JPG,healthy,0.2859213352203369,121.41947174072266,0.0,1960.6300048828125,543.212646484375
ID_lAOfwa.jpg,cssvd,0.6733510494232178,0.0,19.8787841796875,1275.82470703125,854.7048950195312
ID_lAOfwa.jpg,healthy,0.3116914927959442,0.0,49.24603271484375,1280.0,846.3995971679688
ID_EBhZzJ.jpeg,anthracnose,0.9370542168617249,48.28099822998047,99.46826171875,2837.265869140625,2107.82666015625
ID_EBhZzJ.jpeg,anthracnose,0.5643261671066284,26.886127471923828,988.5000610351562,2713.09765625,2208.65380859375
ID_EBhZzJ.jpeg,anthracnose,0.394879549741745,0.0,0.0,2465.3115234375,771.466552734375
ID_EBhZzJ.jpeg,healthy,0.31815850734710693,0.0,2691.8916015625,2434.59619140625,3020.296630859375
ID_EmeUOz.jpg,healthy,0.8033267855644226,9.217074394226074,69.5206069946289,359.6152038574219,223.7958984375
ID_lyD4g5.jpg,anthracnose,0.864330530166626,234.2236328125,67.79736328125,1947.298828125,1183.539794921875
ID_lyD4g5.jpg,anthracnose,0.8331167101860046,405.6488342285156,355.8340759277344,1766.8040771484375,1177.2205810546875
ID_lyD4g5.jpg,anthracnose,0.29372289776802063,152.93359375,1152.5712890625,1988.391845703125,1532.525634765625
ID_gzfe9f.jpg,healthy,0.7931094765663147,703.078125,670.8847045898438,3264.0,1732.902099609375
ID_gzfe9f.jpg,healthy,0.5967386960983276,562.6671752929688,0.0,3243.419921875,825.3692626953125
ID_gzfe9f.jpg,healthy,0.49241334199905396,707.0449829101562,1604.7059326171875,1988.3111572265625,2448.0
ID_gzfe9f.jpg,healthy,0.47260385751724243,673.2980346679688,1276.4305419921875,3081.95703125,2301.6923828125
ID_gzfe9f.jpg,healthy,0.45997968316078186,579.402099609375,1529.2174072265625,2932.254150390625,2276.115234375
ID_gzfe9f.jpg,healthy,0.2951471507549286,704.2360229492188,1298.672607421875,2570.013671875,2448.0
ID_gzfe9f.jpg,healthy,0.2812723219394684,0.0,2008.2130126953125,613.0933837890625,2448.0
ID_gzfe9f.jpg,healthy,0.2765316069126129,746.5744018554688,9.976034164428711,2809.728271484375,921.4548950195312
ID_zHJAX9.jpg,anthracnose,0.2916734218597412,17.243358612060547,0.0,1684.883544921875,442.4072265625
ID_q4kHuE.jpg,anthracnose,0.5798413753509521,88.97887420654297,0.0,3165.302978515625,1831.297119140625
ID_q4kHuE.jpg,cssvd,0.26114943623542786,90.9819564819336,1.1353912353515625,2974.065673828125,1831.578857421875
ID_ZGTOCS.jpg,healthy,0.8035964369773865,83.2351303100586,225.85317993164062,267.6015319824219,349.89447021484375
ID_ZGTOCS.jpg,healthy,0.7638141512870789,10.393428802490234,73.61136627197266,66.41979217529297,159.0636749267578
ID_ZGTOCS.jpg,healthy,0.7184469699859619,5.661950588226318,106.59166717529297,317.4278259277344,221.44496154785156
ID_ZGTOCS.jpg,healthy,0.6265256404876709,0.0,0.0,72.92891693115234,118.28501892089844
ID_ZGTOCS.jpg,healthy,0.6064884662628174,31.199127197265625,106.28234100341797,373.7212829589844,206.43701171875
ID_ZGTOCS.jpg,healthy,0.5929303765296936,61.9123420715332,0.0,204.84291076660156,147.27500915527344
ID_ZGTOCS.jpg,healthy,0.47351664304733276,348.0574645996094,33.97404479980469,410.86480712890625,149.890380859375
ID_ZGTOCS.jpg,healthy,0.41221943497657776,0.5551918148994446,0.6004882454872131,68.29776763916016,88.96383666992188
ID_ZGTOCS.jpg,healthy,0.3590627908706665,249.46487426757812,213.90359497070312,376.86273193359375,386.1754150390625
ID_ZGTOCS.jpg,healthy,0.35373812913894653,4.9697980880737305,166.04403686523438,319.3852233886719,268.874267578125
ID_ZGTOCS.jpg,healthy,0.3224329948425293,345.3013000488281,0.6701042056083679,415.0847473144531,160.9372100830078
ID_ZGTOCS.jpg,healthy,0.3133021295070648,368.1446228027344,0.0,415.2632751464844,131.47634887695312
ID_ZGTOCS.jpg,healthy,0.27314552664756775,0.3729669451713562,302.02813720703125,37.30006790161133,390.3440246582031
ID_ZGTOCS.jpg,healthy,0.2538074851036072,5.633981227874756,126.60051727294922,316.10321044921875,273.1670837402344
ID_Mow1We.jpeg,anthracnose,0.8434650301933289,441.86517333984375,0.0,2743.397216796875,3532.67138671875
ID_Mow1We.jpeg,anthracnose,0.3321095108985901,466.4393615722656,19.890525817871094,2593.65087890625,2581.783203125
ID_Mow1We.jpeg,healthy,0.2883337438106537,1956.3233642578125,2.2811737060546875,3024.0,2436.04833984375
ID_xel9Ji.jpg,cssvd,0.3363301455974579,2040.558349609375,0.0,3259.95947265625,1401.1412353515625
ID_xel9Ji.jpg,cssvd,0.31241944432258606,906.5532836914062,0.0,2400.1171875,2066.068359375
ID_xel9Ji.jpg,cssvd,0.2791524827480316,2627.60302734375,1.661920189857483,3264.0,1503.7099609375
ID_TyCBsp.JPG,healthy,0.9681190252304077,725.7757568359375,1034.591552734375,2096.71875,1816.66552734375
ID_Cm5njC.jpg,healthy,0.45000508427619934,201.22305297851562,523.4141845703125,2026.8441162109375,1463.27685546875
ID_LULpZT.jpg,cssvd,0.38427284359931946,721.5531616210938,461.285400390625,2809.38720703125,2247.783447265625
ID_LULpZT.jpg,healthy,0.2976497411727905,0.0,1030.2508544921875,716.3426513671875,1920.743408203125
ID_LULpZT.jpg,healthy,0.28682103753089905,729.9132080078125,513.3218994140625,2761.854248046875,2103.61669921875
ID_LULpZT.jpg,healthy,0.26816752552986145,4.036747455596924,0.0,850.0014038085938,413.9515686035156
ID_WA7xU6.jpg,healthy,0.7442520260810852,0.0,334.2665100097656,1080.0,630.1241455078125
ID_WA7xU6.jpg,healthy,0.6666450500488281,42.614627838134766,215.08706665039062,1076.401611328125,620.4793701171875
ID_WA7xU6.jpg,healthy,0.6409900188446045,0.0,7.563597679138184,1073.32763671875,412.5870361328125
ID_WA7xU6.jpg,cssvd,0.331085741519928,0.0,0.0,1073.4161376953125,408.8495178222656
ID_WA7xU6.jpg,healthy,0.26692676544189453,46.73295593261719,0.0,1070.5924072265625,106.48365783691406
ID_WA7xU6.jpg,cssvd,0.2521767318248749,0.0,613.3894653320312,1080.0,808.5803833007812
ID_WA7xU6.jpg,healthy,0.2500338554382324,111.98721313476562,399.89263916015625,1063.226318359375,629.2230224609375
ID_TcxKTh.jpg,healthy,0.5397628545761108,213.286376953125,219.9522705078125,1280.0,772.33154296875
ID_TcxKTh.jpg,healthy,0.44956904649734497,243.118896484375,754.3404541015625,1279.330322265625,958.0633544921875
ID_TcxKTh.jpg,cssvd,0.4089953601360321,231.864501953125,221.29449462890625,1274.6558837890625,777.1321411132812
ID_xF7K2Q.jpg,healthy,0.4299573004245758,952.7451171875,691.2437744140625,1979.2222900390625,1463.2386474609375
ID_xF7K2Q.jpg,cssvd,0.3897688686847687,493.7403259277344,66.0687484741211,1067.481201171875,1522.531005859375
ID_xF7K2Q.jpg,healthy,0.3791320025920868,958.5320434570312,382.2894592285156,1986.9136962890625,1449.2572021484375
ID_xF7K2Q.jpg,cssvd,0.31438055634498596,0.0,489.2425842285156,616.0369262695312,1535.5943603515625
ID_f2hdmV.jpeg,anthracnose,0.37342819571495056,45.67298889160156,14.081859588623047,4000.0,1436.4161376953125
ID_f2hdmV.jpeg,cssvd,0.3450711965560913,266.38031005859375,61.12041473388672,3979.58154296875,1435.499755859375
ID_ZudzV1.jpg,anthracnose,0.8310456275939941,2.077880859375,0.1656494140625,1268.2606201171875,958.0
ID_svY6TG.jpg,healthy,0.8011690974235535,89.154296875,88.84101867675781,390.650634765625,303.0276794433594
ID_svY6TG.jpg,healthy,0.5689016580581665,52.7410888671875,290.005615234375,415.52630615234375,416.0
ID_svY6TG.jpg,healthy,0.29777881503105164,76.50920867919922,264.72320556640625,358.49505615234375,414.9221496582031
ID_svY6TG.jpg,healthy,0.2787879407405853,136.85772705078125,13.355011940002441,233.90074157714844,125.5105209350586
ID_iA98wM.jpg,cssvd,0.32418641448020935,539.6876831054688,92.02381134033203,3066.64306640625,1871.948974609375
ID_iA98wM.jpg,healthy,0.2840886116027832,849.1696166992188,1918.3114013671875,1996.335205078125,2448.0
ID_KQINTu.jpeg,anthracnose,0.8658416271209717,0.0,0.0,3234.1123046875,1773.708251953125
ID_BAszkB.jpeg,healthy,0.8505297899246216,0.0,146.9254608154297,3993.5146484375,2300.859375
ID_BAszkB.jpeg,healthy,0.7912350296974182,23.82379722595215,0.9783667922019958,3917.510498046875,569.296630859375
ID_BAszkB.jpeg,healthy,0.7901475429534912,0.0,1627.1483154296875,1238.3494873046875,2998.65185546875
ID_BAszkB.jpeg,healthy,0.4518868923187256,0.0,2523.258056640625,3505.2119140625,3022.23291015625
ID_BAszkB.jpeg,healthy,0.4387819170951843,0.0,2553.38818359375,2457.703857421875,3023.015869140625
ID_BAszkB.jpeg,healthy,0.36083096265792847,0.0,523.1022338867188,3941.51806640625,2007.9376220703125
ID_BAszkB.jpeg,healthy,0.3595848083496094,114.90789794921875,2.6136884689331055,2436.17138671875,564.205322265625
ID_BAszkB.jpeg,healthy,0.26071909070014954,0.0,2598.47607421875,1777.2763671875,3019.118408203125
ID_I31J34.jpg,anthracnose,0.5696983933448792,14.628515243530273,9.966504096984863,2030.089111328125,1188.893310546875
ID_I31J34.jpg,healthy,0.29447105526924133,370.33184814453125,1018.1795043945312,1767.918701171875,1483.0931396484375
ID_I31J34.jpg,healthy,0.2866186201572418,366.9273376464844,619.5695190429688,1942.388916015625,1489.1314697265625
ID_yxi9rE.jpg,anthracnose,0.8933722972869873,478.5495300292969,0.0,4103.173828125,2444.9306640625
ID_yxi9rE.jpg,anthracnose,0.38085994124412537,374.3810729980469,2395.23046875,4101.61328125,3090.07275390625
ID_yxi9rE.jpg,anthracnose,0.26548588275909424,507.1340026855469,2097.1943359375,4111.27490234375,3096.0
ID_yxi9rE.jpg,anthracnose,0.26542937755584717,943.2677001953125,636.9288330078125,4120.298828125,2485.511962890625
ID_tzRoEe.jpeg,healthy,0.6961606740951538,811.5894775390625,9.243896484375,2882.6982421875,3884.03955078125
ID_tzRoEe.jpeg,healthy,0.685693085193634,0.6661353707313538,965.4430541992188,395.13641357421875,1733.770751953125
ID_tzRoEe.jpeg,healthy,0.5024250149726868,2293.322265625,2545.1318359375,3024.0,4032.0
ID_tzRoEe.jpeg,healthy,0.46606820821762085,0.0,291.1112060546875,2975.53662109375,4032.0
ID_WdwYB4.jpeg,anthracnose,0.832228422164917,9.967041015625,0.0,3940.374755859375,1638.7928466796875
ID_CE3bfu.jpeg,anthracnose,0.9613742828369141,37.97111129760742,23.8941650390625,4032.0,2459.18603515625
ID_CE3bfu.jpeg,anthracnose,0.579901933670044,529.6021728515625,287.6589660644531,4002.289306640625,2001.0047607421875
ID_d0gpda.jpg,healthy,0.899939239025116,1159.838134765625,1156.1846923828125,2597.821533203125,1933.8035888671875
ID_d0gpda.jpg,healthy,0.898773193359375,1797.7568359375,529.9263305664062,3193.172607421875,1251.7640380859375
ID_d0gpda.jpg,healthy,0.26181846857070923,0.0,0.0,3106.602783203125,385.78662109375
ID_zGfZpI.jpeg,healthy,0.5473815202713013,64.15682983398438,2530.848876953125,1018.9838256835938,3024.0
ID_zGfZpI.jpeg,healthy,0.4253291189670563,1384.7491455078125,7.072695732116699,3625.415771484375,1249.64306640625
ID_zGfZpI.jpeg,healthy,0.36097660660743713,660.9005126953125,0.0,3152.249267578125,3017.218017578125
ID_zGfZpI.jpeg,cssvd,0.2750973105430603,937.3502197265625,0.0,3144.318115234375,2997.538330078125
ID_HWOEX0.jpg,cssvd,0.6586444973945618,11.361572265625,324.072509765625,1225.255859375,958.873291015625
ID_PrV1eU.jpg,healthy,0.6837368011474609,2071.239990234375,1622.2640380859375,3232.03271484375,2341.989990234375
ID_PrV1eU.jpg,cssvd,0.6018751263618469,120.22119903564453,891.7021484375,2519.08984375,1882.433837890625
ID_PrV1eU.jpg,healthy,0.5327160358428955,1597.32568359375,346.2185363769531,1910.288330078125,953.8297729492188
ID_PrV1eU.jpg,healthy,0.4653031527996063,22.67607307434082,1939.4576416015625,2433.0244140625,2445.07177734375
ID_PrV1eU.jpg,cssvd,0.25897884368896484,15.205681800842285,1963.56591796875,2456.173583984375,2444.992919921875
ID_UDb5Lu.jpg,healthy,0.5502142906188965,0.0,915.8121337890625,960.0521240234375,1520.942138671875
ID_UDb5Lu.jpg,cssvd,0.45940396189689636,0.0,0.0,2007.995849609375,386.5503845214844
ID_UDb5Lu.jpg,cssvd,0.4174577593803406,312.09765625,12.565820693969727,1888.337890625,1001.0593872070312
ID_UDb5Lu.jpg,cssvd,0.35048431158065796,1457.0775146484375,96.83476257324219,2013.644775390625,1085.4522705078125
ID_UDb5Lu.jpg,healthy,0.3109322190284729,0.0,0.0,1949.149169921875,405.5958251953125
ID_UDb5Lu.jpg,healthy,0.2683679163455963,0.0,915.3814697265625,596.84912109375,1524.3636474609375
ID_cWEAQI.jpeg,healthy,0.8795081377029419,0.350189208984375,0.0,4000.0,1642.89453125
ID_iTLcyi.jpg,cssvd,0.7974594831466675,0.0,110.1595458984375,1232.8797607421875,885.8236083984375
ID_iTLcyi.jpg,healthy,0.4149424731731415,1207.77001953125,591.9102783203125,1280.0,960.0
ID_iTLcyi.jpg,healthy,0.29703521728515625,0.0,700.010498046875,699.8880615234375,959.3394775390625
ID_fSRfJZ.jpg,cssvd,0.5965985059738159,0.0,72.78085327148438,975.47265625,749.37890625
ID_fSRfJZ.jpg,healthy,0.3533366024494171,0.0,602.057861328125,884.1245727539062,809.7044677734375
ID_CBkuOC.jpg,cssvd,0.5705543756484985,104.3851318359375,71.52294921875,1279.611572265625,906.383056640625
ID_GoTWyR.jpg,cssvd,0.27827778458595276,323.396484375,409.408447265625,1932.063720703125,1385.4974365234375
ID_TIDJQb.jpg,anthracnose,0.6411158442497253,98.06916046142578,99.73870849609375,3248.989990234375,1519.1669921875
ID_TIDJQb.jpg,healthy,0.3541207015514374,0.0,1386.96337890625,950.4835205078125,2200.702880859375
ID_NWBp63.jpeg,anthracnose,0.7987324595451355,62.1440544128418,872.2877197265625,4025.833740234375,2960.7529296875
ID_NWBp63.jpeg,anthracnose,0.6038200855255127,24.34636116027832,809.11083984375,4024.040283203125,2325.56005859375
ID_NWBp63.jpeg,anthracnose,0.39797550439834595,190.63343811035156,1420.8433837890625,4005.58935546875,2994.6416015625
ID_NWBp63.jpeg,healthy,0.2818268835544586,328.1871643066406,497.10064697265625,2478.573486328125,1498.4815673828125
ID_t1Fv46.jpg,cssvd,0.5888474583625793,0.0,73.8995361328125,1280.0,959.7830810546875
ID_Z3O1pX.jpeg,healthy,0.7989100217819214,17.705482482910156,2059.823974609375,2778.55908203125,3018.684814453125
ID_Z3O1pX.jpeg,healthy,0.7474701404571533,0.0,653.8579711914062,3931.7978515625,2335.665283203125
ID_Z3O1pX.jpeg,healthy,0.5773798227310181,2914.840087890625,0.0,3944.21240234375,636.6624145507812
ID_Z3O1pX.jpeg,healthy,0.39008036255836487,825.6783447265625,270.92230224609375,1824.2548828125,766.4725341796875
ID_Z3O1pX.jpeg,healthy,0.36833465099334717,404.7436828613281,266.78985595703125,1841.412353515625,767.0747680664062
ID_Z3O1pX.jpeg,healthy,0.35828065872192383,0.0,267.60455322265625,1238.923583984375,1008.17724609375
ID_iFjogl.jpeg,anthracnose,0.8513736128807068,26.674638748168945,383.03375244140625,3432.58203125,2583.857421875
ID_iFjogl.jpeg,anthracnose,0.4302532374858856,611.6434326171875,819.990478515625,3080.3671875,2579.842529296875
ID_iFjogl.jpeg,anthracnose,0.31040021777153015,2557.37548828125,13.547941207885742,4032.0,1387.5760498046875
ID_iFjogl.jpeg,healthy,0.25435855984687805,16.863189697265625,0.0,3660.134521484375,671.36572265625
ID_nPqslt.jpg,cssvd,0.5118621587753296,69.5189437866211,32.50667190551758,1080.0,575.5715942382812
ID_QOB7Et.JPG,healthy,0.9799364805221558,1043.968505859375,1184.5465087890625,1986.8521728515625,1735.39453125
ID_QOB7Et.JPG,healthy,0.5215691328048706,0.0,471.32275390625,2816.976806640625,1645.5860595703125
ID_QOB7Et.JPG,healthy,0.4983726143836975,438.7103271484375,1156.1270751953125,1989.1451416015625,1760.827880859375
ID_QOB7Et.JPG,healthy,0.36541077494621277,0.0,657.9536743164062,1150.594970703125,1752.8857421875
ID_QOB7Et.JPG,healthy,0.28137245774269104,0.0,1008.67578125,2736.427001953125,1685.19189453125
ID_QOB7Et.JPG,healthy,0.2516612112522125,21.453990936279297,485.6592102050781,3264.0,1313.306884765625
ID_Lrp6tK.jpeg,healthy,0.741335928440094,1000.6298217773438,104.5573501586914,3728.880859375,2929.525390625
ID_Lrp6tK.jpeg,healthy,0.604767918586731,340.0341491699219,1980.66064453125,765.5703125,2709.014404296875
ID_Lrp6tK.jpeg,healthy,0.5738776326179504,2262.98681640625,0.0,4032.0,2786.734375
ID_Lrp6tK.jpeg,healthy,0.5088737607002258,2.208186626434326,2242.670654296875,401.3634948730469,3024.0
ID_Lrp6tK.jpeg,healthy,0.5010805726051331,1005.3714599609375,196.4393310546875,2394.861328125,3009.495849609375
ID_Lrp6tK.jpeg,healthy,0.3515797257423401,0.0,2231.07958984375,571.3356323242188,2983.5869140625
ID_Lrp6tK.jpeg,healthy,0.305934876203537,319.0989990234375,1974.048583984375,847.3799438476562,2985.926025390625
ID_Lrp6tK.jpeg,healthy,0.3044341802597046,0.0,778.2864990234375,764.4007568359375,1571.104736328125
ID_Lrp6tK.jpeg,healthy,0.30209290981292725,1199.1209716796875,0.0,3910.8740234375,500.5602111816406
ID_Lrp6tK.jpeg,healthy,0.2701517939567566,28.32457160949707,1983.2432861328125,721.5845336914062,2991.3779296875
ID_Lrp6tK.jpeg,healthy,0.26607218384742737,0.0,706.5419921875,481.4898986816406,1515.907470703125
ID_qI8vEm.jpeg,healthy,0.6719878911972046,604.8287963867188,0.0,4032.0,2974.1708984375
ID_qI8vEm.jpeg,healthy,0.38809219002723694,626.6107788085938,878.1647338867188,4032.0,3012.813720703125
ID_XBQWUe.jpg,anthracnose,0.939171552658081,493.2302551269531,16.83612060546875,1246.919189453125,958.337890625
ID_R7eStk.jpg,anthracnose,0.4700327217578888,0.0,393.33013916015625,804.9063110351562,1075.2952880859375
ID_GMke3a.jpeg,anthracnose,0.7371222376823425,705.7113037109375,593.5513305664062,2643.23974609375,3024.0
ID_GMke3a.jpeg,anthracnose,0.6209893822669983,866.1195068359375,1240.479736328125,2473.87646484375,3017.28466796875
ID_GMke3a.jpeg,anthracnose,0.40467509627342224,941.4384765625,1732.83056640625,2400.11767578125,3021.086669921875
ID_GMke3a.jpeg,healthy,0.3672981858253479,3.932483196258545,2376.91015625,294.20391845703125,3009.068359375
ID_GMke3a.jpeg,anthracnose,0.3224325478076935,619.1431274414062,8.625490188598633,2865.828857421875,2788.601318359375
ID_W0HVPm.jpg,anthracnose,0.9011228680610657,374.58868408203125,4.117285251617432,2044.018310546875,1150.7401123046875
ID_W0HVPm.jpg,anthracnose,0.305397629737854,403.9033203125,323.2197265625,2040.122314453125,1234.35986328125
ID_W0HVPm.jpg,anthracnose,0.2975236177444458,0.0,0.07416991889476776,1992.9703369140625,438.6327209472656
ID_w1EXx6.jpg,healthy,0.8465672731399536,3.495898485183716,43.25322341918945,2044.3668212890625,1261.18115234375
ID_w1EXx6.jpg,anthracnose,0.3403465747833252,22.054296493530273,869.1259765625,2037.33203125,1536.0
ID_w1EXx6.jpg,healthy,0.2715112268924713,42.19023513793945,88.7718734741211,2021.5816650390625,949.9075927734375
ID_FzkXs3.jpg,anthracnose,0.5508660078048706,0.0,174.39593505859375,1280.0,896.9830932617188
ID_FzkXs3.jpg,cssvd,0.4984039068222046,0.0,0.0,1259.372802734375,223.61444091796875
ID_Q1sJBq.jpg,anthracnose,0.432260125875473,0.0,0.0,1280.0,835.0950317382812
ID_Q1sJBq.jpg,cssvd,0.3458397686481476,0.0,0.0,1280.0,858.193359375
ID_p2RFAX.jpg,cssvd,0.6196491718292236,0.0,219.214599609375,803.3087158203125,1078.966796875
ID_p2RFAX.jpg,cssvd,0.26322460174560547,0.19837188720703125,5.659263610839844,745.0438232421875,1001.6602172851562
ID_TNiZUE.jpg,anthracnose,0.9142682552337646,150.83380126953125,0.0,1074.32958984375,677.1340942382812
ID_TNiZUE.jpg,anthracnose,0.26686596870422363,147.92259216308594,276.20526123046875,1073.3392333984375,677.5142211914062
ID_gynfQe.jpg,cssvd,0.7152862548828125,2.010009765625,5.37548828125,1273.079833984375,666.8267822265625
ID_c0U1lA.jpeg,anthracnose,0.6905245780944824,334.32757568359375,78.94802856445312,4032.0,2095.629638671875
ID_c0U1lA.jpeg,healthy,0.5376150608062744,0.0,2558.322265625,1818.361083984375,3024.0
ID_c0U1lA.jpeg,healthy,0.4476206600666046,0.0,1147.624267578125,1347.32568359375,2407.77880859375
ID_c0U1lA.jpeg,healthy,0.3669256567955017,0.0,574.2288208007812,1181.9315185546875,2447.975341796875
ID_pWNuF0.jpg,anthracnose,0.8918697237968445,326.1778564453125,7.7769775390625,1270.533203125,728.5106201171875
ID_pWNuF0.jpg,anthracnose,0.750264585018158,306.67529296875,0.08441162109375,1265.30029296875,290.291748046875
ID_pWNuF0.jpg,anthracnose,0.43168187141418457,3.72119140625,0.0,1270.728271484375,955.091552734375
ID_pWNuF0.jpg,anthracnose,0.32213911414146423,314.49267578125,0.0,1266.416015625,418.1239013671875
ID_pWNuF0.jpg,anthracnose,0.31328681111335754,304.5466003417969,0.0,1258.320556640625,181.54286193847656
ID_pWNuF0.jpg,anthracnose,0.26307061314582825,0.0,296.991455078125,1262.208740234375,946.4227294921875
ID_BkHj0e.jpg,anthracnose,0.5568979978561401,1.594482421875,2.4384765625,1279.596435546875,641.6123046875
ID_fjshTf.jpg,healthy,0.6480257511138916,229.15438842773438,299.1980895996094,408.21722412109375,416.0
ID_fjshTf.jpg,healthy,0.2729755640029907,152.55972290039062,3.763723611831665,379.2738952636719,386.7860107421875
ID_qv2QJY.jpeg,healthy,0.8683798313140869,0.0,1152.4169921875,3935.912109375,3019.6259765625
ID_qv2QJY.jpeg,healthy,0.8505427241325378,45.65538787841797,0.0,4032.0,2074.806640625
ID_qv2QJY.jpeg,healthy,0.6989079713821411,0.0,1775.518798828125,3934.54052734375,3020.30908203125
ID_qv2QJY.jpeg,healthy,0.3742486238479614,38.81590270996094,2430.138427734375,3782.572998046875,3023.195068359375
ID_qv2QJY.jpeg,healthy,0.2618630826473236,0.0,106.53456115722656,3934.315185546875,3024.0
ID_NnGyQS.jpg,anthracnose,0.9613872766494751,0.0,3.917449951171875,3264.0,2038.4991455078125
ID_m7uq3u.jpg,anthracnose,0.7231602072715759,529.7234497070312,137.08651733398438,1980.5960693359375,1084.8951416015625
ID_m7uq3u.jpg,anthracnose,0.5362147092819214,294.2953186035156,783.3967895507812,1983.244140625,1535.555419921875
ID_m7uq3u.jpg,anthracnose,0.4143349826335907,445.9146423339844,141.51309204101562,2016.524169921875,1536.0
ID_m7uq3u.jpg,anthracnose,0.27914002537727356,956.2222900390625,25.061328887939453,1994.451171875,1226.1402587890625
ID_UQFoy1.jpg,anthracnose,0.8677084445953369,405.1629333496094,243.7218780517578,2040.93359375,1150.243896484375
ID_UQFoy1.jpg,anthracnose,0.2725740671157837,414.152587890625,307.31134033203125,2016.5728759765625,904.4324340820312
ID_wN6Niv.jpg,cssvd,0.7051330208778381,0.0,1.176513671875,1280.0,739.6922607421875
ID_wN6Niv.jpg,healthy,0.3031728267669678,3.0889892578125,656.2099609375,1267.2735595703125,960.0
ID_d8RMUe.jpg,healthy,0.6935057640075684,105.37041473388672,10.37270450592041,318.17974853515625,416.0
ID_d8RMUe.jpg,healthy,0.5878893733024597,314.1518859863281,252.7694549560547,373.4948425292969,346.05926513671875
ID_d8RMUe.jpg,healthy,0.5487901568412781,0.0,127.82709503173828,126.33202362060547,216.57041931152344
ID_d8RMUe.jpg,healthy,0.5244800448417664,0.0,339.39593505859375,126.50126647949219,415.809814453125
ID_d8RMUe.jpg,healthy,0.4955754280090332,0.0,352.2069091796875,204.39718627929688,415.942626953125
ID_d8RMUe.jpg,healthy,0.3562992215156555,240.6917724609375,11.246112823486328,392.9876403808594,129.8348388671875
ID_GM6Ads.JPG,2,1.0,,,,
ID_WB3jGx.jpeg,healthy,0.30320337414741516,11.119207382202148,247.7817840576172,3024.0,4032.0
ID_qBYpS9.jpg,healthy,0.8015175461769104,140.5578155517578,71.09228515625,2048.0,1179.9730224609375
ID_qBYpS9.jpg,healthy,0.3720667362213135,13.16796875,12.926074028015137,2021.645263671875,594.9087524414062
ID_qBYpS9.jpg,anthracnose,0.35518208146095276,169.111328125,1031.570556640625,2045.9332275390625,1532.9935302734375
ID_xRs1tX.jpg,healthy,0.6642948985099792,761.8682250976562,484.6514587402344,2977.125244140625,1620.3524169921875
ID_xRs1tX.jpg,healthy,0.6309863328933716,455.21142578125,1489.2921142578125,1797.0047607421875,2448.0
ID_xRs1tX.jpg,healthy,0.5812498927116394,242.05746459960938,66.61256408691406,1019.3978271484375,1371.6400146484375
ID_xRs1tX.jpg,healthy,0.3351095914840698,1982.538330078125,0.0,3264.0,288.2637939453125
ID_xRs1tX.jpg,healthy,0.30342474579811096,2176.6123046875,984.234619140625,3264.0,1567.389892578125
ID_TtcmyS.jpg,healthy,0.6573310494422913,12.631121635437012,313.2853698730469,351.196533203125,403.2732238769531
ID_TtcmyS.jpg,healthy,0.6083117723464966,0.0,9.195809364318848,404.1027526855469,285.6977233886719
ID_TtcmyS.jpg,healthy,0.5490709543228149,0.8027404546737671,69.33952331542969,390.8713684082031,345.2940368652344
ID_TtcmyS.jpg,healthy,0.46568313241004944,68.26578521728516,14.844429969787598,411.32281494140625,205.37579345703125
ID_TtcmyS.jpg,healthy,0.37483566999435425,0.0,69.31876373291016,92.42473602294922,237.9580535888672
ID_TtcmyS.jpg,healthy,0.360368013381958,0.0,62.324302673339844,73.97282409667969,264.5208740234375
ID_TtcmyS.jpg,healthy,0.3286602199077606,0.0,34.74571990966797,96.03565216064453,203.61825561523438
ID_TtcmyS.jpg,healthy,0.303138792514801,23.509695053100586,314.1305847167969,264.35296630859375,402.0890197753906
ID_TtcmyS.jpg,healthy,0.2983463406562805,0.0,15.615750312805176,89.48826599121094,267.3335876464844
ID_TtcmyS.jpg,healthy,0.2631784677505493,0.0,2.2318458557128906,102.75386047363281,121.25823211669922
ID_I4yQcX.jpg,anthracnose,0.7773105502128601,3.4989991188049316,109.81002807617188,4128.0,2315.881591796875
ID_I4yQcX.jpg,anthracnose,0.7432631254196167,6.564953804016113,5.625443935394287,2467.4658203125,824.9297485351562
ID_I4yQcX.jpg,anthracnose,0.6771343946456909,17.475311279296875,955.1873779296875,4126.7314453125,2304.01171875
ID_I4yQcX.jpg,healthy,0.5812958478927612,3022.4462890625,2260.72509765625,3827.6552734375,3087.310302734375
ID_I4yQcX.jpg,anthracnose,0.5207134485244751,0.0,1477.41943359375,4104.5302734375,2295.399169921875
ID_I4yQcX.jpg,anthracnose,0.44931545853614807,0.0,664.357421875,4044.998291015625,1524.1380615234375
ID_I4yQcX.jpg,anthracnose,0.42893627285957336,61.07363510131836,1977.979248046875,1900.192138671875,2866.9873046875
ID_I4yQcX.jpg,anthracnose,0.4250900149345398,2.687631130218506,561.2877807617188,4128.0,2087.6728515625
ID_ymfzFv.jpeg,anthracnose,0.6473255157470703,650.89990234375,0.0,4000.0,1541.461181640625
ID_oVJDwV.jpg,healthy,0.8175753951072693,0.0,61.211936950683594,416.0,320.80230712890625
ID_oVJDwV.jpg,healthy,0.8051019310951233,0.0,237.2145233154297,416.0,409.7940979003906
ID_oVJDwV.jpg,healthy,0.6770825982093811,64.13421630859375,0.5296127200126648,242.21755981445312,97.64708709716797
ID_oVJDwV.jpg,healthy,0.6527127623558044,22.488794326782227,55.15658950805664,415.0434875488281,258.8700866699219
ID_oVJDwV.jpg,healthy,0.5450318455696106,0.0,163.47726440429688,416.0,410.1685485839844
ID_oVJDwV.jpg,healthy,0.497141569852829,68.20211029052734,0.0,344.3413391113281,88.22582244873047
ID_iRB9YA.jpg,healthy,0.7684106230735779,45.092010498046875,0.0,1077.037353515625,404.7049560546875
ID_YX6bNA.jpg,healthy,0.716031014919281,0.0,7.0450439453125,1280.0,866.9215698242188
ID_YX6bNA.jpg,healthy,0.4285590648651123,0.0,250.09140014648438,1276.484619140625,844.2650146484375
ID_YX6bNA.jpg,cssvd,0.41487810015678406,0.0,0.1700439453125,1280.0,880.9192504882812
ID_YX6bNA.jpg,healthy,0.25679272413253784,0.0,448.43548583984375,1273.1572265625,856.9138793945312
ID_z2AEPO.jpg,2,1.0,,,,
ID_WS9KyG.jpeg,healthy,0.8109452128410339,35.86431884765625,2438.86279296875,4032.0,3014.603271484375
ID_WS9KyG.jpeg,anthracnose,0.5925416350364685,101.08953857421875,265.56842041015625,4017.656494140625,2514.6982421875
ID_WS9KyG.jpeg,healthy,0.5392075777053833,46.92815399169922,238.08953857421875,4015.481689453125,2516.378173828125
ID_WS9KyG.jpeg,anthracnose,0.4960438907146454,429.1101989746094,376.509765625,3868.146484375,2026.214111328125
ID_WS9KyG.jpeg,healthy,0.429438978433609,2.9550955295562744,1495.4791259765625,332.4178161621094,2412.48779296875
ID_WS9KyG.jpeg,healthy,0.4199877977371216,86.25239562988281,2621.085693359375,4032.0,3018.026123046875
ID_WS9KyG.jpeg,healthy,0.30354738235473633,0.0,2460.970458984375,2973.16357421875,3020.613525390625
ID_GCZ1T9.jpg,cssvd,0.2697318494319916,151.92660522460938,2.03192138671875,1075.6922607421875,542.8998413085938
ID_XEbuST.jpg,anthracnose,0.9568542242050171,548.1386108398438,90.90055084228516,4110.87744140625,2634.886474609375
ID_XEbuST.jpg,anthracnose,0.4076021909713745,577.6781005859375,970.0577392578125,4117.064453125,2656.72412109375
ID_zEln95.jpeg,cssvd,0.5501114130020142,159.73214721679688,385.5021057128906,4023.052001953125,2851.067626953125
ID_Wklhuq.jpeg,anthracnose,0.7434609532356262,381.0256042480469,0.0,2593.343017578125,3979.6025390625
ID_zbueIx.jpeg,healthy,0.7391340136528015,366.92462158203125,134.24105834960938,3878.948486328125,1987.5472412109375
ID_zbueIx.jpeg,healthy,0.41415905952453613,1433.011474609375,2467.77734375,4013.67431640625,3022.418701171875
ID_zbueIx.jpeg,anthracnose,0.3164695203304291,0.03422240912914276,0.0,3778.9638671875,1149.3646240234375
ID_zbueIx.jpeg,healthy,0.29256314039230347,0.0,2083.81689453125,3650.300048828125,3019.986328125
ID_p0sSar.jpeg,healthy,0.7014157176017761,1062.8272705078125,0.0,4032.0,2981.974365234375
ID_p0sSar.jpeg,healthy,0.6618413329124451,0.0,107.36781311035156,563.59033203125,1450.1927490234375
ID_p0sSar.jpeg,healthy,0.6529873013496399,1049.038818359375,2.009124755859375,4004.63818359375,1817.316162109375
ID_p0sSar.jpeg,healthy,0.5304882526397705,0.0,755.009765625,218.89263916015625,1690.5736083984375
ID_p0sSar.jpeg,healthy,0.3831257224082947,1048.126953125,0.0,2977.531005859375,3005.648681640625
ID_p0sSar.jpeg,healthy,0.33904993534088135,0.5452514290809631,0.5536147952079773,1160.751220703125,514.4916381835938
ID_p0sSar.jpeg,healthy,0.3063366115093231,0.0,1995.730224609375,1363.509521484375,3024.0
ID_p0sSar.jpeg,healthy,0.29201096296310425,140.9237518310547,1358.396728515625,1174.6566162109375,2638.00927734375
ID_zxvYPO.jpeg,anthracnose,0.6583763957023621,796.78076171875,0.0,3498.556396484375,3023.346923828125
ID_t4oxxC.jpg,anthracnose,0.900550127029419,5.090624809265137,73.52949523925781,2048.0,1536.0
ID_t4oxxC.jpg,anthracnose,0.6091910004615784,0.0,482.22283935546875,1942.9781494140625,1530.4691162109375
ID_t4oxxC.jpg,anthracnose,0.4336267411708832,382.0912170410156,92.9681625366211,2037.1265869140625,1002.5421142578125
ID_t4oxxC.jpg,anthracnose,0.36899271607398987,26.232812881469727,719.4034423828125,1783.7191162109375,1536.0
ID_V6RfQo.jpg,healthy,0.9082638025283813,0.0,48.51860427856445,457.56561279296875,493.6005859375
ID_V6RfQo.jpg,healthy,0.3020435869693756,15.641210556030273,614.99609375,928.5208740234375,1342.9857177734375
ID_V6RfQo.jpg,anthracnose,0.2900759279727936,89.5160140991211,1139.376708984375,1449.908935546875,1534.683349609375
ID_OcteW7.jpg,anthracnose,0.8887934684753418,1.1937332153320312,0.0,1080.0,628.19140625
ID_MYpc48.jpeg,healthy,0.8576886057853699,0.0,8.743057250976562,3904.458984375,2313.262451171875
ID_S7R1dz.jpeg,anthracnose,0.5816155672073364,1368.37548828125,38.83991241455078,3950.45556640625,1702.5057373046875
ID_NbJj7a.jpg,cssvd,0.38731619715690613,304.5723876953125,2454.825439453125,2448.0,3263.1708984375
ID_NbJj7a.jpg,cssvd,0.26127880811691284,12.623464584350586,461.7099914550781,2405.12548828125,3175.43408203125
ID_flKCGq.jpeg,anthracnose,0.8606700897216797,61.61687469482422,403.73736572265625,4032.0,2792.051513671875
ID_flKCGq.jpeg,healthy,0.5204830765724182,188.72198486328125,2436.799560546875,4020.003173828125,3014.57763671875
ID_flKCGq.jpeg,healthy,0.3865217864513397,0.0,0.0,3680.235107421875,554.22900390625
ID_flKCGq.jpeg,healthy,0.3048693537712097,0.0,0.0,2686.69677734375,611.8607788085938
ID_flKCGq.jpeg,anthracnose,0.3034383952617645,170.87864685058594,181.1542205810547,4011.036865234375,2094.344482421875
ID_NU62Ug.jpg,cssvd,0.42880862951278687,45.2010498046875,173.709228515625,1484.0181884765625,927.2315063476562
ID_szGNqN.jpeg,anthracnose,0.7773335576057434,45.8580322265625,34.22317886352539,1920.8939208984375,3647.55908203125
ID_szGNqN.jpeg,cssvd,0.6395788192749023,2313.447021484375,1534.0706787109375,3024.0,3557.548828125
ID_szGNqN.jpeg,anthracnose,0.4326680600643158,508.5433349609375,472.3491516113281,1926.515380859375,3126.927734375
ID_vJsw6z.jpg,healthy,0.619707465171814,14.210522651672363,647.3900756835938,3257.992919921875,1736.53955078125
ID_vJsw6z.jpg,healthy,0.4405685365200043,15.289105415344238,543.56103515625,3206.96142578125,1466.007080078125
ID_vJsw6z.jpg,healthy,0.4157263934612274,7.119579792022705,415.3361511230469,3070.90966796875,932.28515625
ID_gFTNlV.jpg,anthracnose,0.9171009063720703,46.1591796875,253.5,1195.595703125,844.858154296875
ID_gFTNlV.jpg,anthracnose,0.6292677521705627,50.672607421875,0.0,1253.44677734375,233.48570251464844
ID_gFTNlV.jpg,anthracnose,0.442141056060791,21.74755859375,735.105712890625,1183.385498046875,957.0072021484375
ID_gFTNlV.jpg,anthracnose,0.32107487320899963,61.951171875,794.759033203125,1215.265869140625,957.91552734375
ID_gFTNlV.jpg,anthracnose,0.3006233274936676,31.228271484375,625.31689453125,1192.351318359375,959.664306640625
ID_ozIUhF.jpeg,healthy,0.45457351207733154,349.31390380859375,2248.71044921875,3226.7548828125,3024.0
ID_ozIUhF.jpeg,cssvd,0.253458172082901,45.00285339355469,618.823486328125,4032.0,2978.029541015625
ID_t0kbuH.jpg,healthy,0.8615001440048218,374.593994140625,201.14950561523438,717.6359252929688,565.0677490234375
ID_t0kbuH.jpg,healthy,0.6782940626144409,454.542236328125,496.4176025390625,833.7936401367188,768.5103149414062
ID_t0kbuH.jpg,healthy,0.5056744813919067,374.23114013671875,213.1108856201172,887.5408325195312,555.4796752929688
ID_v4rouK.jpeg,healthy,0.6174473166465759,612.953369140625,0.0,2609.703125,3712.988525390625
ID_v4rouK.jpeg,healthy,0.523669421672821,2546.143310546875,1792.9859619140625,3024.0,2990.61083984375
ID_v4rouK.jpeg,healthy,0.4223906099796295,0.0,0.0,619.6285400390625,782.1229858398438
ID_v4rouK.jpeg,healthy,0.40936097502708435,2285.96826171875,1252.127685546875,3024.0,3584.317626953125
ID_v4rouK.jpeg,healthy,0.3848589062690735,0.0,339.41845703125,388.9647521972656,2060.062744140625
ID_v4rouK.jpeg,healthy,0.2944313585758209,747.3907470703125,627.6139526367188,2545.939208984375,3363.5458984375
ID_v4rouK.jpeg,healthy,0.28806135058403015,3.495011806488037,696.560791015625,447.73602294921875,2008.265869140625
ID_v4rouK.jpeg,healthy,0.26157984137535095,505.78704833984375,4.135528564453125,2575.26904296875,1873.2313232421875
ID_v4rouK.jpeg,healthy,0.2523345947265625,2758.01611328125,1724.4769287109375,3024.0,2956.103759765625
ID_AFi8A1.jpg,healthy,0.6333798170089722,0.0,870.2794799804688,3257.66357421875,1655.3165283203125
ID_AFi8A1.jpg,healthy,0.5868361592292786,0.0,506.78057861328125,3250.599365234375,1385.5977783203125
ID_AFi8A1.jpg,healthy,0.47448408603668213,0.0,1103.1185302734375,3247.396728515625,1706.545654296875
ID_AFi8A1.jpg,healthy,0.44599559903144836,0.0,1816.6434326171875,3148.957275390625,2448.0
ID_AFi8A1.jpg,healthy,0.3746126890182495,0.0,725.8300170898438,3189.564453125,1457.9466552734375
ID_AFi8A1.jpg,healthy,0.2717106342315674,5.336883544921875,503.4564208984375,3168.95556640625,1074.94970703125
ID_AFi8A1.jpg,healthy,0.25110575556755066,16.20208740234375,455.7867431640625,3255.262939453125,771.76025390625
ID_YMRuoN.jpg,anthracnose,0.8922454714775085,283.65606689453125,159.0618133544922,1980.6123046875,1297.62255859375
ID_YMRuoN.jpg,anthracnose,0.802970826625824,310.81072998046875,607.2996215820312,1953.502685546875,1530.789306640625
ID_YMRuoN.jpg,anthracnose,0.76968914270401,319.5128479003906,908.9827880859375,1953.604736328125,1531.7984619140625
ID_YMRuoN.jpg,anthracnose,0.6738877892494202,294.00762939453125,1168.91796875,1976.942138671875,1532.456298828125
ID_TLXVg2.jpg,anthracnose,0.8967460989952087,3.8984375,43.918556213378906,2029.5211181640625,1137.3792724609375
ID_TLXVg2.jpg,anthracnose,0.8333353996276855,24.385448455810547,22.145946502685547,1522.62158203125,538.0929565429688
ID_TLXVg2.jpg,anthracnose,0.608767569065094,22.168750762939453,836.2943115234375,2015.976318359375,1532.534912109375
ID_TLXVg2.jpg,anthracnose,0.5702654719352722,0.0,473.3076171875,1835.615478515625,1094.633056640625
ID_F7a5DB.jpg,cssvd,0.3815394937992096,0.0,481.7563171386719,732.2291259765625,1076.47998046875
ID_F7a5DB.jpg,anthracnose,0.2958589792251587,115.15310668945312,0.0,807.503173828125,214.67764282226562
ID_F7a5DB.jpg,cssvd,0.25780853629112244,0.0,718.93115234375,744.1409301757812,1080.0
ID_FyJ6Hz.jpeg,healthy,0.7574678659439087,1413.978515625,1988.403076171875,3852.064697265625,3020.839599609375
ID_FyJ6Hz.jpeg,healthy,0.48434537649154663,0.0,3.410993814468384,1277.51513671875,1415.54052734375
ID_FyJ6Hz.jpeg,healthy,0.44800955057144165,1173.2296142578125,146.66917419433594,4023.4853515625,1884.277099609375
ID_FyJ6Hz.jpeg,anthracnose,0.43201944231987,1229.6619873046875,168.96066284179688,4032.0,1868.833984375
ID_FyJ6Hz.jpeg,healthy,0.25783029198646545,0.0,3.41243577003479,1413.429931640625,796.6178588867188
ID_Opny9y.JPG,anthracnose,0.9518644213676453,70.57759857177734,60.42864990234375,3258.68701171875,2043.7879638671875
ID_Opny9y.JPG,anthracnose,0.7558889985084534,471.8010559082031,423.84100341796875,3247.0703125,1997.4007568359375
ID_Opny9y.JPG,anthracnose,0.3124505281448364,37.18853759765625,2021.5750732421875,3260.3466796875,2437.375
ID_Opny9y.JPG,anthracnose,0.2661972641944885,687.364501953125,843.49658203125,3214.55322265625,2013.287841796875
ID_THFPyF.jpeg,healthy,0.7957468628883362,899.2511596679688,2067.61962890625,3242.92333984375,3022.108154296875
ID_THFPyF.jpeg,healthy,0.7527148723602295,2.2559874057769775,29.075590133666992,4032.0,2298.3671875
ID_THFPyF.jpeg,healthy,0.47950878739356995,843.6993408203125,2095.355224609375,4032.0,3019.640869140625
ID_THFPyF.jpeg,cssvd,0.33689308166503906,0.0,1622.509521484375,988.1049194335938,3023.5
ID_THFPyF.jpeg,anthracnose,0.27444154024124146,348.44989013671875,34.755165100097656,3988.477294921875,1740.2440185546875
ID_Ccy5YA.jpeg,healthy,0.5546480417251587,140.90481567382812,271.82476806640625,4032.0,2536.58544921875
ID_Ccy5YA.jpeg,healthy,0.5215986967086792,0.0,2295.96923828125,380.7829284667969,3019.69970703125
ID_Ccy5YA.jpeg,anthracnose,0.4622056484222412,247.69834899902344,255.32225036621094,4030.704833984375,2479.3349609375
ID_Ccy5YA.jpeg,healthy,0.3969494104385376,2.2480087280273438,1712.371337890625,377.1308898925781,3024.0
ID_Ccy5YA.jpeg,healthy,0.37177586555480957,263.1886901855469,1999.9468994140625,965.3330078125,2997.10693359375
ID_Ccy5YA.jpeg,healthy,0.3657154440879822,565.8314208984375,0.0,3003.377197265625,367.6383972167969
ID_Ccy5YA.jpeg,healthy,0.2602350413799286,16.594697952270508,1962.475341796875,1027.091796875,3015.813720703125
ID_DxuEWw.jpg,healthy,0.8285247683525085,0.7306151986122131,81.18025207519531,403.53717041015625,276.26434326171875
ID_DxuEWw.jpg,healthy,0.7832882404327393,1.9058440923690796,291.5987243652344,413.56591796875,403.1181335449219
ID_DxuEWw.jpg,healthy,0.6527854800224304,8.547734260559082,77.9864273071289,201.80020141601562,170.25755310058594
ID_DxuEWw.jpg,healthy,0.4206790626049042,5.135134696960449,0.0,352.1078186035156,38.314064025878906
ID_DxuEWw.jpg,healthy,0.39195895195007324,1.6663589477539062,0.0,308.9874572753906,52.48413848876953
ID_DxuEWw.jpg,healthy,0.2763288617134094,0.157878115773201,0.0,263.7536315917969,71.6178970336914
ID_sTcTkI.jpeg,healthy,0.9218735694885254,0.0,1160.7108154296875,3024.0,3153.12255859375
ID_sTcTkI.jpeg,healthy,0.718095064163208,0.0,0.09497680515050888,2466.4189453125,903.9978637695312
ID_sTcTkI.jpeg,healthy,0.6091834902763367,6.141576766967773,3205.567138671875,1417.3939208984375,4023.994873046875
ID_sTcTkI.jpeg,healthy,0.5686236023902893,6.455923080444336,0.0,2984.099609375,720.21142578125
ID_sTcTkI.jpeg,healthy,0.4748417139053345,0.0,2417.69677734375,1138.82568359375,3408.41748046875
ID_sTcTkI.jpeg,healthy,0.34613850712776184,0.0,3159.62255859375,1416.9698486328125,3752.31787109375
ID_sTcTkI.jpeg,healthy,0.3373688757419586,7.441259384155273,3244.177978515625,2581.63330078125,4032.0
ID_F7Or4u.jpg,cssvd,0.5208902955055237,0.0,2.5909366607666016,1080.0,571.8946533203125
ID_AweW1B.jpg,anthracnose,0.7087851166725159,391.0439453125,400.5939025878906,2048.0,742.6676025390625
ID_AweW1B.jpg,anthracnose,0.5304902195930481,523.00390625,2.481616258621216,2043.9241943359375,383.42388916015625
ID_AweW1B.jpg,anthracnose,0.3411555588245392,367.68927001953125,673.1848754882812,2048.0,1129.517822265625
ID_AweW1B.jpg,anthracnose,0.2726873755455017,438.83514404296875,826.4376831054688,2030.674560546875,1474.7720947265625
ID_jr7JD5.jpg,anthracnose,0.702173113822937,934.6090087890625,0.9810546636581421,2027.1585693359375,1142.191650390625
ID_jr7JD5.jpg,anthracnose,0.5575140118598938,240.8982391357422,0.0,2048.0,1191.8538818359375
ID_jr7JD5.jpg,anthracnose,0.4864090085029602,89.1910171508789,12.128515243530273,2048.0,1522.947998046875
ID_jr7JD5.jpg,anthracnose,0.3701557517051697,232.5915985107422,742.624267578125,1438.7333984375,1510.68359375
ID_lEQZl6.jpg,healthy,0.5601894855499268,0.6674216985702515,1269.060791015625,600.2457275390625,1880.5069580078125
ID_lEQZl6.jpg,healthy,0.5328899621963501,1183.1278076171875,1001.9164428710938,3227.383544921875,1925.3912353515625
ID_lEQZl6.jpg,healthy,0.5017967224121094,1177.916015625,824.1595458984375,3072.9931640625,1277.69580078125
ID_lEQZl6.jpg,healthy,0.36997270584106445,0.0,945.4849853515625,738.2234497070312,1466.7012939453125
ID_lEQZl6.jpg,healthy,0.3002694249153137,1004.0559692382812,1231.2703857421875,2667.26513671875,2423.9521484375
ID_lEQZl6.jpg,healthy,0.2770701050758362,6.95086669921875,1.7346817255020142,1531.032470703125,861.1022338867188
ID_NeDl7g.jpeg,healthy,0.8900790810585022,0.0,345.849365234375,4032.0,2864.29345703125
ID_NeDl7g.jpeg,healthy,0.652084469795227,1038.4537353515625,0.0,3905.738037109375,560.3993530273438
ID_NeDl7g.jpeg,healthy,0.3645361661911011,94.79031372070312,69.2750015258789,4019.612548828125,2222.171142578125
ID_Xwi9os.jpg,cssvd,0.583625078201294,2.6084461212158203,163.42166137695312,746.4468383789062,1073.047119140625
ID_iyzP0z.jpeg,healthy,0.9117264151573181,508.3627624511719,38.369667053222656,4032.0,2437.20361328125
ID_iyzP0z.jpeg,healthy,0.46779394149780273,1592.770263671875,0.0,4021.957763671875,744.38916015625
ID_iyzP0z.jpeg,healthy,0.26977837085723877,116.02204895019531,2002.154052734375,3048.343994140625,3024.0
ID_iyzP0z.jpeg,healthy,0.25910231471061707,691.056396484375,0.0,1798.1431884765625,918.2099609375
ID_PDuPIE.jpeg,healthy,0.7130740880966187,177.29371643066406,179.28399658203125,1342.683837890625,1151.974365234375
ID_PDuPIE.jpeg,healthy,0.582513689994812,686.2593383789062,0.0,4032.0,3018.541015625
ID_PDuPIE.jpeg,healthy,0.3504610061645508,779.6826782226562,860.96337890625,3966.79931640625,3013.649169921875
ID_uywYHu.jpeg,healthy,0.7776315808296204,46.609962463378906,1494.9656982421875,3024.0,3684.351806640625
ID_uywYHu.jpeg,healthy,0.5696123838424683,0.0,3482.747802734375,1171.603515625,4029.600341796875
ID_uywYHu.jpeg,healthy,0.5465589761734009,0.0,22.350311279296875,1251.0631103515625,3638.356689453125
ID_uywYHu.jpeg,healthy,0.4909652769565582,882.836669921875,6.760272026062012,3019.153076171875,1943.0477294921875
ID_uywYHu.jpeg,healthy,0.42982134222984314,0.0,3.13558030128479,1533.5186767578125,2962.975830078125
ID_uywYHu.jpeg,healthy,0.39075419306755066,805.6683959960938,1045.8134765625,2995.61767578125,2379.71044921875
ID_uywYHu.jpeg,healthy,0.3551984429359436,815.7169189453125,484.4366760253906,3021.521240234375,2417.6533203125
ID_uywYHu.jpeg,healthy,0.34491050243377686,41.33721160888672,3455.495361328125,3024.0,4019.638916015625
ID_uywYHu.jpeg,healthy,0.33397433161735535,0.0,0.0,1676.656494140625,1977.5015869140625
ID_uywYHu.jpeg,healthy,0.2759287655353546,1564.7042236328125,2956.624267578125,3024.0,4025.55078125
ID_GD1hTT.jpeg,healthy,0.7162280678749084,744.0768432617188,0.0,2733.2900390625,974.3943481445312
ID_GD1hTT.jpeg,healthy,0.6224582195281982,831.0420532226562,594.6546020507812,4032.0,1715.67919921875
ID_GD1hTT.jpeg,healthy,0.6057313084602356,728.2177124023438,1.3396728038787842,2667.592529296875,673.7904663085938
ID_GD1hTT.jpeg,healthy,0.5409974455833435,0.0,1.0943480730056763,803.2860107421875,1272.070068359375
ID_GD1hTT.jpeg,healthy,0.4147425591945648,1911.3477783203125,2323.06640625,3174.623046875,3024.0
ID_GD1hTT.jpeg,healthy,0.25809645652770996,967.6905517578125,2292.35595703125,3520.485107421875,3021.1640625
ID_bXrNN3.jpg,anthracnose,0.3718712031841278,13.771757125854492,0.8773527145385742,806.585205078125,216.69517517089844
ID_bXrNN3.jpg,anthracnose,0.36518850922584534,0.0,83.43875885009766,727.41455078125,1066.5443115234375
ID_H2M4po.jpeg,anthracnose,0.46504878997802734,29.4262752532959,2435.798095703125,4032.0,3011.61181640625
ID_BMHFpr.jpeg,healthy,0.7136926651000977,728.0421752929688,14.59316635131836,3418.748046875,2365.734130859375
ID_BMHFpr.jpeg,healthy,0.638213038444519,0.0,1432.172119140625,1072.3314208984375,2602.660888671875
ID_BMHFpr.jpeg,healthy,0.35489290952682495,0.0,0.0,1156.1435546875,1802.416748046875
ID_BMHFpr.jpeg,healthy,0.316283643245697,487.4334411621094,1.5874488353729248,2334.08447265625,634.995849609375
ID_hvQNV0.jpg,anthracnose,0.9147958159446716,6.294140815734863,42.64091873168945,2038.8558349609375,1168.275634765625
ID_hvQNV0.jpg,anthracnose,0.4064553380012512,86.36112976074219,0.0,655.6061401367188,570.1566162109375
ID_hvQNV0.jpg,anthracnose,0.3915412425994873,1.323632836341858,278.94012451171875,2048.0,1499.040283203125
ID_hvQNV0.jpg,anthracnose,0.34924226999282837,146.3367156982422,425.7904357910156,2027.181640625,1207.039306640625
ID_WhUmEt.jpg,healthy,0.8762772083282471,68.09261322021484,27.41604232788086,416.0,288.8183288574219
ID_WhUmEt.jpg,healthy,0.3259612023830414,117.74862670898438,325.2209777832031,181.73898315429688,414.8179931640625
ID_WhUmEt.jpg,healthy,0.3234001696109772,228.049072265625,360.07452392578125,380.5259704589844,415.9722900390625
ID_O6Y3Pp.jpeg,healthy,0.9388778805732727,112.4952163696289,308.5294494628906,4032.0,2528.02978515625
ID_O6Y3Pp.jpeg,healthy,0.7082535028457642,25.597978591918945,2071.34716796875,4032.0,3022.9892578125
ID_O6Y3Pp.jpeg,healthy,0.35916122794151306,0.0,1607.6968994140625,4032.0,3024.0
ID_O6Y3Pp.jpeg,healthy,0.3155965805053711,370.19842529296875,310.31488037109375,3950.6513671875,1605.0030517578125
ID_O6Y3Pp.jpeg,healthy,0.3112800717353821,121.81332397460938,306.89666748046875,3486.770751953125,1151.9229736328125
ID_O6Y3Pp.jpeg,healthy,0.2620612680912018,279.5444030761719,942.6812744140625,4020.924072265625,2475.308837890625
ID_G8FKIB.jpg,anthracnose,0.5704600811004639,17.115528106689453,147.4451141357422,1536.0,1989.630615234375
ID_G8FKIB.jpg,anthracnose,0.30025428533554077,379.12451171875,53.0908203125,1510.1231689453125,2048.0
ID_G8FKIB.jpg,anthracnose,0.272879958152771,107.40693664550781,763.032470703125,1483.200927734375,2039.90234375
ID_eKexBX.JPG,healthy,0.8110119700431824,0.0,848.6637573242188,2782.13330078125,2098.46875
ID_eKexBX.JPG,healthy,0.5396966934204102,0.0,1846.8665771484375,2795.033447265625,2444.839599609375
ID_eKexBX.JPG,healthy,0.26559561491012573,5.325366020202637,2041.5003662109375,2855.514404296875,2444.451171875
ID_YxvZO2.jpeg,healthy,0.5846979022026062,23.589622497558594,0.0,2716.915283203125,3976.0458984375
ID_YxvZO2.jpeg,healthy,0.2642532289028168,446.29156494140625,655.0258178710938,2634.86962890625,4009.052001953125
ID_YxvZO2.jpeg,healthy,0.2529117166996002,634.2627563476562,12.385821342468262,2654.3427734375,3456.133544921875
ID_R9pWyO.jpg,healthy,0.929174542427063,105.20970153808594,152.21405029296875,252.6331024169922,277.6233215332031
ID_R9pWyO.jpg,healthy,0.6386864185333252,294.2034606933594,115.82611846923828,331.40985107421875,181.09622192382812
ID_R9pWyO.jpg,healthy,0.36150556802749634,312.54583740234375,177.28939819335938,355.25079345703125,237.93788146972656
ID_GQ9JKt.jpeg,healthy,0.5456090569496155,2765.2568359375,1314.923095703125,3660.816650390625,2012.1177978515625
ID_GQ9JKt.jpeg,healthy,0.360248863697052,10.30517578125,760.3486938476562,3990.602294921875,1799.2530517578125
ID_WMbzmd.jpg,healthy,0.9281884431838989,86.84661102294922,312.6136474609375,165.2024688720703,404.2679443359375
ID_WMbzmd.jpg,healthy,0.8722333908081055,6.92680025100708,86.5809555053711,405.8531188964844,287.4807434082031
ID_WMbzmd.jpg,healthy,0.6760601997375488,30.238527297973633,290.90020751953125,99.8873519897461,410.8823547363281
ID_WMbzmd.jpg,healthy,0.6702767014503479,56.21269989013672,306.8540344238281,167.21070861816406,407.6799621582031
ID_WMbzmd.jpg,healthy,0.5715442299842834,348.34356689453125,0.8282600045204163,391.66094970703125,62.276615142822266
ID_WMbzmd.jpg,healthy,0.303983211517334,343.991455078125,0.07653389126062393,403.85986328125,63.91569137573242
ID_DldPpd.jpeg,anthracnose,0.9578471779823303,0.0,319.8837890625,4032.0,2815.58740234375
ID_DldPpd.jpeg,anthracnose,0.5297184586524963,413.7601013183594,1006.8495483398438,4013.160888671875,2814.39794921875
ID_DldPpd.jpeg,anthracnose,0.5021999478340149,0.0,0.0,3937.36669921875,758.275634765625
ID_DldPpd.jpeg,anthracnose,0.4710521697998047,35.51401901245117,1738.7418212890625,4029.769287109375,2920.008056640625
ID_DldPpd.jpeg,anthracnose,0.27986499667167664,52.63022232055664,2288.20703125,4028.9814453125,3002.303955078125
ID_dKqPTW.jpeg,anthracnose,0.4022574722766876,843.880859375,0.0,1134.1337890625,219.48956298828125
ID_dKqPTW.jpeg,anthracnose,0.34991052746772766,609.4217529296875,135.180908203125,951.424072265625,504.71551513671875
ID_Je3aTI.jpeg,anthracnose,0.5794308185577393,0.0,124.35193634033203,3888.321533203125,2526.12158203125
ID_Je3aTI.jpeg,anthracnose,0.45637276768684387,0.0,574.8636474609375,3206.17724609375,2445.671875
ID_F5v3g7.JPG,healthy,0.8596322536468506,324.126708984375,232.2703857421875,3264.0,1700.0628662109375
ID_F5v3g7.JPG,healthy,0.47794806957244873,415.06695556640625,1524.326904296875,3264.0,2448.0
ID_F5v3g7.JPG,healthy,0.46735671162605286,359.6072692871094,1334.2386474609375,3256.2080078125,2156.64013671875
ID_F5v3g7.JPG,healthy,0.3264331519603729,363.5412292480469,732.4276733398438,3264.0,2123.48876953125
ID_F5v3g7.JPG,healthy,0.27991342544555664,0.0,0.0,221.78883361816406,738.22607421875
ID_hyZmLZ.jpg,anthracnose,0.6916104555130005,76.616943359375,165.95806884765625,1278.800537109375,697.2041625976562
ID_hyZmLZ.jpg,anthracnose,0.5930593609809875,7.032470703125,546.4141845703125,1280.0,903.0479736328125
ID_hyZmLZ.jpg,healthy,0.5597333908081055,386.1976318359375,0.0,1277.130859375,256.4913635253906
ID_hyZmLZ.jpg,anthracnose,0.5224965214729309,107.96630859375,416.1383361816406,1280.0,902.3038330078125
ID_hyZmLZ.jpg,anthracnose,0.3522906005382538,0.0,171.6998291015625,1280.0,909.4718017578125
ID_hyZmLZ.jpg,healthy,0.33153828978538513,172.247314453125,557.8629150390625,1277.212646484375,901.207763671875
ID_hyZmLZ.jpg,healthy,0.2752362787723541,328.1639404296875,0.6201171875,1277.4248046875,346.29034423828125
ID_hyZmLZ.jpg,anthracnose,0.25366318225860596,0.0,398.8727722167969,1280.0,718.671630859375
ID_b9S74F.jpeg,healthy,0.82798171043396,0.0,64.0874252319336,3993.285400390625,2366.993896484375
ID_b9S74F.jpeg,healthy,0.6535800099372864,8.04034423828125,2213.915771484375,3801.762939453125,3021.24951171875
ID_b9S74F.jpeg,healthy,0.32611900568008423,44.46298599243164,57.301387786865234,3991.6943359375,1683.6929931640625
ID_b9S74F.jpeg,healthy,0.3075233995914459,0.0,2003.165771484375,3527.971435546875,2925.6220703125
ID_b9S74F.jpeg,healthy,0.3018764853477478,0.0,1291.8162841796875,3665.085693359375,2849.323974609375
ID_b9S74F.jpeg,healthy,0.2876642346382141,91.38306427001953,0.0,3965.800537109375,845.5494384765625
ID_b9S74F.jpeg,healthy,0.2854359745979309,2.013162136077881,0.0,2292.8515625,704.7998657226562
ID_b9S74F.jpeg,healthy,0.26558443903923035,12.30084228515625,0.0,2385.288330078125,1017.3302001953125
ID_KGAwoD.jpg,cssvd,0.5194485187530518,0.0,0.0,1070.8817138671875,807.39892578125
ID_IlLrNr.jpg,healthy,0.7026937007904053,138.24691772460938,3.8555266857147217,415.4144592285156,377.5543518066406
ID_IlLrNr.jpg,healthy,0.6437388062477112,15.496384620666504,43.16689682006836,107.3021011352539,179.701904296875
ID_IlLrNr.jpg,healthy,0.5553651452064514,85.99809265136719,0.0,315.2093200683594,56.827720642089844
ID_IlLrNr.jpg,healthy,0.5027766227722168,141.51278686523438,3.77685546875,406.64849853515625,216.78146362304688
ID_IlLrNr.jpg,healthy,0.3357490003108978,84.93770599365234,0.0,401.17572021484375,39.904075622558594
ID_IlLrNr.jpg,healthy,0.2668936252593994,14.902612686157227,78.56751251220703,81.73416900634766,174.6666259765625
ID_IlLrNr.jpg,healthy,0.25396907329559326,90.97415161132812,0.0,215.08152770996094,51.013771057128906
ID_IlLrNr.jpg,healthy,0.2510022222995758,24.634777069091797,357.99749755859375,253.28688049316406,415.78656005859375
ID_fvOAVw.jpg,healthy,0.8881801962852478,29.190847396850586,109.94947052001953,415.845458984375,394.4098205566406
ID_fvOAVw.jpg,healthy,0.7206210494041443,173.11236572265625,47.415348052978516,330.3526306152344,157.04055786132812
ID_fvOAVw.jpg,healthy,0.48225346207618713,291.8896179199219,108.28004455566406,414.81207275390625,194.73898315429688
ID_fvOAVw.jpg,healthy,0.46008428931236267,10.942902565002441,9.775107383728027,163.9123077392578,169.47808837890625
ID_fvOAVw.jpg,healthy,0.32588639855384827,44.08256912231445,345.81976318359375,380.8471984863281,415.10662841796875
ID_fvOAVw.jpg,healthy,0.31125760078430176,0.0,8.431387901306152,37.05241775512695,167.96278381347656
ID_fvOAVw.jpg,healthy,0.2689695656299591,25.32603645324707,126.03942108154297,411.432373046875,308.9340515136719
ID_xSf6zX.jpg,healthy,0.8297799229621887,806.8262939453125,247.07762145996094,1904.34130859375,2116.181640625
ID_hIdXy4.jpeg,healthy,0.8650494813919067,0.0,555.3766479492188,4032.0,2267.788330078125
ID_hIdXy4.jpeg,healthy,0.7012930512428284,1727.2943115234375,0.0,3977.251708984375,1210.682373046875
ID_hIdXy4.jpeg,healthy,0.5887163281440735,1067.309326171875,2357.14111328125,4023.283447265625,3017.802001953125
ID_hIdXy4.jpeg,healthy,0.33899518847465515,0.0,1463.4290771484375,213.9703369140625,2362.754150390625
ID_hIdXy4.jpeg,healthy,0.2647764980792999,219.1449432373047,2481.096923828125,4032.0,3014.40234375
ID_hIdXy4.jpeg,healthy,0.26291126012802124,0.0,643.4203491210938,2763.095458984375,2295.027099609375
ID_ZNueIB.jpg,healthy,0.759274959564209,0.0,445.32568359375,1280.0,960.0
ID_ZNueIB.jpg,healthy,0.5098353028297424,0.0,0.0,1280.0,397.71075439453125
ID_RFQ5Yy.jpg,healthy,0.539547860622406,0.0,186.81651306152344,1040.3717041015625,678.4430541992188
ID_RFQ5Yy.jpg,cssvd,0.30275312066078186,945.4979858398438,0.0,1080.0,810.0
ID_RFQ5Yy.jpg,cssvd,0.27516111731529236,868.3048706054688,65.45025634765625,1080.0,806.2140502929688
ID_RFQ5Yy.jpg,anthracnose,0.2688312828540802,866.1266479492188,174.1949462890625,1080.0,806.3848876953125
ID_CBUJ2U.jpg,anthracnose,0.6659798622131348,962.917724609375,532.9068603515625,2477.809814453125,1374.73388671875
ID_CBUJ2U.jpg,cssvd,0.4716131091117859,2119.416259765625,0.0,3264.0,881.142333984375
ID_CBUJ2U.jpg,healthy,0.3815808594226837,58.62587356567383,0.0,2375.474609375,312.4303283691406
ID_CBUJ2U.jpg,healthy,0.295969158411026,2.1842079162597656,1389.7813720703125,332.5198669433594,2021.4921875
ID_CBUJ2U.jpg,healthy,0.2873311936855316,1615.8018798828125,2036.2755126953125,3260.81494140625,2447.888427734375
ID_CBUJ2U.jpg,healthy,0.26937082409858704,169.05764770507812,0.0,3148.708251953125,327.8975830078125
ID_ccmo9J.jpeg,healthy,0.8712899684906006,82.24260711669922,785.1199951171875,4032.0,2709.0263671875
ID_ccmo9J.jpeg,healthy,0.7380306720733643,371.26202392578125,1.7941771745681763,3744.479736328125,1225.1094970703125
ID_ccmo9J.jpeg,healthy,0.6452813744544983,2.125490427017212,1839.9329833984375,342.66680908203125,2839.66796875
ID_ccmo9J.jpeg,healthy,0.4116506278514862,3695.146728515625,0.0,4032.0,1406.4981689453125
ID_ccmo9J.jpeg,healthy,0.37063196301460266,395.20001220703125,0.0,3838.525634765625,597.974853515625
ID_ccmo9J.jpeg,anthracnose,0.29978933930397034,2174.43701171875,2294.282470703125,4003.614501953125,3019.75390625
ID_nui0Fo.jpg,anthracnose,0.9342038631439209,0.0,0.0,2047.018310546875,1068.132080078125
ID_nui0Fo.jpg,anthracnose,0.6961707472801208,42.53496170043945,350.4776306152344,2048.0,1512.7344970703125
ID_nui0Fo.jpg,anthracnose,0.4741819202899933,397.7041015625,0.0,2026.5904541015625,891.8059692382812
ID_nui0Fo.jpg,anthracnose,0.4129842519760132,47.110939025878906,693.868896484375,2048.0,1526.236572265625
ID_nui0Fo.jpg,anthracnose,0.28558143973350525,30.896289825439453,940.5906372070312,2036.7945556640625,1532.2308349609375
ID_IzC8zb.jpg,cssvd,0.6269314885139465,0.0,0.0,1276.1640625,719.890869140625
ID_Jz9DKw.jpg,healthy,0.939134955406189,1087.7020263671875,569.67236328125,3096.39501953125,1460.340087890625
ID_htu4s6.jpeg,healthy,0.8843951225280762,1217.0296630859375,1500.35400390625,1624.9254150390625,2336.67041015625
ID_htu4s6.jpeg,healthy,0.7967373132705688,1444.8677978515625,634.0447387695312,3987.106201171875,1791.776611328125
ID_htu4s6.jpeg,healthy,0.6754370927810669,1977.3563232421875,0.0,3441.9423828125,788.9783325195312
ID_htu4s6.jpeg,healthy,0.6380571722984314,1994.0064697265625,0.4608970582485199,3567.832763671875,578.4241333007812
ID_htu4s6.jpeg,healthy,0.4888307750225067,1093.406982421875,66.50933074951172,2070.708740234375,851.8042602539062
ID_htu4s6.jpeg,healthy,0.47237536311149597,1945.880859375,1.3438063859939575,2748.4453125,845.5176391601562
ID_htu4s6.jpeg,healthy,0.41307032108306885,1057.6326904296875,0.0,1584.634765625,653.2067260742188
ID_htu4s6.jpeg,healthy,0.37345102429389954,2274.282958984375,980.307373046875,4032.0,2700.57666015625
ID_ODaTAe.jpg,anthracnose,0.9554980397224426,213.13108825683594,0.0,4088.446533203125,2588.76171875
ID_ODaTAe.jpg,anthracnose,0.5020999908447266,662.2280883789062,2235.77294921875,4055.354736328125,3087.553955078125
ID_ODaTAe.jpg,anthracnose,0.36764445900917053,574.4200439453125,1528.4888916015625,4068.094970703125,3089.675537109375
ID_ODaTAe.jpg,anthracnose,0.3058570623397827,626.2778930664062,983.256103515625,4071.380615234375,2580.001953125
ID_ODaTAe.jpg,anthracnose,0.28487178683280945,237.21859741210938,2496.8935546875,4043.29345703125,3088.8095703125
ID_FmDuR4.jpeg,healthy,0.9129180908203125,190.1279296875,47.221923828125,787.160400390625,430.7608642578125
ID_JJv0IC.jpeg,healthy,0.919965922832489,0.0,460.8997497558594,4032.0,2355.964111328125
ID_JJv0IC.jpeg,healthy,0.8558952808380127,0.0,2256.208740234375,3972.975341796875,3018.1142578125
ID_JJv0IC.jpeg,healthy,0.5276370644569397,0.0,1898.8212890625,3930.645263671875,3017.079345703125
ID_ofW5No.jpg,cssvd,0.4626704156398773,0.0,35.69158935546875,1280.0,960.0
ID_ofW5No.jpg,healthy,0.4183448851108551,0.0,0.0,1280.0,265.0705261230469
ID_ofW5No.jpg,healthy,0.2689969539642334,36.959228515625,0.0,1265.834716796875,185.6703338623047
ID_kzDVp5.jpeg,healthy,0.7497337460517883,0.0,412.2227783203125,4032.0,2771.873291015625
ID_kzDVp5.jpeg,healthy,0.6020646691322327,0.0,2218.78466796875,3450.847900390625,3024.0
ID_kzDVp5.jpeg,healthy,0.4446095824241638,0.0,1794.2763671875,2320.159912109375,3021.82666015625
ID_kzDVp5.jpeg,healthy,0.39329877495765686,0.0,1842.8487548828125,3454.380126953125,3024.0
ID_kzDVp5.jpeg,healthy,0.3898429274559021,0.0,295.4466857910156,4032.0,2149.3603515625
ID_oQqA0l.jpg,healthy,0.8803309202194214,1461.3121337890625,232.62632751464844,3263.69921875,1298.7440185546875
ID_oQqA0l.jpg,healthy,0.300001859664917,2876.25634765625,1066.5413818359375,3264.0,1502.7103271484375
ID_oQqA0l.jpg,healthy,0.2736022472381592,1465.2818603515625,610.0354614257812,3235.794189453125,1290.2816162109375
ID_IAXZXi.jpg,anthracnose,0.9618489742279053,0.0,48.180274963378906,2021.7630615234375,1408.8643798828125
ID_IAXZXi.jpg,anthracnose,0.35755160450935364,0.5474609136581421,32.6806640625,951.2586059570312,612.9454345703125
ID_IAXZXi.jpg,anthracnose,0.33893492817878723,76.71015930175781,0.7925781011581421,1995.0015869140625,457.8960876464844
ID_IAXZXi.jpg,anthracnose,0.284656286239624,3.62890625,836.2667846679688,2010.139404296875,1530.3538818359375
ID_IAXZXi.jpg,anthracnose,0.278633177280426,0.0,1243.3316650390625,2009.766845703125,1535.8929443359375
ID_IAXZXi.jpg,anthracnose,0.25862276554107666,0.0,511.8677673339844,2001.193359375,1458.0361328125
ID_u6G2wV.jpg,healthy,0.3638523519039154,1.7831840515136719,0.0,1043.6883544921875,237.77383422851562
ID_RcvF8N.jpeg,healthy,0.8000267744064331,359.798828125,0.0,4000.0,1716.2301025390625
ID_RcvF8N.jpeg,healthy,0.4801830053329468,344.6918640136719,0.039386749267578125,2274.633056640625,697.1524047851562
ID_RcvF8N.jpeg,healthy,0.26042765378952026,343.1312561035156,0.0,3183.522216796875,631.398193359375
ID_j4F4m6.jpg,anthracnose,0.46715691685676575,0.0,265.50982666015625,810.0,1076.649658203125
ID_ymEEXT.jpg,anthracnose,0.48656028509140015,1.9023513793945312,166.7828369140625,636.9960327148438,997.2481079101562
ID_ymEEXT.jpg,anthracnose,0.4802730679512024,3.7331199645996094,574.1573486328125,806.837158203125,1079.571533203125
ID_ymEEXT.jpg,anthracnose,0.4182773232460022,5.8877105712890625,813.3124389648438,803.9368896484375,1078.965087890625
ID_TEjtUB.jpg,cssvd,0.5829103589057922,127.81535339355469,8.668212890625,1076.018798828125,652.6663818359375
ID_cQuu6A.jpg,cssvd,0.3657388687133789,346.3710021972656,0.0,1077.448486328125,808.880126953125
ID_cQuu6A.jpg,anthracnose,0.28724414110183716,357.38116455078125,0.0,1069.0013427734375,810.0
ID_iX1xev.jpg,cssvd,0.27504289150238037,504.6473083496094,550.18798828125,1458.458251953125,1451.8524169921875
ID_uZ9kxH.jpg,anthracnose,0.6767299771308899,2.744549512863159,335.96063232421875,3135.650390625,1769.494873046875
ID_uZ9kxH.jpg,anthracnose,0.6008608937263489,0.0,1817.4920654296875,3202.91015625,2444.244873046875
ID_kKNhQp.jpg,healthy,0.9450373649597168,934.1041870117188,561.736328125,2415.904052734375,1503.6868896484375
ID_jFyEIK.jpg,anthracnose,0.8414178490638733,542.929443359375,88.77942657470703,4120.1044921875,2791.341796875
ID_jFyEIK.jpg,anthracnose,0.6568700075149536,621.3443603515625,117.50955963134766,4084.31005859375,1809.8223876953125
ID_jFyEIK.jpg,anthracnose,0.6434275507926941,528.1500244140625,893.5279541015625,4124.80517578125,2868.639404296875
ID_jFyEIK.jpg,anthracnose,0.6344296932220459,469.4500732421875,1584.576904296875,4126.76171875,3095.363037109375
ID_jFyEIK.jpg,anthracnose,0.5785219669342041,404.4501037597656,2274.52294921875,4121.48486328125,3090.41796875
ID_wB12vR.jpg,cssvd,0.5777018666267395,2.805419921875,27.01861572265625,1280.0,762.37060546875
ID_wB12vR.jpg,cssvd,0.40930792689323425,4.69482421875,243.1762237548828,1257.07568359375,754.3449096679688
ID_wB12vR.jpg,cssvd,0.32648786902427673,0.0,0.0,1280.0,243.89828491210938
ID_aXHYsK.JPG,cssvd,0.49646368622779846,5.391046047210693,24.01239585876465,2652.24169921875,2372.5634765625
ID_P8IJWT.jpg,cssvd,0.6684507727622986,0.0,20.363037109375,1277.203125,960.0
ID_l5mhwr.jpeg,cssvd,0.36910033226013184,376.73760986328125,180.86190795898438,4000.0,1700.2161865234375
ID_T3gcBb.JPG,anthracnose,0.8227012157440186,710.2618408203125,499.3665466308594,3264.0,1982.9613037109375
ID_T3gcBb.JPG,anthracnose,0.34776073694229126,580.2149658203125,0.2949371337890625,3264.0,1024.5386962890625
ID_T3gcBb.JPG,healthy,0.2724255323410034,0.0,1111.85009765625,2481.30908203125,2448.0
ID_dNIcv3.jpg,healthy,0.7824198603630066,0.0,0.0,634.682373046875,727.3987426757812
ID_dNIcv3.jpg,cssvd,0.7030231952667236,0.0,250.15882873535156,3264.0,1978.2620849609375
ID_sUjNoD.jpg,anthracnose,0.3687821924686432,62.68199920654297,635.7697143554688,3008.647216796875,1647.279296875
ID_sUjNoD.jpg,cssvd,0.34761226177215576,2816.680419921875,211.26649475097656,3264.0,954.9869384765625
ID_sY0Ns4.jpg,anthracnose,0.7848513126373291,1.3657379150390625,0.0,1065.06982421875,581.458251953125
ID_sY0Ns4.jpg,anthracnose,0.3025408983230591,33.34954833984375,7.556671142578125,1069.3448486328125,810.0
ID_wVucYf.jpg,cssvd,0.735023021697998,0.0,19.290327072143555,1078.838623046875,754.6094360351562
ID_U9wv5h.jpg,healthy,0.7363273501396179,929.0628662109375,564.1373901367188,2696.4345703125,1505.6575927734375
ID_U9wv5h.jpg,healthy,0.5838863253593445,184.83204650878906,0.0,2888.25244140625,628.7429809570312
ID_UZ1rko.jpg,healthy,0.6605607867240906,686.4100341796875,140.14913940429688,3063.46142578125,1767.45751953125
ID_Az60r3.jpg,anthracnose,0.7275298237800598,109.81160736083984,5.55662727355957,1080.0,540.2337646484375
ID_Az60r3.jpg,anthracnose,0.3224952220916748,641.23486328125,244.93978881835938,1079.384033203125,810.0
ID_BKGaS6.jpeg,healthy,0.8887471556663513,559.1173095703125,393.4946594238281,4032.0,2414.06005859375
ID_BKGaS6.jpeg,healthy,0.7467924952507019,0.0,2451.19677734375,4032.0,3016.829345703125
ID_BKGaS6.jpeg,healthy,0.6859374046325684,410.01141357421875,0.0,4032.0,1450.4071044921875
ID_BKGaS6.jpeg,healthy,0.5486205816268921,297.83917236328125,2347.535888671875,3479.86083984375,3024.0
ID_BKGaS6.jpeg,healthy,0.5112783908843994,298.6905212402344,2340.4033203125,2277.224609375,3020.2138671875
ID_BKGaS6.jpeg,healthy,0.42626452445983887,0.0,40.46607971191406,1021.2488403320312,2189.01611328125
ID_BKGaS6.jpeg,healthy,0.38872161507606506,0.0,2.7180862426757812,1656.93359375,697.6593627929688
ID_BKGaS6.jpeg,healthy,0.3147246837615967,581.125732421875,1253.1785888671875,4032.0,2432.1279296875
ID_BKGaS6.jpeg,healthy,0.27346548438072205,2102.15625,1497.623291015625,4032.0,3024.0
ID_waxzBU.jpeg,anthracnose,0.9141830801963806,472.5184326171875,0.0,3752.125244140625,3024.0
ID_waxzBU.jpeg,healthy,0.7728639245033264,43.81499481201172,2067.31396484375,773.0818481445312,3024.0
ID_waxzBU.jpeg,anthracnose,0.6646806001663208,885.1499633789062,412.2477722167969,3395.4287109375,3008.551025390625
ID_waxzBU.jpeg,anthracnose,0.3467373847961426,1961.4901123046875,0.0,4017.920166015625,1407.47265625
ID_waxzBU.jpeg,anthracnose,0.3305720090866089,1060.4547119140625,3.45088791847229,4026.27197265625,1159.43994140625
ID_waxzBU.jpeg,anthracnose,0.33032217621803284,988.6600952148438,29.51221466064453,3297.611083984375,2364.3447265625
ID_yD91GY.jpg,anthracnose,0.968021035194397,185.0283203125,0.20273438096046448,2037.594482421875,1455.87158203125
ID_yD91GY.jpg,anthracnose,0.6417428851127625,186.4265594482422,57.520118713378906,2034.017578125,1067.1142578125
ID_yD91GY.jpg,healthy,0.3393152058124542,208.947265625,0.0,1990.703125,195.98939514160156
ID_E5kGYT.jpeg,healthy,0.8530004620552063,4.266073226928711,3469.283447265625,420.7612609863281,4032.0
ID_E5kGYT.jpeg,anthracnose,0.6216173768043518,0.0,1039.864990234375,2856.857666015625,2558.66845703125
ID_E5kGYT.jpeg,healthy,0.27407288551330566,1309.7100830078125,69.17790985107422,2062.307861328125,624.8825073242188
ID_AXba1J.jpg,anthracnose,0.8907380104064941,213.6605987548828,4.808046340942383,1075.50341796875,787.580078125
ID_xhUdXZ.jpeg,healthy,0.8296592831611633,490.56365966796875,799.1688842773438,4032.0,1897.0078125
ID_xhUdXZ.jpeg,healthy,0.6402785181999207,496.0692138671875,1314.665771484375,4032.0,2480.27734375
ID_xhUdXZ.jpeg,healthy,0.44984930753707886,572.8469848632812,842.7103271484375,4028.205810546875,2469.8544921875
ID_xhUdXZ.jpeg,healthy,0.3185093104839325,555.6585083007812,814.8121337890625,3236.268798828125,1992.2626953125
ID_xhUdXZ.jpeg,healthy,0.26747938990592957,8.871054649353027,2574.935791015625,441.7464904785156,3024.0
ID_xhUdXZ.jpeg,healthy,0.2535318434238434,0.0,2000.2330322265625,946.8683471679688,2600.7509765625
ID_TJq3qJ.jpg,anthracnose,0.6036185622215271,350.54461669921875,161.6544952392578,1172.0909423828125,780.1609497070312
ID_TJq3qJ.jpg,healthy,0.34862175583839417,1717.0882568359375,1072.587158203125,2046.584716796875,1406.052490234375
ID_TJq3qJ.jpg,anthracnose,0.3050040900707245,411.713134765625,569.0418701171875,1849.015380859375,1258.6925048828125
ID_TJq3qJ.jpg,cssvd,0.25361359119415283,424.90155029296875,158.2013702392578,1818.596923828125,1274.3951416015625
ID_OdAr6W.jpg,healthy,0.9595884680747986,608.8677978515625,244.16282653808594,901.7291870117188,455.9273986816406
ID_OdAr6W.jpg,healthy,0.792052686214447,0.0,497.4375305175781,142.3084259033203,697.4725952148438
ID_OdAr6W.jpg,healthy,0.40455952286720276,3.1217823028564453,229.76034545898438,318.1994934082031,387.8916320800781
ID_YKtTP5.jpg,healthy,0.9011637568473816,0.0,100.81565856933594,380.021240234375,305.30743408203125
ID_YKtTP5.jpg,healthy,0.8595116138458252,0.0,289.71063232421875,130.59036254882812,398.31243896484375
ID_YKtTP5.jpg,healthy,0.7062876224517822,128.3223876953125,309.1281433105469,352.8351745605469,399.9620056152344
ID_YKtTP5.jpg,healthy,0.614291250705719,4.906817436218262,0.0,336.9892578125,157.3806915283203
ID_YKtTP5.jpg,healthy,0.5631445646286011,3.7266790866851807,15.944737434387207,48.59975814819336,111.58528900146484
ID_LNirTl.jpeg,anthracnose,0.9540950655937195,0.0,0.692138671875,4032.0,2609.04931640625
ID_X19ldl.jpg,anthracnose,0.8688520193099976,10.3590087890625,168.855712890625,1280.0,804.4378051757812
ID_GmJxkz.jpg,healthy,0.7775030732154846,107.8126220703125,257.70770263671875,1280.0,735.0982055664062
ID_GmJxkz.jpg,healthy,0.6125146746635437,199.2099609375,592.929931640625,1270.77294921875,958.8970947265625
ID_GmJxkz.jpg,healthy,0.5915977954864502,7.602294921875,0.0,1157.580322265625,180.53172302246094
ID_GmJxkz.jpg,healthy,0.27741485834121704,0.0,0.0,807.4065551757812,143.29217529296875
ID_TIyJkf.jpg,anthracnose,0.8608625531196594,237.95059204101562,0.0,2013.187255859375,872.8292846679688
ID_TIyJkf.jpg,anthracnose,0.2992474138736725,91.33906555175781,5.313183784484863,2036.4273681640625,1439.5643310546875
ID_frWmBT.jpg,healthy,0.8221123218536377,41.407188415527344,95.00009155273438,405.5936584472656,353.4190368652344
ID_frWmBT.jpg,healthy,0.5422808527946472,71.84126281738281,108.8202896118164,405.1459655761719,296.25970458984375
ID_frWmBT.jpg,healthy,0.45826902985572815,112.25495910644531,10.03288745880127,221.03570556640625,188.78770446777344
ID_frWmBT.jpg,healthy,0.4280633330345154,18.577844619750977,274.63134765625,379.8967590332031,415.69720458984375
ID_frWmBT.jpg,healthy,0.3908068835735321,17.213573455810547,209.29971313476562,386.6998596191406,415.7863464355469
ID_GeExO3.jpeg,anthracnose,0.9353030920028687,25.167465209960938,0.0,4000.0,1785.9169921875
ID_GeExO3.jpeg,anthracnose,0.5908145904541016,870.7630615234375,337.7292175292969,3976.60595703125,1794.474853515625
ID_GDhaPT.jpg,cssvd,0.53844153881073,0.0,0.0,1080.0,637.9185791015625
ID_GDhaPT.jpg,healthy,0.3564234972000122,0.0,526.5255126953125,1080.0,809.1978759765625
ID_GDhaPT.jpg,healthy,0.26982563734054565,0.0,9.746332168579102,1080.0,621.9846801757812
ID_gVLejj.jpeg,healthy,0.8698090314865112,179.7557830810547,69.60234832763672,4000.0,1653.8656005859375
ID_gVLejj.jpeg,healthy,0.484036386013031,64.508056640625,1153.9627685546875,4000.0,1787.7078857421875
ID_gVLejj.jpeg,healthy,0.48205825686454773,386.38726806640625,0.48084259033203125,2061.988037109375,509.4072570800781
ID_gVLejj.jpeg,healthy,0.3249943256378174,1.384735107421875,182.78656005859375,378.423583984375,1086.9171142578125
ID_gVLejj.jpeg,healthy,0.315493643283844,373.5011291503906,0.0,3175.876220703125,525.228759765625
ID_gVLejj.jpeg,healthy,0.3098243474960327,0.0,0.0,695.1912231445312,302.2437744140625
ID_gVLejj.jpeg,healthy,0.27827075123786926,329.4258117675781,0.0,3665.69677734375,417.1590270996094
ID_gVLejj.jpeg,healthy,0.2633358836174011,245.93048095703125,0.0,1615.659912109375,477.1187438964844
ID_fXAcgg.jpg,cssvd,0.2515251338481903,34.08955001831055,0.0,910.2623901367188,689.17138671875
ID_PQ3ccq.jpg,cssvd,0.291314959526062,0.0,143.18515014648438,810.0,1070.214111328125
ID_XBLbYU.JPG,healthy,0.7460099458694458,0.0,1313.8082275390625,2448.0,1964.15869140625
ID_XBLbYU.JPG,cssvd,0.5500612258911133,5.057898998260498,760.99609375,2448.0,1434.2218017578125
ID_XBLbYU.JPG,healthy,0.4750566780567169,99.5011215209961,762.9520874023438,2446.874267578125,1432.5076904296875
ID_XBLbYU.JPG,cssvd,0.35586777329444885,20.380077362060547,457.2149353027344,2448.0,1442.8448486328125
ID_XBLbYU.JPG,healthy,0.32848024368286133,0.0,1847.630126953125,2148.689453125,2448.0
ID_XBLbYU.JPG,healthy,0.31338396668434143,2.7294912338256836,1814.994140625,1384.7845458984375,2448.0
ID_XBLbYU.JPG,healthy,0.25517764687538147,0.0,1578.092529296875,2448.0,2177.350830078125
ID_x9XzNo.jpg,healthy,0.8211985230445862,1193.4144287109375,1649.5694580078125,1988.20166015625,2886.841552734375
ID_x9XzNo.jpg,healthy,0.38133516907691956,253.0621337890625,2029.1478271484375,746.5690307617188,2805.872802734375
ID_zHzByJ.jpg,anthracnose,0.693381667137146,86.678466796875,141.55224609375,1278.875,753.8392944335938
ID_zHzByJ.jpg,anthracnose,0.40622347593307495,235.1109619140625,162.38787841796875,1275.011474609375,633.2557373046875
ID_XzFO6w.jpg,healthy,0.6723535060882568,524.4986572265625,755.676025390625,1349.0550537109375,1161.7939453125
ID_XzFO6w.jpg,healthy,0.5489984750747681,399.2929382324219,449.22100830078125,1079.7318115234375,731.5628051757812
ID_XzFO6w.jpg,healthy,0.26444199681282043,305.41619873046875,1262.8577880859375,2037.465576171875,1532.4517822265625
ID_GBF6WG.jpg,healthy,0.9029079675674438,1293.1173095703125,344.3352966308594,3116.19921875,1699.4202880859375
ID_GBF6WG.jpg,healthy,0.47139883041381836,3.88165283203125,1591.0260009765625,3264.0,2444.647705078125
ID_GBF6WG.jpg,healthy,0.3295500874519348,0.0,933.5957641601562,3261.3720703125,2436.197998046875
ID_AuxMUi.jpeg,healthy,0.7144888043403625,0.0,367.59539794921875,4032.0,2176.01806640625
ID_AuxMUi.jpeg,healthy,0.5831641554832458,0.0,424.2177429199219,4008.2890625,1608.2589111328125
ID_wqplu9.jpg,healthy,0.6134628057479858,84.42581176757812,76.42334747314453,386.1233215332031,370.5086669921875
ID_wqplu9.jpg,healthy,0.443452388048172,81.67239379882812,41.67725372314453,354.7176208496094,298.9928283691406
ID_wqplu9.jpg,healthy,0.32516834139823914,118.82816314697266,215.82740783691406,192.0432586669922,367.6672058105469
ID_wqplu9.jpg,healthy,0.3206723928451538,83.04102325439453,72.98015594482422,346.24078369140625,217.45188903808594
ID_hFfEUF.jpeg,anthracnose,0.8507447838783264,409.85223388671875,571.9750366210938,3011.737548828125,1967.9754638671875
ID_hFfEUF.jpeg,anthracnose,0.6973749399185181,1421.6788330078125,3.5969581604003906,3018.036376953125,775.7163696289062
ID_hFfEUF.jpeg,anthracnose,0.3694393038749695,3.560476779937744,408.9363098144531,3024.0,1797.816650390625
ID_hFfEUF.jpeg,anthracnose,0.29213976860046387,15.519767761230469,1427.4051513671875,1562.308837890625,3019.71337890625
ID_hFfEUF.jpeg,anthracnose,0.2756141126155853,13.454166412353516,1578.261962890625,2305.954345703125,3021.74658203125
ID_hFfEUF.jpeg,anthracnose,0.25801748037338257,8.048707962036133,899.8533935546875,3016.630859375,2067.522216796875
ID_SEIr9S.jpg,cssvd,0.543574869632721,390.0464782714844,83.978515625,1273.611083984375,1184.189697265625
ID_SEIr9S.jpg,cssvd,0.2826538383960724,0.0,54.80195236206055,1499.560791015625,1194.857421875
ID_EcA6Hq.jpg,cssvd,0.4929443299770355,92.405029296875,0.0,1277.566162109375,579.4840087890625
ID_vlAp0D.jpg,healthy,0.8188163638114929,371.01922607421875,652.3746337890625,2567.643798828125,1682.381103515625
ID_vlAp0D.jpg,healthy,0.5557227730751038,205.5067901611328,1208.6099853515625,1372.0003662109375,2448.0
ID_vlAp0D.jpg,healthy,0.335063636302948,221.6566162109375,13.186413764953613,557.51025390625,765.8211669921875
ID_iOTLqo.jpeg,healthy,0.616345226764679,8.039382934570312,3229.3466796875,3005.844970703125,4027.142578125
ID_iOTLqo.jpeg,anthracnose,0.5753608345985413,0.0,493.65020751953125,3024.0,3729.225341796875
ID_iOTLqo.jpeg,healthy,0.3793356120586395,278.23089599609375,0.0,3024.0,379.592041015625
ID_Ibuz4I.jpg,cssvd,0.2664406895637512,639.4979248046875,0.0,1080.0,459.7330627441406
ID_LIb04Q.jpg,healthy,0.809692919254303,397.0165100097656,256.13323974609375,831.6265869140625,607.030029296875
ID_LIb04Q.jpg,healthy,0.7816954851150513,515.6123046875,460.1724548339844,1014.2775268554688,869.8972778320312
ID_LIb04Q.jpg,healthy,0.2957015931606293,494.33673095703125,447.94805908203125,1251.783447265625,919.4005737304688
ID_LIb04Q.jpg,healthy,0.2561325430870056,282.9068298339844,0.0,2045.115478515625,175.48611450195312
ID_kzlLQD.jpeg,anthracnose,0.8861140608787537,1044.2447509765625,0.0,3578.447509765625,1580.8494873046875
ID_kzlLQD.jpeg,anthracnose,0.4754583537578583,1076.268798828125,405.3047180175781,3977.4970703125,1735.319580078125
ID_kzlLQD.jpeg,anthracnose,0.2957288920879364,1126.406494140625,913.5872192382812,3966.3544921875,1791.402099609375
ID_tkkwqj.jpg,anthracnose,0.9206916689872742,0.0,0.0,4128.0,2631.55126953125
ID_tkkwqj.jpg,anthracnose,0.4369957447052002,0.0,2464.6015625,4115.10302734375,3086.859619140625
ID_tkkwqj.jpg,anthracnose,0.3613860309123993,0.0,2206.712158203125,4125.7197265625,3083.04541015625
ID_wXk3xY.jpeg,healthy,0.7414633631706238,591.0494995117188,0.0,4032.0,2728.490966796875
ID_wXk3xY.jpeg,healthy,0.7334848046302795,509.5587158203125,0.5189598202705383,2725.927978515625,553.293212890625
ID_wXk3xY.jpeg,healthy,0.6112784743309021,679.201416015625,2438.744384765625,4030.313720703125,3018.793212890625
ID_wXk3xY.jpeg,healthy,0.5652757287025452,0.0,0.0,381.37713623046875,594.9178466796875
ID_wXk3xY.jpeg,healthy,0.5516671538352966,0.0,999.4200439453125,910.9249267578125,2339.73193359375
ID_wXk3xY.jpeg,healthy,0.355456680059433,466.8624572753906,3.809983015060425,1919.834228515625,569.2548828125
ID_wXk3xY.jpeg,healthy,0.32822370529174805,429.2986145019531,0.0,3576.07763671875,515.4732666015625
ID_wXk3xY.jpeg,healthy,0.29208874702453613,689.9414672851562,2187.786376953125,4032.0,3018.748046875
ID_wXk3xY.jpeg,healthy,0.28549036383628845,254.00758361816406,102.28675079345703,2080.021484375,1130.322021484375
ID_wXk3xY.jpeg,healthy,0.26191362738609314,333.5027770996094,696.4959716796875,1590.78857421875,1811.4376220703125
ID_wXk3xY.jpeg,healthy,0.25511690974235535,0.0,0.0,586.38037109375,584.6655883789062
ID_NSarPy.jpg,healthy,0.5793073773384094,135.8424530029297,2.8117735385894775,313.1489562988281,402.8360595703125
ID_NSarPy.jpg,healthy,0.5054131150245667,4.764858245849609,109.75426483154297,113.99092102050781,404.7920837402344
ID_NSarPy.jpg,healthy,0.49712860584259033,43.251590728759766,122.58441162109375,89.20299530029297,208.6977081298828
ID_NSarPy.jpg,healthy,0.42738205194473267,99.19107055664062,318.0323791503906,172.62973022460938,403.54217529296875
ID_OFLVcT.jpg,healthy,0.8661034107208252,92.23802947998047,135.13279724121094,292.5412902832031,309.7155456542969
ID_OFLVcT.jpg,healthy,0.5442147850990295,17.29633140563965,288.5863342285156,410.4583435058594,415.6103210449219
ID_OFLVcT.jpg,healthy,0.26175427436828613,98.38684844970703,136.59561157226562,294.93231201171875,220.5727996826172
ID_GXD0Ks.jpg,anthracnose,0.9503052830696106,177.1320343017578,104.64823913574219,2045.255126953125,1375.25390625
ID_mk1ErX.jpeg,healthy,0.8914037942886353,170.6175537109375,233.70925903320312,4032.0,2127.196044921875
ID_mk1ErX.jpeg,healthy,0.8164767622947693,0.0,1337.8455810546875,4032.0,3023.884521484375
ID_mk1ErX.jpeg,healthy,0.6681929230690002,0.0,1906.9849853515625,4032.0,3022.905517578125
ID_mk1ErX.jpeg,healthy,0.49517616629600525,0.0,0.0,1213.3134765625,1620.7518310546875
ID_mk1ErX.jpeg,healthy,0.27630579471588135,0.0,0.0,1277.1641845703125,1108.864501953125
ID_N58WHF.jpg,cssvd,0.4950844645500183,172.940185546875,0.0,1280.0,958.5176391601562
ID_J3dqOS.jpg,cssvd,0.6719788908958435,0.0,0.2607421875,1280.0,829.6507568359375
ID_db9KWW.jpg,healthy,0.5516766309738159,166.52853393554688,490.1539306640625,1187.1748046875,701.6510009765625
ID_fYwTpc.jpg,anthracnose,0.9260026216506958,108.794921875,0.0,2043.384765625,1358.829345703125
ID_fYwTpc.jpg,anthracnose,0.7560473680496216,376.2779235839844,949.3995971679688,1991.9261474609375,1533.25390625
ID_fYwTpc.jpg,anthracnose,0.7060903310775757,244.7736358642578,704.4168090820312,2021.5482177734375,1536.0
ID_fYwTpc.jpg,anthracnose,0.644158661365509,249.9494171142578,1157.486083984375,1963.607421875,1533.0849609375
ID_fYwTpc.jpg,anthracnose,0.3683837652206421,329.6484375,351.6902770996094,2040.4375,1368.997314453125
ID_PzpVJN.jpg,2,1.0,,,,
ID_fVoX4C.jpg,cssvd,0.45021888613700867,0.0,55.63787841796875,1244.4810791015625,870.41162109375
ID_zmFEBY.jpg,cssvd,0.36173900961875916,5.06341552734375,0.0,947.2833251953125,1189.151123046875
ID_uUCRX7.jpeg,healthy,0.5705046653747559,343.1112060546875,2420.96728515625,3024.0,4030.076171875
ID_uUCRX7.jpeg,healthy,0.5225376486778259,77.52837371826172,7.569304943084717,2833.702880859375,2103.368408203125
ID_uUCRX7.jpeg,healthy,0.5155490040779114,0.0,0.0,1023.2348022460938,417.05267333984375
ID_uUCRX7.jpeg,healthy,0.4915893077850342,55.4687614440918,35.859703063964844,2848.826171875,3864.435302734375
ID_uUCRX7.jpeg,healthy,0.4405333995819092,0.0,51.289398193359375,210.10887145996094,1039.800048828125
ID_psMYBH.jpeg,healthy,0.6588797569274902,623.4404296875,0.0,4032.0,3024.0
ID_psMYBH.jpeg,healthy,0.6161089539527893,0.0,0.8138396739959717,1065.6864013671875,1240.8582763671875
ID_psMYBH.jpeg,healthy,0.3323965072631836,2869.38232421875,1.6757445335388184,4025.2431640625,585.3892822265625
ID_g9HlX8.JPG,cssvd,0.48117944598197937,523.278564453125,482.33038330078125,3263.752197265625,1816.7047119140625
ID_g9HlX8.JPG,healthy,0.3302203416824341,179.7298583984375,1354.514404296875,3245.458251953125,2447.381103515625
ID_g9HlX8.JPG,anthracnose,0.3017810881137848,0.0,687.7188110351562,559.0014038085938,1660.5977783203125
ID_g9HlX8.JPG,cssvd,0.2736135721206665,0.0,1343.59130859375,3264.0,2441.578857421875
ID_NMaiWl.jpg,cssvd,0.6961301565170288,0.0,5.51080322265625,1280.0,958.8905029296875
ID_NMaiWl.jpg,healthy,0.33112064003944397,0.0,0.8065643310546875,276.21917724609375,166.70777893066406
ID_xB3PwL.jpeg,healthy,0.7501826286315918,0.0,0.0,2674.509033203125,358.31646728515625
ID_xB3PwL.jpeg,healthy,0.5458689332008362,7.090575695037842,1690.4798583984375,2063.478759765625,3021.99951171875
ID_xB3PwL.jpeg,healthy,0.5367907881736755,0.0,0.0,3735.0078125,348.48748779296875
ID_xB3PwL.jpeg,healthy,0.48273372650146484,0.0,0.0,1616.593994140625,339.68548583984375
ID_xB3PwL.jpeg,healthy,0.46600767970085144,419.979736328125,520.5296020507812,4032.0,2322.566162109375
ID_xB3PwL.jpeg,anthracnose,0.41512250900268555,223.18626403808594,296.6821594238281,4032.0,2362.228759765625
ID_xB3PwL.jpeg,anthracnose,0.3018530607223511,5.557873249053955,638.4437866210938,2069.239990234375,3024.0
ID_xB3PwL.jpeg,healthy,0.28568416833877563,2.608593702316284,647.0111083984375,2045.1605224609375,3018.328125
ID_OwHyW3.jpg,healthy,0.7415975332260132,14.331250190734863,835.0953369140625,1458.996337890625,1534.936767578125
ID_OwHyW3.jpg,healthy,0.28737714886665344,80.99609375,561.033203125,1838.2125244140625,897.3220825195312
ID_YyYHcE.jpg,anthracnose,0.484473317861557,90.11161041259766,0.0,1070.49462890625,808.9977416992188
ID_uqUrC3.jpg,healthy,0.5573121309280396,186.9593505859375,260.72772216796875,1172.8009033203125,768.3327026367188
ID_uqUrC3.jpg,healthy,0.43935948610305786,445.35693359375,14.1861572265625,689.2301025390625,360.26324462890625
ID_uqUrC3.jpg,healthy,0.425220787525177,506.30078125,599.9151611328125,1054.260009765625,960.0
ID_uqUrC3.jpg,healthy,0.4119053781032562,0.0,135.36795043945312,287.02740478515625,445.4765930175781
ID_uqUrC3.jpg,cssvd,0.33142587542533875,969.902587890625,715.8598022460938,1280.0,960.0
ID_uqUrC3.jpg,healthy,0.29683032631874084,128.3323211669922,0.0,463.21844482421875,345.7310485839844
ID_uqUrC3.jpg,healthy,0.28389009833335876,0.0,12.203094482421875,126.85778045654297,217.14224243164062
ID_uqUrC3.jpg,cssvd,0.27676430344581604,1099.858642578125,0.0,1280.0,480.9884033203125
ID_bl3IBt.jpeg,healthy,0.41616252064704895,0.0,0.0,4000.0,1645.1676025390625
ID_bl3IBt.jpeg,anthracnose,0.33705711364746094,4.14276123046875,0.0,4000.0,1651.3441162109375
ID_bl3IBt.jpeg,healthy,0.2727537453174591,643.2442016601562,1202.65869140625,3915.161865234375,1787.9925537109375
ID_jiosRJ.jpeg,anthracnose,0.5891085863113403,50.364501953125,0.0,560.0986938476562,1271.810791015625
ID_jiosRJ.jpeg,anthracnose,0.27410921454429626,273.41680908203125,20.7119140625,575.2844848632812,1280.0
ID_AUiVHv.jpeg,anthracnose,0.503675103187561,498.57745361328125,854.1929321289062,3988.09375,1741.1878662109375
ID_AUiVHv.jpeg,anthracnose,0.36249831318855286,65.1423568725586,0.0,1476.038818359375,1364.771728515625
ID_AUiVHv.jpeg,cssvd,0.3402177691459656,2299.59716796875,1777.17138671875,4023.19970703125,2861.701416015625
ID_AUiVHv.jpeg,cssvd,0.32096385955810547,2809.460693359375,0.0,4022.127685546875,561.1170654296875
ID_AUiVHv.jpeg,cssvd,0.25580281019210815,67.0665054321289,0.0,1479.506591796875,1377.1663818359375
ID_IClv1d.jpg,anthracnose,0.6894849538803101,800.3302612304688,73.54866027832031,4128.0,2374.332275390625
ID_IClv1d.jpg,anthracnose,0.4474509358406067,1372.640625,1805.3636474609375,4128.0,3092.62841796875
ID_XqWUBD.jpg,cssvd,0.782321035861969,0.0,0.0,1272.098388671875,958.84375
ID_YATAta.jpeg,healthy,0.9047797918319702,0.0,1385.1348876953125,4032.0,3024.0
ID_YATAta.jpeg,healthy,0.8325705528259277,0.0,0.0,4032.0,1919.944580078125
ID_h3ThXr.jpg,anthracnose,0.31277528405189514,1193.4251708984375,14.610204696655273,3235.650390625,2050.095458984375
ID_h3ThXr.jpg,cssvd,0.30628272891044617,1200.067626953125,6.05967378616333,3212.700439453125,2026.6610107421875
ID_sMto8z.jpg,anthracnose,0.9034693241119385,26.138561248779297,1701.7886962890625,4128.0,3094.10595703125
ID_sMto8z.jpg,anthracnose,0.8790311813354492,0.25982666015625,0.0,4128.0,2232.41455078125
ID_sMto8z.jpg,anthracnose,0.3784710466861725,372.9480895996094,1.263603925704956,4101.8662109375,645.5173950195312
ID_sMto8z.jpg,anthracnose,0.3395102322101593,236.6497344970703,714.73095703125,4125.0693359375,2336.0048828125
ID_sMto8z.jpg,anthracnose,0.28360816836357117,3.067923069000244,805.1290283203125,4128.0,2946.323974609375
ID_aTPpou.jpg,healthy,0.6327319145202637,128.65963745117188,140.3603515625,325.7629699707031,296.26495361328125
ID_l3cQrk.jpeg,healthy,0.848448634147644,0.0,35.26484680175781,1981.79833984375,2716.726806640625
ID_l3cQrk.jpeg,healthy,0.6050626039505005,2011.294921875,6.732202053070068,4007.598876953125,2675.66259765625
ID_l3cQrk.jpeg,healthy,0.4594763219356537,2078.164306640625,0.0,4021.917236328125,1342.376220703125
ID_l3cQrk.jpeg,healthy,0.312699556350708,2104.523681640625,2.0514700412750244,4027.056396484375,734.0440063476562
ID_l3cQrk.jpeg,healthy,0.2752569317817688,1691.319580078125,1871.036865234375,2048.769287109375,2617.156982421875
ID_x5fJYT.jpg,anthracnose,0.7897257804870605,185.5574951171875,371.9720764160156,1280.0,768.4127197265625
ID_x5fJYT.jpg,anthracnose,0.5841435194015503,66.8341064453125,2.93963623046875,1208.7550048828125,415.62786865234375
ID_x5fJYT.jpg,anthracnose,0.5537154078483582,185.096923828125,456.46905517578125,1280.0,832.8838500976562
ID_x5fJYT.jpg,healthy,0.47124770283699036,0.7787246704101562,727.144287109375,117.21137237548828,960.0
ID_x5fJYT.jpg,anthracnose,0.3665454387664795,203.401123046875,266.759521484375,1275.759765625,489.6812744140625
ID_x5fJYT.jpg,anthracnose,0.286643385887146,198.469482421875,710.944580078125,1276.065673828125,957.20751953125
ID_x5fJYT.jpg,anthracnose,0.2678445279598236,197.8984375,569.754150390625,1280.0,948.4189453125
ID_x5fJYT.jpg,healthy,0.2592906057834625,192.92921447753906,802.06005859375,411.5882568359375,960.0
ID_GzSAdm.jpg,healthy,0.6210939884185791,0.0,63.03662109375,406.3940734863281,366.89044189453125
ID_GzSAdm.jpg,healthy,0.4260043799877167,0.0,2.269901990890503,409.97015380859375,297.84881591796875
ID_lE9I5s.jpg,healthy,0.8842325210571289,0.0,73.90859985351562,3264.0,1795.333251953125
ID_lE9I5s.jpg,healthy,0.6497907638549805,0.0,1972.2550048828125,2754.93701171875,2446.974853515625
ID_lE9I5s.jpg,healthy,0.5436722040176392,0.0,2.039968729019165,1198.2137451171875,479.6620788574219
ID_lE9I5s.jpg,healthy,0.4993927776813507,0.0,1966.804931640625,1880.1439208984375,2444.5947265625
ID_lE9I5s.jpg,healthy,0.49448898434638977,0.0,547.1005249023438,750.7401123046875,1115.05517578125
ID_lE9I5s.jpg,healthy,0.41095831990242004,8.9337158203125,0.0,3188.919921875,501.0930480957031
ID_lE9I5s.jpg,healthy,0.35934165120124817,0.0,1836.031982421875,3062.439453125,2448.0
ID_lE9I5s.jpg,healthy,0.3254028558731079,0.0,17.821828842163086,3251.59326171875,856.463623046875
ID_lE9I5s.jpg,healthy,0.2542964220046997,0.0,2104.580078125,3187.92822265625,2441.536865234375
ID_y1htIj.jpeg,anthracnose,0.9441395401954651,145.46524047851562,0.0,3910.80712890625,2915.3310546875
ID_y1htIj.jpeg,anthracnose,0.4565284550189972,684.5885620117188,11.40163803100586,3775.630859375,2512.8515625
ID_y1htIj.jpeg,anthracnose,0.2583938241004944,97.560791015625,1382.009521484375,4026.090576171875,3022.5361328125
ID_JedGVg.jpg,healthy,0.5616946816444397,217.975830078125,163.4490966796875,1280.0,576.7611694335938
ID_JedGVg.jpg,anthracnose,0.3206457197666168,383.0721130371094,736.8057861328125,709.6405029296875,960.0
ID_JedGVg.jpg,anthracnose,0.2770642638206482,453.7857666015625,0.0467681884765625,1266.0262451171875,218.78713989257812
ID_JedGVg.jpg,cssvd,0.27180731296539307,399.635498046875,732.95556640625,701.6751708984375,960.0
ID_jmNFmJ.jpg,healthy,0.8016738891601562,227.531494140625,239.7625732421875,1280.0,802.652587890625
ID_jmNFmJ.jpg,healthy,0.5162895917892456,68.43408203125,744.4132080078125,1279.101318359375,958.0960693359375
ID_jmNFmJ.jpg,healthy,0.33385130763053894,108.3509521484375,462.13397216796875,272.03680419921875,679.8126831054688
ID_jmNFmJ.jpg,healthy,0.3198562562465668,208.86746215820312,7.323974609375,907.635498046875,549.360107421875
ID_qhqOjL.jpg,healthy,0.7359545826911926,108.83394622802734,91.80894470214844,282.8505554199219,217.60902404785156
ID_kIeaQ8.jpg,cssvd,0.7424021363258362,0.0,0.0,1280.0,913.3101196289062
ID_dJzJiB.jpg,anthracnose,0.7394893765449524,0.0,0.0,4128.0,2660.142822265625
ID_eFa8g0.jpg,anthracnose,0.9289363026618958,420.0496520996094,192.314453125,2034.0093994140625,1228.185791015625
ID_eFa8g0.jpg,anthracnose,0.5045634508132935,500.14569091796875,646.8048095703125,2013.0931396484375,1434.27001953125
ID_eFa8g0.jpg,anthracnose,0.3740181624889374,0.0,0.0,594.6437377929688,1474.0543212890625
ID_eFa8g0.jpg,anthracnose,0.30711057782173157,716.5091552734375,71.38847351074219,2037.4144287109375,1152.5689697265625
ID_eFa8g0.jpg,anthracnose,0.2716822326183319,451.2709045410156,970.9644775390625,2002.0211181640625,1430.9456787109375
ID_iravXa.jpeg,anthracnose,0.4478369653224945,127.209228515625,76.16471862792969,1260.9111328125,494.92559814453125
ID_iravXa.jpeg,healthy,0.3052026927471161,145.415771484375,0.0,1104.5574951171875,125.9333724975586
ID_Ye6DAv.jpg,cssvd,0.6627009510993958,61.32177734375,17.3714599609375,1273.3818359375,918.1397705078125
ID_ysQprs.jpg,cssvd,0.7136238217353821,0.0,51.8323974609375,1280.0,801.3798828125
ID_aXtY9k.jpg,healthy,0.7466937303543091,430.0916442871094,1003.282958984375,1675.1710205078125,2447.0859375
ID_aXtY9k.jpg,anthracnose,0.6164305210113525,355.33209228515625,41.76434326171875,2899.345703125,1505.24267578125
ID_aXtY9k.jpg,cssvd,0.4609626829624176,2757.862060546875,0.0,3264.0,1037.443115234375
ID_aXtY9k.jpg,healthy,0.42573025822639465,1621.7205810546875,1571.5560302734375,2066.011962890625,2247.751708984375
ID_aXtY9k.jpg,healthy,0.392654150724411,1638.7113037109375,2065.818359375,2053.422119140625,2444.4580078125
ID_qrMflt.jpg,anthracnose,0.7428213953971863,0.0,660.245361328125,4109.87451171875,2529.276611328125
ID_qrMflt.jpg,anthracnose,0.5472397208213806,0.0,1194.2723388671875,4128.0,3094.92919921875
ID_qrMflt.jpg,anthracnose,0.541486918926239,240.3160400390625,1675.9205322265625,4109.78955078125,3091.178955078125
ID_qrMflt.jpg,anthracnose,0.4905811548233032,0.0,2065.26025390625,4128.0,3089.821533203125
ID_qrMflt.jpg,anthracnose,0.38062435388565063,0.0,0.0,4084.946044921875,694.7001342773438
ID_UWph9Z.jpg,healthy,0.27239781618118286,0.0,308.2469482421875,128.6101837158203,813.0846557617188
ID_YR5S4X.jpeg,healthy,0.708468496799469,286.51885986328125,59.78193664550781,2601.819091796875,3876.275146484375
ID_YR5S4X.jpeg,healthy,0.6841763854026794,0.0,0.0,2258.2587890625,346.3365173339844
ID_YR5S4X.jpeg,healthy,0.5432906746864319,0.0,0.0,1498.65478515625,349.32275390625
ID_YR5S4X.jpeg,healthy,0.47773075103759766,2685.015869140625,3072.0634765625,3024.0,4017.5263671875
ID_YR5S4X.jpeg,healthy,0.4427211582660675,0.0,3380.66748046875,1792.4918212890625,4032.0
ID_YR5S4X.jpeg,healthy,0.4349208474159241,1971.1370849609375,0.0,3019.0810546875,3887.639404296875
ID_YR5S4X.jpeg,healthy,0.42510175704956055,239.24464416503906,3390.455078125,3009.09814453125,4029.29443359375
ID_YR5S4X.jpeg,healthy,0.4221011996269226,1822.7982177734375,579.010986328125,3024.0,3369.557861328125
ID_YR5S4X.jpeg,healthy,0.39207223057746887,1.4615660905838013,3340.920166015625,891.4754638671875,4032.0
ID_YR5S4X.jpeg,healthy,0.38584160804748535,2223.98193359375,11.436053276062012,3023.9453125,3490.75439453125
ID_YR5S4X.jpeg,healthy,0.34171363711357117,438.35467529296875,25.22903060913086,2537.267333984375,2728.251953125
ID_YR5S4X.jpeg,healthy,0.2776356637477875,1552.68115234375,0.0,3016.0322265625,4032.0
ID_YR5S4X.jpeg,healthy,0.2589553892612457,3.8425230979919434,0.0,1058.5455322265625,355.59368896484375
ID_EmaVCt.jpg,healthy,0.7670068144798279,96.23645782470703,121.440185546875,416.0,352.84259033203125
ID_EmaVCt.jpg,healthy,0.6951614022254944,0.0,0.2303108125925064,389.0643615722656,65.04837036132812
ID_EmaVCt.jpg,healthy,0.6012121438980103,18.11571502685547,268.0045166015625,127.14726257324219,413.20611572265625
ID_EmaVCt.jpg,healthy,0.5610701441764832,19.270095825195312,361.39990234375,187.2305908203125,416.0
ID_EmaVCt.jpg,healthy,0.5122801065444946,386.2748718261719,293.77569580078125,416.0,401.3299255371094
ID_EmaVCt.jpg,healthy,0.49936047196388245,106.94023132324219,130.9929656982422,415.1482849121094,284.88214111328125
ID_EmaVCt.jpg,healthy,0.4465421140193939,0.0,117.20346069335938,105.74964904785156,297.33355712890625
ID_EmaVCt.jpg,healthy,0.39982840418815613,0.0,5.281750679016113,272.4170837402344,62.88374328613281
ID_EmaVCt.jpg,healthy,0.3271021246910095,0.0,0.7693557739257812,383.3496398925781,136.503173828125
ID_EmaVCt.jpg,healthy,0.28541603684425354,146.2877960205078,331.34869384765625,332.3305358886719,416.0
ID_eFBxoD.jpg,healthy,0.5648108720779419,0.0,125.075927734375,1124.765869140625,596.2286376953125
ID_hNwMCv.jpg,healthy,0.8526483774185181,0.2396240234375,79.24999237060547,406.5531005859375,318.9670715332031
ID_hNwMCv.jpg,healthy,0.7180180549621582,150.15440368652344,315.9500732421875,272.70684814453125,403.224853515625
ID_hNwMCv.jpg,healthy,0.6565844416618347,2.5685393810272217,207.20944213867188,188.4234619140625,407.45050048828125
ID_hNwMCv.jpg,healthy,0.6283617615699768,0.44743040204048157,0.0,130.3748016357422,37.8720817565918
ID_hNwMCv.jpg,healthy,0.6150162816047668,4.6605730056762695,351.989990234375,52.26704788208008,410.22625732421875
ID_hNwMCv.jpg,healthy,0.41799572110176086,1.6113921403884888,42.32185745239258,180.6973419189453,153.81015014648438
ID_hNwMCv.jpg,healthy,0.3519081473350525,190.7373504638672,52.62482833862305,372.3756408691406,142.99220275878906
ID_hNwMCv.jpg,healthy,0.33576828241348267,0.0,0.06639251857995987,172.47113037109375,42.60476303100586
ID_hNwMCv.jpg,healthy,0.3124362826347351,0.8420959115028381,54.701263427734375,126.1159439086914,157.701171875
ID_hNwMCv.jpg,healthy,0.2887800931930542,0.29844895005226135,65.88245391845703,96.55475616455078,160.9996337890625
ID_hNwMCv.jpg,healthy,0.2883773446083069,149.5189208984375,287.491943359375,347.8641052246094,399.87353515625
ID_SCraam.jpg,healthy,0.5884312391281128,0.0,5.4632568359375,1280.0,912.2493896484375
ID_SCraam.jpg,healthy,0.49462461471557617,0.0,0.0,1262.74658203125,272.97540283203125
ID_SCraam.jpg,healthy,0.4138813614845276,4.365234375,671.628173828125,1280.0,958.24169921875
ID_SCraam.jpg,healthy,0.30878716707229614,0.0,366.2559814453125,1280.0,960.0
ID_vdjKZ1.jpeg,healthy,0.6467827558517456,0.0,0.0,724.488037109375,948.9229736328125
ID_vdjKZ1.jpeg,healthy,0.5489581227302551,97.70921325683594,736.202880859375,3024.0,3738.8876953125
ID_vdjKZ1.jpeg,healthy,0.45588287711143494,0.0,3.316689968109131,1035.30224609375,804.0513916015625
ID_vdjKZ1.jpeg,healthy,0.45098844170570374,1234.7559814453125,0.0,2429.1689453125,661.6917724609375
ID_vdjKZ1.jpeg,healthy,0.36413300037384033,1233.6171875,0.0,2918.791015625,700.3389282226562
ID_vdjKZ1.jpeg,healthy,0.27215564250946045,359.7436828613281,337.6225280761719,3018.771484375,1826.1949462890625
ID_zasnLd.jpg,anthracnose,0.7554342746734619,0.0,177.81402587890625,1267.117431640625,960.0
ID_zasnLd.jpg,anthracnose,0.7219180464744568,0.0,109.60418701171875,1272.551025390625,744.6187133789062
ID_zasnLd.jpg,anthracnose,0.5657152533531189,0.0,3.444854736328125,1236.397705078125,404.8938293457031
ID_zasnLd.jpg,anthracnose,0.511683464050293,0.62646484375,583.1820068359375,1260.770751953125,957.41650390625
ID_zasnLd.jpg,anthracnose,0.3736766278743744,142.1611328125,197.71397399902344,1263.940673828125,700.7216796875
ID_d5kn42.jpg,cssvd,0.33296042680740356,0.0,1.362396240234375,1247.5382080078125,831.1622924804688
ID_d5kn42.jpg,healthy,0.2738632559776306,4.15960693359375,214.86575317382812,1124.94482421875,838.1907958984375
ID_cYzrtu.jpg,anthracnose,0.5461345314979553,41.29306411743164,416.4607238769531,2288.4873046875,1311.8134765625
ID_cYzrtu.jpg,cssvd,0.2931779623031616,2421.708740234375,1231.773681640625,3258.5625,2434.814208984375
ID_HvcZGc.jpeg,anthracnose,0.77177894115448,35.18409729003906,227.68228149414062,4027.26708984375,2333.32080078125
ID_HvcZGc.jpeg,healthy,0.6042137742042542,0.0,2466.7998046875,2197.446044921875,3019.52783203125
ID_HvcZGc.jpeg,anthracnose,0.5098150968551636,522.3412475585938,335.9814147949219,3992.55712890625,1957.7691650390625
ID_USK5r0.jpg,healthy,0.9682415127754211,527.6145629882812,499.0835876464844,1043.74365234375,968.7029418945312
ID_HRfsSf.jpg,anthracnose,0.51536625623703,17.52813720703125,590.0404663085938,2363.28564453125,1639.5789794921875
ID_HRfsSf.jpg,cssvd,0.4687219560146332,2371.161376953125,91.79412078857422,3260.798095703125,1290.2293701171875
ID_HRfsSf.jpg,cssvd,0.3738468885421753,2782.82763671875,1547.92529296875,3263.528564453125,2436.601806640625
ID_HRfsSf.jpg,cssvd,0.3716035485267639,0.0,7.10557222366333,957.8745727539062,940.8455200195312
ID_HRfsSf.jpg,cssvd,0.2620810568332672,2792.475830078125,1143.7086181640625,3264.0,2433.307373046875
ID_iDEFh8.jpg,anthracnose,0.7844321727752686,0.0,3.5464370250701904,4128.0,2352.5302734375
ID_nl5wJe.jpeg,anthracnose,0.8409625291824341,758.3836059570312,0.0,3949.845947265625,1783.0335693359375
ID_vqs2Dt.jpeg,healthy,0.8619280457496643,138.95913696289062,81.39935302734375,4032.0,2152.64990234375
ID_vqs2Dt.jpeg,healthy,0.48478761315345764,2256.198486328125,2422.64013671875,4006.1318359375,3024.0
ID_vqs2Dt.jpeg,healthy,0.4679725468158722,245.35853576660156,113.26252746582031,4032.0,1506.7913818359375
ID_vqs2Dt.jpeg,healthy,0.42715734243392944,0.0,2290.222900390625,1755.47705078125,3023.8271484375
ID_vqs2Dt.jpeg,healthy,0.3790207803249359,0.0,2511.224853515625,1927.9783935546875,3018.073974609375
ID_vqs2Dt.jpeg,anthracnose,0.36464738845825195,0.0,0.0,985.93994140625,1467.416015625
ID_vqs2Dt.jpeg,healthy,0.28614187240600586,1.1558715105056763,1734.76708984375,1743.5311279296875,2630.342529296875
ID_vqs2Dt.jpeg,healthy,0.2563115358352661,2222.4921875,2249.54931640625,3469.464599609375,3024.0
ID_vqs2Dt.jpeg,healthy,0.25572437047958374,2227.306396484375,2181.632568359375,3991.750732421875,3023.517822265625
ID_ZOVQFd.jpg,anthracnose,0.8838575482368469,157.750244140625,8.9581298828125,1273.294921875,792.6953735351562
ID_ZOVQFd.jpg,anthracnose,0.47346410155296326,21.3323974609375,741.5057373046875,1280.0,956.5689697265625
ID_ZOVQFd.jpg,anthracnose,0.4020065665245056,14.34912109375,546.035888671875,1280.0,958.512939453125
ID_ZOVQFd.jpg,anthracnose,0.37703073024749756,0.0,0.2330322265625,1279.4920654296875,256.9449462890625
ID_ZOVQFd.jpg,anthracnose,0.3546590805053711,162.866455078125,261.98779296875,1277.8671875,835.16357421875
ID_wZPD6Z.jpeg,anthracnose,0.7193777561187744,1187.83837890625,0.0,3546.973388671875,3017.046142578125
ID_wZPD6Z.jpeg,healthy,0.46308812499046326,13.459213256835938,650.7755126953125,941.5640869140625,1805.6307373046875
ID_wZPD6Z.jpeg,cssvd,0.361395001411438,1223.3990478515625,0.0,3531.224365234375,3013.438720703125
ID_C1vtA9.jpg,cssvd,0.44906947016716003,994.9537353515625,567.4318237304688,1280.0,959.6957397460938
ID_C1vtA9.jpg,anthracnose,0.3176407516002655,940.502197265625,535.1302490234375,1280.0,959.5321044921875
ID_C1vtA9.jpg,cssvd,0.29533717036247253,0.0,108.55096435546875,1280.0,755.1065063476562
ID_qfixBm.jpg,healthy,0.9376679062843323,1162.8179931640625,734.6412353515625,2292.338623046875,1635.303466796875
ID_qfixBm.jpg,healthy,0.36490535736083984,0.0,587.9754028320312,1256.57763671875,1373.4239501953125
ID_VC9GE4.jpg,cssvd,0.4132450819015503,853.3519287109375,0.0,2574.693359375,2446.0068359375
ID_VC9GE4.jpg,cssvd,0.3987487256526947,2302.2568359375,13.150772094726562,3260.32958984375,1740.1177978515625
ID_VC9GE4.jpg,anthracnose,0.28692543506622314,706.3185424804688,0.0,2947.8291015625,2448.0
ID_o9xGiZ.jpeg,healthy,0.9441221952438354,0.0,399.5851135253906,4032.0,2780.22607421875
ID_o9xGiZ.jpeg,healthy,0.7490211129188538,0.0,0.0,4032.0,784.060546875
ID_o9xGiZ.jpeg,healthy,0.620161771774292,0.0,104.3079833984375,4032.0,2247.11474609375
ID_o9xGiZ.jpeg,healthy,0.5917847752571106,0.0,2438.4072265625,4032.0,3012.71533203125
ID_o9xGiZ.jpeg,healthy,0.3294438123703003,0.0,2162.490966796875,4032.0,3008.733154296875
ID_o9xGiZ.jpeg,healthy,0.31600528955459595,0.0,492.6792907714844,4032.0,1902.01220703125
ID_o9xGiZ.jpeg,healthy,0.3118196129798889,41.977439880371094,2737.544677734375,4032.0,3018.7333984375
ID_o9xGiZ.jpeg,healthy,0.28978219628334045,0.0,2166.361083984375,1076.1644287109375,2666.70703125
ID_o9xGiZ.jpeg,healthy,0.2614261507987976,0.0,1137.8294677734375,4032.0,2746.68603515625
ID_o9xGiZ.jpeg,healthy,0.2577386796474457,0.0,0.0,2743.790771484375,743.65478515625
ID_hW0piA.jpg,anthracnose,0.878352701663971,188.6748046875,20.705760955810547,1993.1533203125,1536.0
ID_c3MlPZ.jpg,cssvd,0.6345984935760498,378.9486083984375,0.0,2600.094482421875,2665.315673828125
ID_c3MlPZ.jpg,healthy,0.41603681445121765,0.0,1974.8692626953125,805.5433959960938,3370.333740234375
ID_c3MlPZ.jpg,healthy,0.3356431722640991,662.155029296875,2473.55322265625,2257.146728515625,3209.726806640625
ID_c3MlPZ.jpg,cssvd,0.2820475995540619,1043.7943115234375,0.4458526372909546,2557.625,2749.116943359375
ID_ItYYic.jpeg,healthy,0.8530571460723877,12.093774795532227,326.70947265625,531.6846923828125,575.2852783203125
ID_ItYYic.jpeg,healthy,0.5398985743522644,891.8294067382812,271.2001953125,1266.4547119140625,577.0
ID_ItYYic.jpeg,healthy,0.44308170676231384,911.6228637695312,0.0,1279.6396484375,109.44918060302734
ID_ItYYic.jpeg,healthy,0.42241713404655457,0.0,0.6345531344413757,353.4123840332031,148.86085510253906
ID_ItYYic.jpeg,healthy,0.3810674846172333,198.74911499023438,35.307743072509766,924.0447387695312,244.62045288085938
ID_ItYYic.jpeg,healthy,0.3466570973396301,478.9407043457031,365.55560302734375,713.0214233398438,577.0
ID_ItYYic.jpeg,healthy,0.3005848228931427,198.8109893798828,69.24234771728516,751.1041259765625,351.4305419921875
ID_ItYYic.jpeg,healthy,0.2913748621940613,294.6632995605469,0.0,953.4962768554688,199.74205017089844
ID_ItYYic.jpeg,healthy,0.2621355950832367,190.2165069580078,0.0,1060.6297607421875,229.022705078125
ID_bu374h.jpg,healthy,0.6257492303848267,43.57021713256836,303.5689392089844,175.66822814941406,416.0
ID_bu374h.jpg,healthy,0.6036566495895386,110.65668487548828,57.81627655029297,320.2589416503906,416.0
ID_bu374h.jpg,healthy,0.5950872302055359,181.75660705566406,348.5167541503906,393.576171875,416.0
ID_bu374h.jpg,healthy,0.5858976244926453,0.0,47.32773208618164,128.5381317138672,208.0604248046875
ID_bu374h.jpg,healthy,0.511982262134552,212.9904022216797,212.94931030273438,406.8924865722656,377.4667053222656
ID_bu374h.jpg,healthy,0.5075042843818665,102.40376281738281,347.61541748046875,401.0902099609375,415.7267150878906
ID_bu374h.jpg,healthy,0.48336097598075867,0.0,45.5040168762207,129.9154815673828,299.13873291015625
ID_bu374h.jpg,healthy,0.4427586793899536,0.0,107.89224243164062,90.47959899902344,275.3747253417969
ID_bu374h.jpg,healthy,0.4271007776260376,47.737945556640625,304.8181457519531,328.5442199707031,415.9734191894531
ID_bu374h.jpg,healthy,0.4242706596851349,0.0,312.8419189453125,42.46567916870117,366.62005615234375
ID_bu374h.jpg,healthy,0.40284237265586853,0.0,29.75255584716797,98.8340072631836,275.1846923828125
ID_bu374h.jpg,healthy,0.34763288497924805,175.58973693847656,216.7500762939453,400.1512451171875,415.75726318359375
ID_bu374h.jpg,healthy,0.3038792908191681,108.97594451904297,89.63394165039062,291.3935241699219,381.164306640625
ID_bu374h.jpg,healthy,0.2779931426048279,110.53610229492188,157.2139434814453,313.15423583984375,408.8053894042969
ID_QFxDQP.jpg,healthy,0.9363041520118713,1041.5069580078125,2714.034912109375,1458.1229248046875,3536.1005859375
ID_QFxDQP.jpg,healthy,0.7285720705986023,1428.45361328125,1186.9124755859375,1857.3369140625,1839.9364013671875
ID_BBmctK.jpeg,healthy,0.6691911220550537,365.2627258300781,741.1051635742188,3010.648193359375,3452.066162109375
ID_BBmctK.jpeg,healthy,0.501451313495636,628.6892700195312,795.8990478515625,3000.612060546875,2755.506591796875
ID_BBmctK.jpeg,healthy,0.4730954170227051,2.267787456512451,2082.717529296875,315.0271301269531,3172.18212890625
ID_BBmctK.jpeg,healthy,0.407645583152771,64.1566390991211,3602.30126953125,2621.583984375,4028.5380859375
ID_BBmctK.jpeg,healthy,0.3602373003959656,3.2831404209136963,240.05223083496094,635.236083984375,835.5774536132812
ID_BBmctK.jpeg,healthy,0.3299716114997864,2078.62548828125,2178.614501953125,3024.0,3747.758544921875
ID_VltktB.jpg,anthracnose,0.8474644422531128,1001.04443359375,1869.0673828125,4113.40087890625,3094.1220703125
ID_VltktB.jpg,anthracnose,0.7513538002967834,364.3907470703125,40.17668151855469,4114.3203125,2031.796875
ID_VltktB.jpg,anthracnose,0.2513240873813629,1092.58056640625,2384.554443359375,4104.7919921875,3090.956298828125
ID_Kwi9j2.jpg,cssvd,0.6139647364616394,0.0,1411.2132568359375,3156.67236328125,2444.69287109375
ID_Kwi9j2.jpg,cssvd,0.3502971827983856,205.63421630859375,192.4134063720703,2899.55908203125,1820.208984375
ID_Kwi9j2.jpg,healthy,0.2948368787765503,1693.0826416015625,1.7631248235702515,3038.3486328125,642.4080200195312
ID_U0BYn7.jpg,anthracnose,0.8873633742332458,0.0,91.97831726074219,2044.7542724609375,1536.0
ID_U0BYn7.jpg,anthracnose,0.5422626733779907,282.4009704589844,432.953125,2042.8994140625,1535.5435791015625
ID_U0BYn7.jpg,anthracnose,0.26506656408309937,299.76287841796875,37.9853515625,2038.21484375,1170.4761962890625
ID_yDLrwU.jpg,cssvd,0.7396834492683411,0.0,0.0,1280.0,902.4645385742188
ID_AQc6Fa.jpeg,healthy,0.8424603939056396,0.0,1506.944580078125,3982.40185546875,2386.3720703125
ID_AQc6Fa.jpeg,healthy,0.769507110118866,0.0,683.3353881835938,3950.96728515625,1526.1802978515625
ID_AQc6Fa.jpeg,healthy,0.6240602135658264,6.299999713897705,802.5939331054688,3895.762451171875,2413.97265625
ID_AQc6Fa.jpeg,healthy,0.27370283007621765,0.0,476.78411865234375,1487.8502197265625,1331.98388671875
ID_AQc6Fa.jpeg,healthy,0.2580280303955078,0.0,225.1321258544922,3854.833251953125,1450.078369140625
ID_WWsoGz.jpeg,healthy,0.8692212104797363,562.391845703125,445.40966796875,4032.0,2542.0595703125
ID_WWsoGz.jpeg,healthy,0.730104923248291,3.182011365890503,8.53339672088623,476.8890075683594,798.4921264648438
ID_WWsoGz.jpeg,healthy,0.7081154584884644,937.6682739257812,2206.8603515625,2980.4521484375,3020.77294921875
ID_WWsoGz.jpeg,healthy,0.6586214303970337,0.0,626.31201171875,606.142333984375,1739.570556640625
ID_WWsoGz.jpeg,healthy,0.6432585716247559,916.095458984375,2442.4833984375,3562.892822265625,3020.869873046875
ID_WWsoGz.jpeg,healthy,0.40716326236724854,1473.22900390625,0.36173856258392334,3274.1416015625,1013.7272338867188
ID_WWsoGz.jpeg,healthy,0.3763762414455414,288.73583984375,2046.4224853515625,967.6642456054688,3024.0
ID_WWsoGz.jpeg,healthy,0.26531466841697693,18.18575096130371,0.0,555.8636474609375,916.6242065429688
ID_Rs5wX2.jpeg,healthy,0.8315827250480652,0.0,357.21319580078125,2992.2890625,1901.109375
ID_Rs5wX2.jpeg,healthy,0.6291743516921997,0.0,0.0,1344.8502197265625,1086.920654296875
ID_Rs5wX2.jpeg,healthy,0.49927791953086853,0.22927093505859375,448.254150390625,3012.55322265625,1418.885498046875
ID_Rs5wX2.jpeg,healthy,0.25390949845314026,0.0,2299.207763671875,1784.6983642578125,3020.276123046875
ID_Rs5wX2.jpeg,healthy,0.25335264205932617,12.99677848815918,0.0,1403.63818359375,795.84716796875
ID_BhOD7h.jpg,cssvd,0.615121603012085,436.0771484375,146.5637664794922,1597.851806640625,1231.436279296875
ID_BhOD7h.jpg,cssvd,0.5500393509864807,1696.326416015625,9.133008003234863,2048.0,1170.2193603515625
ID_qYyhqa.jpg,cssvd,0.45914095640182495,0.0,0.0,1078.9078369140625,647.2885131835938
ID_dJM3bo.jpg,anthracnose,0.8376965522766113,6.409570217132568,2.462890625,2044.1734619140625,963.4435424804688
ID_dJM3bo.jpg,anthracnose,0.5463558435440063,742.3709106445312,1.93115234375,2013.6070556640625,631.5567626953125
ID_dJM3bo.jpg,anthracnose,0.39996403455734253,348.4769592285156,0.0,1989.326904296875,456.825927734375
ID_dJM3bo.jpg,anthracnose,0.35335856676101685,0.0,328.87677001953125,2040.623046875,982.0812377929688
ID_auLOPi.jpg,anthracnose,0.9394059777259827,287.0903625488281,283.8771667480469,4128.0,3024.69921875
ID_auLOPi.jpg,anthracnose,0.6505842208862305,24.079238891601562,0.7815467715263367,3977.9501953125,695.259033203125
ID_auLOPi.jpg,anthracnose,0.330271452665329,74.69544219970703,0.0,3981.1318359375,1061.18603515625
ID_auLOPi.jpg,anthracnose,0.30085641145706177,797.9847412109375,617.7776489257812,4122.03955078125,2732.827392578125
ID_bMiFgw.jpg,healthy,0.6350395679473877,22.099609375,132.9599609375,1111.7601318359375,887.8577880859375
ID_bMiFgw.jpg,cssvd,0.42795294523239136,0.0,204.9255828857422,326.9180603027344,1024.3060302734375
ID_bMiFgw.jpg,healthy,0.3295544981956482,0.0,578.7529296875,2009.684326171875,1536.0
ID_bMiFgw.jpg,healthy,0.31631234288215637,10.000391006469727,873.0482177734375,2002.0836181640625,1535.212890625
ID_su28vA.jpg,anthracnose,0.882146954536438,353.9953308105469,549.3235473632812,3096.0,3762.018798828125
ID_su28vA.jpg,anthracnose,0.5390539169311523,345.3982238769531,1349.31005859375,3078.46240234375,4128.0
ID_su28vA.jpg,anthracnose,0.4584374725818634,397.701904296875,0.0,3076.028564453125,4058.17919921875
ID_su28vA.jpg,anthracnose,0.3673301935195923,11.3178129196167,2451.81689453125,3064.00732421875,4128.0
ID_su28vA.jpg,anthracnose,0.28402456641197205,921.7112426757812,584.1647338867188,3094.510498046875,4066.486328125
ID_su28vA.jpg,anthracnose,0.2655430734157562,466.0928039550781,80.1175537109375,2243.51513671875,3794.811767578125
ID_dtV9ls.jpg,healthy,0.9337390661239624,1022.8375854492188,494.74371337890625,2850.124755859375,1749.9742431640625
ID_kEdXYw.jpg,anthracnose,0.8991480469703674,0.0,0.802050769329071,2044.1845703125,1512.9466552734375
ID_kEdXYw.jpg,anthracnose,0.5221437811851501,295.9917907714844,0.0,2030.2591552734375,1053.758544921875
ID_lSL4hv.jpeg,anthracnose,0.8764761090278625,633.2691650390625,90.30140686035156,4025.40380859375,1983.6893310546875
ID_msJc8y.jpg,healthy,0.6574102640151978,0.0,2010.5682373046875,1118.400390625,2446.402099609375
ID_msJc8y.jpg,cssvd,0.621374785900116,2406.080322265625,0.0,3264.0,2436.075439453125
ID_msJc8y.jpg,healthy,0.341496080160141,0.0,1825.4119873046875,1089.8529052734375,2445.211669921875
ID_msJc8y.jpg,anthracnose,0.3122763931751251,2411.485107421875,0.0,3261.33349609375,2403.879638671875
ID_msJc8y.jpg,healthy,0.29779815673828125,0.0,598.7883911132812,1220.778076171875,1617.3330078125
ID_AcCl43.jpg,cssvd,0.5409925580024719,0.0,0.3787193298339844,1080.0,604.5651245117188
ID_AcCl43.jpg,healthy,0.520682156085968,1.0433578491210938,559.0491333007812,1080.0,809.7347412109375
ID_vEfoRu.jpeg,healthy,0.8174877166748047,0.0,199.69776916503906,4032.0,2974.808837890625
ID_vEfoRu.jpeg,healthy,0.7988535165786743,0.0,1264.31640625,1294.929931640625,3022.3046875
ID_vEfoRu.jpeg,healthy,0.2932230532169342,1229.3717041015625,0.0,3900.4638671875,339.5021667480469
ID_vEfoRu.jpeg,healthy,0.2786632478237152,0.0,269.03082275390625,3899.6572265625,2050.921875
ID_vEfoRu.jpeg,healthy,0.2546898424625397,0.0,1451.2449951171875,2235.353271484375,3024.0
ID_UhxunN.jpg,healthy,0.5479145050048828,0.0,24.90960693359375,1130.6658935546875,676.0062255859375
ID_UhxunN.jpg,healthy,0.5044326186180115,0.0,0.0,1217.7275390625,200.97584533691406
ID_UhxunN.jpg,cssvd,0.35225164890289307,2.9718017578125,3.8670654296875,1157.760986328125,736.7807006835938
ID_XTDdUo.jpg,healthy,0.9255915284156799,257.9247741699219,412.7109069824219,3197.362548828125,1772.31103515625
ID_XTDdUo.jpg,healthy,0.4942053556442261,181.1849365234375,0.296804815530777,1961.8775634765625,657.8809814453125
ID_XTDdUo.jpg,healthy,0.46086597442626953,197.93223571777344,0.0,2713.51611328125,534.5443115234375
ID_XTDdUo.jpg,healthy,0.3243686258792877,112.29244995117188,0.0,3139.197998046875,414.94598388671875
ID_XTDdUo.jpg,healthy,0.3039650619029999,162.592529296875,0.0,1699.547607421875,835.9949340820312
ID_lbQnF2.jpeg,healthy,0.7003788948059082,569.8897705078125,2249.647216796875,3240.190673828125,3024.0
ID_lbQnF2.jpeg,healthy,0.5694519877433777,3633.052734375,1255.3907470703125,4032.0,2075.681396484375
ID_lbQnF2.jpeg,cssvd,0.4970884919166565,159.88787841796875,231.52613830566406,3494.99267578125,2237.513916015625
ID_lbQnF2.jpeg,anthracnose,0.48283180594444275,263.279052734375,176.79759216308594,3145.357666015625,2263.7509765625
ID_lbQnF2.jpeg,healthy,0.3935573101043701,755.2498779296875,0.0,1591.5751953125,510.1097412109375
ID_WMLEOB.jpg,healthy,0.8358034491539001,142.036376953125,259.0408935546875,1280.0,760.6795654296875
ID_WMLEOB.jpg,healthy,0.4181700348854065,186.34130859375,611.7449951171875,1272.576904296875,957.2027587890625
ID_WMLEOB.jpg,healthy,0.4050602316856384,170.48388671875,0.285888671875,1280.0,362.4759521484375
ID_WMLEOB.jpg,healthy,0.36813825368881226,220.3355712890625,723.9398193359375,1267.514892578125,957.5291748046875
ID_WMLEOB.jpg,healthy,0.35177895426750183,0.0,556.970947265625,417.3377685546875,960.0
ID_WMLEOB.jpg,healthy,0.282450795173645,0.0,0.0,566.610595703125,428.9106140136719
ID_rmWA87.jpeg,healthy,0.5595522522926331,903.061767578125,0.0,3949.844970703125,3006.209228515625
ID_rmWA87.jpeg,healthy,0.3619873523712158,3633.12646484375,68.29206848144531,4032.0,770.7865600585938
ID_rmWA87.jpeg,healthy,0.3272409737110138,3598.5556640625,640.0159301757812,4032.0,1661.0504150390625
ID_uns3aa.jpeg,healthy,0.6740096211433411,0.0,400.82421875,455.1561584472656,575.2567138671875
ID_uns3aa.jpeg,healthy,0.613156259059906,4.223388671875,0.0,1202.5009765625,516.6997680664062
ID_uI5zKb.jpg,healthy,0.6253235340118408,331.86920166015625,213.35325622558594,393.37939453125,393.9042663574219
ID_uI5zKb.jpg,healthy,0.5993552803993225,184.9019012451172,255.93551635742188,285.4683837890625,401.2525634765625
ID_uI5zKb.jpg,healthy,0.5762704610824585,139.0924835205078,250.81898498535156,289.0284118652344,401.1443786621094
ID_uI5zKb.jpg,healthy,0.5537340641021729,338.01519775390625,217.99835205078125,393.3010559082031,325.5871276855469
ID_uI5zKb.jpg,healthy,0.4849225878715515,212.15985107421875,0.0,416.0,93.98847198486328
ID_uI5zKb.jpg,healthy,0.36606931686401367,145.1708221435547,0.0,401.18304443359375,319.212646484375
ID_uI5zKb.jpg,healthy,0.3660511076450348,105.35196685791016,266.69781494140625,279.56524658203125,400.1442565917969
ID_uI5zKb.jpg,healthy,0.30813685059547424,4.249279499053955,154.85610961914062,231.9556884765625,395.98321533203125
ID_uI5zKb.jpg,healthy,0.3011324107646942,144.9107666015625,0.0,411.0777282714844,165.70498657226562
ID_uI5zKb.jpg,healthy,0.30050745606422424,5.7265777587890625,70.42003631591797,342.6479797363281,359.65826416015625
ID_uI5zKb.jpg,healthy,0.2817685306072235,136.41232299804688,183.41635131835938,291.039306640625,400.55926513671875
ID_uI5zKb.jpg,healthy,0.25846102833747864,344.7462463378906,214.51083374023438,396.3244323730469,309.4414978027344
ID_uI5zKb.jpg,healthy,0.2564140260219574,85.18875122070312,127.35184478759766,297.7590026855469,368.84088134765625
ID_uI5zKb.jpg,healthy,0.25149041414260864,24.138469696044922,34.064300537109375,343.71533203125,309.90789794921875
ID_FiJeqW.jpg,healthy,0.5998731255531311,0.0,282.572021484375,3264.0,1890.3323974609375
ID_FiJeqW.jpg,healthy,0.5120568871498108,0.0,1862.344482421875,3180.43017578125,2448.0
ID_FiJeqW.jpg,cssvd,0.3829389214515686,0.0,1899.5184326171875,3186.262939453125,2443.97705078125
ID_FiJeqW.jpg,healthy,0.34867408871650696,0.0,0.0,3257.625244140625,699.51123046875
ID_FiJeqW.jpg,healthy,0.2861384153366089,0.0,0.0,3233.012451171875,485.9601745605469
ID_K6TSq2.jpg,anthracnose,0.7499167919158936,448.25872802734375,0.0,1490.1380615234375,1511.007568359375
ID_K6TSq2.jpg,healthy,0.4161854088306427,0.0,563.5560913085938,505.96044921875,1177.4716796875
ID_K6TSq2.jpg,anthracnose,0.38021785020828247,645.6519775390625,0.0,1494.0697021484375,1901.481201171875
ID_K6TSq2.jpg,healthy,0.3213416039943695,678.2083740234375,64.1251449584961,896.1058349609375,388.5355529785156
ID_fk4Rso.jpeg,healthy,0.873386800289154,74.14381408691406,364.4898376464844,4032.0,2933.33544921875
ID_fk4Rso.jpeg,healthy,0.4716797173023224,0.0,1356.6220703125,891.1004638671875,2857.846923828125
ID_fk4Rso.jpeg,healthy,0.31511354446411133,77.36264038085938,542.0658569335938,4032.0,2275.532958984375
ID_fk4Rso.jpeg,healthy,0.305622398853302,104.10457611083984,385.6612548828125,4032.0,1472.061279296875
ID_fk4Rso.jpeg,healthy,0.2640843093395233,161.09603881835938,91.62459564208984,3998.985595703125,791.6849365234375
ID_ElTBwd.jpg,anthracnose,0.9000229239463806,0.0,35.9190673828125,4128.0,2941.993408203125
ID_ElTBwd.jpg,anthracnose,0.46697914600372314,463.41265869140625,710.30810546875,4128.0,2896.499267578125
ID_ElTBwd.jpg,anthracnose,0.4413510859012604,144.5289764404297,2444.24169921875,4128.0,3082.29736328125
ID_ElTBwd.jpg,anthracnose,0.3958364427089691,449.7261047363281,2227.484619140625,4111.2939453125,3083.407958984375
ID_ElTBwd.jpg,anthracnose,0.3285207450389862,185.94927978515625,1869.1575927734375,4128.0,3083.602294921875
ID_ElTBwd.jpg,anthracnose,0.3228822350502014,0.0,0.5422897338867188,4128.0,862.941650390625
ID_KNTwFY.jpg,cssvd,0.691422700881958,95.0755844116211,104.91679382324219,2047.3509521484375,1247.458740234375
ID_KNTwFY.jpg,cssvd,0.49903520941734314,95.8558578491211,530.3849487304688,2048.0,1067.538330078125
ID_KNTwFY.jpg,cssvd,0.4019451439380646,81.7710952758789,164.0888214111328,2037.6754150390625,536.8416137695312
ID_KNTwFY.jpg,cssvd,0.26453274488449097,120.84765625,521.6373901367188,2048.0,1434.624755859375
ID_WFjGy8.jpeg,healthy,0.6569923162460327,0.0,2278.36767578125,945.4008178710938,3020.106689453125
ID_WFjGy8.jpeg,healthy,0.6368051767349243,1606.303466796875,0.0,3349.84912109375,3024.0
ID_WFjGy8.jpeg,healthy,0.35942164063453674,2992.980224609375,764.0774536132812,3471.317138671875,1583.413818359375
ID_WFjGy8.jpeg,healthy,0.31798413395881653,3605.953857421875,1803.407958984375,4032.0,3024.0
ID_WFjGy8.jpeg,healthy,0.2894217371940613,3.6002745628356934,2385.640380859375,2051.625244140625,3024.0
ID_WFjGy8.jpeg,healthy,0.25752684473991394,1635.755859375,0.0,3160.947998046875,2022.366455078125
ID_lNiY4Q.jpg,cssvd,0.7088765501976013,0.0,52.6448974609375,1280.0,834.5484619140625
ID_lNiY4Q.jpg,healthy,0.5237962603569031,0.0,132.349365234375,1280.0,829.162109375
ID_UyHi47.jpg,healthy,0.8123090863227844,425.809814453125,552.6207275390625,2046.692626953125,1406.16015625
ID_UyHi47.jpg,healthy,0.3115314245223999,0.0,618.1417846679688,387.5703125,1180.536376953125
ID_FbsP3U.JPG,anthracnose,0.7589879631996155,53.82392501831055,365.8521423339844,2964.8984375,1565.2611083984375
ID_SxZRvt.jpg,anthracnose,0.4600696861743927,0.0,0.0,1280.0,837.1773681640625
ID_NCY6kS.jpg,cssvd,0.5337337255477905,1114.3316650390625,59.61796951293945,2015.1304931640625,1394.6627197265625
ID_gUEBGE.jpg,cssvd,0.5282121896743774,0.0,31.592756271362305,4128.0,2222.3779296875
ID_jBitM8.jpeg,anthracnose,0.8675774335861206,258.8930358886719,3.0116684436798096,2952.13232421875,1940.498779296875
ID_jBitM8.jpeg,anthracnose,0.6696407198905945,410.240966796875,381.8586730957031,2831.22216796875,1879.97265625
ID_jBitM8.jpeg,healthy,0.4552660286426544,1345.605224609375,0.1550823301076889,2998.20703125,658.5128784179688
ID_jBitM8.jpeg,anthracnose,0.3664364814758301,160.81495666503906,61.571502685546875,2555.06298828125,1555.677490234375
ID_G3jSd8.jpg,anthracnose,0.8872887492179871,399.8055114746094,941.1636962890625,4128.0,2779.326416015625
ID_G3jSd8.jpg,anthracnose,0.4597342908382416,374.70745849609375,512.4616088867188,4128.0,2532.270263671875
ID_G3jSd8.jpg,healthy,0.35782474279403687,337.031005859375,2540.0693359375,4108.53466796875,3087.89892578125
ID_ikSYAy.jpg,healthy,0.5535668134689331,0.0,708.7076416015625,290.17608642578125,957.818359375
ID_Yc3rtZ.jpg,anthracnose,0.511237621307373,934.5921020507812,540.822265625,2615.81103515625,1960.287353515625
ID_Yc3rtZ.jpg,healthy,0.4705803096294403,2165.39453125,0.0,3223.387939453125,602.6559448242188
ID_Yc3rtZ.jpg,healthy,0.44595062732696533,339.7018127441406,1887.6455078125,694.9520874023438,2438.1474609375
ID_Yc3rtZ.jpg,anthracnose,0.3139255940914154,907.8759155273438,1820.8226318359375,3022.646240234375,2444.580810546875
ID_nGvx5q.jpg,anthracnose,0.8766698241233826,608.406982421875,98.66858673095703,4109.232421875,2422.26806640625
ID_nGvx5q.jpg,anthracnose,0.8325966596603394,831.590576171875,1369.8648681640625,4124.40869140625,3087.415771484375
ID_nGvx5q.jpg,anthracnose,0.6717135906219482,792.058349609375,603.7719116210938,4125.0947265625,3096.0
ID_nGvx5q.jpg,anthracnose,0.4557607173919678,861.3782348632812,2232.663330078125,4128.0,3088.859130859375
ID_nGvx5q.jpg,anthracnose,0.41917741298675537,649.7154541015625,0.0,3992.57763671875,881.7674560546875
ID_XPNfsS.jpg,cssvd,0.7420023083686829,0.0,15.4903564453125,1227.6541748046875,892.8057861328125
ID_XPNfsS.jpg,healthy,0.4134683907032013,0.084197998046875,594.89208984375,264.7703857421875,960.0
ID_XPNfsS.jpg,healthy,0.3531823456287384,0.0,14.52740478515625,1231.427978515625,876.72119140625
ID_XPNfsS.jpg,healthy,0.2855951488018036,0.0,1.3358001708984375,474.607666015625,200.01388549804688
ID_XPNfsS.jpg,healthy,0.27034544944763184,0.0,0.0,1168.564453125,124.9666519165039
ID_LEar2W.jpeg,healthy,0.8699427247047424,0.0,816.36962890625,4032.0,2046.1744384765625
ID_LEar2W.jpeg,healthy,0.31318768858909607,0.0,834.6343994140625,2916.471435546875,2090.72509765625
ID_JqWr5O.jpg,cssvd,0.4378885328769684,933.5540771484375,0.0,1080.0,805.8334350585938
ID_JqWr5O.jpg,cssvd,0.41544899344444275,0.903076171875,0.0,989.1600952148438,425.47796630859375
ID_rtVHRR.jpg,cssvd,0.3994303345680237,96.44683837890625,0.1090087890625,959.4429321289062,1271.7845458984375
ID_DbrLAf.jpeg,cssvd,0.7005633115768433,0.0,18.1109619140625,3901.546630859375,2579.282958984375
ID_QyOLdv.jpg,healthy,0.8939277529716492,58.32559585571289,99.6954116821289,416.0,318.39276123046875
ID_QyOLdv.jpg,healthy,0.7624633312225342,69.62562561035156,0.0,289.30877685546875,90.21599578857422
ID_QyOLdv.jpg,healthy,0.7588050365447998,0.0,17.019533157348633,89.06631469726562,97.52936553955078
ID_QyOLdv.jpg,healthy,0.6866960525512695,21.28444480895996,233.77696228027344,223.89877319335938,409.3385314941406
ID_QyOLdv.jpg,healthy,0.4366903603076935,178.69032287597656,11.747796058654785,412.9608459472656,126.9665298461914
ID_QyOLdv.jpg,healthy,0.43166258931159973,179.74998474121094,68.53250122070312,411.8858337402344,128.9275665283203
ID_QyOLdv.jpg,healthy,0.36482906341552734,45.087738037109375,273.6252136230469,227.81124877929688,406.39190673828125
ID_QyOLdv.jpg,healthy,0.3481314778327942,59.786869049072266,67.3053970336914,411.4206237792969,270.0857849121094
ID_QyOLdv.jpg,healthy,0.32324227690696716,46.040348052978516,185.050048828125,189.35086059570312,306.7898254394531
ID_QyOLdv.jpg,healthy,0.25819289684295654,0.0,3.169950008392334,153.0137176513672,93.13850402832031
ID_Frr32r.jpg,cssvd,0.6221031546592712,0.0,123.0001220703125,1280.0,938.819091796875
ID_L0ItNr.jpg,anthracnose,0.2983815371990204,0.0,44.666603088378906,2002.2880859375,1156.481689453125
ID_biAp3Y.jpg,cssvd,0.513867199420929,0.0,0.0,1080.0,725.5403442382812
ID_biAp3Y.jpg,cssvd,0.4361153841018677,0.0,3.258098602294922,1080.0,234.44595336914062
ID_YIrpjW.jpg,cssvd,0.5386230945587158,94.596923828125,0.0,1275.288330078125,866.778076171875
ID_QWF4Qa.jpg,healthy,0.7462430000305176,55.23613357543945,326.625,1952.417236328125,1054.3138427734375
ID_QWF4Qa.jpg,cssvd,0.5432292222976685,1687.9234619140625,9.19580078125,2048.0,1006.8428955078125
ID_iJ345X.jpg,cssvd,0.36282554268836975,122.91826629638672,0.1950244903564453,1074.9078369140625,483.70928955078125
ID_RynouZ.jpg,anthracnose,0.8696470856666565,481.7206115722656,174.29330444335938,4128.0,2373.844970703125
ID_RynouZ.jpg,anthracnose,0.7611790299415588,529.8338012695312,958.1163330078125,4117.763671875,2384.830322265625
ID_RynouZ.jpg,anthracnose,0.6927618384361267,705.7864379882812,0.0,4097.5859375,1575.0421142578125
ID_RynouZ.jpg,anthracnose,0.5523425936698914,863.0556030273438,2485.7412109375,4128.0,3087.180419921875
ID_RynouZ.jpg,anthracnose,0.5006699562072754,917.4337768554688,2118.126708984375,4119.38525390625,3087.695068359375
ID_RynouZ.jpg,anthracnose,0.38742515444755554,616.96826171875,1365.661376953125,4128.0,2584.2802734375
ID_RynouZ.jpg,anthracnose,0.31664758920669556,193.9082489013672,681.3568115234375,4128.0,2573.19091796875
ID_JCXrae.jpg,healthy,0.8910744786262512,1005.58642578125,303.69476318359375,2560.42333984375,1418.49462890625
ID_JCXrae.jpg,healthy,0.3871738016605377,814.43310546875,261.2624816894531,2945.43994140625,1437.172119140625
ID_aY2yXb.jpg,anthracnose,0.8331080079078674,6.471652030944824,833.33349609375,4128.0,3075.60205078125
ID_aY2yXb.jpg,anthracnose,0.57707679271698,0.0,8.664825439453125,4128.0,1244.3548583984375
ID_aY2yXb.jpg,anthracnose,0.47007739543914795,0.0,0.0,4114.60693359375,878.36962890625
ID_aY2yXb.jpg,anthracnose,0.4186207056045532,486.0904235839844,1327.1170654296875,4115.111328125,3091.07275390625
ID_aY2yXb.jpg,anthracnose,0.26960986852645874,1210.6436767578125,15.213638305664062,3363.173828125,1247.205810546875
ID_aY2yXb.jpg,anthracnose,0.25205352902412415,752.7525024414062,1913.997802734375,4111.24365234375,3085.6796875
ID_WKbWLx.jpeg,cssvd,0.775439977645874,550.2975463867188,65.79796600341797,4031.177001953125,2549.69921875
ID_WKbWLx.jpeg,cssvd,0.5751538276672363,15.878813743591309,12.270849227905273,3682.679443359375,1375.5755615234375
ID_WKbWLx.jpeg,healthy,0.4991381764411926,1147.5316162109375,2511.75830078125,4030.125,3015.587158203125
ID_WKbWLx.jpeg,cssvd,0.384091317653656,957.8594970703125,2495.270263671875,4032.0,3014.69482421875
ID_FZMdSa.jpeg,anthracnose,0.7433248162269592,29.69928550720215,477.8379211425781,3024.0,2513.04248046875
ID_FZMdSa.jpeg,anthracnose,0.5313817262649536,0.0,742.6747436523438,2901.847900390625,3280.97705078125
ID_FZMdSa.jpeg,healthy,0.5257980227470398,4.9681854248046875,665.8544921875,388.4774169921875,1539.9862060546875
ID_FZMdSa.jpeg,anthracnose,0.28738319873809814,12.155492782592773,1000.1837768554688,1945.5740966796875,3217.138916015625
ID_FZMdSa.jpeg,healthy,0.2843160629272461,0.0,109.3593521118164,218.0966796875,1044.6453857421875
ID_FZMdSa.jpeg,healthy,0.2832375466823578,1.140923261642456,63.804752349853516,377.4766540527344,1584.254638671875
ID_Gpjk0X.JPG,healthy,0.8795738816261292,442.9815673828125,324.9577331542969,3137.98291015625,1538.6934814453125
ID_Gpjk0X.JPG,healthy,0.7978988289833069,0.0,1163.9678955078125,435.1037902832031,2448.0
ID_Gpjk0X.JPG,healthy,0.6361545920372009,0.0,1206.781982421875,358.4017639160156,1985.5086669921875
ID_Gpjk0X.JPG,healthy,0.3011362850666046,0.0,1368.6197509765625,373.3330993652344,2145.89208984375
ID_Gpjk0X.JPG,healthy,0.2766555845737457,196.77096557617188,1055.25830078125,565.0430297851562,1452.849609375
ID_K6IE1l.jpeg,healthy,0.5505141615867615,0.0,0.0,590.6146850585938,577.2252197265625
ID_K6IE1l.jpeg,healthy,0.5150488615036011,2288.353759765625,502.5970764160156,3024.0,1336.00390625
ID_K6IE1l.jpeg,healthy,0.4637026786804199,1.906661868095398,1429.7978515625,289.2546691894531,2174.028076171875
ID_K6IE1l.jpeg,anthracnose,0.3413313925266266,752.5381469726562,408.875732421875,2432.0615234375,3009.5927734375
ID_K6IE1l.jpeg,healthy,0.2941637337207794,0.0,0.0,1597.966552734375,470.73150634765625
ID_ACg6Qf.jpeg,anthracnose,0.6965770721435547,62.0675048828125,2.193145751953125,1280.0,459.28082275390625
ID_ACg6Qf.jpeg,anthracnose,0.25093916058540344,59.46875,0.432373046875,1280.0,312.1433410644531
ID_l0JoKq.jpg,healthy,0.697823166847229,0.0,0.0,1266.561279296875,236.0596923828125
ID_l0JoKq.jpg,cssvd,0.46074342727661133,0.0,207.3455810546875,1280.0,958.1875
ID_ZmNdnp.jpg,cssvd,0.6640715599060059,0.0,93.902587890625,1280.0,957.1541748046875
ID_uR3O2z.jpg,anthracnose,0.8870860934257507,136.34530639648438,225.1740264892578,2048.0,1192.435302734375
ID_uR3O2z.jpg,anthracnose,0.3113609254360199,448.22930908203125,214.68515014648438,2017.2132568359375,1013.9758911132812
ID_uR3O2z.jpg,anthracnose,0.2911071479320526,0.0,0.0,532.3491821289062,298.09417724609375
ID_a15jyy.jpg,anthracnose,0.8549475073814392,415.13824462890625,37.550392150878906,2040.204345703125,1482.007080078125
ID_a15jyy.jpg,anthracnose,0.4409440755844116,508.88006591796875,4.572363376617432,2043.447021484375,583.78369140625
ID_a15jyy.jpg,anthracnose,0.43519508838653564,439.6474609375,648.6243896484375,2010.6279296875,1434.7711181640625
ID_a15jyy.jpg,anthracnose,0.42428267002105713,451.49237060546875,957.1373291015625,2029.7366943359375,1437.015869140625
ID_a15jyy.jpg,anthracnose,0.25814712047576904,498.93634033203125,29.824804306030273,2045.342041015625,1079.600830078125
ID_rSy9ed.JPG,healthy,0.8545947670936584,2465.64892578125,567.3316650390625,2792.708251953125,1084.244873046875
ID_rSy9ed.JPG,healthy,0.44686582684516907,296.6700134277344,0.0,3264.0,396.9857177734375
ID_rSy9ed.JPG,healthy,0.2798025608062744,1324.3271484375,1372.15185546875,1653.659423828125,2274.697998046875
ID_l0jVj6.jpg,anthracnose,0.9064516425132751,521.4249877929688,8.227441787719727,2039.111328125,1163.3651123046875
ID_l0jVj6.jpg,anthracnose,0.45129281282424927,642.7964477539062,0.707324206829071,2028.3843994140625,455.3021545410156
ID_l0jVj6.jpg,anthracnose,0.35006698966026306,502.54278564453125,408.3731384277344,2044.973876953125,1203.2489013671875
ID_l0jVj6.jpg,anthracnose,0.3354804515838623,667.8443603515625,0.7872314453125,2015.77734375,324.8995361328125
ID_l0jVj6.jpg,anthracnose,0.261187344789505,0.0,1.0718262195587158,613.599609375,735.1583862304688
ID_XjtU7g.jpg,healthy,0.37955304980278015,1164.8021240234375,1988.8907470703125,3085.48291015625,2448.0
ID_XjtU7g.jpg,cssvd,0.3606625497341156,910.6332397460938,0.0,3244.643310546875,2323.7880859375
ID_r5wbRA.jpeg,healthy,0.7156046032905579,366.9380798339844,0.0,4032.0,2490.805908203125
ID_r5wbRA.jpeg,healthy,0.6817438006401062,14.225371360778809,11.779623031616211,1709.858154296875,1191.871826171875
ID_r5wbRA.jpeg,healthy,0.3603491187095642,3416.3349609375,1734.547119140625,4030.5947265625,3024.0
ID_r5wbRA.jpeg,healthy,0.2918696999549866,606.5333862304688,2246.802734375,1887.356689453125,3023.773681640625
ID_r5wbRA.jpeg,healthy,0.2650841772556305,609.2942504882812,2258.39990234375,3065.800048828125,3023.0029296875
ID_qvUEPr.jpg,healthy,0.9067877531051636,1437.6275634765625,393.75848388671875,3128.153076171875,1515.8577880859375
ID_x9OuTG.jpeg,healthy,0.5507616400718689,141.357421875,177.1761016845703,3912.184326171875,1566.2674560546875
ID_x9OuTG.jpeg,anthracnose,0.48721247911453247,109.68475341796875,156.18072509765625,4000.0,1601.320068359375
ID_x9OuTG.jpeg,healthy,0.4518722891807556,26.337814331054688,0.0,3692.740234375,413.97991943359375
ID_dOlj9R.jpeg,healthy,0.7105962634086609,0.0,960.084716796875,4000.0,1796.6142578125
ID_dOlj9R.jpeg,healthy,0.31553706526756287,0.0,0.0,4000.0,1222.893798828125
ID_dOlj9R.jpeg,healthy,0.2701849341392517,0.0,0.0,4000.0,1785.8590087890625
ID_ucTw2L.jpg,cssvd,0.5985985398292542,1473.0386962890625,0.0,3252.8125,1161.003662109375
ID_ucTw2L.jpg,cssvd,0.504134476184845,984.7653198242188,0.0,2523.189453125,2213.154296875
ID_bwH4Zt.jpg,anthracnose,0.8501158952713013,0.731249988079071,0.0,2048.0,1265.4931640625
ID_bwH4Zt.jpg,anthracnose,0.5503818392753601,0.0,0.3614746034145355,2033.723876953125,420.21337890625
ID_bwH4Zt.jpg,anthracnose,0.2880527675151825,404.56842041015625,277.6678771972656,2038.09765625,1224.0621337890625
ID_bwH4Zt.jpg,anthracnose,0.2560606300830841,2.005859375,0.0,2002.7640380859375,609.9903564453125
ID_xCrN1e.jpg,cssvd,0.7324620485305786,0.0,1.5054931640625,1280.0,888.968017578125
ID_xCrN1e.jpg,healthy,0.3360651135444641,0.0,738.3507690429688,1267.8990478515625,960.0
ID_zyGKPp.jpg,healthy,0.7179923057556152,118.60850524902344,170.46591186523438,407.8952941894531,397.3457336425781
ID_zyGKPp.jpg,healthy,0.5509263277053833,345.9683532714844,13.694433212280273,403.0131530761719,113.83898162841797
ID_zyGKPp.jpg,healthy,0.4021437168121338,109.25401306152344,67.84272003173828,280.472900390625,192.4194793701172
ID_zyGKPp.jpg,healthy,0.32019975781440735,246.9791259765625,78.60636138916016,415.8455505371094,204.2894744873047
ID_zyGKPp.jpg,healthy,0.2893786132335663,343.2630615234375,3.297478437423706,415.27532958984375,123.46012878417969
ID_zyGKPp.jpg,healthy,0.27874335646629333,224.53286743164062,2.0789167881011963,299.9609375,73.27461242675781
ID_eNUmPw.jpg,healthy,0.7949882745742798,46.60544204711914,54.43959045410156,416.0,306.7882995605469
ID_eNUmPw.jpg,healthy,0.7679809331893921,171.9853057861328,360.5671691894531,398.3582763671875,415.723388671875
ID_eNUmPw.jpg,healthy,0.660423219203949,65.810791015625,84.23474884033203,416.0,223.885009765625
ID_eNUmPw.jpg,healthy,0.5385922193527222,11.087733268737793,70.754150390625,58.684181213378906,178.00245666503906
ID_eNUmPw.jpg,healthy,0.5109500288963318,32.733970642089844,311.4541931152344,177.7960968017578,415.7195129394531
ID_eNUmPw.jpg,healthy,0.49999648332595825,170.1872100830078,361.3780822753906,329.0583190917969,416.0
ID_eNUmPw.jpg,healthy,0.3575419485569,0.0,72.30884552001953,52.13984680175781,222.8959197998047
ID_eNUmPw.jpg,healthy,0.34855154156684875,15.719995498657227,54.28095626831055,65.91681671142578,179.7766571044922
ID_eNUmPw.jpg,healthy,0.34038493037223816,224.50350952148438,326.4307861328125,413.6197509765625,414.389404296875
ID_eNUmPw.jpg,healthy,0.33318448066711426,0.0,79.00719451904297,39.9677848815918,215.201171875
ID_eNUmPw.jpg,healthy,0.30885860323905945,169.2709197998047,337.54534912109375,416.0,415.4066467285156
ID_eNUmPw.jpg,healthy,0.2991041839122772,217.03656005859375,248.38172912597656,300.7194519042969,355.8176574707031
ID_eNUmPw.jpg,healthy,0.29846298694610596,11.706744194030762,24.014095306396484,85.35765838623047,172.9170379638672
ID_eNUmPw.jpg,healthy,0.2841472029685974,1.2274829149246216,24.295019149780273,67.27521514892578,210.86328125
ID_a76tQV.jpg,healthy,0.7008863091468811,0.0,4.112560272216797,297.9588623046875,418.8450622558594
ID_a76tQV.jpg,cssvd,0.35833850502967834,22.466388702392578,263.76702880859375,1080.0,783.6620483398438
ID_a76tQV.jpg,anthracnose,0.28723591566085815,244.2821044921875,0.9351339340209961,1075.7711181640625,325.5426330566406
ID_ErnMWK.jpg,cssvd,0.5017609000205994,0.0,268.0081787109375,1264.078125,959.5152587890625
ID_ErnMWK.jpg,healthy,0.25251808762550354,0.89813232421875,151.33953857421875,208.26669311523438,412.05419921875
ID_ErnMWK.jpg,cssvd,0.2508949637413025,0.0,665.7681884765625,1249.842041015625,959.343017578125
ID_p9zgFE.jpg,cssvd,0.6689964532852173,0.0,3.23333740234375,1279.728271484375,741.1235961914062
ID_p9zgFE.jpg,cssvd,0.44692695140838623,198.585693359375,638.877197265625,1280.0,958.223388671875
ID_wbijTg.jpg,anthracnose,0.9018004536628723,229.1335906982422,245.65469360351562,2048.0,1148.276123046875
ID_wbijTg.jpg,anthracnose,0.5664761066436768,310.6957092285156,0.0,2048.0,269.02484130859375
ID_wbijTg.jpg,anthracnose,0.48148706555366516,310.5068359375,0.0,2048.0,481.1016540527344
ID_YD3bof.jpg,healthy,0.7847409248352051,383.4447326660156,779.0134887695312,1965.8155517578125,1709.3021240234375
ID_YD3bof.jpg,healthy,0.34683170914649963,145.2866973876953,136.4458465576172,1319.0887451171875,1125.513671875
ID_CjxpRk.JPG,anthracnose,0.7280765175819397,74.25038146972656,0.0,3264.0,1845.264892578125
ID_CjxpRk.JPG,anthracnose,0.5088891386985779,776.7785034179688,3.631072998046875,2789.71875,1684.468017578125
ID_CjxpRk.JPG,anthracnose,0.2909373939037323,250.50575256347656,1587.3792724609375,3254.341552734375,2441.164794921875
ID_CjxpRk.JPG,anthracnose,0.263826847076416,0.734619140625,1103.465576171875,3264.0,2448.0
ID_CjxpRk.JPG,healthy,0.25207218527793884,0.0,0.0,1198.367431640625,275.2019958496094
ID_cHlyPN.jpg,anthracnose,0.6479049324989319,51.09101486206055,352.2188415527344,2048.0,1266.6280517578125
ID_IlKAAg.jpg,anthracnose,0.9547386765480042,0.0,55.166404724121094,2038.7890625,1335.6236572265625
ID_IlKAAg.jpg,anthracnose,0.739108145236969,0.0,589.12646484375,2033.1741943359375,1534.8621826171875
ID_IlKAAg.jpg,anthracnose,0.4843638241291046,16.53515625,1049.450927734375,2020.177001953125,1534.2916259765625
ID_IlKAAg.jpg,anthracnose,0.39939361810684204,167.68692016601562,850.1673583984375,2024.4906005859375,1533.054443359375
ID_IlKAAg.jpg,anthracnose,0.35690268874168396,102.86796569824219,410.57696533203125,2029.6597900390625,1338.4000244140625
ID_HiEYk8.jpg,2,1.0,,,,
ID_LbEE0d.jpg,cssvd,0.6071843504905701,0.0,141.61712646484375,1080.0,810.0
ID_MaKmbG.jpg,healthy,0.5403091907501221,0.0,2.8545570373535156,1080.0,737.4232177734375
ID_MaKmbG.jpg,healthy,0.3318367600440979,0.0,0.0,1080.0,220.42433166503906
ID_A1Euyz.jpg,anthracnose,0.4703289866447449,798.038330078125,46.1959228515625,1280.0,954.6307373046875
ID_A1Euyz.jpg,anthracnose,0.4413559138774872,244.04345703125,0.0,1275.737060546875,960.0
ID_A1Euyz.jpg,anthracnose,0.4218292534351349,959.8047485351562,129.83648681640625,1279.9912109375,945.0474243164062
ID_A1Euyz.jpg,anthracnose,0.417147696018219,461.0716552734375,129.9522705078125,1181.2921142578125,957.9224853515625
ID_A1Euyz.jpg,anthracnose,0.30846890807151794,39.1949462890625,0.078369140625,1261.4320068359375,193.49575805664062
ID_A1Euyz.jpg,anthracnose,0.2832620143890381,101.1729736328125,6.8515625,1271.96923828125,723.921875
ID_MAbZNE.jpg,anthracnose,0.9112715125083923,11.968358993530273,48.703712463378906,2048.0,1290.308349609375
ID_MAbZNE.jpg,anthracnose,0.3878350257873535,470.2494201660156,100.74658203125,2046.646484375,1203.8497314453125
ID_MAbZNE.jpg,anthracnose,0.25391557812690735,68.51679992675781,0.0,2048.0,130.56396484375
ID_NgQOzy.jpeg,anthracnose,0.6355284452438354,75.52813720703125,0.0,1662.7939453125,1103.063232421875
ID_NgQOzy.jpeg,healthy,0.4807661175727844,269.42303466796875,1048.915771484375,2802.17724609375,2584.947998046875
ID_NgQOzy.jpeg,healthy,0.44932132959365845,2153.33935546875,480.9311828613281,3143.958984375,1105.29248046875
ID_NgQOzy.jpeg,healthy,0.3416973650455475,581.2607421875,2445.403076171875,4021.0078125,3018.82666015625
ID_NgQOzy.jpeg,healthy,0.28460660576820374,2515.97705078125,0.0,3945.117919921875,456.0690002441406
ID_xAwVqs.jpg,healthy,0.8416011929512024,13.979165077209473,147.03021240234375,416.0,416.0
ID_xAwVqs.jpg,healthy,0.8277137279510498,85.43401336669922,1.8153800964355469,343.3807067871094,157.38748168945312
ID_xAwVqs.jpg,healthy,0.45930224657058716,19.934476852416992,144.81036376953125,149.5210418701172,410.5726013183594
ID_xAwVqs.jpg,healthy,0.44768714904785156,41.030357360839844,0.0,281.5621032714844,114.6219253540039
ID_xAwVqs.jpg,healthy,0.4140107035636902,3.493422746658325,0.3435470461845398,119.42626953125,185.9290008544922
ID_xAwVqs.jpg,healthy,0.3340000510215759,1.1215811967849731,0.3165298402309418,89.5169906616211,66.60658264160156
ID_xAwVqs.jpg,healthy,0.31553414463996887,0.01658325083553791,0.0,109.1232681274414,41.77610778808594
ID_xAwVqs.jpg,healthy,0.2743731439113617,24.105894088745117,230.88967895507812,150.55001831054688,412.9853210449219
ID_ARfduS.jpg,healthy,0.9176920056343079,351.6038818359375,114.62519073486328,771.4651489257812,346.3853454589844
ID_ARfduS.jpg,healthy,0.8051616549491882,976.773681640625,547.4071044921875,1080.0,745.99560546875
ID_ARfduS.jpg,healthy,0.5897969007492065,784.7174072265625,359.0198059082031,946.9600219726562,472.929443359375
ID_ARfduS.jpg,healthy,0.3307681083679199,0.0,42.50333786010742,1072.2449951171875,672.1985473632812
ID_ARfduS.jpg,healthy,0.2990889549255371,357.65155029296875,128.40147399902344,875.8977661132812,368.4543151855469
ID_ARfduS.jpg,healthy,0.26073601841926575,591.2418212890625,131.48281860351562,874.1277465820312,359.2147216796875
ID_ZWjgkt.jpg,healthy,0.5270196199417114,0.0,185.1294708251953,2556.08544921875,1593.5162353515625
ID_Ho3Skn.jpg,cssvd,0.6036694049835205,0.0,0.0,1280.0,954.502197265625
ID_McJOoX.jpg,healthy,0.7675555348396301,66.46916198730469,48.93487548828125,414.2378845214844,332.91583251953125
ID_McJOoX.jpg,healthy,0.4448004961013794,143.9684295654297,310.89154052734375,203.3097686767578,416.0
ID_cGsLV1.jpg,anthracnose,0.8686004877090454,120.60429382324219,0.0,2038.180419921875,1109.46923828125
ID_cGsLV1.jpg,anthracnose,0.4414674937725067,40.094139099121094,350.8509826660156,2048.0,1298.9495849609375
ID_cGsLV1.jpg,anthracnose,0.3899252116680145,2.983203172683716,0.0,2048.0,1486.0087890625
ID_cGsLV1.jpg,anthracnose,0.2858165502548218,70.8988265991211,862.7906494140625,2048.0,1383.0433349609375
ID_cGsLV1.jpg,anthracnose,0.26221954822540283,111.7816390991211,989.7078247070312,2048.0,1454.9613037109375
ID_b0zwXq.jpeg,healthy,0.8986567258834839,0.0,47.929447174072266,4032.0,2577.233154296875
ID_b0zwXq.jpeg,healthy,0.4660990238189697,3288.443359375,995.3280639648438,4031.998779296875,2014.8037109375
ID_b0zwXq.jpeg,healthy,0.4275621175765991,3170.3623046875,0.0,4032.0,1025.40380859375
ID_b0zwXq.jpeg,healthy,0.3253520429134369,3014.716064453125,1806.22119140625,4032.0,2820.140380859375
ID_b0zwXq.jpeg,healthy,0.3147113621234894,230.4771728515625,490.6005554199219,3712.545166015625,2513.137451171875
ID_gvnAED.jpg,cssvd,0.5312037467956543,102.9732666015625,15.69244384765625,1275.3253173828125,735.6561279296875
ID_gvnAED.jpg,healthy,0.4198376536369324,666.4305419921875,713.9603271484375,1279.900390625,959.9654541015625
ID_gvnAED.jpg,healthy,0.32976406812667847,372.2979736328125,707.2698974609375,496.668701171875,954.5609130859375
ID_mcczYA.jpg,anthracnose,0.8783997893333435,203.07876586914062,44.782814025878906,1530.1787109375,1965.616455078125
ID_mcczYA.jpg,anthracnose,0.6344746351242065,76.85859680175781,407.9757385253906,1536.0,1961.7464599609375
ID_mcczYA.jpg,anthracnose,0.4861137270927429,879.9572143554688,53.763282775878906,1534.177734375,2011.404296875
ID_mcczYA.jpg,anthracnose,0.4015701413154602,141.6178741455078,1586.422607421875,1534.2745361328125,2045.539794921875
ID_mcczYA.jpg,anthracnose,0.38035961985588074,118.0083999633789,1287.095703125,1536.0,2048.0
ID_mcczYA.jpg,anthracnose,0.3428678810596466,90.09765625,950.3497924804688,1536.0,2025.587890625
ID_mcczYA.jpg,anthracnose,0.3255680799484253,1190.5439453125,65.83573913574219,1534.544677734375,2006.4486083984375
ID_mcczYA.jpg,anthracnose,0.27777236700057983,212.04696655273438,25.255176544189453,1500.5955810546875,1172.16455078125
ID_JegXI4.jpg,healthy,0.6832677721977234,0.0,465.9373474121094,1214.816162109375,1186.2650146484375
ID_JegXI4.jpg,cssvd,0.5063138008117676,1.748144507408142,454.16046142578125,1201.294189453125,1151.2122802734375
ID_JegXI4.jpg,healthy,0.2790754437446594,18.040576934814453,1161.40966796875,500.1985778808594,1536.0
ID_AX61Qc.jpg,cssvd,0.5541830062866211,0.0,0.0,888.36279296875,1266.67236328125
ID_H5UsYj.jpg,cssvd,0.7001577615737915,0.0,0.0,1280.0,960.0
ID_yl1h4y.jpg,healthy,0.6896620988845825,211.13575744628906,1476.4434814453125,3241.244140625,2088.403076171875
ID_yl1h4y.jpg,healthy,0.6785250902175903,227.4268798828125,185.51902770996094,3248.0986328125,1663.81689453125
ID_yl1h4y.jpg,healthy,0.5966094732284546,271.4949951171875,979.0708618164062,3140.260498046875,2095.663330078125
ID_yl1h4y.jpg,healthy,0.551680862903595,161.66632080078125,142.49058532714844,3173.119384765625,1192.45263671875
ID_yl1h4y.jpg,healthy,0.4760708212852478,169.26309204101562,762.2214965820312,3232.821533203125,1521.2950439453125
ID_yQNYRc.jpg,healthy,0.9191840887069702,345.3427429199219,289.68780517578125,932.4597778320312,651.8362426757812
ID_yQNYRc.jpg,healthy,0.900044858455658,936.7208862304688,640.3103637695312,1372.5986328125,970.97900390625
ID_yQNYRc.jpg,healthy,0.8644330501556396,414.6260681152344,521.197265625,982.5513916015625,1035.425048828125
ID_yQNYRc.jpg,healthy,0.5201995372772217,343.7826843261719,468.8714904785156,953.37646484375,633.2301025390625
ID_yQNYRc.jpg,healthy,0.39894038438796997,404.83660888671875,614.0462646484375,1213.4365234375,995.6390380859375
ID_yQNYRc.jpg,healthy,0.3254709839820862,661.9791259765625,613.4635009765625,1380.9072265625,914.7177734375
ID_yEGJej.jpg,cssvd,0.4980357885360718,1280.198974609375,4.174799919128418,3245.728515625,1062.5113525390625
ID_yEGJej.jpg,cssvd,0.40766477584838867,1227.728759765625,410.9747314453125,2917.031494140625,1631.1790771484375
ID_yEGJej.jpg,cssvd,0.3862006962299347,0.0,2.6685194969177246,844.3225708007812,1056.975341796875
ID_yEGJej.jpg,anthracnose,0.28133469820022583,74.99900817871094,447.6385803222656,956.1410522460938,1392.968017578125
ID_Dw2paJ.jpg,cssvd,0.7156003713607788,0.0,0.79510498046875,1280.0,908.072265625
ID_Dw2paJ.jpg,healthy,0.4655512571334839,0.0,778.3621826171875,499.57037353515625,959.4456787109375
ID_kjTAmo.jpg,healthy,0.3681026101112366,0.0,1254.708984375,802.4401245117188,1536.0
ID_kjTAmo.jpg,healthy,0.29568353295326233,0.0,1246.502685546875,1149.564453125,1535.0750732421875
ID_kjTAmo.jpg,healthy,0.2716697156429291,0.0,724.2982177734375,475.1224670410156,1215.1588134765625
ID_kjTAmo.jpg,cssvd,0.2588561177253723,744.4967041015625,50.479881286621094,2045.3675537109375,1477.5135498046875
ID_XV81fD.jpg,anthracnose,0.9407292604446411,0.0,72.2802734375,2048.0,1528.9853515625
ID_XV81fD.jpg,anthracnose,0.589655339717865,187.83145141601562,31.852344512939453,2038.7259521484375,1152.761474609375
ID_XV81fD.jpg,anthracnose,0.36643216013908386,103.36328125,0.0,2031.5062255859375,400.48297119140625
ID_XV81fD.jpg,anthracnose,0.3486802577972412,0.0,0.0,2041.837646484375,287.44512939453125
ID_XV81fD.jpg,anthracnose,0.29707539081573486,286.9302673339844,230.7477569580078,2048.0,1393.831298828125
ID_vKDGJD.jpeg,healthy,0.6869878172874451,46.61106872558594,0.0,667.2147827148438,393.05511474609375
ID_vKDGJD.jpeg,cssvd,0.5193154215812683,21.689510345458984,833.5244750976562,2065.407958984375,2293.94580078125
ID_vKDGJD.jpeg,cssvd,0.5020942091941833,2165.58447265625,0.0,3129.94677734375,2345.702880859375
ID_vKDGJD.jpeg,healthy,0.3094272315502167,1500.6845703125,2349.35888671875,2213.705810546875,2872.00048828125
ID_T22A5T.jpg,healthy,0.37210652232170105,0.0,1.14666748046875,357.787353515625,199.79644775390625
ID_T22A5T.jpg,healthy,0.30473244190216064,0.0,0.0,1280.0,750.8353271484375
ID_anegvH.jpeg,healthy,0.524204671382904,654.929931640625,0.575469970703125,1273.633056640625,198.58493041992188
ID_anegvH.jpeg,healthy,0.4141375422477722,408.4820556640625,135.82073974609375,1220.421630859375,445.40545654296875
ID_anegvH.jpeg,healthy,0.3888171315193176,281.75927734375,400.14501953125,1250.811767578125,573.343505859375
ID_anegvH.jpeg,cssvd,0.3181164264678955,223.23199462890625,0.041473388671875,640.6741943359375,293.17510986328125
ID_pnZVaB.jpg,anthracnose,0.667917788028717,1499.972412109375,0.0,2044.703369140625,1420.697265625
ID_pnZVaB.jpg,anthracnose,0.5309180617332458,534.2835083007812,541.8639526367188,1576.52099609375,911.4677734375
ID_pnZVaB.jpg,healthy,0.33533841371536255,338.11016845703125,0.0,2019.650634765625,295.6907043457031
ID_vKfUee.jpg,anthracnose,0.5588616132736206,1153.959228515625,3.3204102516174316,1991.030029296875,1536.0
ID_vKfUee.jpg,anthracnose,0.49964994192123413,37.768943786621094,891.2360229492188,2048.0,1529.235595703125
ID_vKfUee.jpg,anthracnose,0.46999773383140564,6.196484565734863,564.4935302734375,2048.0,1532.798095703125
ID_vKfUee.jpg,healthy,0.4537379741668701,266.30157470703125,359.00762939453125,1275.784423828125,1096.32763671875
ID_vKfUee.jpg,healthy,0.2595911920070648,26.732616424560547,242.87020874023438,1280.87060546875,1119.614501953125
ID_LxkN0r.jpg,2,1.0,,,,
ID_jBlpYQ.jpg,anthracnose,0.5122519731521606,562.03125,0.0,3258.648681640625,2201.0771484375
ID_jBlpYQ.jpg,cssvd,0.3896002173423767,586.2789916992188,14.436821937561035,3264.0,2201.313232421875
ID_NHrOVD.jpg,cssvd,0.34540441632270813,60.41371536254883,19.791664123535156,551.2163696289062,1080.0
ID_Wx4GqF.jpg,healthy,0.8272984027862549,0.0,53.7437744140625,1280.0,694.3784790039062
ID_wnuBs6.jpg,healthy,0.8934978246688843,64.83457946777344,150.62322998046875,233.689453125,289.0636901855469
ID_wnuBs6.jpg,healthy,0.850594162940979,166.35018920898438,0.589062511920929,297.06182861328125,95.5125503540039
ID_wnuBs6.jpg,healthy,0.7916132211685181,180.06153869628906,325.2400207519531,223.7359619140625,366.0479736328125
ID_wnuBs6.jpg,healthy,0.7758321762084961,4.93035364151001,275.21697998046875,88.0540771484375,327.0517578125
ID_wnuBs6.jpg,healthy,0.41645392775535583,272.472412109375,4.398122310638428,360.89129638671875,92.5407943725586
ID_wnuBs6.jpg,healthy,0.381685733795166,266.1524658203125,105.12125396728516,309.4146728515625,169.34521484375
ID_wnuBs6.jpg,healthy,0.2612476944923401,117.18402862548828,0.0,328.30963134765625,81.66978454589844
ID_Gc703Q.jpg,anthracnose,0.5409501194953918,534.0870971679688,0.0,2349.563232421875,647.3950805664062
ID_Gc703Q.jpg,anthracnose,0.386784166097641,418.8206787109375,500.1295471191406,2687.061767578125,1256.5933837890625
ID_Gc703Q.jpg,healthy,0.3854916989803314,2187.865966796875,894.7630004882812,2936.134033203125,1276.708740234375
ID_ThtV0C.jpg,healthy,0.8621626496315002,81.78855895996094,19.343608856201172,350.3551025390625,235.11721801757812
ID_ThtV0C.jpg,healthy,0.6320369243621826,17.393381118774414,0.0,104.67428588867188,84.96659088134766
ID_ThtV0C.jpg,healthy,0.49306827783584595,118.84912872314453,0.0,215.3543701171875,41.187015533447266
ID_ThtV0C.jpg,healthy,0.4421294927597046,91.62462615966797,310.58831787109375,174.5716552734375,397.5423278808594
ID_ThtV0C.jpg,healthy,0.37988221645355225,195.87283325195312,0.03939514234662056,415.0639953613281,64.8172836303711
ID_ThtV0C.jpg,healthy,0.32274580001831055,9.076751708984375,73.46497344970703,62.16853713989258,127.83045196533203
ID_ThtV0C.jpg,healthy,0.3172197639942169,254.50732421875,73.70557403564453,357.43536376953125,142.26065063476562
ID_ThtV0C.jpg,healthy,0.31161588430404663,0.2763214111328125,179.2140655517578,28.682619094848633,278.33551025390625
ID_ThtV0C.jpg,healthy,0.30737030506134033,200.2187957763672,0.0,298.0184020996094,64.06770324707031
ID_ThtV0C.jpg,healthy,0.2962472140789032,216.56460571289062,178.33319091796875,399.6201477050781,300.859130859375
ID_ThtV0C.jpg,healthy,0.28187280893325806,194.24197387695312,0.2328895479440689,338.9442443847656,64.4182357788086
ID_ThtV0C.jpg,healthy,0.25591760873794556,0.0,124.17340850830078,33.871131896972656,228.49990844726562
ID_wUoMHJ.jpg,healthy,0.8778091073036194,1206.173095703125,2257.925048828125,1688.20556640625,2895.75244140625
ID_wUoMHJ.jpg,healthy,0.8326867818832397,868.6949462890625,3057.41015625,1377.02734375,3900.382080078125
ID_wUoMHJ.jpg,healthy,0.7686845064163208,1419.66845703125,550.6124267578125,1859.6021728515625,1236.521484375
ID_wUoMHJ.jpg,cssvd,0.27785617113113403,367.1660461425781,0.0,1454.998046875,825.738525390625
ID_NJY4EZ.jpg,cssvd,0.5969374179840088,952.2307739257812,686.5484008789062,3169.029052734375,1452.14111328125
ID_NJY4EZ.jpg,cssvd,0.43562954664230347,2336.268798828125,0.0,3255.477783203125,567.11572265625
ID_NJY4EZ.jpg,healthy,0.3848218619823456,2838.207275390625,1195.7177734375,3264.0,2042.4605712890625
ID_NJY4EZ.jpg,cssvd,0.27441874146461487,889.456787109375,62.92121887207031,1444.3980712890625,1263.2828369140625
ID_A5SFUW.jpeg,healthy,0.7880486249923706,3.581817388534546,0.0,3900.68896484375,2923.406494140625
ID_PKIRRi.jpeg,anthracnose,0.7798505425453186,11.544189453125,59.433258056640625,1275.7144775390625,510.3542785644531
ID_PKIRRi.jpeg,anthracnose,0.4629424512386322,1062.088134765625,0.721832275390625,1279.41357421875,429.66363525390625
ID_Fj6l3x.jpg,healthy,0.6636318564414978,0.0,12.95526123046875,1280.0,825.942138671875
ID_Fj6l3x.jpg,healthy,0.404919296503067,0.0,707.4154052734375,629.1175537109375,959.0660400390625
ID_PZvJCn.jpeg,healthy,0.3114561438560486,0.0,0.0,1255.2098388671875,210.78982543945312
ID_vY8dnC.jpg,cssvd,0.3522289991378784,63.41796875,27.83782958984375,1278.545654296875,712.5068359375
ID_WWzTQf.jpg,healthy,0.45979925990104675,1053.499267578125,660.2316284179688,2005.182861328125,1430.017578125
ID_WWzTQf.jpg,healthy,0.31730708479881287,316.14239501953125,453.7860412597656,1614.497802734375,1080.8431396484375
ID_LuOSty.JPG,healthy,0.5563419461250305,0.0,311.43603515625,1410.7728271484375,1191.5321044921875
ID_LuOSty.JPG,healthy,0.34850993752479553,0.0,1269.054931640625,1698.647705078125,2090.30419921875
ID_LuOSty.JPG,healthy,0.333435982465744,0.0,271.08782958984375,1133.361572265625,1083.86376953125
ID_LuOSty.JPG,healthy,0.26004481315612793,0.0,1190.6690673828125,1786.65625,1914.020263671875
ID_LuOSty.JPG,healthy,0.25959983468055725,0.0,1327.90869140625,1228.8131103515625,2079.285888671875
ID_tnbptN.jpg,cssvd,0.5652623176574707,0.0,219.13555908203125,1280.0,887.0548706054688
ID_TWMyl4.jpg,anthracnose,0.919520378112793,14.198827743530273,2.5707030296325684,2048.0,1385.9632568359375
ID_TWMyl4.jpg,anthracnose,0.3324269652366638,690.2761840820312,0.0,2045.383544921875,1398.0089111328125
ID_TWMyl4.jpg,anthracnose,0.30577337741851807,984.5609130859375,7.170996189117432,2037.344970703125,1203.3853759765625
ID_eohNCj.jpg,healthy,0.7788785696029663,49.28558349609375,107.57392883300781,416.0,339.19580078125
ID_eohNCj.jpg,healthy,0.4294385015964508,29.67814826965332,360.22662353515625,295.7877197265625,415.65435791015625
ID_eohNCj.jpg,healthy,0.41968026757240295,38.57966232299805,0.23996123671531677,185.39830017089844,131.26516723632812
ID_eohNCj.jpg,healthy,0.4161727726459503,7.6615166664123535,0.013830947689712048,66.20043182373047,67.697509765625
ID_eohNCj.jpg,healthy,0.4053233563899994,15.189663887023926,0.03606262058019638,63.5185661315918,51.95732116699219
ID_eohNCj.jpg,healthy,0.34833836555480957,0.31130293011665344,0.0,60.871829986572266,126.55447387695312
ID_eohNCj.jpg,healthy,0.3410615026950836,40.69388961791992,0.0,258.6382141113281,127.55291748046875
ID_eohNCj.jpg,healthy,0.3070387542247772,216.0489501953125,310.9701232910156,312.6593322753906,415.5559997558594
ID_eohNCj.jpg,healthy,0.2688329815864563,0.6921127438545227,46.60462951660156,51.28966522216797,119.76297760009766
ID_eohNCj.jpg,healthy,0.267645001411438,43.766780853271484,0.0,311.6778564453125,75.72698974609375
ID_GBHM9n.jpeg,healthy,0.8944878578186035,0.0,222.10768127441406,4032.0,2755.688232421875
ID_GBHM9n.jpeg,healthy,0.30072808265686035,0.0,2239.568359375,1455.1329345703125,3022.295654296875
ID_GBHM9n.jpeg,healthy,0.2875663638114929,2238.346435546875,0.5139129757881165,3672.88037109375,513.6386108398438
ID_hnVy96.jpg,anthracnose,0.9523806571960449,0.9906250238418579,166.98739624023438,2026.44140625,1340.302490234375
ID_qinFuE.jpg,anthracnose,0.8756725192070007,50.8759765625,305.8253479003906,2010.9732666015625,1468.560546875
ID_qinFuE.jpg,anthracnose,0.6192692518234253,0.0,0.0,2018.5462646484375,334.3257751464844
ID_qinFuE.jpg,anthracnose,0.5559968948364258,0.0,1.39013671875,2019.743896484375,510.7684631347656
ID_q6l1gT.jpg,cssvd,0.7217608094215393,0.0,0.0,1280.0,877.0435791015625
ID_q6l1gT.jpg,healthy,0.26547369360923767,0.0,780.9356689453125,503.8218078613281,960.0
ID_CrSUii.jpeg,anthracnose,0.8543888330459595,626.1343994140625,753.4854125976562,4027.34765625,2489.25634765625
ID_ykD8wr.JPG,healthy,0.73641437292099,0.0,1808.88818359375,2621.574462890625,2444.65625
ID_ykD8wr.JPG,healthy,0.7233558893203735,477.40875244140625,672.2324829101562,2940.59765625,1978.7177734375
ID_ykD8wr.JPG,healthy,0.6812138557434082,0.0,112.41649627685547,2778.732666015625,1418.1453857421875
ID_ykD8wr.JPG,healthy,0.5877063870429993,3.826556444168091,1630.3480224609375,2967.25048828125,2448.0
ID_ykD8wr.JPG,healthy,0.5621321201324463,120.07536315917969,212.8462371826172,2971.4833984375,1986.3033447265625
ID_ykD8wr.JPG,healthy,0.5114709138870239,1.178503394126892,0.779754638671875,1682.81103515625,1163.863037109375
ID_ykD8wr.JPG,healthy,0.4460770785808563,0.0,1159.2269287109375,1097.18505859375,2447.58251953125
ID_ykD8wr.JPG,healthy,0.4284104108810425,0.0,4.588179111480713,2831.537109375,1080.2266845703125
ID_ykD8wr.JPG,healthy,0.2684621810913086,1.0885436534881592,1155.0677490234375,1851.3282470703125,2448.0
ID_ykD8wr.JPG,healthy,0.26652792096138,4.943737506866455,532.9580688476562,2954.422119140625,1456.736083984375
ID_UkxRz8.jpg,healthy,0.8379738926887512,203.30210876464844,687.430908203125,3264.0,1632.7008056640625
ID_UkxRz8.jpg,healthy,0.8137327432632446,416.28936767578125,1453.9326171875,3101.446044921875,2255.91064453125
ID_UkxRz8.jpg,healthy,0.4754096567630768,0.0,0.0,3264.0,661.433837890625
ID_UkxRz8.jpg,healthy,0.33742770552635193,0.0,1490.510498046875,386.0017395019531,2084.75830078125
ID_CUByHJ.jpg,healthy,0.9404523372650146,118.31916809082031,135.04766845703125,296.11199951171875,263.8938903808594
ID_CUByHJ.jpg,healthy,0.5001212954521179,385.28924560546875,140.91375732421875,416.0,295.74896240234375
ID_OC53ff.jpg,cssvd,0.39914175868034363,0.0,0.0,1079.294921875,810.0
ID_Nnz8UH.jpg,healthy,0.7896355986595154,188.07827758789062,105.56709289550781,413.412841796875,303.4981689453125
ID_Nnz8UH.jpg,healthy,0.6558364033699036,188.16928100585938,109.34625244140625,413.64453125,237.20225524902344
ID_Nnz8UH.jpg,healthy,0.578811526298523,373.6860046386719,57.429962158203125,416.0,198.82876586914062
ID_Nnz8UH.jpg,healthy,0.51351398229599,373.9007568359375,53.03633499145508,416.0,156.0316619873047
ID_Nnz8UH.jpg,healthy,0.41895341873168945,152.67381286621094,21.052696228027344,248.29600524902344,150.3866424560547
ID_Nnz8UH.jpg,healthy,0.2793189287185669,1.246739149093628,35.521339416503906,159.49835205078125,170.6825408935547
ID_Nnz8UH.jpg,healthy,0.25952231884002686,155.89022827148438,20.107410430908203,246.33639526367188,102.8439712524414
ID_Nnz8UH.jpg,healthy,0.25309085845947266,383.6268615722656,49.76422882080078,416.0,167.52801513671875
ID_vdPy4g.jpeg,healthy,0.885291337966919,296.0792236328125,0.0,4032.0,2397.146484375
ID_vdPy4g.jpeg,healthy,0.27421826124191284,565.7064208984375,1.8814635276794434,4032.0,1819.4525146484375
ID_vdPy4g.jpeg,healthy,0.251497745513916,645.073974609375,2568.650634765625,2680.451171875,3023.823486328125
ID_vhqF3p.jpg,anthracnose,0.44543638825416565,757.8215942382812,0.0,1080.0,376.7018737792969
ID_vhqF3p.jpg,cssvd,0.40982890129089355,159.42013549804688,0.0,1040.5799560546875,810.0
ID_vhqF3p.jpg,anthracnose,0.4008104205131531,245.31185913085938,320.4791564941406,1075.6475830078125,809.72314453125
ID_p6OqyL.jpg,cssvd,0.650445282459259,0.0,0.0,1280.0,960.0
ID_qKOiUh.jpeg,healthy,0.6144912838935852,839.303466796875,3.617770195007324,3999.228515625,2278.334716796875
ID_qKOiUh.jpeg,anthracnose,0.25542619824409485,0.0,23.747661590576172,1188.8177490234375,1954.5780029296875
ID_FyMh9k.jpg,cssvd,0.5847088694572449,259.27142333984375,0.0,810.0,1056.9346923828125
ID_JTyCTv.jpg,cssvd,0.4807397723197937,137.7189483642578,303.18963623046875,2017.675048828125,1291.218994140625
ID_JTyCTv.jpg,healthy,0.33418187499046326,1079.258056640625,1219.102783203125,2034.7054443359375,1534.3284912109375
ID_ZiomN9.jpg,anthracnose,0.9424691796302795,251.05514526367188,358.50372314453125,4128.0,2775.4619140625
ID_ZiomN9.jpg,anthracnose,0.7441666126251221,723.4727783203125,2339.663818359375,4103.17822265625,3088.208740234375
ID_ZiomN9.jpg,anthracnose,0.68734210729599,524.68212890625,1385.619384765625,4110.9638671875,3094.43896484375
ID_ZiomN9.jpg,anthracnose,0.2743968665599823,3.293499708175659,0.0,2538.6640625,1469.2669677734375
ID_ZiomN9.jpg,anthracnose,0.2504936456680298,1602.69384765625,6.093870162963867,4104.21142578125,737.3529052734375
ID_TFEa8E.jpeg,healthy,0.9007349610328674,9.858938217163086,1699.0504150390625,3024.0,3384.616455078125
ID_TFEa8E.jpeg,healthy,0.8289279341697693,0.0,493.9705505371094,1383.328125,1611.0565185546875
ID_TFEa8E.jpeg,healthy,0.6802860498428345,0.0,465.03662109375,981.6063842773438,1680.6197509765625
ID_TFEa8E.jpeg,healthy,0.5216249227523804,0.3741393983364105,3398.169677734375,1741.8995361328125,4023.63916015625
ID_TFEa8E.jpeg,healthy,0.4979003369808197,1.4835799932479858,1010.201171875,882.2958374023438,2094.42529296875
ID_TFEa8E.jpeg,healthy,0.41621720790863037,0.0,3357.4580078125,2353.26171875,4030.84130859375
ID_TFEa8E.jpeg,healthy,0.38651275634765625,2.440701961517334,2812.112060546875,384.2242126464844,3523.302978515625
ID_TFEa8E.jpeg,healthy,0.33482566475868225,0.0,511.59234619140625,918.1353759765625,2081.22705078125
ID_H1mmQM.jpg,cssvd,0.5684540867805481,96.70166015625,10.3580322265625,1275.07421875,630.2484130859375
ID_XkOWhr.jpg,cssvd,0.6155397891998291,0.0,0.0,1080.0,699.3054809570312
ID_wBzpKl.JPG,healthy,0.7317823767662048,363.27508544921875,814.7470703125,1682.204345703125,1613.4503173828125
ID_wBzpKl.JPG,healthy,0.7296891212463379,2269.138916015625,27.04332160949707,2926.467041015625,820.6024780273438
ID_wBzpKl.JPG,healthy,0.5685765743255615,354.5215759277344,404.4815673828125,1257.0303955078125,919.7649536132812
ID_wBzpKl.JPG,healthy,0.47446930408477783,1766.4520263671875,1624.1690673828125,3149.982666015625,2448.0
ID_wBzpKl.JPG,healthy,0.46860578656196594,680.3884887695312,1369.883544921875,1757.6903076171875,1907.93408203125
ID_wBzpKl.JPG,healthy,0.4590054750442505,1094.0107421875,681.2273559570312,2601.099853515625,1291.1131591796875
ID_wBzpKl.JPG,healthy,0.4369693398475647,26.62091636657715,2063.310546875,3264.0,2440.854248046875
ID_wBzpKl.JPG,healthy,0.3389139473438263,352.5321960449219,393.3478698730469,1854.8734130859375,941.8310546875
ID_P9mdIe.jpg,anthracnose,0.9243093132972717,6.868478298187256,0.0,4128.0,3096.0
ID_P9mdIe.jpg,anthracnose,0.5128899216651917,575.1259155273438,927.0603637695312,4120.23486328125,3090.9755859375
ID_cGKXRw.jpg,cssvd,0.49263203144073486,30.54583740234375,185.52743530273438,2913.6220703125,1941.8248291015625
ID_cGKXRw.jpg,healthy,0.29148563742637634,28.1549015045166,273.5671691894531,3150.93896484375,2280.361328125
ID_cGKXRw.jpg,healthy,0.2810682952404022,4.467324733734131,0.0,2056.65771484375,657.764404296875
ID_cGKXRw.jpg,cssvd,0.27398189902305603,9.004531860351562,0.0,2528.252197265625,618.5091552734375
ID_DWOFob.jpg,anthracnose,0.9044938683509827,378.3521423339844,21.36767578125,2036.080810546875,1475.451416015625
ID_DWOFob.jpg,anthracnose,0.503096878528595,8.90625,1128.9566650390625,2046.361328125,1531.592529296875
ID_DWOFob.jpg,anthracnose,0.41979244351387024,180.7138671875,932.4539184570312,2035.5205078125,1532.8414306640625
ID_uldgmr.jpg,healthy,0.7292798161506653,0.653094470500946,163.53561401367188,196.0343017578125,338.8608093261719
ID_uldgmr.jpg,healthy,0.710446834564209,15.926427841186523,31.00463104248047,374.5745544433594,233.1067352294922
ID_uldgmr.jpg,healthy,0.5237383842468262,230.17196655273438,227.5188446044922,398.965576171875,361.14300537109375
ID_uldgmr.jpg,healthy,0.5203865170478821,0.0,222.92535400390625,120.99366760253906,410.3476867675781
ID_rlaZur.jpeg,anthracnose,0.8619651794433594,13.86199951171875,202.35365295410156,4032.0,2055.843994140625
ID_onW3aY.jpg,healthy,0.9181700348854065,835.8571166992188,298.41131591796875,1026.47314453125,494.5654296875
ID_onW3aY.jpg,healthy,0.8466179966926575,211.31300354003906,664.8876342773438,430.26971435546875,810.0
ID_onW3aY.jpg,healthy,0.7636094689369202,538.3414306640625,329.20758056640625,832.44189453125,711.0426635742188
ID_onW3aY.jpg,healthy,0.32498759031295776,54.30373764038086,0.13219642639160156,1024.5478515625,351.373779296875
ID_EsG9PW.jpeg,anthracnose,0.8695552349090576,31.616125106811523,113.56687927246094,3933.64306640625,2199.146240234375
ID_EsG9PW.jpeg,anthracnose,0.47582677006721497,62.356117248535156,387.569580078125,3077.348876953125,2007.148193359375
ID_EsG9PW.jpeg,anthracnose,0.4430553615093231,10.481670379638672,0.482766717672348,4026.19775390625,604.5429077148438
ID_ewBCM4.jpg,2,1.0,,,,
ID_JQ2NT8.jpg,healthy,0.7396044731140137,0.0,1966.905029296875,3260.904052734375,2440.613525390625
ID_JQ2NT8.jpg,healthy,0.6553846597671509,0.0,532.5076904296875,3260.84912109375,1803.500244140625
ID_JQ2NT8.jpg,cssvd,0.27457523345947266,4.861871242523193,545.945068359375,3199.2763671875,1743.7235107421875
ID_JQ2NT8.jpg,healthy,0.2739618122577667,0.0,1980.5599365234375,2354.7705078125,2443.67138671875
ID_JQ2NT8.jpg,healthy,0.269026517868042,11.77071475982666,2107.783935546875,3246.05224609375,2441.43017578125
ID_R3h05n.jpg,anthracnose,0.8333541750907898,52.0440673828125,278.1710205078125,4101.07666015625,2461.017822265625
ID_R3h05n.jpg,anthracnose,0.6973259449005127,164.27264404296875,1396.6568603515625,4092.333984375,3091.126708984375
ID_R3h05n.jpg,anthracnose,0.5891553163528442,101.7611083984375,590.1663208007812,4113.208984375,3093.271484375
ID_R3h05n.jpg,anthracnose,0.5872107148170471,0.0,0.0,4128.0,834.9151611328125
ID_R3h05n.jpg,anthracnose,0.5193677544593811,153.4142608642578,1890.832275390625,4061.316650390625,3088.14306640625
ID_R3h05n.jpg,anthracnose,0.4072006642818451,382.08612060546875,607.1873779296875,4016.778564453125,2198.247802734375
ID_R3h05n.jpg,anthracnose,0.3194294571876526,0.0,8.823476791381836,4052.7802734375,1224.982666015625
ID_BaQafS.jpeg,healthy,0.8106020092964172,0.0,964.7276611328125,4032.0,3019.924072265625
ID_BaQafS.jpeg,healthy,0.6354494094848633,1630.4356689453125,0.0,4004.81640625,1311.24853515625
ID_BaQafS.jpeg,healthy,0.4328533411026001,2858.181884765625,1700.743408203125,4032.0,3024.0
ID_BaQafS.jpeg,healthy,0.27798429131507874,0.0,2193.238525390625,1138.0758056640625,3024.0
ID_tuijN0.jpg,healthy,0.7402449250221252,7.3834075927734375,1040.705322265625,2162.719970703125,2896.75146484375
ID_tuijN0.jpg,healthy,0.281121164560318,849.4469604492188,127.95183563232422,1586.6558837890625,600.1136474609375
ID_tuijN0.jpg,healthy,0.2609570324420929,0.0,2847.922119140625,1578.488525390625,4128.0
ID_ySwQ19.jpeg,anthracnose,0.8299302458763123,900.13671875,0.0,4019.096435546875,2392.567626953125
ID_ySwQ19.jpeg,anthracnose,0.642439067363739,945.0965576171875,0.0,3956.44873046875,1230.9130859375
ID_ySwQ19.jpeg,anthracnose,0.547299861907959,0.0,227.9575958251953,4032.0,2584.099853515625
ID_ySwQ19.jpeg,anthracnose,0.4772152900695801,140.38955688476562,685.2701416015625,4015.97216796875,2385.978271484375
ID_ySwQ19.jpeg,healthy,0.3218979835510254,0.0,2240.18359375,1917.816650390625,3024.0
ID_WDtwi8.JPG,cssvd,0.7912205457687378,1164.09423828125,0.0,2432.625732421875,890.109130859375
ID_WDtwi8.JPG,healthy,0.5245909094810486,0.0,1076.7430419921875,2332.92626953125,1674.2869873046875
ID_WDtwi8.JPG,healthy,0.43118542432785034,0.0,787.89892578125,2355.333740234375,1726.57080078125
ID_WDtwi8.JPG,anthracnose,0.3171733617782593,1573.82275390625,908.3473510742188,2448.0,2448.0
ID_LdUYMx.jpg,cssvd,0.49927571415901184,1297.628173828125,0.0,3081.835205078125,2435.150634765625
ID_LdUYMx.jpg,cssvd,0.4009304344654083,2774.8408203125,0.0,3264.0,2446.60595703125
ID_LdUYMx.jpg,cssvd,0.3110944628715515,2507.331787109375,0.0,3261.952392578125,2433.96142578125
ID_LdUYMx.jpg,cssvd,0.27206873893737793,1961.6025390625,0.0,3264.0,2432.4365234375
ID_cTHWwG.jpg,anthracnose,0.911972165107727,158.88046264648438,33.304100036621094,2048.0,1258.7122802734375
ID_cTHWwG.jpg,anthracnose,0.38095688819885254,73.0191421508789,4.920068264007568,2006.944580078125,294.52142333984375
ID_cTHWwG.jpg,anthracnose,0.28176218271255493,0.0,0.0,571.3009033203125,1536.0
ID_Oi6sQ7.jpg,cssvd,0.7269079685211182,0.0,258.7110595703125,3264.0,1745.1322021484375
ID_xGu1Jv.JPG,anthracnose,0.37674543261528015,868.580078125,2008.7467041015625,4028.025390625,3016.410888671875
ID_xGu1Jv.JPG,anthracnose,0.2814788222312927,1261.6005859375,0.0,2870.056884765625,949.873779296875
ID_FoiHnH.jpg,cssvd,0.4817356765270233,0.0,195.733154296875,840.2222900390625,1275.3712158203125
ID_bWrGAE.JPG,anthracnose,0.3222319185733795,641.9822387695312,479.1841735839844,2778.287109375,1948.628662109375
ID_bWrGAE.JPG,healthy,0.250394344329834,0.0,2465.025146484375,3842.303955078125,3017.44873046875
ID_xlz2aO.jpg,anthracnose,0.9181307554244995,419.00177001953125,184.78750610351562,2039.2318115234375,1276.3619384765625
ID_xlz2aO.jpg,anthracnose,0.4173244833946228,603.8961181640625,588.1024169921875,2026.927001953125,1478.7867431640625
ID_xlz2aO.jpg,anthracnose,0.2526486814022064,673.1463012695312,904.4439697265625,1972.3355712890625,1479.439208984375
ID_tSlG9I.jpg,anthracnose,0.8740670680999756,1.57049560546875,0.0,1078.43359375,566.5350952148438
ID_UUlIeC.jpeg,healthy,0.6953561902046204,0.992546021938324,0.0,860.8177490234375,2728.28564453125
ID_UUlIeC.jpeg,healthy,0.6251957416534424,931.0103759765625,133.65293884277344,3366.164794921875,2735.201416015625
ID_UUlIeC.jpeg,healthy,0.5813372135162354,3418.87353515625,0.0,4024.520263671875,1284.2967529296875
ID_UUlIeC.jpeg,healthy,0.48927098512649536,3561.7978515625,791.7470092773438,4032.0,1676.142578125
ID_UUlIeC.jpeg,healthy,0.4630890488624573,595.2447509765625,2312.894775390625,1992.3658447265625,3022.19580078125
ID_UUlIeC.jpeg,healthy,0.43285754323005676,1059.056640625,139.68357849121094,3339.975830078125,1898.462890625
ID_UUlIeC.jpeg,healthy,0.40162044763565063,280.2944641113281,1.457480549812317,1783.71533203125,516.0107421875
ID_nB9g92.jpg,cssvd,0.4009600281715393,1172.703857421875,0.591015636920929,2045.393310546875,589.7614135742188
ID_nB9g92.jpg,cssvd,0.30703431367874146,718.4395141601562,11.814160346984863,2048.0,1294.8846435546875
ID_wAVndk.jpeg,anthracnose,0.7190744876861572,660.6171264648438,5.773608207702637,3103.143310546875,1408.581787109375
ID_QcU601.jpg,cssvd,0.5696583986282349,0.0,681.5146484375,1280.0,957.890625
ID_QcU601.jpg,cssvd,0.27605417370796204,119.490234375,0.0,1261.421875,500.2080383300781
ID_IkNDOi.jpg,healthy,0.6672132611274719,13.419301986694336,42.31364440917969,344.2473449707031,310.09808349609375
ID_IkNDOi.jpg,healthy,0.6619111895561218,102.70978546142578,5.541563510894775,353.765869140625,128.2428436279297
ID_IkNDOi.jpg,healthy,0.5544396638870239,186.44244384765625,162.18357849121094,414.2402648925781,335.0614318847656
ID_IkNDOi.jpg,healthy,0.44205763936042786,15.949081420898438,46.27280807495117,337.00238037109375,239.09356689453125
ID_IkNDOi.jpg,healthy,0.4092564582824707,193.87852478027344,339.2977600097656,408.7635498046875,416.0
ID_IkNDOi.jpg,healthy,0.30334123969078064,146.13302612304688,7.6645073890686035,346.7083435058594,103.24801635742188
ID_b2RRNg.jpeg,anthracnose,0.4093891382217407,860.375244140625,0.0,3933.294677734375,3023.15380859375
ID_b2RRNg.jpeg,anthracnose,0.3858683407306671,829.213623046875,797.2102661132812,3644.1630859375,3010.3935546875
ID_MXBdgR.jpg,healthy,0.7782971858978271,1058.79541015625,169.79620361328125,2527.011474609375,1266.6566162109375
ID_MXBdgR.jpg,healthy,0.3581521809101105,548.507080078125,127.77944946289062,2683.1611328125,1276.614013671875
ID_MXBdgR.jpg,healthy,0.33615198731422424,0.0,0.0,1414.28662109375,716.2984619140625
ID_mY7Knk.jpg,healthy,0.5208338499069214,3.9842262268066406,690.3823852539062,1072.98291015625,808.4566650390625
ID_mY7Knk.jpg,cssvd,0.414876252412796,0.0,0.0,1080.0,520.7136840820312
ID_lwv8qe.JPG,healthy,0.8649230003356934,0.0,1643.6934814453125,905.0036010742188,2342.146240234375
ID_lwv8qe.JPG,healthy,0.7154026031494141,1471.395751953125,634.6777954101562,2837.63916015625,1665.599609375
ID_lwv8qe.JPG,healthy,0.46096140146255493,0.0,700.3899536132812,1529.01806640625,1825.7818603515625
ID_U4mJjc.JPG,healthy,0.8734420537948608,1435.99267578125,1004.661865234375,2414.28369140625,1709.4688720703125
ID_U4mJjc.JPG,healthy,0.6555140018463135,1012.806884765625,63.315608978271484,2282.08056640625,1163.4617919921875
ID_U4mJjc.JPG,healthy,0.654854953289032,999.5972900390625,56.57407760620117,1874.7191162109375,1183.0941162109375
ID_U4mJjc.JPG,healthy,0.5816177129745483,2243.006591796875,511.72930908203125,3263.370849609375,1424.394287109375
ID_U4mJjc.JPG,healthy,0.41417834162712097,0.0,663.6423950195312,1534.8802490234375,2244.180419921875
ID_U4mJjc.JPG,healthy,0.3295210301876068,2241.100341796875,127.55680847167969,3264.0,1434.8319091796875
ID_U4mJjc.JPG,healthy,0.321651428937912,1238.173095703125,1003.3208618164062,2433.807373046875,1554.5301513671875
ID_U4mJjc.JPG,healthy,0.30110448598861694,1296.0904541015625,0.0,3046.859619140625,309.79248046875
ID_U4mJjc.JPG,healthy,0.28136175870895386,2274.10400390625,30.226619720458984,3240.14697265625,890.4335327148438
ID_U4mJjc.JPG,healthy,0.25933539867401123,0.0,1220.365478515625,3264.0,2443.761962890625
ID_U4mJjc.JPG,healthy,0.25807762145996094,0.0,671.3983154296875,2359.305908203125,2221.443359375
ID_eQxB51.jpg,cssvd,0.6221218705177307,1.8636245727539062,0.0,1072.01708984375,532.7814331054688
ID_EcfejA.jpg,cssvd,0.5417041778564453,0.0,0.0,791.2767333984375,1062.0189208984375
ID_EcfejA.jpg,cssvd,0.2987222969532013,498.0380554199219,0.0,808.1481323242188,1065.973876953125
ID_EcfejA.jpg,healthy,0.28949493169784546,0.6483135223388672,70.67095947265625,806.5579223632812,1080.0
ID_abLPBK.jpg,healthy,0.813736617565155,554.698974609375,723.255859375,2125.0166015625,1447.822265625
ID_abLPBK.jpg,healthy,0.6391064524650574,2036.3343505859375,716.2440185546875,3248.738525390625,1466.8455810546875
ID_abLPBK.jpg,healthy,0.6008126139640808,968.6361694335938,382.561767578125,1892.3411865234375,771.5444946289062
ID_abLPBK.jpg,healthy,0.4658452570438385,63.5252571105957,1305.48388671875,1469.02783203125,1637.8865966796875
ID_abLPBK.jpg,healthy,0.44971930980682373,974.1959228515625,354.31365966796875,2510.00927734375,759.8597412109375
ID_abLPBK.jpg,healthy,0.27525317668914795,0.0,1609.1446533203125,792.5309448242188,2446.223876953125
ID_UP8Zp9.jpeg,healthy,0.7287441492080688,188.3399658203125,0.0,1214.02294921875,541.36279296875
ID_t8itH3.jpg,healthy,0.6522341966629028,0.0,235.44479370117188,1183.405517578125,957.497314453125
ID_t8itH3.jpg,cssvd,0.5350236892700195,0.0,288.243408203125,1184.1019287109375,955.1494140625
ID_t8itH3.jpg,healthy,0.34831517934799194,0.0,0.0,1261.33837890625,257.49267578125
ID_X9vG7x.jpg,cssvd,0.4768266975879669,223.73193359375,161.7178955078125,1274.23046875,593.0506591796875
ID_X9vG7x.jpg,cssvd,0.45498135685920715,0.0,170.66729736328125,336.05364990234375,571.4501342773438
ID_X9vG7x.jpg,healthy,0.38985157012939453,0.0,166.75225830078125,336.73492431640625,598.6393432617188
ID_X9vG7x.jpg,healthy,0.329355925321579,280.639404296875,0.0,743.2298583984375,161.9522247314453
ID_JQeL3x.jpeg,healthy,0.8839288949966431,402.7559814453125,14.107666015625,1250.68359375,574.9100341796875
ID_JQeL3x.jpeg,healthy,0.32389384508132935,1.3454666137695312,293.3665771484375,112.75830078125,562.6796264648438
ID_w7N6iO.jpg,anthracnose,0.7754640579223633,345.7803649902344,9.9305419921875,1267.7352294921875,713.4521484375
ID_w7N6iO.jpg,anthracnose,0.7498266696929932,702.4725341796875,386.2264404296875,1279.728271484375,959.35498046875
ID_w7N6iO.jpg,anthracnose,0.661253035068512,705.112060546875,558.2086181640625,1277.783203125,959.5389404296875
ID_w7N6iO.jpg,anthracnose,0.3937925696372986,681.7977294921875,44.4727783203125,1278.1063232421875,958.3118896484375
ID_w7N6iO.jpg,anthracnose,0.30824360251426697,486.4796142578125,21.91363525390625,1267.777099609375,888.9686279296875
ID_w7N6iO.jpg,anthracnose,0.294286847114563,0.0,57.6336669921875,440.8963317871094,781.582763671875
ID_TkQFgc.jpg,healthy,0.5410242676734924,0.0,619.56689453125,142.67568969726562,958.0
ID_TkQFgc.jpg,healthy,0.5185448527336121,512.8187255859375,240.67218017578125,1277.7637939453125,767.899169921875
ID_TkQFgc.jpg,healthy,0.516779363155365,480.8841552734375,379.32806396484375,1270.8604736328125,896.2037963867188
ID_TkQFgc.jpg,healthy,0.5143095254898071,272.67462158203125,460.4560546875,464.93060302734375,958.0
ID_TkQFgc.jpg,healthy,0.3794301152229309,0.0,382.33367919921875,188.47592163085938,954.8496704101562
ID_TkQFgc.jpg,healthy,0.33635619282722473,389.5435791015625,38.9129638671875,1277.92626953125,899.0126953125
ID_TkQFgc.jpg,healthy,0.3282967507839203,194.771484375,0.0,436.82568359375,152.32310485839844
ID_TkQFgc.jpg,healthy,0.30601006746292114,235.420654296875,454.6441650390625,509.77911376953125,956.8126220703125
ID_TkQFgc.jpg,healthy,0.2900499105453491,177.83270263671875,0.0,667.6799926757812,387.73150634765625
ID_TkQFgc.jpg,healthy,0.2596193253993988,0.0,618.0340576171875,173.461181640625,890.6676025390625
ID_rdRpPa.jpg,healthy,0.7549192905426025,2.867919921875,785.274169921875,1197.678955078125,957.91796875
ID_rdRpPa.jpg,healthy,0.46542659401893616,0.0,780.8668212890625,789.03125,958.1939697265625
ID_rdRpPa.jpg,healthy,0.2814525365829468,0.0,777.28662109375,413.7857666015625,959.550537109375
ID_rdRpPa.jpg,anthracnose,0.2763378620147705,0.0,0.0,1267.01513671875,771.635498046875
ID_LrMSIZ.jpg,anthracnose,0.39599454402923584,995.8092041015625,333.09521484375,1280.0,708.986572265625
ID_LrMSIZ.jpg,cssvd,0.3822927474975586,1015.2369384765625,277.8177490234375,1280.0,709.134521484375
ID_LrMSIZ.jpg,anthracnose,0.3153647780418396,2.7864990234375,275.27734375,1258.8331298828125,724.907958984375
ID_LrMSIZ.jpg,healthy,0.2838170826435089,8.419921875,793.434326171875,1181.6199951171875,959.598388671875
ID_Gbv0j3.jpg,anthracnose,0.3397058844566345,11.23193359375,208.7227783203125,1280.0,902.4110107421875
ID_TVonwa.jpg,anthracnose,0.8757516741752625,24.361133575439453,0.6553710699081421,2010.0452880859375,1193.308837890625
ID_TVonwa.jpg,anthracnose,0.32585471868515015,60.07793045043945,786.316650390625,924.732421875,1491.2916259765625
ID_TVonwa.jpg,anthracnose,0.3025882840156555,455.9068908691406,28.255859375,1567.9517822265625,1067.02734375
ID_TVcIQU.jpeg,anthracnose,0.8266842365264893,830.6275634765625,608.192626953125,2551.026611328125,3023.70361328125
ID_TVcIQU.jpeg,anthracnose,0.6622396111488342,928.1377563476562,1246.5692138671875,2481.4951171875,3014.44384765625
ID_TVcIQU.jpeg,anthracnose,0.5510432720184326,724.5370483398438,14.140393257141113,2608.90087890625,2838.950927734375
ID_TVcIQU.jpeg,healthy,0.34834930300712585,3.498220205307007,2404.7041015625,292.705078125,3001.23583984375
ID_TVcIQU.jpeg,healthy,0.3031819462776184,0.0,1422.26513671875,179.1361083984375,2173.865966796875
ID_TVcIQU.jpeg,anthracnose,0.2951171100139618,982.531982421875,1874.73876953125,2405.6513671875,3021.7880859375
ID_O3r16M.jpg,healthy,0.7568987607955933,418.9590148925781,2367.14501953125,2955.69873046875,3398.80224609375
ID_O3r16M.jpg,healthy,0.7432546615600586,0.0,0.0,1925.321533203125,2092.709716796875
ID_O3r16M.jpg,healthy,0.7430357933044434,444.0357971191406,752.679443359375,3017.298828125,2557.672119140625
ID_O3r16M.jpg,healthy,0.4956960082054138,0.0,2964.972900390625,1378.5802001953125,4032.0
ID_O3r16M.jpg,healthy,0.2902843952178955,0.0,3370.228515625,1334.6058349609375,4029.13134765625
ID_ddlMiZ.jpg,cssvd,0.37254607677459717,0.0,34.4342041015625,1280.0,811.5223999023438
ID_ddlMiZ.jpg,healthy,0.3472268581390381,0.0,0.0,1148.707763671875,190.2254180908203
ID_y5rsMY.jpg,anthracnose,0.44829216599464417,278.99420166015625,605.0255126953125,1028.1231689453125,808.7169799804688
ID_y5rsMY.jpg,cssvd,0.3503459095954895,6.1159515380859375,0.0,1080.0,447.81378173828125
ID_i2TnLh.jpg,anthracnose,0.5865426659584045,484.0284118652344,1475.4273681640625,2969.131591796875,2442.771484375
ID_i2TnLh.jpg,anthracnose,0.3724071979522705,671.917236328125,356.75518798828125,2788.396240234375,1462.7342529296875
ID_i2TnLh.jpg,cssvd,0.2772822678089142,650.0816040039062,358.2574157714844,2635.666748046875,1434.3270263671875
ID_i2TnLh.jpg,cssvd,0.25063440203666687,542.7896728515625,238.91812133789062,1479.5352783203125,889.2296142578125
ID_rduPKu.jpg,anthracnose,0.8059743642807007,550.6597900390625,356.48760986328125,2021.991455078125,1093.3428955078125
ID_rduPKu.jpg,anthracnose,0.3443211615085602,540.2970581054688,634.0675659179688,2023.6441650390625,1143.152587890625
ID_rduPKu.jpg,anthracnose,0.2738303244113922,595.6716918945312,645.4055786132812,2033.7476806640625,1432.2735595703125
ID_v6mMNG.jpg,cssvd,0.4954254925251007,3.8959715366363525,471.7823791503906,3083.434814453125,1753.6168212890625
ID_v6mMNG.jpg,anthracnose,0.304874449968338,15.917577743530273,1410.9400634765625,3199.0458984375,2448.0
ID_dt3E5p.jpg,anthracnose,0.9378535151481628,148.09024047851562,272.22857666015625,2043.5054931640625,1389.049560546875
ID_E9zHw7.jpg,healthy,0.7428140640258789,10.834139823913574,93.4122543334961,354.7861022949219,279.6385192871094
ID_E9zHw7.jpg,healthy,0.7355961799621582,0.0,10.748476028442383,82.11676788330078,76.43952941894531
ID_E9zHw7.jpg,healthy,0.5744260549545288,0.0,255.0731964111328,153.9869842529297,415.6666564941406
ID_E9zHw7.jpg,healthy,0.3634064793586731,50.051944732666016,0.3170455992221832,241.7204132080078,160.0523681640625
ID_E9zHw7.jpg,healthy,0.3392079174518585,0.0,67.09294128417969,87.29420471191406,188.2270050048828
ID_E9zHw7.jpg,healthy,0.2846279442310333,0.0,267.3941955566406,219.09597778320312,416.0
ID_E9zHw7.jpg,healthy,0.2523465156555176,125.07144165039062,0.0,389.9676513671875,78.5003890991211
ID_WhVb38.jpg,healthy,0.656761884689331,819.3961791992188,3.1270339488983154,1391.83056640625,659.0414428710938
ID_WhVb38.jpg,healthy,0.6415599584579468,685.6315307617188,103.93335723876953,3258.231201171875,1192.6339111328125
ID_WhVb38.jpg,cssvd,0.5315590500831604,1921.5799560546875,230.5795135498047,3264.0,2421.02783203125
ID_WhVb38.jpg,healthy,0.46411842107772827,899.7152099609375,1904.9217529296875,2416.59228515625,2448.0
ID_WhVb38.jpg,healthy,0.41296687722206116,946.648681640625,1033.0609130859375,1832.9285888671875,1626.2774658203125
ID_WhVb38.jpg,healthy,0.3949718475341797,918.972900390625,1827.9322509765625,2195.310546875,2402.064453125
ID_WhVb38.jpg,cssvd,0.3839288055896759,0.0,2026.0167236328125,509.67095947265625,2448.0
ID_WhVb38.jpg,cssvd,0.34668225049972534,0.0,2139.69189453125,589.3749389648438,2448.0
ID_WhVb38.jpg,healthy,0.2550995945930481,258.1545715332031,0.0,569.792724609375,296.3449401855469
ID_RjjcEf.jpeg,anthracnose,0.8933007121086121,0.0,2.053729295730591,4032.0,2593.85107421875
ID_zZzDQd.jpg,anthracnose,0.9280158281326294,411.1891174316406,150.9953155517578,2044.130126953125,1377.9810791015625
ID_zZzDQd.jpg,anthracnose,0.529728353023529,413.38629150390625,524.668212890625,2036.0894775390625,1414.8267822265625
ID_zZzDQd.jpg,anthracnose,0.37261903285980225,405.3759765625,1017.68798828125,2037.59375,1532.6221923828125
ID_zZzDQd.jpg,anthracnose,0.25857383012771606,375.84002685546875,693.1683349609375,2038.0712890625,1535.4652099609375
ID_Fa4Q6u.jpg,healthy,0.7859162092208862,767.6431884765625,97.6527328491211,1914.409423828125,715.0867919921875
ID_Fa4Q6u.jpg,healthy,0.6472695469856262,688.6929931640625,509.2110290527344,1816.4898681640625,1356.3555908203125
ID_Fa4Q6u.jpg,cssvd,0.29449087381362915,0.0,462.87640380859375,672.0540161132812,1203.8037109375
ID_Fa4Q6u.jpg,healthy,0.2519494295120239,169.7644500732422,513.51171875,1897.444091796875,1401.926025390625
ID_yZYd0h.jpg,cssvd,0.4825464189052582,149.921142578125,2.35003662109375,1280.0,743.8802490234375
ID_yZYd0h.jpg,healthy,0.2829577624797821,1175.809814453125,629.48046875,1280.0,955.406982421875
ID_IUVTcM.jpeg,healthy,0.7302402257919312,625.54052734375,43.50547790527344,4000.0,1284.6888427734375
ID_IUVTcM.jpeg,healthy,0.38374197483062744,422.6764831542969,1241.3275146484375,3829.082275390625,1793.5576171875
ID_IUVTcM.jpeg,healthy,0.38106685876846313,0.0,487.99176025390625,1042.6998291015625,1799.985107421875
ID_yze4gA.jpg,cssvd,0.5182397961616516,2031.453125,0.0,3264.0,529.119140625
ID_yze4gA.jpg,cssvd,0.41228005290031433,847.1559448242188,1565.208740234375,3255.021484375,2442.16943359375
ID_xRuM49.jpg,healthy,0.5054366588592529,0.0,0.0,1090.11083984375,278.555908203125
ID_xRuM49.jpg,healthy,0.46544286608695984,130.0330810546875,0.484619140625,1221.9658203125,850.90673828125
ID_xRuM49.jpg,healthy,0.4627791941165924,0.0,0.0,810.0864868164062,318.54315185546875
ID_xRuM49.jpg,healthy,0.35346361994743347,0.0,195.6990966796875,593.37939453125,490.77020263671875
ID_xRuM49.jpg,healthy,0.3489528000354767,85.3721923828125,583.6319580078125,1261.4652099609375,960.0
ID_xRuM49.jpg,healthy,0.3374994993209839,125.47366333007812,584.2235107421875,939.117431640625,960.0
ID_xRuM49.jpg,healthy,0.2662767171859741,0.0,0.0,1163.464599609375,202.11965942382812
ID_PAeN73.jpg,cssvd,0.7052546143531799,0.9627113342285156,170.27487182617188,810.0,1073.0980224609375
ID_PAeN73.jpg,cssvd,0.41314437985420227,677.32373046875,15.075645446777344,809.7694091796875,1079.8309326171875
ID_Mk7gjf.jpg,healthy,0.619218647480011,0.0,469.695556640625,3187.49072265625,1967.53076171875
ID_Mk7gjf.jpg,cssvd,0.5678645372390747,0.0,501.1576232910156,3179.237548828125,1975.9642333984375
ID_Mk7gjf.jpg,cssvd,0.42915645241737366,14.448028564453125,1575.435546875,3176.9287109375,2445.6572265625
ID_Mk7gjf.jpg,healthy,0.39025527238845825,0.0,1605.6741943359375,3264.0,2445.822021484375
ID_Mk7gjf.jpg,healthy,0.2968049943447113,3061.07421875,979.0731201171875,3264.0,1926.3399658203125
ID_AVXfJI.jpg,2,1.0,,,,
ID_nu8inE.jpg,cssvd,0.5681395530700684,14.219741821289062,0.47826576232910156,1068.4599609375,559.7093505859375
ID_nu8inE.jpg,anthracnose,0.4684985876083374,385.15899658203125,540.0552978515625,983.5136108398438,809.6612548828125
ID_nu8inE.jpg,anthracnose,0.303750604391098,390.53485107421875,546.4722290039062,799.032958984375,809.8741455078125
ID_NaZ0w7.jpeg,healthy,0.6757158041000366,0.0,261.11810302734375,1280.0,576.0
ID_NaZ0w7.jpeg,healthy,0.628145158290863,0.0,0.0,1277.9117431640625,230.23025512695312
ID_NaZ0w7.jpeg,healthy,0.3902491629123688,0.0,235.79754638671875,441.04168701171875,343.76031494140625
ID_l7Rbyv.jpeg,anthracnose,0.856582522392273,555.2978515625,2.5578367710113525,4023.05908203125,2130.348876953125
ID_l7Rbyv.jpeg,anthracnose,0.37356996536254883,0.0,0.0,4032.0,2594.348876953125
ID_TDtaFB.jpg,healthy,0.9655630588531494,1753.765869140625,856.9246826171875,2443.8603515625,1545.31689453125
ID_TDtaFB.jpg,healthy,0.8367016911506653,1664.818115234375,0.0,2448.0,720.0979614257812
ID_TDtaFB.jpg,healthy,0.7446361780166626,0.0,1374.530029296875,1702.420654296875,2791.862060546875
ID_TDtaFB.jpg,healthy,0.720646858215332,1579.3560791015625,1431.7843017578125,2153.16748046875,2034.177978515625
ID_TDtaFB.jpg,healthy,0.6827452778816223,496.3937072753906,1413.042724609375,1696.250244140625,2791.154541015625
ID_AWsPwc.jpg,healthy,0.6745386123657227,0.0,545.3128662109375,3217.08203125,1835.539794921875
ID_AWsPwc.jpg,healthy,0.43706145882606506,524.6599731445312,569.1328125,2668.914794921875,1791.6461181640625
ID_AWsPwc.jpg,healthy,0.3862845003604889,0.0,1677.9920654296875,922.2190551757812,2409.2412109375
ID_AWsPwc.jpg,healthy,0.31243500113487244,0.0,1835.7618408203125,1143.732421875,2447.693359375
ID_AWsPwc.jpg,healthy,0.29925501346588135,0.0,84.27217864990234,3130.1640625,1914.5267333984375
ID_TFsB9a.jpeg,healthy,0.9212685227394104,0.0,61.01702117919922,4032.0,2165.906005859375
ID_TFsB9a.jpeg,healthy,0.509684145450592,0.0,1263.0648193359375,1631.5484619140625,2891.287109375
ID_TFsB9a.jpeg,healthy,0.4979115128517151,0.0,2255.896484375,1703.8763427734375,3024.0
ID_TFsB9a.jpeg,healthy,0.45094403624534607,0.0,0.0,3901.09423828125,405.836181640625
ID_TFsB9a.jpeg,healthy,0.3469219207763672,0.0,2443.1328125,2094.385009765625,3018.90380859375
ID_TFsB9a.jpeg,healthy,0.32473284006118774,2.1371703147888184,0.0,3528.03369140625,601.432373046875
ID_TFsB9a.jpeg,healthy,0.3189472258090973,0.0,0.0,2600.208740234375,659.0223388671875
ID_TFsB9a.jpeg,healthy,0.31301429867744446,0.0,4.151485919952393,1382.6981201171875,746.9285278320312
ID_TFsB9a.jpeg,healthy,0.2765403687953949,0.0,400.93438720703125,1690.1973876953125,2896.713623046875
ID_Fk76ZX.jpeg,anthracnose,0.5807927250862122,137.4805908203125,193.9810791015625,1021.7596435546875,613.411376953125
ID_Fk76ZX.jpeg,anthracnose,0.3849695324897766,0.0,451.16015625,597.1781616210938,948.740478515625
ID_Fk76ZX.jpeg,anthracnose,0.34248799085617065,7.714599609375,585.5836181640625,573.5858154296875,868.9715576171875
ID_tCXIxT.jpeg,cssvd,0.7995991706848145,3.898663282394409,926.5152587890625,3024.0,3689.226318359375
ID_tCXIxT.jpeg,healthy,0.6915171146392822,0.0,0.0,510.4328308105469,999.8496704101562
ID_tCXIxT.jpeg,healthy,0.648108959197998,298.3048400878906,0.0,2129.07666015625,985.8438110351562
ID_tCXIxT.jpeg,healthy,0.5968855023384094,935.9692993164062,0.0,2132.2421875,939.9529418945312
ID_tCXIxT.jpeg,healthy,0.5829919576644897,2563.29443359375,3237.41845703125,3024.0,3967.86328125
ID_tCXIxT.jpeg,healthy,0.44154053926467896,1626.5904541015625,2.442720651626587,2655.952880859375,530.8943481445312
ID_tCXIxT.jpeg,healthy,0.36371147632598877,1153.0869140625,0.0,2375.245361328125,943.825927734375
ID_N1yqEo.jpg,anthracnose,0.7940695881843567,334.1667175292969,277.0972595214844,3096.0,4124.9609375
ID_N1yqEo.jpg,anthracnose,0.541946530342102,0.0,1596.2152099609375,3096.0,4107.626953125
ID_N1yqEo.jpg,anthracnose,0.4758783280849457,1937.8001708984375,0.0,3090.31494140625,4128.0
ID_N1yqEo.jpg,anthracnose,0.3971918523311615,2553.306396484375,0.0,3093.07421875,4092.84228515625
ID_N1yqEo.jpg,anthracnose,0.3674750328063965,1474.314697265625,80.24864196777344,3095.609130859375,4128.0
ID_erqIoE.jpg,anthracnose,0.8927693367004395,617.3312377929688,153.1091766357422,2042.9176025390625,1202.758544921875
ID_erqIoE.jpg,anthracnose,0.27578338980674744,556.0399169921875,1154.4830322265625,1831.000732421875,1479.6907958984375
ID_XUxHSs.jpg,healthy,0.6717768907546997,0.0,0.0,1268.534912109375,219.4690399169922
ID_XUxHSs.jpg,healthy,0.43561896681785583,0.0,346.4066467285156,1280.0,960.0
ID_XUxHSs.jpg,healthy,0.32073521614074707,0.0,210.77508544921875,1280.0,741.1709594726562
ID_XUxHSs.jpg,healthy,0.2671472430229187,0.0,1.602996826171875,1243.7958984375,310.638427734375
ID_wP5rv5.jpeg,anthracnose,0.7692629098892212,13.878533363342285,590.3373413085938,2788.628173828125,3601.9052734375
ID_wP5rv5.jpeg,anthracnose,0.4634423553943634,450.2579040527344,188.0181121826172,3021.529052734375,2408.8408203125
ID_wP5rv5.jpeg,anthracnose,0.4254905879497528,0.0,1587.7886962890625,2855.797119140625,3730.292724609375
ID_wP5rv5.jpeg,anthracnose,0.30255553126335144,0.0,2081.613037109375,3024.0,4030.85888671875
ID_Yp9GTH.jpg,healthy,0.652754545211792,423.16046142578125,1439.793701171875,1641.646728515625,3365.60498046875
ID_yqdRp3.jpg,cssvd,0.7082905769348145,0.0,0.0,1280.0,902.476318359375
ID_toOsZ9.jpg,healthy,0.4612886607646942,1339.7257080078125,1133.875244140625,4083.1689453125,2094.50244140625
ID_toOsZ9.jpg,anthracnose,0.29454994201660156,2094.2607421875,2299.989990234375,3905.112548828125,3094.281494140625
ID_toOsZ9.jpg,anthracnose,0.28035029768943787,0.0,52.665584564208984,1053.2020263671875,1395.55029296875
ID_PtAIIA.jpeg,anthracnose,0.6810576319694519,0.0,83.0331802368164,4032.0,2740.8564453125
ID_PtAIIA.jpeg,anthracnose,0.5445458292961121,0.0,1038.880859375,4032.0,2763.94384765625
ID_PtAIIA.jpeg,anthracnose,0.26397037506103516,0.0,1670.9605712890625,4032.0,2737.732421875
ID_LeHkk9.jpg,anthracnose,0.932418167591095,262.25341796875,9.96533203125,1277.91064453125,698.5963134765625
ID_LeHkk9.jpg,anthracnose,0.3620293140411377,369.18603515625,0.0,1266.547119140625,120.6984634399414
ID_LeHkk9.jpg,anthracnose,0.3364655375480652,120.2537841796875,536.1090087890625,1280.0,958.8978271484375
ID_LeHkk9.jpg,anthracnose,0.3338201642036438,163.361083984375,660.248046875,1278.439453125,957.173828125
ID_LeHkk9.jpg,anthracnose,0.28751006722450256,277.0174560546875,210.988037109375,1279.6051025390625,698.2603759765625
ID_q23bLN.jpg,anthracnose,0.9042713642120361,38.576171875,0.0,2046.736328125,1194.343505859375
ID_q23bLN.jpg,anthracnose,0.37139692902565,413.1050720214844,18.5205078125,2026.30078125,989.6824340820312
ID_Ngls3X.jpg,healthy,0.6533620357513428,1790.8544921875,1515.7197265625,2982.33056640625,2442.689453125
ID_Ngls3X.jpg,healthy,0.6434827446937561,1801.52294921875,2002.1285400390625,3251.42431640625,2448.0
ID_Ngls3X.jpg,cssvd,0.4770163893699646,1726.72314453125,0.0,2870.9130859375,859.4558715820312
ID_Ngls3X.jpg,healthy,0.3803553283214569,262.034912109375,685.0481567382812,3234.625244140625,2076.134765625
ID_Ngls3X.jpg,healthy,0.3305943012237549,1730.40283203125,0.0,2848.58154296875,878.3141479492188
ID_jxQ6gJ.jpeg,healthy,0.7900521755218506,337.74566650390625,187.25071716308594,3995.11279296875,1800.0
ID_jxQ6gJ.jpeg,healthy,0.39476466178894043,185.09597778320312,0.0,4000.0,349.7130126953125
ID_jxQ6gJ.jpeg,healthy,0.27111002802848816,0.0,850.8656005859375,1249.768798828125,1573.0389404296875
ID_PTbJZD.jpg,anthracnose,0.5955347418785095,863.748291015625,28.6162166595459,2508.091796875,1854.751708984375
ID_PTbJZD.jpg,anthracnose,0.2993607521057129,177.50421142578125,0.0,1709.551513671875,2366.5634765625
ID_mSGps9.jpeg,anthracnose,0.7827375531196594,1469.943603515625,559.0921630859375,3967.47900390625,1645.2723388671875
ID_sIIix8.jpg,cssvd,0.5418605208396912,43.27391052246094,1.8946008682250977,1078.804443359375,379.72283935546875
ID_sIIix8.jpg,cssvd,0.5220053791999817,0.5213699340820312,379.82366943359375,1080.0,810.0
ID_D57TlR.jpeg,healthy,0.4504460394382477,388.8746337890625,207.1968994140625,3956.661376953125,2253.732421875
ID_D57TlR.jpeg,healthy,0.40254855155944824,19.155128479003906,2298.51953125,3028.39697265625,3013.859375
ID_D57TlR.jpeg,anthracnose,0.2567928731441498,48.06364440917969,164.24835205078125,3994.6328125,2572.298583984375
ID_WYxe7D.jpeg,cssvd,0.6898705363273621,1322.9991455078125,0.0,3039.86474609375,3013.97998046875
ID_WYxe7D.jpeg,healthy,0.5532877445220947,3097.2548828125,1755.8115234375,3536.347900390625,2454.048828125
ID_WYxe7D.jpeg,healthy,0.48792991042137146,3363.039794921875,318.028564453125,3993.344970703125,1059.62109375
ID_WYxe7D.jpeg,healthy,0.2519599497318268,3654.941162109375,1330.33349609375,4030.887939453125,1781.3929443359375
ID_zYKCq8.jpg,anthracnose,0.855414628982544,312.0419921875,20.18634033203125,1274.707275390625,860.3412475585938
ID_zYKCq8.jpg,anthracnose,0.5421901941299438,564.61669921875,4.431640625,1271.496826171875,906.914794921875
ID_zYKCq8.jpg,anthracnose,0.5094668865203857,605.93408203125,0.57281494140625,1269.5738525390625,273.070556640625
ID_R6trN8.jpeg,anthracnose,0.3452150225639343,353.7328186035156,0.06781005859375,873.5567626953125,293.72564697265625
ID_R6trN8.jpeg,anthracnose,0.2921375036239624,0.0,1.71490478515625,934.0887451171875,342.6719970703125
ID_vkidYy.jpeg,anthracnose,0.8622974157333374,3.141732931137085,1249.4539794921875,2921.628173828125,2278.069580078125
ID_vkidYy.jpeg,healthy,0.267051637172699,3.7116477489471436,795.77880859375,271.97491455078125,1469.4844970703125
ID_EljkV9.jpg,anthracnose,0.8352523446083069,126.1405029296875,178.632568359375,1277.2196044921875,818.648193359375
ID_E7haV4.jpeg,healthy,0.6875429749488831,1400.2252197265625,235.5095977783203,2775.3349609375,2172.489501953125
ID_RO5ieN.jpg,healthy,0.4234252870082855,897.9226684570312,1723.236328125,4109.08984375,3091.79052734375
ID_RO5ieN.jpg,anthracnose,0.3739183843135834,1677.51806640625,43.32707977294922,4100.19482421875,2437.658203125
ID_zkdTGk.jpg,anthracnose,0.3915812075138092,329.3232116699219,755.8116455078125,2814.364501953125,1798.3326416015625
ID_zkdTGk.jpg,healthy,0.32803961634635925,0.0,284.784912109375,1717.9803466796875,1272.7100830078125
ID_zkdTGk.jpg,cssvd,0.30582019686698914,2.8146650791168213,1784.6075439453125,603.5624389648438,2448.0
ID_zkdTGk.jpg,healthy,0.3024175763130188,536.0020751953125,1382.70166015625,2454.317626953125,2117.713623046875
ID_zkdTGk.jpg,healthy,0.2635328471660614,1413.656494140625,252.71536254882812,2934.4619140625,966.696044921875
ID_ZR2coE.jpg,healthy,0.7319074273109436,9.289754867553711,23.623952865600586,411.90277099609375,256.1336669921875
ID_ZR2coE.jpg,healthy,0.5086953043937683,175.87359619140625,285.2826232910156,230.10948181152344,359.7867736816406
ID_VzT72C.jpeg,cssvd,0.5695055723190308,265.91448974609375,133.3094482421875,3014.756591796875,2449.726806640625
ID_QcvY64.jpeg,anthracnose,0.9045968651771545,115.06689453125,0.0,4019.81787109375,2335.094970703125
ID_QcvY64.jpeg,healthy,0.29948878288269043,1.0962706804275513,1700.5831298828125,1856.9107666015625,2864.841552734375
ID_QcvY64.jpeg,anthracnose,0.2902929186820984,430.0318908691406,51.97807312011719,3974.3701171875,1862.51318359375
ID_xQH3S6.jpeg,healthy,0.8863502740859985,1528.170654296875,163.97572326660156,4023.10595703125,2408.1103515625
ID_xQH3S6.jpeg,healthy,0.7744392156600952,626.0983276367188,468.66650390625,1515.5289306640625,2395.4306640625
ID_xQH3S6.jpeg,healthy,0.6488345265388489,1478.7474365234375,193.52349853515625,2652.542236328125,3001.369384765625
ID_xQH3S6.jpeg,healthy,0.4187772274017334,1079.523681640625,0.0,3867.288818359375,595.3692016601562
ID_xQH3S6.jpeg,healthy,0.4157998859882355,0.0,628.8796997070312,651.0628662109375,1742.9862060546875
ID_xQH3S6.jpeg,healthy,0.2626652717590332,629.6110229492188,972.250244140625,1426.4112548828125,2400.364501953125
ID_dizWLx.jpg,cssvd,0.44711801409721375,518.8280639648438,36.247657775878906,1263.305419921875,985.7267456054688
ID_EQ9YWy.jpg,healthy,0.786735475063324,74.14299011230469,734.15966796875,3264.0,1760.685302734375
ID_EQ9YWy.jpg,healthy,0.41285383701324463,728.5775146484375,1713.258056640625,1773.6634521484375,2445.9111328125
ID_EQ9YWy.jpg,healthy,0.374127060174942,0.0,0.3269599974155426,1169.015869140625,404.8576354980469
ID_EQ9YWy.jpg,cssvd,0.25379517674446106,230.3057861328125,0.0,1402.347900390625,958.9296264648438
ID_NIl2vH.jpeg,healthy,0.5382142066955566,182.81494140625,6.294830322265625,1268.099365234375,498.44305419921875
ID_AZMNHM.jpeg,healthy,0.7411803603172302,0.0,223.0126495361328,4032.0,2363.56689453125
ID_AZMNHM.jpeg,cssvd,0.5996174812316895,0.0,156.41160583496094,4032.0,2372.361572265625
ID_u9M7lL.jpeg,healthy,0.8400471210479736,50.59687423706055,0.884783923625946,4032.0,1207.0888671875
ID_u9M7lL.jpeg,healthy,0.6744576096534729,0.0,669.4467163085938,4032.0,2233.888671875
ID_u9M7lL.jpeg,healthy,0.6385937929153442,0.0,0.0,1243.349365234375,807.766357421875
ID_u9M7lL.jpeg,healthy,0.514641284942627,0.0,1132.4918212890625,3950.094482421875,2290.4501953125
ID_u9M7lL.jpeg,healthy,0.4873862862586975,18.992477416992188,2362.249755859375,2394.734375,3022.4443359375
ID_u9M7lL.jpeg,healthy,0.37793877720832825,21.79871368408203,1964.749755859375,2440.090087890625,3024.0
ID_u9M7lL.jpeg,healthy,0.338168740272522,0.0,0.0,4016.75439453125,1604.6510009765625
ID_u9M7lL.jpeg,healthy,0.26189494132995605,0.0,0.07945174723863602,1605.7139892578125,707.8804931640625
ID_SyT2xj.jpg,anthracnose,0.8855329751968384,0.0,777.0398559570312,4128.0,3096.0
ID_SyT2xj.jpg,anthracnose,0.6822723746299744,12.042572021484375,2042.5948486328125,4122.953125,3089.11865234375
ID_SyT2xj.jpg,anthracnose,0.4858390688896179,0.0,1.5643730163574219,4126.82666015625,810.4862670898438
ID_SyT2xj.jpg,anthracnose,0.37362682819366455,34.70654296875,2349.2353515625,4128.0,3095.01416015625
ID_SyT2xj.jpg,anthracnose,0.30306896567344666,14.340463638305664,5.055203437805176,4128.0,1305.6370849609375
ID_SyT2xj.jpg,anthracnose,0.25045472383499146,497.74639892578125,1600.9957275390625,4117.25390625,3089.469970703125
ID_YOPMwb.jpg,healthy,0.5614341497421265,42.83700942993164,485.8196716308594,3264.0,1836.3377685546875
ID_YOPMwb.jpg,cssvd,0.40881916880607605,874.3853759765625,0.0,1723.3858642578125,543.4702758789062
ID_YOPMwb.jpg,healthy,0.4079715311527252,38.12206268310547,951.9039306640625,3259.0068359375,2150.366943359375
ID_YOPMwb.jpg,healthy,0.3672359585762024,32.3985710144043,1468.6702880859375,3264.0,2131.3828125
ID_YOPMwb.jpg,anthracnose,0.33021557331085205,140.70010375976562,528.2350463867188,3235.71142578125,1813.765869140625
ID_YOPMwb.jpg,cssvd,0.31361067295074463,65.13021087646484,530.7747802734375,3264.0,1851.4793701171875
ID_MKDqil.jpg,cssvd,0.7074172496795654,3.1431541442871094,201.33726501464844,808.880859375,1012.7224731445312
ID_vdGXxv.jpg,healthy,0.7728843092918396,702.3624877929688,355.2969665527344,1428.615966796875,949.2901611328125
ID_vdGXxv.jpg,healthy,0.3912367522716522,1.817163109779358,81.2571029663086,276.3423156738281,298.5140380859375
ID_z3a4Pz.jpg,anthracnose,0.9170010089874268,56.459373474121094,11.581738471984863,2005.499267578125,1519.3890380859375
ID_z3a4Pz.jpg,anthracnose,0.25290897488594055,995.5426025390625,0.3199218809604645,1987.5133056640625,1449.783447265625
ID_EGzXyJ.jpg,anthracnose,0.89130699634552,67.3751220703125,57.8681640625,1272.1312255859375,722.67626953125
ID_EGzXyJ.jpg,anthracnose,0.6784786581993103,57.390380859375,603.7548828125,1263.5540771484375,957.477783203125
ID_EGzXyJ.jpg,anthracnose,0.30871304869651794,74.9970703125,407.6611328125,1249.9150390625,959.584228515625
ID_xUaz1f.jpg,healthy,0.2633853852748871,0.0,659.9132080078125,1072.8736572265625,808.3895263671875
ID_oBo2uW.jpeg,healthy,0.7761747241020203,0.0,88.65719604492188,3556.07080078125,1622.4046630859375
ID_oBo2uW.jpeg,healthy,0.5747272968292236,0.0,1596.190185546875,992.996337890625,2189.1630859375
ID_oBo2uW.jpeg,healthy,0.5191762447357178,0.0,1816.84814453125,1648.6146240234375,3021.944580078125
ID_loMvz3.jpeg,healthy,0.862150251865387,335.5534362792969,316.98028564453125,756.408447265625,1046.4332275390625
ID_loMvz3.jpeg,healthy,0.832145631313324,0.0,963.68408203125,3024.0,2948.593017578125
ID_loMvz3.jpeg,healthy,0.5405550599098206,7.298986434936523,1796.5443115234375,3018.900390625,3591.22509765625
ID_loMvz3.jpeg,healthy,0.3862455487251282,30.591951370239258,3402.915771484375,2855.407958984375,4027.710205078125
ID_loMvz3.jpeg,healthy,0.36897456645965576,23.962993621826172,844.7144775390625,1369.6114501953125,1956.37451171875
ID_loMvz3.jpeg,healthy,0.35553354024887085,0.0,3014.18798828125,2901.458984375,4031.940673828125
ID_loMvz3.jpeg,healthy,0.35401034355163574,0.0,2870.640380859375,894.5421142578125,3508.09716796875
ID_KCP4Sw.jpg,cssvd,0.7116582989692688,33.2036018371582,24.431259155273438,1078.0054931640625,567.759521484375
ID_LADJTN.jpeg,anthracnose,0.5454851388931274,1447.17041015625,8.518112182617188,3024.0,2329.194580078125
ID_LADJTN.jpeg,anthracnose,0.4768580198287964,90.44522094726562,1051.982177734375,2735.16796875,4001.593505859375
ID_LADJTN.jpeg,anthracnose,0.2897227704524994,0.0,0.0,2563.139404296875,3670.669921875
ID_LADJTN.jpeg,anthracnose,0.2619495093822479,579.077392578125,1697.694580078125,2652.142578125,4016.6259765625
ID_LADJTN.jpeg,cssvd,0.26074880361557007,0.0,329.89556884765625,2720.883056640625,4032.0
ID_Ymp9xT.jpg,anthracnose,0.39607688784599304,228.85000610351562,13.807031631469727,1403.633056640625,1396.923095703125
ID_Ymp9xT.jpg,cssvd,0.26769179105758667,444.4642639160156,7.684374809265137,1379.6060791015625,1058.3544921875
ID_Ymp9xT.jpg,anthracnose,0.2606621980667114,415.6376037597656,93.4111328125,1368.293701171875,1140.493408203125
ID_jV4fto.jpg,healthy,0.6649549007415771,0.0,147.68304443359375,1280.0,814.3610229492188
ID_jV4fto.jpg,healthy,0.6176105737686157,0.0,0.7198944091796875,803.218017578125,186.41416931152344
ID_jV4fto.jpg,healthy,0.5697298049926758,0.0455322265625,0.1035308837890625,1186.6917724609375,186.9147186279297
ID_jV4fto.jpg,healthy,0.4883965253829956,0.0,767.9361572265625,1280.0,959.8985595703125
ID_jV4fto.jpg,healthy,0.2516731917858124,0.0,667.2799072265625,1280.0,960.0
ID_fWXNNI.jpg,anthracnose,0.541965126991272,786.8919677734375,2008.771240234375,3191.54345703125,2444.385986328125
ID_fWXNNI.jpg,anthracnose,0.4358605444431305,0.0,0.0,1373.3001708984375,2434.374755859375
ID_fWXNNI.jpg,anthracnose,0.2782255709171295,1218.2967529296875,1090.6429443359375,3191.826171875,2244.979248046875
ID_NOFmdO.jpg,anthracnose,0.9385772347450256,31.616405487060547,188.03036499023438,2037.0191650390625,1383.7989501953125
ID_NOFmdO.jpg,anthracnose,0.5864080190658569,441.31463623046875,1201.71435546875,1988.5863037109375,1532.2518310546875
ID_NOFmdO.jpg,anthracnose,0.49636709690093994,421.678466796875,238.05810546875,2019.3375244140625,1274.296875
ID_NOFmdO.jpg,anthracnose,0.3153291344642639,334.9400329589844,873.1812744140625,1992.859375,1536.0
ID_NOFmdO.jpg,anthracnose,0.2782028317451477,200.64102172851562,629.5089721679688,1999.2620849609375,1412.940673828125
ID_NOFmdO.jpg,anthracnose,0.27178606390953064,552.9470825195312,1293.9072265625,1984.9847412109375,1532.9404296875
ID_dPWfDI.JPG,healthy,0.48520132899284363,1121.359130859375,1174.998291015625,1542.808837890625,1487.9180908203125
ID_dPWfDI.JPG,healthy,0.3080107569694519,2.904702663421631,719.3876342773438,518.22119140625,1289.0059814453125
ID_dPWfDI.JPG,healthy,0.2916047275066376,22.257715225219727,850.1256713867188,1272.73828125,1321.38818359375
ID_dPWfDI.JPG,healthy,0.2738267481327057,2525.979248046875,0.0,2766.70068359375,393.17926025390625
ID_TTSL8r.JPG,healthy,0.6721871495246887,0.0,177.20787048339844,3086.369873046875,1867.2723388671875
ID_TTSL8r.JPG,anthracnose,0.46238136291503906,0.0,0.0,3264.0,627.195556640625
ID_TTSL8r.JPG,healthy,0.28450238704681396,0.0,728.6677856445312,3028.639892578125,1863.1102294921875
ID_XMbiwv.jpg,anthracnose,0.7089962363243103,20.20931625366211,0.0,1071.8494873046875,488.0851745605469
ID_KoFvdp.jpg,anthracnose,0.7870281934738159,6.8038330078125,46.72308349609375,1280.0,870.4327392578125
ID_laVQRn.jpeg,anthracnose,0.7289607524871826,1065.167236328125,0.0,3504.30419921875,1533.6861572265625
ID_laVQRn.jpeg,healthy,0.34294387698173523,0.0,0.0,669.9148559570312,1771.9932861328125
ID_laVQRn.jpeg,healthy,0.2849877178668976,30.677032470703125,1006.6879272460938,3757.676025390625,1800.0
ID_BhKgBW.jpg,healthy,0.711433470249176,26.423095703125,0.875030517578125,1280.0,173.35922241210938
ID_BhKgBW.jpg,cssvd,0.3246205449104309,74.185791015625,143.434814453125,1269.29345703125,602.833984375
ID_BhKgBW.jpg,cssvd,0.2966345548629761,50.019287109375,607.285888671875,1275.712890625,958.97216796875
ID_ooG7KY.jpg,healthy,0.4837350845336914,0.0,0.010739135555922985,1449.2916259765625,921.024169921875
ID_ooG7KY.jpg,cssvd,0.4042118191719055,0.0,558.8036499023438,1949.493896484375,1564.4337158203125
ID_g4lg7p.jpg,anthracnose,0.692009687423706,2283.3232421875,0.0,3263.0087890625,2361.88525390625
ID_g4lg7p.jpg,healthy,0.5635793805122375,0.0,1067.089111328125,754.1160888671875,1922.7578125
ID_g4lg7p.jpg,cssvd,0.3136293292045593,526.743408203125,15.758825302124023,3237.862060546875,2104.203125
ID_BMR78x.jpg,healthy,0.8362662196159363,1147.466064453125,387.350341796875,2815.656982421875,1721.3424072265625
ID_BMR78x.jpg,healthy,0.7466027140617371,0.0,8.781344413757324,1060.272705078125,1023.355712890625
ID_BMR78x.jpg,healthy,0.2918911874294281,55.66280746459961,0.0,2208.390869140625,491.6965637207031
ID_BMR78x.jpg,healthy,0.2746482789516449,0.0,84.65177917480469,1353.9259033203125,1985.724365234375
ID_BMR78x.jpg,healthy,0.2546023726463318,1027.1407470703125,0.0,2134.660400390625,485.5715026855469
ID_ZcnJnE.jpeg,anthracnose,0.885311484336853,0.0,803.2753295898438,3024.0,3166.365966796875
ID_ZcnJnE.jpeg,anthracnose,0.43711620569229126,0.0,136.22923278808594,3004.3408203125,2554.752685546875
ID_ZcnJnE.jpeg,cssvd,0.3658139407634735,15.54370403289795,0.0,3007.952880859375,1044.2232666015625
ID_ggiw4m.jpg,healthy,0.8773610591888428,115.83692169189453,10.128339767456055,325.7226257324219,163.1814422607422
ID_ggiw4m.jpg,healthy,0.7355612516403198,87.07960510253906,164.68235778808594,370.4167175292969,355.7176513671875
ID_ggiw4m.jpg,healthy,0.6426684260368347,6.693732261657715,207.54351806640625,153.2085723876953,408.5345153808594
ID_ggiw4m.jpg,healthy,0.5380290746688843,0.0,0.0,155.15538024902344,176.3184814453125
ID_loZek4.jpeg,healthy,0.84138023853302,175.71182250976562,274.2439270019531,3538.3935546875,1379.4962158203125
ID_loZek4.jpeg,healthy,0.5787413120269775,317.01202392578125,1136.7763671875,2706.375244140625,1800.0
ID_loZek4.jpeg,healthy,0.5379378795623779,314.15521240234375,1206.596435546875,3632.25,1800.0
ID_loZek4.jpeg,healthy,0.3900943398475647,38.62953186035156,0.0,3876.251220703125,332.2555236816406
ID_loZek4.jpeg,healthy,0.2767614424228668,48.798370361328125,105.83261108398438,3867.54736328125,370.9489440917969
ID_PP5TqC.jpg,healthy,0.8860476016998291,1040.6175537109375,641.3346557617188,2432.106689453125,1931.1734619140625
ID_PP5TqC.jpg,healthy,0.28222718834877014,41.195945739746094,0.0,2128.629638671875,526.9180908203125
ID_nyecpJ.jpg,anthracnose,0.34381523728370667,433.591552734375,561.2755126953125,1305.2451171875,1515.7030029296875
ID_A4ZdJC.jpeg,healthy,0.876883327960968,304.16070556640625,114.09463500976562,3974.039794921875,2107.764892578125
ID_A4ZdJC.jpeg,healthy,0.6974973082542419,0.0,0.0,1049.4388427734375,585.9453735351562
ID_A4ZdJC.jpeg,healthy,0.4886801242828369,473.6496887207031,0.0,3643.80224609375,353.1572570800781
ID_A4ZdJC.jpeg,healthy,0.30086421966552734,15.772494316101074,2173.24658203125,2201.396484375,3019.76904296875
ID_pu7dUH.jpg,cssvd,0.7083403468132019,0.0,0.0,1054.6251220703125,770.9737548828125
ID_pu7dUH.jpg,healthy,0.2812495231628418,0.0,0.6214184761047363,395.522705078125,145.2739715576172
ID_WHOggx.jpg,healthy,0.7866079807281494,256.8620300292969,142.20164489746094,1277.34033203125,628.311279296875
ID_WHOggx.jpg,healthy,0.5573657751083374,275.1867980957031,507.127685546875,1278.021728515625,960.0
ID_WHOggx.jpg,healthy,0.390861839056015,545.5350341796875,573.45361328125,1270.7542724609375,960.0
ID_WHOggx.jpg,healthy,0.2974816560745239,116.1630859375,0.0,1280.0,133.08978271484375
ID_WHOggx.jpg,healthy,0.27466830611228943,1.3704681396484375,435.36846923828125,225.9943084716797,792.9780883789062
ID_UgxSUm.jpeg,healthy,0.7872856855392456,871.5948486328125,514.0221557617188,4032.0,1648.18115234375
ID_UgxSUm.jpeg,healthy,0.727175772190094,992.0292358398438,9.947762489318848,2867.5927734375,1014.0719604492188
ID_UgxSUm.jpeg,healthy,0.6267588138580322,584.5699462890625,1652.3150634765625,4032.0,2179.596435546875
ID_UgxSUm.jpeg,healthy,0.4098360538482666,807.380126953125,1636.846923828125,3168.564697265625,2176.831298828125
ID_UgxSUm.jpeg,healthy,0.36595574021339417,918.613037109375,0.0,3452.212646484375,765.3167114257812
ID_ymE9HE.jpg,healthy,0.7507287263870239,153.57058715820312,209.26004028320312,353.6918029785156,358.50604248046875
ID_C0Uehq.jpg,cssvd,0.4678487181663513,236.62171936035156,0.0976409912109375,1075.4046630859375,708.8463134765625
ID_C0Uehq.jpg,anthracnose,0.45601969957351685,246.89454650878906,0.0,1074.097412109375,673.1094970703125
ID_VhNzV9.jpeg,healthy,0.7185233235359192,2165.68115234375,6.8645734786987305,4023.98828125,1222.2607421875
ID_VhNzV9.jpeg,healthy,0.5427360534667969,54.28059005737305,938.4830932617188,4032.0,2240.816650390625
ID_VhNzV9.jpeg,healthy,0.27755388617515564,58.51340103149414,950.230224609375,4032.0,1824.0400390625
ID_VhNzV9.jpeg,healthy,0.2660256028175354,1821.7127685546875,2189.675537109375,4029.852294921875,3022.31298828125
ID_VhNzV9.jpeg,healthy,0.25766026973724365,204.3678741455078,1827.6055908203125,1451.8861083984375,2776.571533203125
ID_VhNzV9.jpeg,healthy,0.2541980743408203,1460.150390625,1958.63818359375,4004.72265625,3024.0
ID_R8GMXi.jpg,healthy,0.5659318566322327,720.5338134765625,496.415771484375,3218.10107421875,1384.2938232421875
ID_R8GMXi.jpg,healthy,0.5310807824134827,600.0238037109375,1275.7215576171875,3243.97314453125,1947.7318115234375
ID_R8GMXi.jpg,healthy,0.4094908833503723,667.21533203125,816.8994140625,3238.663330078125,1421.0433349609375
ID_R8GMXi.jpg,healthy,0.4093778133392334,1477.92822265625,0.0,2617.00537109375,550.1388549804688
ID_R8GMXi.jpg,healthy,0.39102181792259216,692.72216796875,802.9172973632812,3263.503662109375,1927.9105224609375
ID_T8tTQr.jpeg,anthracnose,0.7664667367935181,533.8367309570312,0.0,3494.28955078125,1237.4942626953125
ID_T8tTQr.jpeg,anthracnose,0.6021367311477661,813.718505859375,1091.529052734375,3204.509033203125,1790.03125
ID_T8tTQr.jpeg,anthracnose,0.5589584112167358,431.4118347167969,1187.6480712890625,3524.21875,1789.9078369140625
ID_T8tTQr.jpeg,anthracnose,0.40985697507858276,273.675537109375,847.6869506835938,3523.576171875,1788.316162109375
ID_T8tTQr.jpeg,cssvd,0.40372541546821594,3405.51318359375,61.60154342651367,3995.184326171875,994.6627807617188
ID_Dz7nGM.jpeg,healthy,0.5611583590507507,634.8178100585938,0.0,3090.06884765625,3016.4072265625
ID_Dz7nGM.jpeg,cssvd,0.36571040749549866,3041.85546875,1484.53125,4032.0,3005.214111328125
ID_Dz7nGM.jpeg,cssvd,0.3333306908607483,3088.301025390625,78.81190490722656,4032.0,1793.0478515625
ID_Dz7nGM.jpeg,anthracnose,0.3074009418487549,3088.893310546875,111.51065063476562,4032.0,1837.0477294921875
ID_j63MMY.jpeg,healthy,0.7191228866577148,0.0,2.1490185260772705,1460.191650390625,440.7635803222656
ID_j63MMY.jpeg,healthy,0.669178307056427,0.0,1636.1226806640625,2826.89892578125,3022.162353515625
ID_j63MMY.jpeg,healthy,0.616950511932373,0.6762771606445312,339.8304443359375,2896.727783203125,1520.278564453125
ID_j63MMY.jpeg,healthy,0.5381015539169312,0.0,193.24252319335938,3024.0,1840.1793212890625
ID_j63MMY.jpeg,healthy,0.416170209646225,0.4514041841030121,585.0823974609375,456.58038330078125,1299.9390869140625
ID_j63MMY.jpeg,healthy,0.36241668462753296,0.0,3.275005578994751,933.2062377929688,396.3133850097656
ID_j63MMY.jpeg,healthy,0.3513234555721283,8.854472160339355,0.0,2641.55078125,439.3407897949219
ID_j63MMY.jpeg,healthy,0.3317340016365051,0.0,2169.175048828125,636.8773193359375,3020.30517578125
ID_j63MMY.jpeg,healthy,0.2558281421661377,1.331213355064392,1195.384033203125,2458.76953125,2428.85791015625
ID_xC735g.jpg,2,1.0,,,,
ID_s56Oky.jpg,anthracnose,0.868735671043396,14.122615814208984,0.0,960.16455078125,810.0
ID_g0tFhP.jpeg,anthracnose,0.7869077324867249,92.0882797241211,23.149154663085938,3024.0,2867.45849609375
ID_WIPv18.jpg,2,1.0,,,,
ID_cMaGkt.jpg,2,1.0,,,,
ID_sWApFk.jpeg,healthy,0.828158438205719,2082.66259765625,3168.418212890625,3024.0,4021.548583984375
ID_sWApFk.jpeg,healthy,0.5533159375190735,850.4436645507812,407.96112060546875,3024.0,4032.0
ID_sWApFk.jpeg,healthy,0.5266324877738953,245.75094604492188,3279.169189453125,1120.1195068359375,4032.0
ID_sWApFk.jpeg,healthy,0.49038246273994446,97.72007751464844,1436.370849609375,1110.68701171875,3506.232177734375
ID_sWApFk.jpeg,healthy,0.46176597476005554,246.31570434570312,3419.7177734375,977.5404663085938,4032.0
ID_sWApFk.jpeg,healthy,0.4205005466938019,834.1463012695312,1559.8953857421875,1213.0152587890625,2111.2392578125
ID_sWApFk.jpeg,healthy,0.36297640204429626,0.644073486328125,0.0,374.4353332519531,802.622314453125
ID_sWApFk.jpeg,healthy,0.34765493869781494,225.20364379882812,3707.605224609375,1144.435546875,4032.0
ID_sWApFk.jpeg,healthy,0.2658613920211792,776.182373046875,1277.0235595703125,2886.47119140625,4004.851806640625
ID_DcMUYA.jpg,healthy,0.9306474924087524,991.4640502929688,577.7890014648438,3199.9306640625,1900.5731201171875
ID_DcMUYA.jpg,healthy,0.6231350302696228,0.0,182.79969787597656,696.6732788085938,1106.0440673828125
ID_DcMUYA.jpg,healthy,0.5646159052848816,73.74595642089844,0.7995986938476562,2518.474609375,491.5401916503906
ID_DcMUYA.jpg,healthy,0.38429513573646545,975.7218017578125,660.4871826171875,3119.25634765625,1427.72119140625
ID_wSnNtD.JPG,healthy,0.9150179028511047,0.0,8.182909965515137,3264.0,1793.342529296875
ID_wSnNtD.JPG,healthy,0.6328956484794617,7.991784572601318,1409.5987548828125,3131.282958984375,2446.837890625
ID_wSnNtD.JPG,healthy,0.5985627174377441,0.0,0.0,3264.0,642.8163452148438
ID_wSnNtD.JPG,healthy,0.44533467292785645,97.6532974243164,0.0,3250.975341796875,472.4240417480469
ID_wSnNtD.JPG,healthy,0.32319748401641846,13.018633842468262,1906.51904296875,3155.576171875,2448.0
ID_ras2bs.jpg,anthracnose,0.8613990545272827,30.6817626953125,0.0,1280.0,820.1893310546875
ID_ras2bs.jpg,anthracnose,0.7842319011688232,290.4229736328125,0.0,1264.938720703125,403.84033203125
ID_ras2bs.jpg,anthracnose,0.4043848514556885,219.6485595703125,3.4071044921875,1264.5126953125,656.5228271484375
ID_kHJXVe.jpg,anthracnose,0.91938716173172,64.38008117675781,19.222461700439453,2043.718017578125,1282.435302734375
ID_kHJXVe.jpg,anthracnose,0.40101829171180725,551.6895751953125,26.564647674560547,2046.424072265625,1160.209228515625
ID_kHJXVe.jpg,anthracnose,0.3178383409976959,7.144921779632568,0.0,2048.0,414.51177978515625
ID_xhV160.jpeg,healthy,0.6536403894424438,270.25592041015625,338.9276123046875,2646.51171875,4018.72314453125
ID_xhV160.jpeg,healthy,0.5681540966033936,415.5404357910156,31.771278381347656,2587.80078125,2365.607421875
ID_xhV160.jpeg,healthy,0.289968878030777,368.59246826171875,1359.576416015625,2585.99169921875,4011.574462890625
ID_sBkTP4.jpg,cssvd,0.6175895929336548,0.0,276.249267578125,1267.15771484375,814.620361328125
ID_sBkTP4.jpg,healthy,0.49738824367523193,0.0,257.575439453125,1270.669189453125,815.435302734375
ID_sBkTP4.jpg,cssvd,0.41264963150024414,0.0,2.880126953125,1240.068603515625,357.72283935546875
ID_fYpTjz.jpeg,anthracnose,0.6554874181747437,439.87255859375,204.92437744140625,3897.94189453125,2318.392333984375
ID_fYpTjz.jpeg,anthracnose,0.6277339458465576,443.1983947753906,1881.5069580078125,3540.35791015625,3018.487060546875
ID_fYpTjz.jpeg,anthracnose,0.581917405128479,461.3991394042969,543.3049926757812,3365.50146484375,2141.805419921875
ID_fYpTjz.jpeg,healthy,0.43555259704589844,0.0,1163.719482421875,409.67572021484375,2636.072509765625
ID_fYpTjz.jpeg,healthy,0.3934072256088257,0.0,1184.842529296875,441.60992431640625,2120.512451171875
ID_fYpTjz.jpeg,anthracnose,0.326961487531662,251.2609405517578,1574.291259765625,3893.31982421875,3017.453125
ID_fYpTjz.jpeg,healthy,0.289112389087677,250.85565185546875,0.0,3815.685791015625,383.9068298339844
ID_yWCG8L.jpg,healthy,0.5897222757339478,827.572265625,1635.616455078125,1975.7835693359375,2423.927734375
ID_yWCG8L.jpg,healthy,0.5669224262237549,189.69552612304688,1950.86328125,793.00634765625,2448.0
ID_yWCG8L.jpg,healthy,0.40784159302711487,316.9451904296875,0.0,1319.7269287109375,606.76318359375
ID_yWCG8L.jpg,healthy,0.4018628001213074,778.3292236328125,125.40088653564453,3114.66845703125,1786.2225341796875
ID_yWCG8L.jpg,anthracnose,0.35940200090408325,792.9569091796875,162.37261962890625,3095.364501953125,1776.89453125
ID_yWCG8L.jpg,healthy,0.3062971532344818,772.401611328125,1677.297607421875,2318.9208984375,2440.56005859375
ID_yWCG8L.jpg,healthy,0.26592135429382324,546.1041870117188,1820.831298828125,879.9247436523438,2363.790771484375
ID_yWCG8L.jpg,healthy,0.2639470100402832,200.02542114257812,2060.02294921875,733.712890625,2448.0
ID_yWCG8L.jpg,healthy,0.25687238574028015,0.0,0.0,835.49609375,1532.0494384765625
ID_G88tEZ.JPG,healthy,0.7812035083770752,3029.602783203125,0.0,3264.0,612.9869995117188
ID_G88tEZ.JPG,healthy,0.6412404179573059,0.0,1808.685791015625,501.34759521484375,2441.372314453125
ID_G88tEZ.JPG,healthy,0.48316237330436707,916.6116943359375,1573.8919677734375,1834.244384765625,2440.93603515625
ID_G88tEZ.JPG,healthy,0.36522847414016724,909.71484375,943.9768676757812,2156.151611328125,2436.317626953125
ID_G88tEZ.JPG,healthy,0.3514024317264557,537.785888671875,4.388726711273193,2085.47265625,1477.9830322265625
ID_G88tEZ.JPG,healthy,0.29493439197540283,3024.78857421875,325.86181640625,3264.0,1357.328369140625
ID_G88tEZ.JPG,healthy,0.2911717891693115,3039.290771484375,0.0,3264.0,1131.30322265625
ID_h4jJyb.jpg,anthracnose,0.5248722434043884,0.0,43.5506591796875,1280.0,810.307373046875
ID_h4jJyb.jpg,cssvd,0.3628125488758087,0.934326171875,1.0343017578125,1275.896240234375,822.4385986328125
ID_h4jJyb.jpg,healthy,0.31402984261512756,0.0,17.500732421875,1280.0,811.597900390625
ID_hyg7lD.jpeg,healthy,0.8143686652183533,626.2332153320312,607.2301635742188,4027.049560546875,2207.36328125
ID_hyg7lD.jpeg,healthy,0.7815982103347778,639.605712890625,2040.0330810546875,4032.0,3015.99560546875
ID_hyg7lD.jpeg,healthy,0.6354466080665588,0.0,1320.042724609375,697.5861206054688,2046.8565673828125
ID_hyg7lD.jpeg,healthy,0.6226021647453308,21.504074096679688,852.8887939453125,414.6446533203125,1618.325927734375
ID_hyg7lD.jpeg,healthy,0.5725830793380737,2930.642822265625,0.0,3874.37841796875,782.451171875
ID_hyg7lD.jpeg,healthy,0.32427552342414856,177.1180419921875,71.03437805175781,682.2288208007812,1197.119140625
ID_hyg7lD.jpeg,healthy,0.28847071528434753,3648.7548828125,0.0,4032.0,1165.045166015625
ID_hyg7lD.jpeg,healthy,0.2873706817626953,259.1876525878906,0.0,758.9708862304688,1111.0819091796875
ID_hyg7lD.jpeg,healthy,0.28704437613487244,3573.10888671875,0.0,4032.0,882.0219116210938
ID_xjnuvj.jpg,healthy,0.7940706014633179,45.87601852416992,132.24317932128906,413.24676513671875,300.4897155761719
ID_xjnuvj.jpg,healthy,0.7918645739555359,63.498512268066406,42.377716064453125,273.4848327636719,142.53805541992188
ID_xjnuvj.jpg,healthy,0.7121976017951965,0.5708079934120178,124.59491729736328,41.31840515136719,228.281982421875
ID_xjnuvj.jpg,healthy,0.6003997921943665,0.0,185.0027618408203,79.59502410888672,402.0623779296875
ID_xjnuvj.jpg,healthy,0.5235285758972168,53.076969146728516,11.339336395263672,150.90234375,90.1552505493164
ID_xjnuvj.jpg,healthy,0.4838552474975586,0.0,368.22210693359375,199.44378662109375,415.7783508300781
ID_xjnuvj.jpg,healthy,0.3228825330734253,59.656681060791016,9.709364891052246,157.77049255371094,74.04092407226562
ID_xjnuvj.jpg,healthy,0.31511810421943665,53.058082580566406,136.04833984375,300.774169921875,274.59808349609375
ID_xjnuvj.jpg,healthy,0.30630624294281006,0.2263633757829666,42.442378997802734,48.635581970214844,138.718505859375
ID_dVZmRt.jpeg,healthy,0.8456282019615173,0.0,0.0,4032.0,2382.648193359375
ID_dVZmRt.jpeg,healthy,0.6610110402107239,0.0,2259.337890625,1957.8468017578125,3024.0
ID_dVZmRt.jpeg,healthy,0.4990028440952301,0.0,2054.1962890625,1113.4249267578125,3024.0
ID_dVZmRt.jpeg,healthy,0.3728622794151306,0.0,2307.4091796875,2999.064697265625,3023.437255859375
ID_dVZmRt.jpeg,healthy,0.2930424213409424,0.0,0.0,4025.3662109375,670.1522827148438
ID_MISf6G.jpeg,anthracnose,0.9176833629608154,41.36695861816406,274.79248046875,1798.961669921875,4000.0
ID_MISf6G.jpeg,anthracnose,0.5065397024154663,0.0,1902.9625244140625,1800.0,3995.400390625
ID_MISf6G.jpeg,anthracnose,0.36517930030822754,492.23883056640625,688.1572875976562,1800.0,3989.334228515625
ID_MISf6G.jpeg,anthracnose,0.35031992197036743,1093.030517578125,371.938720703125,1800.0,4000.0
ID_MISf6G.jpeg,anthracnose,0.33832067251205444,8.175277709960938,2607.691650390625,1800.0,4000.0
ID_UMhEPd.jpeg,anthracnose,0.4534066617488861,157.1127166748047,72.40478515625,574.3373413085938,1279.34521484375
ID_UMhEPd.jpeg,anthracnose,0.2631058394908905,0.0,282.8647766113281,137.77349853515625,1057.39794921875
ID_vOd4du.jpeg,healthy,0.858146607875824,57.151424407958984,1217.035400390625,3442.416259765625,3014.07421875
ID_vOd4du.jpeg,healthy,0.6978194713592529,5.532110214233398,17.77594757080078,3808.438720703125,1222.5380859375
ID_vOd4du.jpeg,healthy,0.4876912236213684,17.443817138671875,2022.6737060546875,3477.2392578125,3019.921630859375
ID_vOd4du.jpeg,healthy,0.4496120512485504,0.0,3.226663827896118,1715.3829345703125,697.6947631835938
ID_vOd4du.jpeg,healthy,0.3292551338672638,0.0,1.567021131515503,2348.472900390625,765.0231323242188
ID_vOd4du.jpeg,healthy,0.3043637275695801,28.935625076293945,0.0,3928.20556640625,774.6771850585938
ID_vOd4du.jpeg,healthy,0.29771554470062256,8.449859619140625,0.0,3273.962646484375,631.0062866210938
ID_u4wMMp.jpg,cssvd,0.42801859974861145,0.73651123046875,0.0,701.5967407226562,1235.1219482421875
ID_u4wMMp.jpg,healthy,0.42364251613616943,432.1721496582031,32.71044921875,960.0,981.1568603515625
ID_xEe0aD.jpg,anthracnose,0.8235761523246765,248.2710723876953,343.6487121582031,3096.0,3601.307861328125
ID_xEe0aD.jpg,anthracnose,0.6208149194717407,715.920166015625,17.796945571899414,3089.101318359375,3765.429931640625
ID_xEe0aD.jpg,anthracnose,0.6026308536529541,230.7864990234375,1655.37060546875,2998.089111328125,4124.578125
ID_xEe0aD.jpg,anthracnose,0.31924334168434143,262.12701416015625,835.2576904296875,3096.0,4112.505859375
ID_xEe0aD.jpg,anthracnose,0.3101798892021179,596.3093872070312,2.1032180786132812,3068.984375,2357.50439453125
ID_xEe0aD.jpg,anthracnose,0.2962634265422821,295.62615966796875,2532.756103515625,3008.5029296875,4127.55322265625
ID_xMdu8u.jpg,cssvd,0.4477572739124298,0.0,0.0,1080.0,800.5111083984375
ID_xMdu8u.jpg,healthy,0.36869606375694275,141.76730346679688,0.0,1061.7635498046875,473.2071838378906
ID_xMdu8u.jpg,cssvd,0.3292739689350128,212.24237060546875,0.0,1045.734619140625,442.69085693359375
ID_xMdu8u.jpg,cssvd,0.2847796082496643,33.693660736083984,0.0,1069.334716796875,555.3982543945312
ID_nFwzTz.jpeg,anthracnose,0.6302608847618103,716.4307861328125,52.881893157958984,4032.0,2085.078369140625
ID_nFwzTz.jpeg,anthracnose,0.4038693904876709,644.9248046875,2489.723876953125,4032.0,3019.100830078125
ID_AypcIr.jpeg,healthy,0.7258182764053345,370.101806640625,59.514862060546875,1259.0921630859375,419.8620300292969
ID_AypcIr.jpeg,healthy,0.4971129596233368,360.3427734375,0.42059326171875,1185.08740234375,251.54800415039062
ID_AypcIr.jpeg,healthy,0.4146248996257782,291.6857604980469,417.87237548828125,1064.765869140625,574.427001953125
ID_AypcIr.jpeg,healthy,0.32566648721694946,317.13623046875,0.0,1067.2547607421875,195.8843994140625
ID_deLiI1.jpeg,cssvd,0.4914715886116028,395.58721923828125,0.0,4005.630859375,1932.2266845703125
ID_Lm86ip.jpg,cssvd,0.8171218633651733,0.0,32.43009567260742,992.1614379882812,675.4292602539062
ID_SEpvrY.jpeg,anthracnose,0.5842832922935486,0.0,822.1055297851562,4017.33349609375,2035.8922119140625
ID_SEpvrY.jpeg,healthy,0.4494641423225403,0.0,791.5779418945312,4002.483154296875,2041.6365966796875
ID_HXYnQl.jpeg,healthy,0.4505593180656433,1052.607177734375,145.1810760498047,3972.51513671875,2698.099853515625
ID_HXYnQl.jpeg,healthy,0.40092137455940247,970.0969848632812,2002.789306640625,4021.4892578125,3018.73876953125
ID_HXYnQl.jpeg,healthy,0.3988282084465027,993.1685791015625,2429.966552734375,3989.571044921875,3019.788330078125
ID_HXYnQl.jpeg,healthy,0.38421958684921265,0.0,0.914055585861206,1031.9676513671875,502.7541198730469
ID_wlkIm8.jpg,cssvd,0.5717976689338684,254.1470947265625,430.8052978515625,3264.0,1635.0458984375
ID_FfJt83.JPG,healthy,0.7874562740325928,0.0,540.3037109375,3264.0,2414.3642578125
ID_FfJt83.JPG,healthy,0.48376405239105225,1320.9656982421875,0.0,3232.73193359375,1346.361083984375
ID_FfJt83.JPG,healthy,0.3370930552482605,0.0,1978.63623046875,3264.0,2444.725341796875
ID_FfJt83.JPG,healthy,0.265236496925354,3038.718994140625,1618.1309814453125,3264.0,2439.410888671875
ID_SwIxej.jpg,cssvd,0.8175278902053833,308.615478515625,0.0,1003.6668701171875,808.242431640625
ID_SwIxej.jpg,healthy,0.6212130784988403,0.0,0.0,149.10086059570312,330.3681945800781
ID_SwIxej.jpg,healthy,0.36926788091659546,0.0,285.5520935058594,294.1268310546875,619.7282104492188
ID_OGZ0NT.jpeg,healthy,0.8647544980049133,0.0,1216.0406494140625,3010.81396484375,2225.4892578125
ID_OGZ0NT.jpeg,healthy,0.8626990914344788,0.0,2068.53564453125,2948.440185546875,2925.635986328125
ID_OGZ0NT.jpeg,healthy,0.6537041068077087,1814.9837646484375,0.8830536007881165,3019.7626953125,438.5011901855469
ID_OGZ0NT.jpeg,healthy,0.4993736743927002,349.884765625,308.27117919921875,3005.083984375,1232.4110107421875
ID_OGZ0NT.jpeg,healthy,0.4210844337940216,79.25189971923828,1691.8857421875,2885.30224609375,2890.007080078125
ID_OGZ0NT.jpeg,healthy,0.29039692878723145,0.0,1267.207275390625,3024.0,1952.168212890625
ID_OGZ0NT.jpeg,healthy,0.2519109547138214,0.0,2311.345703125,2925.4501953125,2994.57666015625
ID_CqDi1f.jpg,anthracnose,0.49106183648109436,18.13645362854004,89.8809814453125,769.5237426757812,844.0130615234375
ID_CqDi1f.jpg,anthracnose,0.44794782996177673,44.323551177978516,0.0,718.4343872070312,1022.7119140625
ID_CqDi1f.jpg,anthracnose,0.4071027338504791,664.5283203125,137.4103240966797,810.0,1079.23779296875
ID_y680f0.jpeg,cssvd,0.4400864839553833,2306.455810546875,16.3421630859375,3024.0,2953.48876953125
ID_y680f0.jpeg,anthracnose,0.43223920464515686,463.4935302734375,60.958187103271484,2593.80419921875,4032.0
ID_VxelQD.jpg,healthy,0.6769362688064575,887.0942993164062,432.1719665527344,3227.202392578125,1655.71337890625
ID_VxelQD.jpg,healthy,0.6733328104019165,880.47900390625,800.957275390625,3241.298095703125,1661.718017578125
ID_VxelQD.jpg,healthy,0.49069347977638245,847.7926025390625,1654.2283935546875,3016.33837890625,2408.102294921875
ID_VxelQD.jpg,healthy,0.4588424861431122,788.2167358398438,397.2020263671875,3112.7919921875,1363.9168701171875
ID_BB69K4.jpg,anthracnose,0.7150554060935974,744.6824951171875,871.09912109375,4100.6396484375,2781.703857421875
ID_BB69K4.jpg,anthracnose,0.6060107350349426,507.36431884765625,8.762162208557129,3990.17333984375,1231.5355224609375
ID_BB69K4.jpg,anthracnose,0.5773488879203796,780.781494140625,23.190513610839844,4128.0,2834.42431640625
ID_BB69K4.jpg,healthy,0.4817476272583008,0.0,0.0,497.3735656738281,674.2139892578125
ID_BB69K4.jpg,anthracnose,0.31326785683631897,37.58904266357422,2360.514892578125,4128.0,3086.162841796875
ID_wUf2JH.jpg,cssvd,0.6408909559249878,0.0,165.288818359375,1275.583251953125,959.2464599609375
ID_wUf2JH.jpg,healthy,0.4076498746871948,0.4556427001953125,30.14227294921875,145.5902099609375,313.5216064453125
ID_wUf2JH.jpg,healthy,0.316847562789917,0.0,364.6326599121094,1274.58203125,960.0
ID_pIZoja.jpeg,healthy,0.833332896232605,619.7059936523438,182.21473693847656,3988.93359375,1797.73486328125
ID_pIZoja.jpeg,healthy,0.37859630584716797,242.69027709960938,687.253173828125,4000.0,1797.6357421875
ID_pIZoja.jpeg,healthy,0.2934342324733734,218.3074951171875,1208.7484130859375,4000.0,1799.3616943359375
ID_XlQcW0.JPG,healthy,0.8275681138038635,0.0,21.07936668395996,3264.0,2099.132568359375
ID_XlQcW0.JPG,healthy,0.7189443707466125,1923.4791259765625,1534.510986328125,3262.96826171875,2447.640380859375
ID_XlQcW0.JPG,healthy,0.5755779147148132,0.0,0.0,1200.5579833984375,736.5202026367188
ID_XlQcW0.JPG,healthy,0.550981342792511,1.3607184886932373,1308.796142578125,610.0270385742188,2240.179931640625
ID_XlQcW0.JPG,healthy,0.5435118079185486,0.0,0.23995742201805115,1206.244140625,514.32421875
ID_XlQcW0.JPG,healthy,0.4142955243587494,2734.645751953125,0.0,3264.0,513.265380859375
ID_XlQcW0.JPG,healthy,0.39934495091438293,0.0,1979.22216796875,784.1707153320312,2447.879638671875
ID_XlQcW0.JPG,healthy,0.387967973947525,0.0,0.0,1191.6529541015625,300.5706481933594
ID_XlQcW0.JPG,healthy,0.36882662773132324,406.84295654296875,1688.8067626953125,3179.5791015625,2448.0
ID_yxPJao.jpg,anthracnose,0.8034017086029053,189.299560546875,127.3275146484375,1271.32666015625,744.9736328125
ID_yxPJao.jpg,anthracnose,0.714803159236908,165.1387939453125,174.816650390625,1271.4970703125,938.2110595703125
ID_yxPJao.jpg,anthracnose,0.5711040496826172,922.2952880859375,0.0,1245.7139892578125,185.28414916992188
ID_yxPJao.jpg,anthracnose,0.5547086596488953,176.083251953125,464.09661865234375,1269.187255859375,958.6951293945312
ID_yxPJao.jpg,anthracnose,0.34544575214385986,98.054931640625,649.561767578125,1267.078125,958.01220703125
ID_yxPJao.jpg,anthracnose,0.2698638141155243,92.0799560546875,776.1552734375,1265.11376953125,958.6541748046875
ID_yxPJao.jpg,anthracnose,0.25389784574508667,206.85690307617188,0.599090576171875,904.346435546875,285.36016845703125
ID_xjXxDQ.jpg,healthy,0.8924479484558105,252.42837524414062,348.01849365234375,415.23272705078125,416.0
ID_xjXxDQ.jpg,healthy,0.8215975761413574,184.6495819091797,139.43685913085938,414.55010986328125,363.4534606933594
ID_xjXxDQ.jpg,healthy,0.6931229829788208,58.6257209777832,318.4913330078125,99.73270416259766,414.098388671875
ID_xjXxDQ.jpg,healthy,0.6736334562301636,143.78663635253906,133.92530822753906,192.91539001464844,280.2477111816406
ID_xjXxDQ.jpg,healthy,0.6443071365356445,180.46084594726562,73.4321517944336,223.17288208007812,175.36752319335938
ID_xjXxDQ.jpg,healthy,0.6198729276657104,144.3138885498047,75.6226806640625,194.75454711914062,286.74212646484375
ID_xjXxDQ.jpg,healthy,0.5669410824775696,83.42155456542969,13.857131958007812,169.49795532226562,317.5745544433594
ID_xjXxDQ.jpg,healthy,0.5577061772346497,168.10354614257812,71.6222915649414,224.00326538085938,194.16343688964844
ID_xjXxDQ.jpg,healthy,0.5513132214546204,212.49615478515625,125.1517562866211,297.1774597167969,227.45364379882812
ID_xjXxDQ.jpg,healthy,0.47158315777778625,141.4216766357422,166.235595703125,185.8756103515625,287.1962585449219
ID_xjXxDQ.jpg,healthy,0.4056943953037262,145.7919158935547,59.73830795288086,211.1824493408203,283.9425964355469
ID_xjXxDQ.jpg,healthy,0.4047624170780182,149.34503173828125,129.0432891845703,203.0567169189453,247.06588745117188
ID_xjXxDQ.jpg,healthy,0.4011436998844147,123.49174499511719,326.49090576171875,177.7469482421875,414.28375244140625
ID_xjXxDQ.jpg,healthy,0.34746047854423523,156.4591064453125,70.65705108642578,225.8640594482422,226.5263214111328
ID_xjXxDQ.jpg,healthy,0.3259813189506531,370.06036376953125,272.904052734375,416.0,416.0
ID_xjXxDQ.jpg,healthy,0.30595165491104126,151.26393127441406,71.30024719238281,228.99130249023438,300.7281188964844
ID_E27ZzV.jpg,anthracnose,0.9459635615348816,36.74687576293945,0.0,2048.0,1487.4508056640625
ID_E27ZzV.jpg,anthracnose,0.5019853115081787,40.5625,459.09857177734375,2048.0,1492.3912353515625
ID_E27ZzV.jpg,anthracnose,0.28463271260261536,296.3609313964844,5.962890625,2040.563232421875,1033.360107421875
ID_E27ZzV.jpg,anthracnose,0.277355819940567,72.84648132324219,806.6973266601562,2048.0,1520.477783203125
ID_QtgSTU.JPG,anthracnose,0.4664442539215088,2376.732666015625,34.293251037597656,3258.03759765625,1219.874267578125
ID_QtgSTU.JPG,cssvd,0.401020348072052,405.55023193359375,0.0,3250.737548828125,2448.0
ID_dysUbD.jpg,cssvd,0.559467613697052,138.1964111328125,127.90673828125,1256.9388427734375,944.3045654296875
ID_dysUbD.jpg,cssvd,0.3809759020805359,272.835693359375,245.52545166015625,1136.1868896484375,953.2196655273438
ID_dysUbD.jpg,cssvd,0.2765088677406311,0.0,0.0,1225.8995361328125,308.65081787109375
ID_dysUbD.jpg,healthy,0.2549048662185669,0.0,258.623046875,295.5829772949219,845.5911865234375
ID_Byn4Lt.JPG,healthy,0.9379503726959229,1135.1976318359375,892.2532958984375,2779.078369140625,1780.1292724609375
ID_Byn4Lt.JPG,healthy,0.8563188910484314,1047.666748046875,1998.022216796875,2744.711669921875,2443.3935546875
ID_Byn4Lt.JPG,healthy,0.4352450668811798,0.0,163.78582763671875,1196.8751220703125,1570.6776123046875
ID_Byn4Lt.JPG,healthy,0.42066505551338196,954.6251220703125,1917.7606201171875,3082.70166015625,2445.558349609375
ID_Byn4Lt.JPG,healthy,0.26859134435653687,0.0,69.89185333251953,1229.2911376953125,2071.800537109375
ID_u9WVkY.jpeg,healthy,0.7551248073577881,785.1582641601562,572.6441650390625,4019.44287109375,2292.103759765625
ID_u9WVkY.jpeg,healthy,0.357463538646698,0.0,1751.1680908203125,1271.862060546875,3024.0
ID_u9WVkY.jpeg,healthy,0.3005311191082001,0.0,984.5712890625,3847.22802734375,3020.856689453125
ID_u9WVkY.jpeg,healthy,0.29693248867988586,0.0,1112.3992919921875,2415.764892578125,3011.439208984375
ID_xQCzG9.jpg,anthracnose,0.6137211918830872,1903.100830078125,65.10001373291016,3264.0,1933.7342529296875
ID_xQCzG9.jpg,cssvd,0.41994696855545044,875.6377563476562,5.681469440460205,1833.49755859375,1756.5374755859375
ID_xQCzG9.jpg,anthracnose,0.37724781036376953,2275.935546875,182.59222412109375,3259.332275390625,1958.8980712890625
ID_xQCzG9.jpg,anthracnose,0.3317011892795563,2488.457763671875,1216.6483154296875,3264.0,2029.72607421875
ID_xQCzG9.jpg,anthracnose,0.26966384053230286,2390.607177734375,639.1702880859375,3260.101806640625,2009.8544921875
ID_u0rBGo.jpg,healthy,0.49652576446533203,0.0,248.24368286132812,1049.851806640625,2122.755859375
ID_u0rBGo.jpg,healthy,0.4336049556732178,0.0,700.7590942382812,1067.9891357421875,1989.1817626953125
ID_u0rBGo.jpg,cssvd,0.35125672817230225,791.301513671875,1900.5390625,3173.1787109375,2443.909423828125
ID_u0rBGo.jpg,healthy,0.35055845975875854,0.0,1145.3760986328125,1073.262939453125,2046.3955078125
ID_u0rBGo.jpg,healthy,0.32882317900657654,25.21035385131836,283.63525390625,2268.0546875,1588.7828369140625
ID_u0rBGo.jpg,healthy,0.2985227108001709,0.0,1093.804443359375,1060.230224609375,2402.875244140625
ID_u0rBGo.jpg,healthy,0.2684865891933441,0.0,1603.70556640625,1005.8475952148438,2431.387939453125
ID_dQUYHz.jpg,healthy,0.6184566020965576,37.204833984375,165.6688232421875,1280.0,816.9193115234375
ID_dQUYHz.jpg,healthy,0.28910309076309204,629.4373779296875,0.0,960.91015625,218.87814331054688
ID_W1qnJU.jpg,healthy,0.5050131678581238,846.9339599609375,121.0606460571289,1676.9984130859375,1277.3466796875
ID_kzvDfU.jpg,cssvd,0.6886019706726074,0.0,151.84893798828125,1277.8583984375,938.2335815429688
ID_kzvDfU.jpg,healthy,0.44519588351249695,0.0,0.0,1113.442138671875,225.85350036621094
ID_kzvDfU.jpg,healthy,0.43143054842948914,0.0,0.0,841.9647216796875,255.2630615234375
ID_kzvDfU.jpg,healthy,0.3229494094848633,0.0,790.1238403320312,488.24676513671875,960.0
ID_VKEJtT.jpg,cssvd,0.5359518527984619,0.0,274.3181457519531,1377.7027587890625,889.9412231445312
ID_mn0W1x.jpeg,cssvd,0.3120981454849243,140.2440185546875,517.6764526367188,2825.36376953125,3015.695556640625
ID_Genxyu.jpg,healthy,0.8756889700889587,1113.5458984375,953.4605102539062,3134.07421875,1793.258544921875
ID_RFzAKt.jpg,cssvd,0.6999350786209106,0.0,765.74365234375,1280.0,957.48388671875
ID_RFzAKt.jpg,cssvd,0.6426639556884766,4.4725341796875,0.62689208984375,1163.3204345703125,602.2116088867188
ID_y48AlE.jpeg,anthracnose,0.9471825957298279,16.774364471435547,20.148155212402344,4032.0,2639.269287109375
ID_y48AlE.jpeg,anthracnose,0.6114108562469482,203.17652893066406,970.279541015625,4021.167236328125,2650.473388671875
ID_WkurxP.jpg,cssvd,0.555874764919281,393.54510498046875,0.0,1038.5723876953125,810.0
ID_WkurxP.jpg,cssvd,0.3980049192905426,628.8807983398438,0.0,1080.0,435.8538818359375
ID_cJnedj.jpg,anthracnose,0.8372243046760559,194.82266235351562,541.7779541015625,2043.7249755859375,1536.0
ID_cJnedj.jpg,anthracnose,0.7419316172599792,264.09979248046875,77.88652038574219,2037.9560546875,1512.8375244140625
ID_cJnedj.jpg,anthracnose,0.5424134731292725,496.712890625,37.92607498168945,2013.591796875,998.3321533203125
ID_cJnedj.jpg,anthracnose,0.2807183563709259,127.55000305175781,1220.504638671875,2048.0,1535.7523193359375
ID_W4FtX5.jpeg,anthracnose,0.5758617520332336,396.4317321777344,17.210674285888672,3425.85302734375,1376.891357421875
ID_W4FtX5.jpeg,anthracnose,0.2726508677005768,25.159835815429688,1152.427734375,3882.267578125,1792.025390625
ID_JbpQxv.jpg,cssvd,0.4534974992275238,0.0,117.07205963134766,931.892822265625,449.5706787109375
ID_CP7YI8.jpg,cssvd,0.7275009155273438,0.0,0.0,1279.873046875,960.0
ID_IQXVr3.jpg,healthy,0.8482416868209839,1.2580608129501343,0.0,60.60446548461914,81.96815490722656
ID_IQXVr3.jpg,healthy,0.7873439192771912,0.718554675579071,266.80743408203125,60.46724319458008,415.3597106933594
ID_IQXVr3.jpg,healthy,0.7845235466957092,81.6553955078125,125.61235046386719,292.24322509765625,280.38653564453125
ID_RhqCpy.jpg,cssvd,0.41891205310821533,0.0,753.570556640625,1280.0,960.0
ID_RhqCpy.jpg,cssvd,0.4124971628189087,1.6387939453125,0.0,1280.0,823.77880859375
ID_RhqCpy.jpg,cssvd,0.25111085176467896,39.4105224609375,664.9573974609375,1275.9989013671875,958.6253662109375
ID_kHv0oq.jpeg,anthracnose,0.6896544098854065,895.8304443359375,7.265725612640381,4018.277099609375,1792.0107421875
ID_rDTwtK.jpg,healthy,0.354465514421463,37.68564987182617,1997.0770263671875,2425.6669921875,2444.76318359375
ID_rDTwtK.jpg,healthy,0.3431049883365631,547.2572631835938,216.17755126953125,2629.951171875,1558.681884765625
ID_rDTwtK.jpg,cssvd,0.33403757214546204,52.91997146606445,0.0,648.1735229492188,1199.869873046875
ID_rDTwtK.jpg,anthracnose,0.3317406475543976,557.5911865234375,98.38091278076172,2625.2802734375,1571.9263916015625
ID_JlqtTb.jpg,cssvd,0.3400491774082184,71.88323211669922,0.8355617523193359,1078.293701171875,696.9395751953125
ID_jLH9Ls.jpg,anthracnose,0.25918787717819214,205.40264892578125,171.68359375,831.6788940429688,1279.803955078125
ID_NoKFT1.jpeg,healthy,0.8445624113082886,46.22755432128906,427.1529846191406,4032.0,1947.8271484375
ID_NoKFT1.jpeg,healthy,0.7232411503791809,0.0,2283.710693359375,1143.658447265625,3024.0
ID_NoKFT1.jpeg,healthy,0.6854370832443237,2889.9892578125,1392.589111328125,4029.127197265625,3024.0
ID_NoKFT1.jpeg,healthy,0.6600871682167053,2123.8466796875,0.0,4023.180419921875,1069.8623046875
ID_NoKFT1.jpeg,healthy,0.559409499168396,55.6031494140625,0.0,3161.377197265625,673.0472412109375
ID_NoKFT1.jpeg,cssvd,0.5029242038726807,2904.240478515625,1368.996826171875,4023.542724609375,3014.297607421875
ID_NoKFT1.jpeg,healthy,0.49766090512275696,1018.0144653320312,1903.2532958984375,2498.053466796875,3021.13330078125
ID_NoKFT1.jpeg,healthy,0.4713795483112335,0.0,1023.795166015625,882.1849365234375,2138.461669921875
ID_NoKFT1.jpeg,healthy,0.4171541631221771,1492.4273681640625,1446.3115234375,3272.8349609375,2603.25927734375
ID_NoKFT1.jpeg,healthy,0.2863040864467621,110.0390853881836,0.0,2392.49853515625,722.9082641601562
ID_NoKFT1.jpeg,healthy,0.26484712958335876,0.0,2529.103271484375,1131.9285888671875,3022.75048828125
ID_ZLCtK8.jpeg,anthracnose,0.9271700382232666,525.9223022460938,0.0,4026.53125,1994.6431884765625
ID_ZLCtK8.jpeg,healthy,0.620997428894043,1716.4368896484375,2175.800537109375,4020.162841796875,3021.58935546875
ID_rcw57Y.JPG,healthy,0.5237677693367004,1859.607666015625,1693.2099609375,2488.333251953125,2393.77001953125
ID_rcw57Y.JPG,healthy,0.312309205532074,883.7973022460938,151.55426025390625,2682.556884765625,1770.73876953125
ID_MZzLPS.jpg,cssvd,0.5004090666770935,0.0,0.0,1080.0,565.0971069335938
ID_MZzLPS.jpg,cssvd,0.44961196184158325,0.0,559.2757568359375,1080.0,807.5419921875
ID_qnh2w8.jpg,anthracnose,0.9276713132858276,0.0,0.0,4120.681640625,2936.381103515625
ID_qnh2w8.jpg,anthracnose,0.40688520669937134,10.789892196655273,2438.200439453125,4128.0,3090.677490234375
ID_qnh2w8.jpg,anthracnose,0.2960365116596222,771.6946411132812,253.14163208007812,4121.71044921875,2795.155517578125
ID_qnh2w8.jpg,anthracnose,0.2775163948535919,0.0,2018.10009765625,4128.0,3096.0
ID_ZAPBMc.jpg,healthy,0.7072029113769531,32.7391471862793,111.68601989746094,412.20758056640625,337.0274963378906
ID_ZAPBMc.jpg,healthy,0.3989511728286743,50.78315353393555,256.47906494140625,416.0,416.0
ID_fnfBmB.jpg,anthracnose,0.42790487408638,657.948974609375,4.6175537109375,1080.0,749.2218627929688
ID_fnfBmB.jpg,cssvd,0.3172367811203003,0.0,11.083333969116211,1033.841552734375,800.5208129882812
ID_RVvzmV.jpeg,healthy,0.7763260006904602,663.31298828125,756.6130981445312,4032.0,2329.01806640625
ID_RVvzmV.jpeg,healthy,0.6515141129493713,0.0,0.0,525.9270629882812,1115.7025146484375
ID_RVvzmV.jpeg,anthracnose,0.26522842049598694,0.0,1490.3546142578125,1272.738037109375,3024.0
ID_DzdeNP.jpg,healthy,0.7916170358657837,3.171051025390625,81.29904174804688,415.5570068359375,396.9204406738281
ID_DzdeNP.jpg,healthy,0.40822672843933105,14.227557182312012,71.5126953125,412.0221862792969,270.2368469238281
ID_DzdeNP.jpg,healthy,0.32754775881767273,14.635552406311035,165.22445678710938,416.0,411.09246826171875
ID_MgUkMn.jpeg,healthy,0.6535876393318176,221.78506469726562,34.09648132324219,3024.0,2980.43603515625
ID_MgUkMn.jpeg,healthy,0.48723602294921875,938.0172729492188,0.7222754955291748,2221.765380859375,663.9317626953125
ID_MgUkMn.jpeg,healthy,0.45842498540878296,898.9490966796875,0.0,2222.3173828125,939.7115478515625
ID_MgUkMn.jpeg,healthy,0.3744136691093445,266.7942810058594,7.5717082023620605,1054.66162109375,854.9970703125
ID_MgUkMn.jpeg,healthy,0.3643721640110016,0.0,1502.31884765625,376.0079650878906,3253.619873046875
ID_MgUkMn.jpeg,healthy,0.2988905906677246,280.59552001953125,1350.320556640625,2216.5126953125,4010.154052734375
ID_MgUkMn.jpeg,healthy,0.2790308892726898,319.5780944824219,0.0,2317.74462890625,968.0458984375
ID_MgUkMn.jpeg,anthracnose,0.27216437458992004,2066.62451171875,3209.779541015625,3010.2451171875,4032.0
ID_MgUkMn.jpeg,healthy,0.2630583941936493,296.6423645019531,887.3805541992188,3024.0,2952.77392578125
ID_Ut8r1t.jpg,cssvd,0.5134427547454834,0.0,0.0,1078.796875,687.4261474609375
ID_Ut8r1t.jpg,cssvd,0.4020664393901825,0.0,594.62841796875,1080.0,809.9515380859375
ID_Ut8r1t.jpg,healthy,0.40189826488494873,0.0,603.1519775390625,1069.576904296875,808.853759765625
ID_yFxM4p.jpg,healthy,0.9481195211410522,227.3938751220703,198.33082580566406,3264.0,1779.3946533203125
ID_yFxM4p.jpg,healthy,0.7311466932296753,754.1823120117188,1742.765869140625,3195.270751953125,2446.089599609375
ID_hJ9RCx.jpeg,healthy,0.6241782903671265,0.0,1054.1087646484375,3024.0,3380.19091796875
ID_hJ9RCx.jpeg,anthracnose,0.5040255188941956,435.1226806640625,0.0,2994.1376953125,734.25537109375
ID_hJ9RCx.jpeg,healthy,0.35705259442329407,0.0,22.56545066833496,527.7933349609375,977.0826416015625
ID_hJ9RCx.jpeg,healthy,0.3075885474681854,0.10185012221336365,0.0,607.950927734375,1190.2069091796875
ID_hJ9RCx.jpeg,healthy,0.29312580823898315,0.0,1194.019775390625,2958.2177734375,2830.8271484375
ID_lGeS0D.jpg,healthy,0.6886640787124634,3.4897825717926025,61.743858337402344,416.0,338.1174011230469
ID_lGeS0D.jpg,healthy,0.6447772979736328,4.481326103210449,311.0955810546875,416.0,412.7574462890625
ID_lGeS0D.jpg,healthy,0.534640908241272,0.0,20.852447509765625,416.0,276.3796081542969
ID_lGeS0D.jpg,healthy,0.27813971042633057,0.7568389773368835,146.47988891601562,416.0,329.238037109375
ID_lGeS0D.jpg,healthy,0.25057485699653625,29.890161514282227,5.193493366241455,413.7732238769531,205.6075439453125
ID_A1HcV0.jpeg,healthy,0.6832879185676575,624.6370849609375,953.565185546875,3907.600341796875,2322.948486328125
ID_A1HcV0.jpeg,healthy,0.6205889582633972,0.0,2328.890625,698.9017333984375,3023.989990234375
ID_A1HcV0.jpeg,healthy,0.5488636493682861,95.42477416992188,0.0,2599.33056640625,1500.4300537109375
ID_A1HcV0.jpeg,healthy,0.26493242383003235,0.06116294488310814,453.5768127441406,243.1259307861328,1382.976318359375
ID_A1HcV0.jpeg,healthy,0.261982798576355,3491.4619140625,159.24803161621094,3858.474609375,592.1119995117188
ID_SXgYVp.jpg,healthy,0.9678544998168945,442.2802429199219,991.724365234375,1852.73095703125,1731.6053466796875
ID_SXgYVp.jpg,healthy,0.3521484136581421,9.584172248840332,0.6181228756904602,338.7131652832031,559.9949340820312
ID_SXgYVp.jpg,healthy,0.33756643533706665,0.0,0.0,583.394775390625,488.2320861816406
ID_SXgYVp.jpg,healthy,0.28035467863082886,405.76873779296875,984.7513427734375,1378.2315673828125,1699.2869873046875
ID_whmkuD.jpg,healthy,0.7758947610855103,0.0,0.0,1280.0,571.545654296875
ID_whmkuD.jpg,healthy,0.7008037567138672,0.0,528.07177734375,349.0159912109375,960.0
ID_WILZpn.jpg,anthracnose,0.8532801270484924,58.0704345703125,0.0,1275.95068359375,775.422607421875
ID_OF78RK.jpeg,healthy,0.8090354800224304,240.33399963378906,434.1612854003906,4032.0,2417.79833984375
ID_OF78RK.jpeg,healthy,0.39273443818092346,0.0,0.0,3701.33642578125,619.9996948242188
ID_OF78RK.jpeg,healthy,0.32834452390670776,394.89202880859375,2583.576416015625,4015.753173828125,3012.9560546875
ID_OF78RK.jpeg,healthy,0.3034082055091858,13.750872611999512,0.0,3848.624267578125,992.239501953125
ID_OF78RK.jpeg,healthy,0.3014421761035919,519.0828247070312,0.0,3447.01416015625,495.62030029296875
ID_d9Rp5A.jpeg,healthy,0.8421752452850342,0.2953124940395355,0.0,3010.4521484375,880.1617431640625
ID_d9Rp5A.jpeg,healthy,0.7520062327384949,0.0,0.9719741344451904,2035.66162109375,546.8355102539062
ID_d9Rp5A.jpeg,healthy,0.65962815284729,0.0,0.0,2840.688232421875,565.9027099609375
ID_d9Rp5A.jpeg,healthy,0.6375303864479065,14.524913787841797,414.0941467285156,3024.0,3103.19970703125
ID_d9Rp5A.jpeg,healthy,0.6331256628036499,0.0,5.489140033721924,1270.283447265625,568.128173828125
ID_d9Rp5A.jpeg,cssvd,0.3075740337371826,0.0,383.9366149902344,2984.7421875,3071.507080078125
ID_d9Rp5A.jpeg,healthy,0.2625197768211365,0.0,852.89013671875,1271.0394287109375,2040.1707763671875
ID_XIQOkX.jpg,anthracnose,0.8324146866798401,28.52880859375,0.39801025390625,1195.6865234375,649.6687622070312
ID_XIQOkX.jpg,healthy,0.8091593980789185,1022.270263671875,0.0,1279.454833984375,370.2494812011719
ID_XIQOkX.jpg,anthracnose,0.283277302980423,1085.6158447265625,0.0,1280.0,957.42626953125
ID_bu0b88.jpg,healthy,0.8775173425674438,654.2708129882812,307.2351379394531,3231.0712890625,1906.315673828125
ID_OQADav.jpg,cssvd,0.44754308462142944,355.59661865234375,30.7994384765625,956.6163940429688,1280.0
ID_XWdLBZ.jpg,anthracnose,0.906537652015686,0.0,153.85577392578125,3872.07861328125,2842.654052734375
ID_XWdLBZ.jpg,anthracnose,0.5057275295257568,0.0,10.6406888961792,3963.8359375,1140.3199462890625
ID_XWdLBZ.jpg,anthracnose,0.44068971276283264,15.556530952453613,2531.675537109375,3897.43212890625,3088.79638671875
ID_XWdLBZ.jpg,anthracnose,0.2997751533985138,0.0,733.2257080078125,3813.56103515625,2531.479736328125
ID_JfM7dx.jpg,anthracnose,0.7152202129364014,788.6572265625,0.0,1830.228515625,1171.503173828125
ID_JfM7dx.jpg,anthracnose,0.42768117785453796,64.26875305175781,706.4247436523438,969.4656372070312,1367.058349609375
ID_JfM7dx.jpg,anthracnose,0.4095692038536072,107.98222351074219,0.0,1851.693115234375,1202.5318603515625
ID_JfM7dx.jpg,anthracnose,0.4005463123321533,53.788963317871094,353.07403564453125,969.0036010742188,1366.659912109375
ID_bOtZ4G.JPG,healthy,0.9153114557266235,11.539746284484863,402.81719970703125,3264.0,2340.194091796875
ID_bOtZ4G.JPG,healthy,0.6724209785461426,0.0,1384.4012451171875,1892.8900146484375,2448.0
ID_bOtZ4G.JPG,healthy,0.6012632846832275,0.0,0.0,2096.5869140625,926.3845825195312
ID_bOtZ4G.JPG,healthy,0.5774854421615601,0.0,1279.63916015625,1074.1785888671875,2448.0
ID_bOtZ4G.JPG,healthy,0.5512778162956238,0.0,1725.3828125,3071.59130859375,2448.0
ID_bOtZ4G.JPG,healthy,0.4612747132778168,0.0,0.0,2554.594970703125,730.8455200195312
ID_bOtZ4G.JPG,healthy,0.429962158203125,0.0,0.0,774.4119873046875,809.6593627929688
ID_bOtZ4G.JPG,healthy,0.40690821409225464,0.0,0.0,516.91015625,692.08154296875
ID_bOtZ4G.JPG,healthy,0.3939056992530823,0.0,6.9920334815979,1049.3021240234375,972.8201293945312
ID_bOtZ4G.JPG,healthy,0.30453023314476013,44.85441207885742,541.1422119140625,3257.4541015625,1883.5809326171875
ID_bOtZ4G.JPG,healthy,0.30219218134880066,0.0,3.5627472400665283,850.1021728515625,493.3837585449219
ID_bOtZ4G.JPG,healthy,0.2865561246871948,0.0,1407.1175537109375,3063.559814453125,2448.0
ID_ByeZGA.jpg,cssvd,0.6225423812866211,25.3701171875,0.0,1280.0,752.8421020507812
ID_ByeZGA.jpg,healthy,0.2562112510204315,0.305877685546875,573.4827880859375,351.823974609375,960.0
ID_oLdD1g.jpeg,anthracnose,0.9135236144065857,12.722662925720215,297.161376953125,3024.0,2157.94189453125
ID_oLdD1g.jpeg,anthracnose,0.40385186672210693,0.0,1383.792236328125,1452.389892578125,3002.8837890625
ID_oLdD1g.jpeg,anthracnose,0.2549801766872406,375.96685791015625,682.6431274414062,3022.773681640625,2120.3310546875
ID_c7a5gM.jpeg,healthy,0.8917803168296814,0.0,386.799560546875,4032.0,2595.408203125
ID_c7a5gM.jpeg,healthy,0.735548198223114,0.0,2381.114501953125,3594.81005859375,3024.0
ID_c7a5gM.jpeg,healthy,0.5289603471755981,0.0,327.1768798828125,1246.767578125,1374.6890869140625
ID_c7a5gM.jpeg,healthy,0.3276497721672058,0.0,2620.385498046875,3314.72119140625,3018.762939453125
ID_c7a5gM.jpeg,healthy,0.26589229702949524,0.0,2444.82861328125,2356.525634765625,3016.3994140625
ID_Pt0I7A.jpeg,healthy,0.8525136113166809,428.7796630859375,15.425445556640625,1028.5633544921875,315.5428466796875
ID_Pt0I7A.jpeg,healthy,0.8344126343727112,24.96868896484375,0.0,378.2852478027344,234.52383422851562
ID_Pt0I7A.jpeg,healthy,0.8234943747520447,410.35906982421875,262.47161865234375,930.7150268554688,576.0
ID_Pt0I7A.jpeg,healthy,0.32930487394332886,416.44049072265625,254.6209259033203,950.5929565429688,442.82403564453125
ID_iUsEQV.jpg,healthy,0.676943838596344,929.603515625,612.6699829101562,1367.5234375,1069.0718994140625
ID_iUsEQV.jpg,healthy,0.3400176167488098,235.01171875,522.6828002929688,1386.7864990234375,1118.182373046875
ID_YqssVm.jpg,healthy,0.6616920232772827,117.4765625,137.32545471191406,1280.0,645.075439453125
ID_YqssVm.jpg,healthy,0.38765645027160645,43.3292236328125,0.0,1279.52197265625,255.37464904785156
ID_YqssVm.jpg,healthy,0.26454272866249084,0.0,0.0,1280.0,177.24374389648438
ID_MzjZem.jpeg,cssvd,0.2825741767883301,132.6166534423828,508.9209289550781,2850.33203125,3010.982666015625
ID_g4XGP8.jpg,cssvd,0.6872880458831787,10.382080078125,200.92388916015625,1080.0,809.1547241210938
ID_g4XGP8.jpg,healthy,0.4761781096458435,0.0,0.0,1080.0,212.3367462158203
ID_g4XGP8.jpg,cssvd,0.32073283195495605,58.10102462768555,0.0,1076.07861328125,201.7423553466797
ID_j45oce.jpeg,healthy,0.6944792866706848,313.2445068359375,220.6161651611328,1268.2091064453125,379.86395263671875
ID_j45oce.jpeg,healthy,0.6662924289703369,265.9263610839844,17.658279418945312,1245.9566650390625,227.54168701171875
ID_j45oce.jpeg,healthy,0.6051540374755859,190.79638671875,322.73052978515625,1103.513671875,575.9741821289062
ID_j45oce.jpeg,healthy,0.576981782913208,189.493896484375,0.9117279052734375,656.543212890625,185.0044708251953
ID_j45oce.jpeg,healthy,0.4995797872543335,276.6552429199219,82.41952514648438,1248.240478515625,385.9080810546875
ID_j45oce.jpeg,healthy,0.44582709670066833,0.05133056640625,0.0,213.27761840820312,362.19219970703125
ID_j45oce.jpeg,healthy,0.4347975254058838,120.255615234375,379.88348388671875,1280.0,574.275634765625
ID_j45oce.jpeg,healthy,0.3616870939731598,0.0,380.29559326171875,335.6260986328125,576.0
ID_j45oce.jpeg,healthy,0.26851963996887207,196.6474609375,179.7639923095703,1241.066162109375,386.80914306640625
ID_j45oce.jpeg,healthy,0.2610571086406708,185.94735717773438,0.873443603515625,948.0286865234375,199.47518920898438
ID_j45oce.jpeg,healthy,0.2591855227947235,188.56581115722656,322.915283203125,592.072509765625,575.2227783203125
ID_Fb4rRp.jpg,healthy,0.3855120539665222,1721.403076171875,54.31722640991211,2616.352294921875,717.0618286132812
ID_tjZYmM.jpg,healthy,0.818971574306488,703.7122802734375,736.6705932617188,2394.1005859375,1443.8350830078125
ID_tjZYmM.jpg,healthy,0.7672682404518127,653.1135864257812,1348.0980224609375,2424.07080078125,2324.0576171875
ID_tjZYmM.jpg,healthy,0.7108976244926453,917.7928466796875,0.0,1901.935302734375,326.5298767089844
ID_tjZYmM.jpg,healthy,0.678286612033844,462.8955078125,115.12353515625,1690.1905517578125,1106.790771484375
ID_tjZYmM.jpg,healthy,0.5879492163658142,0.0,321.9370422363281,468.9682922363281,1071.17138671875
ID_YBVOuf.jpg,anthracnose,0.68477863073349,935.0602416992188,810.3787231445312,2865.422119140625,1799.8682861328125
ID_YBVOuf.jpg,healthy,0.3311304450035095,204.7993621826172,14.280171394348145,1657.65625,1170.5328369140625
ID_YBVOuf.jpg,healthy,0.3268929719924927,0.0,1103.0225830078125,1040.9510498046875,2404.42822265625
ID_YBVOuf.jpg,healthy,0.27774766087532043,16.356481552124023,0.782867431640625,827.491455078125,1024.8349609375
ID_nztqNY.jpg,anthracnose,0.6220945715904236,1374.960205078125,17.283315658569336,2448.0,2198.416259765625
ID_nztqNY.jpg,anthracnose,0.3822948932647705,565.6173095703125,1019.3204345703125,1711.9639892578125,3060.33544921875
ID_nztqNY.jpg,anthracnose,0.3323785364627838,121.3565902709961,405.25677490234375,794.651611328125,1304.59326171875
ID_hwc9lN.jpeg,healthy,0.7187231183052063,0.0,878.7988891601562,4000.0,1616.7357177734375
ID_hwc9lN.jpeg,healthy,0.46473437547683716,0.0,13.97237777709961,4000.0,944.6502685546875
ID_hwc9lN.jpeg,healthy,0.29764628410339355,0.0,556.17236328125,4000.0,1619.8140869140625
ID_niJqUH.jpg,healthy,0.8792024850845337,281.0454406738281,260.6978759765625,1279.1806640625,781.2933349609375
ID_N0xnjL.jpg,anthracnose,0.4759707748889923,0.0,71.09747314453125,810.0,1076.5533447265625
ID_N0xnjL.jpg,anthracnose,0.32608309388160706,142.7111358642578,0.0,766.3336791992188,1080.0
ID_N0xnjL.jpg,anthracnose,0.26418471336364746,10.760747909545898,418.1889343261719,590.1593017578125,1080.0
ID_QJU0Hd.jpeg,healthy,0.5703311562538147,0.0,3490.2490234375,1117.467041015625,4032.0
ID_QJU0Hd.jpeg,healthy,0.3932133615016937,72.4776840209961,0.0,2882.271484375,3902.831787109375
ID_QJU0Hd.jpeg,healthy,0.3095533549785614,0.0,3487.2529296875,1809.9755859375,4030.58935546875
ID_QJU0Hd.jpeg,anthracnose,0.2951386570930481,2551.43115234375,0.0,3024.0,2933.8916015625
ID_gUL19k.jpg,anthracnose,0.8854508996009827,30.807031631469727,0.0,2047.677734375,1454.771728515625
ID_gUL19k.jpg,anthracnose,0.46637022495269775,57.10175704956055,0.0,2048.0,417.9794921875
ID_gUL19k.jpg,anthracnose,0.3497987687587738,51.75957107543945,5.836035251617432,2045.614501953125,1033.421142578125
ID_gUL19k.jpg,anthracnose,0.3233368396759033,17.920312881469727,386.22637939453125,2048.0,1367.566650390625
ID_XEfi5Q.jpg,anthracnose,0.5503618121147156,265.4750061035156,95.32539367675781,2007.0181884765625,982.427734375
ID_XEfi5Q.jpg,anthracnose,0.5374102592468262,557.35400390625,1140.443115234375,1532.3524169921875,1481.181884765625
ID_XEfi5Q.jpg,healthy,0.4141140878200531,437.25799560546875,1.4083983898162842,1281.0228271484375,324.1814270019531
ID_fWyBOZ.jpg,anthracnose,0.701231837272644,14.87451171875,0.0,1280.0,960.0
ID_rp6bRP.jpg,healthy,0.8491614460945129,229.38668823242188,856.1466064453125,3264.0,2072.024658203125
ID_rp6bRP.jpg,healthy,0.5449416637420654,0.0,1532.7161865234375,687.5283813476562,2112.322509765625
ID_rp6bRP.jpg,anthracnose,0.4066333770751953,220.16970825195312,1837.775146484375,3246.91943359375,2439.93310546875
ID_rp6bRP.jpg,healthy,0.31936848163604736,0.0,410.1066589355469,823.0865478515625,1229.4652099609375
ID_XAcZ89.jpeg,healthy,0.9127130508422852,302.8843994140625,97.74697875976562,917.36865234375,489.6576843261719
ID_XAcZ89.jpeg,healthy,0.34567445516586304,0.0,0.0,408.7296142578125,222.7266082763672
ID_MTiY0w.jpeg,anthracnose,0.9307277202606201,0.0,0.0,4024.527099609375,2512.210693359375
ID_MTiY0w.jpeg,anthracnose,0.4496363401412964,666.5083618164062,2449.551025390625,4015.233154296875,3014.509033203125
ID_MTiY0w.jpeg,anthracnose,0.3942032754421234,784.4149780273438,385.8155822753906,3977.662353515625,2484.13427734375
ID_MTiY0w.jpeg,anthracnose,0.3872954845428467,899.7780151367188,2032.3463134765625,4004.937255859375,3017.38037109375
ID_zgeF64.jpg,cssvd,0.38723427057266235,364.09161376953125,543.5244140625,1995.181396484375,1535.113525390625
ID_oN03zx.jpg,cssvd,0.5421541333198547,58.895660400390625,126.35064697265625,987.0975341796875,613.95947265625
ID_JB5iiu.JPG,healthy,0.9783904552459717,1086.371337890625,570.5695190429688,2099.795166015625,1199.772705078125
ID_JB5iiu.JPG,healthy,0.8323450088500977,813.2593383789062,1063.7574462890625,1717.6976318359375,1731.4674072265625
ID_JB5iiu.JPG,healthy,0.7821308374404907,0.0,1377.690673828125,1170.8687744140625,2036.1080322265625
ID_IjYDze.jpg,cssvd,0.6500782370567322,91.52998352050781,0.0,1080.0,445.3334655761719
ID_IjYDze.jpg,healthy,0.31076309084892273,58.04710388183594,0.0,522.6488037109375,137.50157165527344
ID_vznFRe.jpeg,anthracnose,0.8830153942108154,21.664709091186523,18.6519832611084,3919.83251953125,2209.13037109375
ID_vznFRe.jpeg,healthy,0.333202064037323,424.8421936035156,2224.48974609375,1226.205322265625,3017.961669921875
ID_vznFRe.jpeg,healthy,0.2686098515987396,418.3345642089844,2448.644775390625,2807.987060546875,3023.46533203125
ID_vznFRe.jpeg,anthracnose,0.25405675172805786,0.0,167.87741088867188,3898.710205078125,1714.6177978515625
ID_C0Cmx7.jpg,cssvd,0.5439091324806213,1757.509033203125,0.0,3249.548095703125,1555.0823974609375
ID_C0Cmx7.jpg,anthracnose,0.3678145110607147,1766.4630126953125,0.0,3264.0,1569.7708740234375
ID_C0Cmx7.jpg,healthy,0.3457043170928955,367.2861328125,1424.14013671875,796.7720947265625,1939.674072265625
ID_kh5ilZ.JPG,anthracnose,0.42013341188430786,1819.6033935546875,798.3526000976562,3263.638916015625,2133.984130859375
ID_kh5ilZ.JPG,cssvd,0.3854205906391144,1699.1419677734375,1950.624267578125,3252.72998046875,2447.231689453125
ID_p4aJv5.jpg,anthracnose,0.5360769629478455,227.5736541748047,2.8641357421875,1042.404052734375,433.54901123046875
ID_p4aJv5.jpg,cssvd,0.3239131569862366,868.6542358398438,127.1161880493164,1079.8499755859375,799.4840087890625
ID_Tgr1P1.jpeg,anthracnose,0.706295907497406,263.871337890625,990.7845458984375,3802.46044921875,2397.8232421875
ID_Tgr1P1.jpeg,healthy,0.6943053007125854,476.2528991699219,1972.096435546875,3828.29736328125,3015.612060546875
ID_Tgr1P1.jpeg,healthy,0.4228546917438507,299.9036865234375,936.2332763671875,3858.432373046875,3021.99853515625
ID_Tgr1P1.jpeg,anthracnose,0.2733323872089386,48.298492431640625,3.768214225769043,1490.0701904296875,1183.025146484375
ID_aMdVkL.JPG,healthy,0.7097210884094238,2286.31982421875,1367.7103271484375,3263.031494140625,2017.4183349609375
ID_aMdVkL.JPG,healthy,0.6566521525382996,0.0,548.3428955078125,2970.3779296875,1460.6068115234375
ID_aMdVkL.JPG,cssvd,0.5325971245765686,2644.484375,45.25627517700195,3264.0,1233.840576171875
ID_aMdVkL.JPG,healthy,0.3922012746334076,2630.853515625,88.3877182006836,3264.0,1237.524169921875
ID_LkGCye.jpeg,healthy,0.7152922749519348,754.1761474609375,202.59274291992188,1269.6431884765625,437.0997009277344
ID_LkGCye.jpeg,healthy,0.5657241344451904,196.74757385253906,268.34356689453125,623.9237060546875,455.49371337890625
ID_LkGCye.jpeg,healthy,0.5560935139656067,667.703857421875,59.611541748046875,916.773193359375,325.6160888671875
ID_ZkKMR6.jpg,cssvd,0.31451866030693054,0.0,12.91888427734375,1280.0,904.2547607421875
ID_uxGyKi.jpg,healthy,0.9198617935180664,527.3460083007812,736.2512817382812,953.7425537109375,1079.41064453125
ID_vmENtL.jpg,cssvd,0.7424719929695129,0.0,0.0,1267.179443359375,782.8807373046875
ID_vmENtL.jpg,healthy,0.3471113443374634,0.710479736328125,641.0572509765625,212.05624389648438,959.1795654296875
ID_jqWVUC.jpeg,healthy,0.6807979345321655,287.51593017578125,508.6228942871094,4032.0,2528.859375
ID_jqWVUC.jpeg,healthy,0.651414692401886,3125.762451171875,14.133952140808105,3591.10791015625,708.3438720703125
ID_jqWVUC.jpeg,healthy,0.6442402601242065,0.0,1479.3822021484375,618.5384521484375,3024.0
ID_jqWVUC.jpeg,healthy,0.5854659676551819,0.0,0.0,997.8623657226562,1240.8046875
ID_jqWVUC.jpeg,healthy,0.5799503326416016,323.4065856933594,2031.2708740234375,2850.397705078125,3024.0
ID_jqWVUC.jpeg,healthy,0.39893701672554016,469.1711730957031,2275.923583984375,2903.187744140625,3024.0
ID_jqWVUC.jpeg,healthy,0.3903598487377167,0.0,1500.505615234375,1250.64208984375,3019.12548828125
ID_jqWVUC.jpeg,healthy,0.372110515832901,96.56910705566406,1732.5230712890625,2805.903076171875,3024.0
ID_NHHRG9.jpg,anthracnose,0.8793922662734985,54.54765701293945,0.0,2048.0,1218.422119140625
ID_NHHRG9.jpg,anthracnose,0.7108036875724792,366.30938720703125,90.0634765625,2039.759765625,1032.605224609375
ID_NHHRG9.jpg,anthracnose,0.6144200563430786,5.017382621765137,0.0,2047.698486328125,423.86590576171875
ID_NHHRG9.jpg,anthracnose,0.47611135244369507,376.16583251953125,281.5684509277344,2043.2835693359375,1245.8414306640625
ID_NHHRG9.jpg,anthracnose,0.4247609078884125,37.24238204956055,1.0027344226837158,2048.0,620.0206909179688
ID_NHHRG9.jpg,anthracnose,0.39834293723106384,6.078711032867432,481.1114196777344,1947.724609375,1527.53076171875
ID_SFMi0L.jpeg,anthracnose,0.8519988059997559,0.0,71.9512710571289,4027.373291015625,2172.85986328125
ID_SFMi0L.jpeg,healthy,0.5508264899253845,75.45465087890625,2574.372314453125,4032.0,3012.142333984375
ID_SFMi0L.jpeg,healthy,0.30911409854888916,254.4482421875,2700.0673828125,4032.0,3018.602783203125
ID_o3rhh5.jpg,healthy,0.6610578298568726,0.0,0.0,1080.0,426.44732666015625
ID_o3rhh5.jpg,anthracnose,0.26908639073371887,0.06365203857421875,379.6465148925781,992.7089233398438,807.7711181640625
ID_KmwJ73.jpg,anthracnose,0.9017895460128784,100.53984069824219,0.0,2044.7249755859375,1344.893310546875
ID_KmwJ73.jpg,anthracnose,0.8488081693649292,321.9585876464844,0.0,2030.4573974609375,1015.43505859375
ID_KmwJ73.jpg,anthracnose,0.5107056498527527,317.14337158203125,400.33392333984375,2048.0,1484.912841796875
ID_KmwJ73.jpg,anthracnose,0.49512237310409546,383.5679626464844,697.1246337890625,2048.0,1481.0455322265625
ID_sqjPvs.jpg,healthy,0.43229907751083374,602.7081909179688,379.62890625,808.1994018554688,616.0735473632812
ID_sqjPvs.jpg,healthy,0.3659636378288269,2.5539608001708984,16.146812438964844,798.1166381835938,579.4821166992188
ID_sqjPvs.jpg,healthy,0.34109580516815186,730.5265502929688,183.61181640625,810.0,499.1072082519531
ID_sqjPvs.jpg,cssvd,0.31299999356269836,3.5922203063964844,14.322738647460938,802.83056640625,561.8737182617188
ID_z2lQYj.jpg,healthy,0.6097212433815002,0.0,0.0,1060.32861328125,678.10791015625
ID_z2lQYj.jpg,cssvd,0.3987721800804138,0.0,0.0,1046.2840576171875,680.4719848632812
ID_Josquf.JPG,healthy,0.855358898639679,40.44638442993164,0.0,3264.0,1965.2816162109375
ID_Josquf.JPG,healthy,0.7400086522102356,165.87295532226562,0.3726791441440582,3264.0,1144.62548828125
ID_Josquf.JPG,healthy,0.5723538994789124,0.0,1702.1470947265625,1799.1083984375,2092.0927734375
ID_Josquf.JPG,healthy,0.5147082805633545,0.0,1716.5858154296875,1249.710205078125,2049.77001953125
ID_Josquf.JPG,healthy,0.46240708231925964,232.91473388671875,0.0,3256.802490234375,674.8682861328125
ID_Josquf.JPG,healthy,0.38666000962257385,84.27668762207031,230.3021697998047,3264.0,1566.476318359375
ID_Josquf.JPG,healthy,0.3798273801803589,0.163421630859375,1681.142822265625,3073.24462890625,2113.49853515625
ID_Josquf.JPG,healthy,0.3771914541721344,0.0,0.4559074342250824,774.5750732421875,437.0705871582031
ID_Josquf.JPG,healthy,0.34858816862106323,0.0,1274.783447265625,977.3841552734375,1961.89111328125
ID_Josquf.JPG,healthy,0.26243504881858826,0.0,1686.875732421875,3163.54833984375,2322.915771484375
ID_Josquf.JPG,healthy,0.25711995363235474,173.5378875732422,3.2634520530700684,1792.04931640625,962.62841796875
ID_VS5coP.jpeg,healthy,0.6959370970726013,111.4659423828125,0.0,1268.0087890625,429.165771484375
ID_GOuZI2.jpg,healthy,0.6016674637794495,1194.77490234375,1307.3204345703125,1942.1334228515625,2733.71826171875
ID_sw44Lu.jpeg,healthy,0.4582006335258484,660.09033203125,0.0,3154.207275390625,2967.187255859375
ID_sw44Lu.jpeg,healthy,0.37603431940078735,1513.66064453125,2.0273895263671875,4019.8291015625,1838.552490234375
ID_sw44Lu.jpeg,cssvd,0.3630043566226959,406.177734375,0.0,1423.06103515625,2979.534912109375
ID_sw44Lu.jpeg,healthy,0.26491779088974,3.833991527557373,2513.7138671875,392.19427490234375,3024.0
ID_dFCixl.jpg,anthracnose,0.8157614469528198,171.19427490234375,8.68450927734375,4128.0,1140.9927978515625
ID_dFCixl.jpg,anthracnose,0.7511652112007141,0.0,307.2471008300781,4128.0,3096.0
ID_JIXDdd.jpeg,healthy,0.8112077713012695,538.9314575195312,101.41426849365234,4016.416015625,2790.762939453125
ID_JIXDdd.jpeg,healthy,0.4520656168460846,1252.3360595703125,0.0,3989.50341796875,1055.6710205078125
ID_JIXDdd.jpeg,healthy,0.38468486070632935,1114.7919921875,0.0,3948.641845703125,621.5137939453125
ID_JIXDdd.jpeg,healthy,0.3590954542160034,596.7550048828125,850.2648315429688,4015.560791015625,2716.688720703125
ID_TAZIJ7.jpeg,healthy,0.5810272693634033,483.7406921386719,0.0,3016.796630859375,3871.79736328125
ID_TAZIJ7.jpeg,healthy,0.48413610458374023,3.13130259513855,1784.827880859375,376.4943542480469,2807.086669921875
ID_pn5Moa.jpeg,healthy,0.7338590621948242,0.9928344488143921,1767.24755859375,670.1653442382812,2803.734375
ID_pn5Moa.jpeg,healthy,0.7029624581336975,0.0,0.0,1455.684326171875,1402.582763671875
ID_pn5Moa.jpeg,healthy,0.5928372740745544,993.9873046875,0.0,3216.353759765625,3024.0
ID_pn5Moa.jpeg,cssvd,0.372224360704422,959.15380859375,0.0,3177.041748046875,3019.356689453125
ID_bdRL7B.jpeg,anthracnose,0.785480797290802,947.7579345703125,0.0,2861.454833984375,3926.80859375
ID_bdRL7B.jpeg,anthracnose,0.354858934879303,2621.653564453125,11.839608192443848,3024.0,2897.899658203125
ID_bdRL7B.jpeg,anthracnose,0.2958712577819824,929.431640625,1461.4234619140625,2950.716796875,3829.75537109375
ID_bdRL7B.jpeg,anthracnose,0.27016347646713257,8.550603866577148,1.4649306535720825,2830.841796875,866.147216796875
ID_zjLRFm.JPG,healthy,0.9005519151687622,1480.152587890625,695.6847534179688,2174.509033203125,1202.6373291015625
ID_zjLRFm.JPG,healthy,0.8379887342453003,1639.4002685546875,1504.2550048828125,2715.009033203125,2301.882080078125
ID_zjLRFm.JPG,healthy,0.41796642541885376,1479.1748046875,571.64794921875,2318.204345703125,1012.6951904296875
ID_zjLRFm.JPG,healthy,0.2653936743736267,2647.66455078125,1302.0531005859375,3248.51806640625,1759.292236328125
ID_LqD6nA.jpeg,healthy,0.8001998662948608,0.0,32.57300567626953,4032.0,2142.58251953125
ID_LqD6nA.jpeg,healthy,0.5784870386123657,3.0150327682495117,2208.83544921875,3755.46826171875,3017.751708984375
ID_LqD6nA.jpeg,healthy,0.5111175179481506,11.3331937789917,0.0,2565.56005859375,375.266845703125
ID_LqD6nA.jpeg,healthy,0.4179784953594208,0.0,2005.2713623046875,2724.233154296875,3024.0
ID_LqD6nA.jpeg,healthy,0.4151436388492584,22.57756233215332,0.0,3628.296142578125,363.3880920410156
ID_LqD6nA.jpeg,healthy,0.2649146020412445,0.0,1959.3494873046875,1132.7926025390625,3024.0
ID_LqD6nA.jpeg,healthy,0.2578485906124115,0.0,2138.662841796875,3209.056396484375,2848.201904296875
ID_w4Fsqv.jpeg,anthracnose,0.8884772658348083,492.1290283203125,362.70428466796875,4017.19580078125,2557.09619140625
ID_w4Fsqv.jpeg,anthracnose,0.2540833652019501,0.0,100.43354797363281,3985.00830078125,2323.07763671875
ID_nLjVPq.jpeg,cssvd,0.3788142204284668,726.18994140625,384.765380859375,3886.70849609375,1798.5194091796875
ID_nLjVPq.jpeg,anthracnose,0.3386094570159912,652.4310913085938,334.8403625488281,3221.451171875,1793.1328125
ID_jxvYQ8.JPG,healthy,0.7288711071014404,0.0,318.4516296386719,3123.16796875,1856.0194091796875
ID_jxvYQ8.JPG,healthy,0.3846171498298645,876.20458984375,1514.97265625,3245.07470703125,2301.969482421875
ID_jxvYQ8.JPG,healthy,0.27976194024086,0.0,1771.3089599609375,588.7367553710938,2444.07373046875
ID_s8kkQp.jpg,healthy,0.5714672803878784,26.01557159423828,209.32150268554688,161.8572235107422,300.4431457519531
ID_s8kkQp.jpg,healthy,0.3272245228290558,0.0,369.85675048828125,192.60655212402344,415.5908203125
ID_s8kkQp.jpg,healthy,0.2706221640110016,282.11590576171875,313.7487487792969,337.906494140625,400.60614013671875
ID_JYM214.jpg,cssvd,0.8412700295448303,0.0,0.0,1280.0,814.1152954101562
ID_JYM214.jpg,healthy,0.4640880525112152,125.794677734375,788.1851806640625,1275.806640625,956.3482666015625
ID_fYQixb.jpeg,healthy,0.8494020700454712,2.7325439453125,257.5709228515625,1280.0,572.6055908203125
ID_fYQixb.jpeg,healthy,0.7343204617500305,10.451171875,2.85675048828125,1263.212646484375,332.9266357421875
ID_fYQixb.jpeg,healthy,0.2538713812828064,13.783203125,0.0,1267.96728515625,214.97006225585938
ID_YMWl03.jpg,anthracnose,0.8835400938987732,53.783592224121094,204.6776885986328,2048.0,1448.852294921875
ID_YMWl03.jpg,anthracnose,0.5778229832649231,35.95331954956055,0.0,1933.0277099609375,436.28302001953125
ID_cb1Wwh.jpg,anthracnose,0.5498613715171814,505.5788879394531,0.0,2341.724609375,2438.511962890625
ID_cb1Wwh.jpg,cssvd,0.2966673970222473,2500.722900390625,6.961605548858643,3264.0,1382.913330078125
ID_cb1Wwh.jpg,healthy,0.27730032801628113,2351.1552734375,1011.5484619140625,3264.0,2446.06884765625
ID_cb1Wwh.jpg,anthracnose,0.26337435841560364,0.0,1071.5855712890625,553.4747924804688,2416.615966796875
ID_cb1Wwh.jpg,healthy,0.26276695728302,2349.5244140625,1492.212890625,3264.0,2446.725830078125
ID_Ivijgf.jpg,anthracnose,0.9147121906280518,461.2349853515625,231.1006317138672,1278.7552490234375,701.1174926757812
ID_Ivijgf.jpg,anthracnose,0.5555903315544128,456.5522155761719,15.0657958984375,1279.45166015625,690.9541015625
ID_Ivijgf.jpg,anthracnose,0.46128490567207336,0.0,0.042083740234375,1255.67333984375,235.14283752441406
ID_PSqZfs.jpg,healthy,0.5695581436157227,10.898568153381348,150.0966033935547,416.0,381.2898864746094
ID_PSqZfs.jpg,healthy,0.47938990592956543,13.254064559936523,355.6391906738281,415.8213195800781,415.5394592285156
ID_PSqZfs.jpg,healthy,0.43358558416366577,58.92338943481445,2.5857176780700684,414.3858642578125,248.34042358398438
ID_PSqZfs.jpg,healthy,0.410217821598053,20.0551815032959,7.242437839508057,415.7732238769531,111.97309112548828
ID_PSqZfs.jpg,healthy,0.4002663791179657,332.14300537109375,303.391845703125,403.15496826171875,415.6608581542969
ID_PSqZfs.jpg,healthy,0.3086455166339874,11.640093803405762,286.3453063964844,416.0,415.2876281738281
ID_PSqZfs.jpg,healthy,0.28813764452934265,218.1549835205078,139.84286499023438,416.0,371.50714111328125
ID_PSqZfs.jpg,healthy,0.2858377993106842,29.969507217407227,3.0581717491149902,278.5880432128906,91.42302703857422
ID_PSqZfs.jpg,healthy,0.2690807580947876,30.875991821289062,322.3045959472656,408.6279296875,415.1885986328125
ID_LzFwB3.jpg,anthracnose,0.9417435526847839,0.0,209.23037719726562,1280.0,851.1163330078125
ID_LzFwB3.jpg,anthracnose,0.32496020197868347,122.2889404296875,355.3133544921875,1275.5474853515625,857.29296875
ID_NnZXiB.jpg,cssvd,0.7014580965042114,0.0,127.07733154296875,1280.0,834.5899047851562
ID_yoaJnY.jpg,healthy,0.8807971477508545,738.0554809570312,1235.377197265625,1634.2320556640625,2223.45556640625
ID_yoaJnY.jpg,healthy,0.731378436088562,16.127534866333008,2459.167724609375,482.4966125488281,3114.4423828125
ID_jIHTPo.jpg,healthy,0.6871590614318848,0.0,791.612548828125,642.3147583007812,958.8387451171875
ID_jIHTPo.jpg,anthracnose,0.6217254996299744,0.0,24.41082763671875,1277.664306640625,663.88427734375
ID_jIHTPo.jpg,cssvd,0.42956778407096863,0.0,20.4892578125,1273.125244140625,668.45654296875
ID_jIHTPo.jpg,healthy,0.3070094883441925,0.0,779.6221923828125,877.2677001953125,959.642822265625
ID_jXoAFl.jpg,cssvd,0.7126361131668091,0.0,205.1041259765625,1273.3399658203125,791.8944091796875
ID_jXoAFl.jpg,healthy,0.6746789216995239,5.455810546875,0.0,1190.5068359375,349.0531311035156
ID_jXoAFl.jpg,healthy,0.41636139154434204,0.0,0.0,1216.9058837890625,227.45938110351562
ID_S1PHIl.jpg,healthy,0.6946440935134888,671.6141357421875,85.62627410888672,761.1613159179688,277.59002685546875
ID_S1PHIl.jpg,healthy,0.4973258078098297,149.31956481933594,257.4423522949219,563.642822265625,478.3883361816406
ID_S1PHIl.jpg,healthy,0.4411065876483917,0.0,0.0,107.50359344482422,203.66281127929688
ID_S1PHIl.jpg,healthy,0.4385508596897125,653.3905639648438,263.8479919433594,869.8165283203125,415.3604431152344
ID_S1PHIl.jpg,healthy,0.35702791810035706,137.616943359375,216.16078186035156,634.451171875,481.2310485839844
ID_UbLWzh.jpg,cssvd,0.7613720297813416,0.0,40.7122802734375,1210.753662109375,956.5105590820312
ID_UbLWzh.jpg,healthy,0.4000642001628876,287.92724609375,0.0,1280.0,228.73855590820312
ID_XvjhVZ.JPG,healthy,0.6448048949241638,0.0,140.9314727783203,1031.5599365234375,1171.0906982421875
ID_XvjhVZ.JPG,healthy,0.2974286377429962,48.4095344543457,0.0,3246.148193359375,752.3363647460938
ID_XvjhVZ.JPG,healthy,0.26469868421554565,0.0,2061.302734375,1307.93017578125,2448.0
ID_XvjhVZ.JPG,anthracnose,0.258467435836792,836.2664184570312,534.3756713867188,1902.9754638671875,1719.8505859375
ID_m8whrH.jpg,healthy,0.7655674815177917,19.173254013061523,145.02099609375,397.4082946777344,278.7950744628906
ID_m8whrH.jpg,healthy,0.7630059719085693,26.451793670654297,96.29187774658203,404.30682373046875,284.6342468261719
ID_m8whrH.jpg,healthy,0.4812892973423004,12.707174301147461,13.854156494140625,404.6640319824219,285.6687316894531
ID_m8whrH.jpg,healthy,0.28285855054855347,62.388118743896484,198.74697875976562,266.2610778808594,369.48388671875
ID_m8whrH.jpg,healthy,0.26536116003990173,12.110931396484375,153.69528198242188,328.2620849609375,372.38873291015625
ID_qQRBL9.jpeg,healthy,0.8196168541908264,0.79718017578125,990.2938842773438,130.70526123046875,1245.62939453125
ID_qQRBL9.jpeg,anthracnose,0.43168315291404724,31.0062255859375,0.0,561.7802124023438,1275.650146484375
ID_qQRBL9.jpeg,healthy,0.2668903172016144,358.01470947265625,800.989990234375,520.1529541015625,1182.828125
ID_MF2EXB.jpg,healthy,0.330942839384079,634.0878295898438,485.7536315917969,765.4976196289062,698.3884887695312
ID_MF2EXB.jpg,cssvd,0.2891353368759155,33.747528076171875,0.0,723.1087036132812,1006.9892578125
ID_kNIJrZ.jpeg,healthy,0.8835706114768982,13.280410766601562,1408.0042724609375,3024.0,3271.19140625
ID_kNIJrZ.jpeg,healthy,0.5169184803962708,0.0,0.0,1026.8497314453125,800.5913696289062
ID_kNIJrZ.jpeg,healthy,0.3624395430088043,0.0,3223.258056640625,2977.048828125,4026.541259765625
ID_kNIJrZ.jpeg,healthy,0.3457171320915222,0.0,2789.277587890625,1091.7762451171875,4032.0
ID_kNIJrZ.jpeg,healthy,0.32159391045570374,0.0,2925.065673828125,2588.743896484375,4028.659912109375
ID_zpqJjo.jpg,anthracnose,0.9482805132865906,28.157812118530273,73.2383804321289,2048.0,1536.0
ID_zpqJjo.jpg,anthracnose,0.48217329382896423,0.0,612.615234375,2048.0,1534.9788818359375
ID_zpqJjo.jpg,anthracnose,0.3794313967227936,5.485156059265137,1076.942626953125,2046.0015869140625,1532.083251953125
ID_zpqJjo.jpg,anthracnose,0.2745084762573242,203.60507202148438,867.2273559570312,2034.5560302734375,1533.173095703125
ID_dp4YLN.jpg,cssvd,0.3122055232524872,0.0,0.0,1255.9075927734375,423.5655822753906
ID_dp4YLN.jpg,cssvd,0.2827630937099457,0.0,0.0,1238.9627685546875,240.13504028320312
ID_dp4YLN.jpg,cssvd,0.26539525389671326,0.0,11.12152099609375,1280.0,700.4662475585938
ID_dp4YLN.jpg,cssvd,0.2576071321964264,0.0,452.00823974609375,991.239501953125,797.7523803710938
ID_YdrGaW.jpg,cssvd,0.314186155796051,0.0,0.0,372.18353271484375,243.9708251953125
ID_WSLns6.jpg,anthracnose,0.8870869278907776,231.25833129882812,100.31926727294922,4128.0,2964.745361328125
ID_WSLns6.jpg,anthracnose,0.2899636924266815,496.4208679199219,829.8660888671875,4128.0,3012.4765625
ID_WSLns6.jpg,anthracnose,0.28367680311203003,526.1572265625,1561.0899658203125,4107.0556640625,3067.70166015625
ID_WSLns6.jpg,anthracnose,0.2543855607509613,795.2802124023438,2106.213623046875,4079.221923828125,3086.241943359375
ID_YZMjWN.jpg,cssvd,0.49332547187805176,39.033966064453125,279.4524230957031,960.0,1273.38037109375
ID_TCRFEQ.JPG,healthy,0.9648642539978027,1133.3328857421875,870.3237915039062,1870.14501953125,1330.5911865234375
ID_TCRFEQ.JPG,healthy,0.909535825252533,0.0,0.0,937.2314453125,577.4439697265625
ID_rJ0U1a.jpg,cssvd,0.4478530287742615,3.566986083984375,0.0,1080.0,649.6572875976562
ID_rJ0U1a.jpg,healthy,0.38546857237815857,0.42990875244140625,0.0,1080.0,642.09423828125
ID_VbcDXI.jpg,anthracnose,0.8650006055831909,4.771756172180176,476.6311340332031,4128.0,2597.946044921875
ID_VbcDXI.jpg,anthracnose,0.6858893036842346,9.795071601867676,1093.1875,4128.0,2574.744384765625
ID_VbcDXI.jpg,anthracnose,0.5699676871299744,42.166717529296875,2510.340087890625,4128.0,3083.210693359375
ID_VbcDXI.jpg,anthracnose,0.5059481859207153,527.5296020507812,0.0,3794.013427734375,772.55908203125
ID_VbcDXI.jpg,anthracnose,0.2936171591281891,0.0,2335.17041015625,449.5262145996094,3086.69775390625
ID_VbcDXI.jpg,anthracnose,0.2904653251171112,368.9117431640625,2214.162841796875,4122.89990234375,3085.732421875
ID_asy8YG.jpeg,anthracnose,0.9481847882270813,285.39453125,33.074039459228516,4005.2763671875,2688.775146484375
ID_asy8YG.jpeg,anthracnose,0.3066868185997009,1197.3126220703125,2479.345703125,4002.172607421875,3018.426513671875
ID_KRBWR8.jpeg,anthracnose,0.7488678097724915,1667.82421875,0.0,3998.8310546875,2962.9169921875
ID_KRBWR8.jpeg,healthy,0.6345406174659729,0.0,1733.2916259765625,939.88623046875,3024.0
ID_KRBWR8.jpeg,anthracnose,0.5089811086654663,1834.489990234375,1123.6751708984375,4011.94482421875,2936.57666015625
ID_KRBWR8.jpeg,healthy,0.47758159041404724,248.23980712890625,269.2151794433594,1440.728515625,942.6115112304688
ID_KRBWR8.jpeg,anthracnose,0.33573436737060547,1703.8031005859375,0.0,3123.298828125,2684.58154296875
ID_KRBWR8.jpeg,anthracnose,0.3173012137413025,2458.895263671875,742.6713256835938,4032.0,2983.712890625
ID_KRBWR8.jpeg,anthracnose,0.2534278631210327,1884.1121826171875,2391.7109375,4016.474365234375,3024.0
ID_KRBWR8.jpeg,anthracnose,0.2534012496471405,1669.178466796875,719.3202514648438,3428.26806640625,2680.222412109375
ID_TiQ6ML.jpg,cssvd,0.4715532660484314,4.66265869140625,109.91534423828125,608.6611328125,816.7752075195312
ID_TiQ6ML.jpg,healthy,0.42562782764434814,0.0,255.57958984375,603.36474609375,812.959228515625
ID_TiQ6ML.jpg,healthy,0.39229023456573486,0.0,612.6332397460938,660.559326171875,958.3051147460938
ID_TiQ6ML.jpg,healthy,0.3411896824836731,0.0,680.427734375,919.0530395507812,959.180908203125
ID_TiQ6ML.jpg,cssvd,0.3021555244922638,3.6915283203125,316.44476318359375,606.2950439453125,805.7622680664062
ID_LuM0zS.jpg,healthy,0.5440804362297058,258.9107666015625,263.5247802734375,1280.0,514.1167602539062
ID_LuM0zS.jpg,healthy,0.4657074809074402,658.935791015625,626.84375,1273.314208984375,959.673828125
ID_LuM0zS.jpg,healthy,0.2940898835659027,265.0582275390625,517.7684326171875,1280.0,761.2252197265625
ID_LuM0zS.jpg,healthy,0.2624874711036682,941.8771362304688,0.0,1277.848876953125,482.3009033203125
ID_LuM0zS.jpg,anthracnose,0.2509865462779999,0.0,262.4383544921875,259.5177001953125,572.0517578125
ID_ZNZFXJ.jpg,healthy,0.6496769189834595,66.6318359375,275.24578857421875,1257.547607421875,637.5460815429688
ID_ZNZFXJ.jpg,healthy,0.5638280510902405,74.718505859375,55.25970458984375,1268.0140380859375,647.7446899414062
ID_ZNZFXJ.jpg,healthy,0.49163731932640076,0.0,651.3905639648438,1252.943359375,959.4443969726562
ID_WPRGm9.jpg,anthracnose,0.5043699145317078,80.76702117919922,234.46250915527344,1078.728759765625,810.0
ID_li2g5F.jpeg,healthy,0.8676350712776184,51.22210693359375,24.839895248413086,4032.0,2181.92333984375
ID_li2g5F.jpeg,healthy,0.8314484357833862,0.0,2020.546875,1093.914794921875,3020.52880859375
ID_li2g5F.jpeg,healthy,0.7677135467529297,1120.54052734375,2020.339599609375,1758.8795166015625,2993.743408203125
ID_li2g5F.jpeg,healthy,0.5911659598350525,2810.60498046875,2.678720712661743,4024.218017578125,603.0192260742188
ID_li2g5F.jpeg,healthy,0.39230501651763916,365.7395324707031,5.243863582611084,3993.95849609375,1607.587158203125
ID_li2g5F.jpeg,healthy,0.370740681886673,14.862524032592773,0.0,2395.01611328125,331.6647033691406
ID_vpcwW4.jpeg,healthy,0.6329684257507324,1706.3515625,272.5320739746094,2634.35302734375,1260.6966552734375
ID_KG6mrx.jpeg,anthracnose,0.8128647208213806,37.42451477050781,5.7035112380981445,3024.0,1968.9234619140625
ID_Tm3kkv.jpeg,healthy,0.8916926980018616,0.0,279.0555114746094,4032.0,2799.5615234375
ID_Tm3kkv.jpeg,healthy,0.5063953399658203,0.0,0.0,4032.0,754.5511474609375
ID_Tm3kkv.jpeg,healthy,0.4965476095676422,204.9895477294922,2553.021484375,4032.0,3014.179931640625
ID_Tm3kkv.jpeg,healthy,0.434296190738678,1.3879783153533936,2006.9979248046875,796.0298461914062,2792.919677734375
ID_Tm3kkv.jpeg,healthy,0.4050302505493164,0.0,0.0,2673.7626953125,960.4937133789062
ID_Tm3kkv.jpeg,healthy,0.3188245892524719,0.0,0.0,1727.7911376953125,936.88330078125
ID_GCKgNj.jpg,cssvd,0.5211192965507507,4.356820583343506,655.2811889648438,2065.46484375,1681.1611328125
ID_W0bQti.jpg,healthy,0.7350510358810425,401.50872802734375,488.80560302734375,2329.41943359375,1431.71826171875
ID_W0bQti.jpg,healthy,0.5429986119270325,2188.276611328125,1196.886474609375,3000.061767578125,1606.1422119140625
ID_W0bQti.jpg,cssvd,0.3220081627368927,27.250322341918945,1180.0594482421875,1543.7864990234375,2448.0
ID_W0bQti.jpg,healthy,0.31967365741729736,2774.85693359375,0.0,3055.297119140625,344.67218017578125
ID_wwzx75.jpg,anthracnose,0.7559111714363098,31.703125,12.535547256469727,2048.0,1512.900146484375
ID_wwzx75.jpg,anthracnose,0.6666245460510254,421.076904296875,8.182373046875,2029.8023681640625,746.93359375
ID_wwzx75.jpg,anthracnose,0.375070184469223,0.07109375298023224,641.7861938476562,2048.0,1497.9459228515625
ID_vTg3mr.jpg,anthracnose,0.4736064374446869,0.0,284.84039306640625,303.29736328125,803.9156494140625
ID_vTg3mr.jpg,anthracnose,0.42794692516326904,176.7886962890625,102.14653778076172,1080.0,698.766845703125
ID_vTg3mr.jpg,cssvd,0.3808404207229614,162.86537170410156,12.887992858886719,1080.0,698.8710327148438
ID_o6Mto0.JPG,healthy,0.9826323986053467,1323.99560546875,1059.7579345703125,2181.7744140625,1595.9805908203125
ID_o6Mto0.JPG,healthy,0.511343240737915,0.0,1174.3006591796875,1530.7161865234375,1974.068115234375
ID_o6Mto0.JPG,healthy,0.3144194185733795,13.06563663482666,0.0,1531.1165771484375,668.2922973632812
ID_o6Mto0.JPG,healthy,0.281733900308609,1505.359375,1496.332275390625,2162.468017578125,1888.76953125
ID_o6Mto0.JPG,healthy,0.26943814754486084,1373.18115234375,1418.5196533203125,2174.71484375,1655.90185546875
ID_tTFNac.jpg,anthracnose,0.7558728456497192,301.326904296875,204.36517333984375,1269.40576171875,671.5848388671875
ID_tTFNac.jpg,anthracnose,0.5718590021133423,261.5686340332031,0.1434326171875,1264.3798828125,178.8310089111328
ID_tTFNac.jpg,anthracnose,0.49082720279693604,212.96240234375,133.13888549804688,1277.29052734375,960.0
ID_tTFNac.jpg,anthracnose,0.47040215134620667,251.982177734375,35.52191162109375,1278.712646484375,780.8334350585938
ID_tTFNac.jpg,anthracnose,0.3988291919231415,253.7318115234375,361.5600280761719,1271.511474609375,957.910888671875
ID_tTFNac.jpg,anthracnose,0.2942666709423065,144.66265869140625,218.560302734375,740.8974609375,960.0
ID_tTFNac.jpg,anthracnose,0.25836560130119324,277.9857177734375,566.5526123046875,1267.896240234375,958.735595703125
ID_NGfv6g.jpeg,healthy,0.6242144107818604,628.1200561523438,313.2592468261719,2685.367919921875,4032.0
ID_NGfv6g.jpeg,healthy,0.5387715101242065,0.0,18.223241806030273,1015.6282958984375,2441.802490234375
ID_NGfv6g.jpeg,healthy,0.4217377305030823,681.3207397460938,1342.0628662109375,2629.822021484375,4007.799560546875
ID_NGfv6g.jpeg,healthy,0.30841949582099915,2.258486747741699,104.32125091552734,617.6403198242188,2503.017822265625
ID_NGfv6g.jpeg,healthy,0.30331656336784363,598.3016357421875,30.136486053466797,2633.120849609375,2398.37841796875
ID_vG16Zg.jpeg,healthy,0.8385964632034302,299.8375244140625,0.0,3946.9921875,2715.120361328125
ID_vG16Zg.jpeg,healthy,0.39457428455352783,995.272705078125,16.127599716186523,3782.4130859375,2007.359375
ID_vG16Zg.jpeg,healthy,0.3156915307044983,0.0,421.9442443847656,4009.305419921875,3024.0
ID_vG16Zg.jpeg,healthy,0.3154124319553375,220.14700317382812,1543.8963623046875,3322.51611328125,3022.140380859375
ID_RhFTLb.jpg,anthracnose,0.8886018991470337,0.0,9.658398628234863,1529.43017578125,1628.375244140625
ID_RhFTLb.jpg,anthracnose,0.44788435101509094,680.0162353515625,0.0,1532.7109375,1634.7373046875
ID_RhFTLb.jpg,anthracnose,0.3736369013786316,719.4326171875,1626.517822265625,1369.5023193359375,2048.0
ID_dfvqZz.jpg,healthy,0.4669695794582367,157.49810791015625,246.75384521484375,821.1316528320312,533.8788452148438
ID_kWKsnF.jpg,healthy,0.6148275136947632,2621.366943359375,88.08892822265625,3263.714111328125,1442.64599609375
ID_kWKsnF.jpg,healthy,0.32731547951698303,689.0914306640625,716.6016845703125,2243.1396484375,1581.9605712890625
ID_kWKsnF.jpg,anthracnose,0.3090898096561432,683.0466918945312,1498.525146484375,2382.790771484375,2283.824462890625
ID_kWKsnF.jpg,healthy,0.29980894923210144,2329.595947265625,1305.2093505859375,3179.409423828125,1871.9122314453125
ID_KtDmpI.jpg,anthracnose,0.9250397086143494,25.039159774780273,0.0,1526.91357421875,1384.00048828125
ID_KtDmpI.jpg,anthracnose,0.820199728012085,10.591992378234863,394.6617126464844,1536.0,2042.6343994140625
ID_KtDmpI.jpg,anthracnose,0.7318594455718994,0.0,343.405029296875,1536.0,1553.315185546875
ID_KtDmpI.jpg,anthracnose,0.3971654176712036,107.8304672241211,0.0,1345.702392578125,655.0728759765625
ID_KtDmpI.jpg,anthracnose,0.25185778737068176,119.43730163574219,1.77685546875,1533.5599365234375,515.7967529296875
ID_SVJoQs.jpeg,healthy,0.6158589720726013,0.0,25.135398864746094,4032.0,2473.522705078125
ID_SVJoQs.jpeg,healthy,0.5451359748840332,0.0,0.0,3665.218017578125,1309.36376953125
ID_SVJoQs.jpeg,healthy,0.4615340232849121,0.0,2.416717529296875,2424.82470703125,1367.0126953125
ID_SVJoQs.jpeg,healthy,0.45513322949409485,1645.896484375,1574.7572021484375,3997.353271484375,3024.0
ID_SVJoQs.jpeg,healthy,0.4358668625354767,469.83795166015625,0.0,4026.54345703125,1654.64208984375
ID_SVJoQs.jpeg,healthy,0.4306100606918335,1713.7164306640625,2180.09033203125,4026.49267578125,3022.308349609375
ID_SVJoQs.jpeg,healthy,0.30584895610809326,0.0,0.0,3437.524658203125,951.65380859375
ID_SVJoQs.jpeg,healthy,0.2946464419364929,0.0,0.0,3806.23193359375,719.8924560546875
ID_SVJoQs.jpeg,healthy,0.2727760374546051,1147.0592041015625,2537.5166015625,4021.99462890625,3018.990966796875
ID_TEq9KZ.jpg,healthy,0.4832583963871002,59.760353088378906,1057.122314453125,540.2913818359375,1533.3541259765625
ID_TEq9KZ.jpg,healthy,0.40618547797203064,517.8057861328125,461.1572265625,1934.2288818359375,1237.0980224609375
ID_TEq9KZ.jpg,anthracnose,0.3654356300830841,640.59375,3.4500975608825684,1340.969970703125,666.1530151367188
ID_TEq9KZ.jpg,healthy,0.294405072927475,55.924217224121094,1050.8775634765625,1027.750732421875,1535.611083984375
ID_TEq9KZ.jpg,anthracnose,0.2620083689689636,520.4564208984375,465.13916015625,1933.483642578125,1229.92724609375
ID_TEq9KZ.jpg,cssvd,0.254849910736084,520.3330078125,464.96563720703125,1922.572998046875,1223.855712890625
ID_AHlc9P.jpg,healthy,0.8257246613502502,186.19761657714844,456.3699951171875,3101.8759765625,1312.930419921875
ID_AHlc9P.jpg,healthy,0.35357099771499634,38.88376235961914,1435.363037109375,1673.4405517578125,2097.59912109375
ID_AHlc9P.jpg,healthy,0.2861584424972534,74.34843444824219,1930.436767578125,3135.482666015625,2448.0
ID_AHlc9P.jpg,healthy,0.2602948546409607,71.45182800292969,1478.8123779296875,1833.6529541015625,2372.96337890625
ID_AHlc9P.jpg,healthy,0.2502182424068451,172.6123046875,1734.3992919921875,2269.8095703125,2448.0
ID_BWl0VT.jpg,healthy,0.7463652491569519,5.553722858428955,80.58151245117188,401.8976745605469,310.0503845214844
ID_BWl0VT.jpg,healthy,0.505035400390625,0.012987899594008923,289.0655212402344,75.47405242919922,407.2637939453125
ID_BWl0VT.jpg,healthy,0.3708101511001587,7.910528659820557,86.67285919189453,400.9456481933594,232.6295166015625
ID_BWl0VT.jpg,healthy,0.3364015519618988,0.0,0.0,197.80638122558594,205.52999877929688
ID_BWl0VT.jpg,healthy,0.2555816173553467,0.0,33.751914978027344,142.78665161132812,238.0494384765625
ID_aCgBad.jpg,cssvd,0.5985316038131714,171.13465881347656,0.0,1590.235595703125,2122.707763671875
ID_gmo2BZ.jpg,anthracnose,0.582786500453949,75.32890319824219,66.4476547241211,2047.580322265625,1216.3704833984375
ID_gmo2BZ.jpg,anthracnose,0.38900014758110046,45.06367111206055,611.8248901367188,2048.0,1213.0001220703125
ID_TOmUKb.jpg,healthy,0.8558756709098816,24.42098045349121,160.6317596435547,409.1622314453125,373.1455078125
ID_TOmUKb.jpg,healthy,0.785408616065979,0.1965690553188324,286.07635498046875,37.636077880859375,380.0852355957031
ID_TOmUKb.jpg,healthy,0.5541672110557556,6.13096284866333,90.80046081542969,239.4273681640625,214.0264434814453
ID_TOmUKb.jpg,healthy,0.44562166929244995,0.0,357.9429931640625,242.5612335205078,415.781005859375
ID_TOmUKb.jpg,healthy,0.4281294345855713,196.8931121826172,65.89253997802734,312.95068359375,140.83193969726562
ID_TOmUKb.jpg,healthy,0.4272368848323822,0.09749355167150497,214.66209411621094,38.80723190307617,388.0726013183594
ID_TOmUKb.jpg,healthy,0.3928225040435791,160.3184051513672,8.732876777648926,216.20535278320312,75.01647186279297
ID_TOmUKb.jpg,healthy,0.35663411021232605,0.0,357.1866455078125,346.7342224121094,415.97698974609375
ID_TOmUKb.jpg,healthy,0.3170216679573059,22.869731903076172,333.4605407714844,412.7674560546875,415.1997985839844
ID_TOmUKb.jpg,healthy,0.31670302152633667,10.486900329589844,44.88376235961914,80.68228149414062,104.09455871582031
ID_TOmUKb.jpg,healthy,0.2694406509399414,43.663822174072266,247.48301696777344,410.1318664550781,415.4550476074219
ID_HSnv88.jpg,cssvd,0.8283719420433044,734.9190673828125,0.0,1279.6036376953125,954.8724365234375
ID_y01vv2.jpg,healthy,0.5675297379493713,5.538448810577393,41.25636291503906,399.047119140625,368.1529541015625
ID_y01vv2.jpg,healthy,0.45463308691978455,0.0,223.45721435546875,377.1502685546875,415.31207275390625
ID_y01vv2.jpg,healthy,0.4421543478965759,0.0,54.740142822265625,55.05890655517578,162.28665161132812
ID_y01vv2.jpg,healthy,0.28004080057144165,0.661425769329071,342.62640380859375,381.5122375488281,415.6452331542969
ID_y01vv2.jpg,healthy,0.26240435242652893,0.0,143.00924682617188,383.4132385253906,415.7244567871094
ID_DFyyru.jpg,anthracnose,0.5575659871101379,886.6349487304688,450.01055908203125,3260.43212890625,1658.4332275390625
ID_DFyyru.jpg,healthy,0.48367780447006226,0.3182830810546875,969.3336791992188,574.3916015625,1438.50927734375
ID_vQJj2Y.jpg,2,1.0,,,,
ID_LW5x6q.jpg,anthracnose,0.8764926791191101,0.0,449.00262451171875,2043.201171875,1525.4659423828125
ID_LW5x6q.jpg,anthracnose,0.362761527299881,15.362109184265137,1107.650634765625,2038.190185546875,1532.9716796875
ID_IcsbIu.jpg,healthy,0.8712576627731323,111.87049865722656,6.410398960113525,324.2804870605469,293.1258239746094
ID_IcsbIu.jpg,healthy,0.33155328035354614,223.86056518554688,53.493186950683594,414.0797424316406,243.81996154785156
ID_czKe5P.jpeg,healthy,0.7745212316513062,5.414638996124268,1288.0411376953125,3024.0,3601.767333984375
ID_czKe5P.jpeg,healthy,0.6722159385681152,2057.60009765625,242.13729858398438,3024.0,1040.7276611328125
ID_czKe5P.jpeg,healthy,0.5722710490226746,32.21136474609375,950.7369995117188,3022.890380859375,2825.15380859375
ID_czKe5P.jpeg,healthy,0.5703837871551514,441.6878356933594,0.0,1764.373291015625,439.3011169433594
ID_czKe5P.jpeg,healthy,0.4605709910392761,325.2099914550781,270.7684326171875,1256.6800537109375,1541.46240234375
ID_czKe5P.jpeg,healthy,0.40781405568122864,0.0,2091.8076171875,3024.0,3583.137939453125
ID_czKe5P.jpeg,healthy,0.2742599844932556,1830.563720703125,387.8638916015625,2219.529052734375,1179.660400390625
ID_GV0avy.jpeg,cssvd,0.5575351715087891,19.58447265625,0.0,573.6868896484375,1280.0
ID_JoCDQf.jpg,healthy,0.8038660883903503,97.75279235839844,118.61923217773438,276.3665466308594,251.431884765625
ID_JoCDQf.jpg,healthy,0.6650040149688721,43.040122985839844,187.59454345703125,232.90589904785156,372.09747314453125
ID_JoCDQf.jpg,healthy,0.4575434923171997,61.47776412963867,117.01567840576172,313.1159973144531,256.504150390625
ID_JoCDQf.jpg,healthy,0.2542319893836975,194.0242462158203,64.8337631225586,308.9378356933594,160.63394165039062
ID_mPuur5.jpg,anthracnose,0.7974443435668945,215.48046875,507.83074951171875,1838.147705078125,1306.4686279296875
ID_mPuur5.jpg,anthracnose,0.7768872380256653,215.1335906982422,163.05068969726562,1831.2916259765625,1307.251220703125
ID_mPuur5.jpg,anthracnose,0.39572960138320923,0.0,291.22235107421875,375.7781982421875,1070.6180419921875
ID_mPuur5.jpg,anthracnose,0.2585362195968628,409.89794921875,107.06196594238281,953.8497924804688,702.9146728515625
ID_DLYLty.jpg,healthy,0.761381208896637,701.9150390625,869.3162231445312,1767.9384765625,1481.2783203125
ID_DLYLty.jpg,healthy,0.6318526864051819,530.7843627929688,300.8346862792969,1909.244384765625,1093.7518310546875
ID_DLYLty.jpg,healthy,0.39801594614982605,72.07487487792969,1080.1412353515625,281.18048095703125,1512.794677734375
ID_DLYLty.jpg,healthy,0.29582518339157104,49.342041015625,239.61654663085938,325.2081604003906,632.4237670898438
ID_ZwY4OM.jpg,healthy,0.7681031227111816,0.0,213.89004516601562,2961.272216796875,857.5162353515625
ID_ZwY4OM.jpg,healthy,0.5566988587379456,18.717845916748047,0.0,2927.7275390625,473.784912109375
ID_ZwY4OM.jpg,healthy,0.5485174655914307,0.0,838.652099609375,2952.328369140625,1279.1055908203125
ID_ZwY4OM.jpg,healthy,0.47340595722198486,0.0,1291.8685302734375,2922.9697265625,2441.080322265625
ID_ZwY4OM.jpg,healthy,0.43600013852119446,12.529302597045898,391.512451171875,2969.215087890625,1287.91357421875
ID_ZwY4OM.jpg,cssvd,0.4280918836593628,44.36757278442383,1279.0133056640625,2985.719482421875,2435.02734375
ID_ZwY4OM.jpg,healthy,0.3273382782936096,0.0,1.8082603216171265,1673.32421875,464.7209167480469
ID_rGRsVE.jpg,cssvd,0.6030934453010559,0.0,18.7337646484375,1280.0,876.1761474609375
ID_rGRsVE.jpg,anthracnose,0.35015586018562317,0.0,541.0621337890625,429.020263671875,959.5701904296875
ID_Qe7Lg1.jpeg,cssvd,0.3749186396598816,74.74366760253906,603.4702758789062,2889.3154296875,4013.96435546875
ID_Qe7Lg1.jpeg,healthy,0.3436770439147949,65.45958709716797,236.8944549560547,2917.846923828125,4022.61669921875
ID_Qe7Lg1.jpeg,healthy,0.258727490901947,3.656174421310425,753.69189453125,333.2952880859375,2038.902587890625
ID_ekVh3Z.jpeg,anthracnose,0.8901675939559937,864.8903198242188,0.0,3911.005615234375,3024.0
ID_ekVh3Z.jpeg,anthracnose,0.6449131369590759,1146.312744140625,839.7123413085938,3946.20361328125,3017.21044921875
ID_ekVh3Z.jpeg,anthracnose,0.3964972496032715,1419.4737548828125,1333.8399658203125,3766.172119140625,3024.0
ID_ekVh3Z.jpeg,anthracnose,0.27472397685050964,1446.25830078125,1827.359130859375,3932.02783203125,3020.5654296875
ID_JfmHHi.jpeg,healthy,0.8537961840629578,2361.39599609375,0.0,4030.53369140625,1008.59423828125
ID_JfmHHi.jpeg,healthy,0.8404140472412109,633.5302734375,119.49889373779297,4032.0,2493.584716796875
ID_JfmHHi.jpeg,healthy,0.5472316145896912,2390.29541015625,0.0,4005.11572265625,710.8259887695312
ID_JfmHHi.jpeg,healthy,0.5224120616912842,0.0,1499.0230712890625,670.8217163085938,2204.39306640625
ID_M55N8h.jpg,healthy,0.7195056080818176,110.6922607421875,198.4681396484375,1280.0,814.06787109375
ID_M55N8h.jpg,healthy,0.5691008567810059,0.0,9.9420166015625,342.9271240234375,361.6822509765625
ID_M55N8h.jpg,healthy,0.5675931572914124,296.512939453125,729.48583984375,1275.119140625,958.3857421875
ID_M55N8h.jpg,healthy,0.5009262561798096,0.0,691.737060546875,348.64044189453125,958.688232421875
ID_M55N8h.jpg,healthy,0.28104594349861145,154.3232421875,791.113525390625,1280.0,959.1480712890625
ID_M55N8h.jpg,healthy,0.2588650584220886,273.17333984375,628.7399291992188,1275.603271484375,960.0
ID_d6xoGf.jpg,cssvd,0.36359119415283203,28.7728271484375,0.0,1280.0,920.2073364257812
ID_eCoRYk.jpeg,anthracnose,0.9584389925003052,0.0,0.0,4032.0,2687.5244140625
ID_eCoRYk.jpeg,anthracnose,0.3324338495731354,241.28799438476562,98.13680267333984,3974.966796875,1995.507568359375
ID_eCoRYk.jpeg,anthracnose,0.29897525906562805,424.1690979003906,576.2310180664062,4031.257080078125,2632.235107421875
ID_TKpRMW.jpg,anthracnose,0.9211561679840088,305.44451904296875,127.61991882324219,2024.221923828125,1259.982177734375
ID_iKFHn5.jpg,healthy,0.8439715504646301,269.0091247558594,537.3792114257812,3236.9345703125,2039.19970703125
ID_iKFHn5.jpg,healthy,0.5280458927154541,135.13754272460938,558.9054565429688,3192.56982421875,1570.335205078125
ID_iKFHn5.jpg,healthy,0.3625267744064331,8.15240478515625,0.0,1908.0047607421875,512.745849609375
ID_iKFHn5.jpg,healthy,0.2586974501609802,3076.38330078125,1157.2265625,3264.0,2448.0
ID_pwg2a0.jpeg,anthracnose,0.8555734753608704,0.0,975.4924926757812,3878.26904296875,2403.753662109375
ID_pwg2a0.jpeg,anthracnose,0.7812706828117371,0.0,368.73687744140625,3889.24462890625,2447.869873046875
ID_pwg2a0.jpeg,anthracnose,0.7195023894309998,0.0,1565.485595703125,3852.17236328125,2400.15234375
ID_pwg2a0.jpeg,anthracnose,0.6065296530723572,0.0,631.1514282226562,3860.41796875,2002.5489501953125
ID_zSiC0w.jpg,healthy,0.8230323195457458,931.3974609375,527.733154296875,2962.207275390625,1674.240478515625
ID_zSiC0w.jpg,healthy,0.579338014125824,877.1128540039062,0.0,3110.23046875,448.71038818359375
ID_TnbSXI.jpeg,healthy,0.8894491195678711,0.0,862.9523315429688,4032.0,2460.21728515625
ID_TnbSXI.jpeg,healthy,0.7016676068305969,0.0,2193.62158203125,4032.0,3018.20947265625
ID_TnbSXI.jpeg,healthy,0.6641142964363098,0.0,18.287841796875,4032.0,924.0839233398438
ID_TnbSXI.jpeg,healthy,0.3701132833957672,0.0,3.7404325008392334,1346.8609619140625,638.9937744140625
ID_TnbSXI.jpeg,healthy,0.334755539894104,0.0,50.51919937133789,3968.37548828125,1407.5987548828125
ID_TnbSXI.jpeg,healthy,0.31290221214294434,50.62071228027344,2240.460205078125,2291.596923828125,3020.65869140625
ID_TnbSXI.jpeg,healthy,0.25949954986572266,3.448965311050415,2195.982177734375,441.0119934082031,3024.0
ID_TnbSXI.jpeg,healthy,0.25671690702438354,242.2965850830078,1877.3009033203125,4021.897705078125,3018.3271484375
ID_TnbSXI.jpeg,healthy,0.25615963339805603,0.0,0.0,4013.735595703125,430.4520263671875
ID_h2CK7l.jpeg,anthracnose,0.4587854743003845,0.0,1172.2548828125,578.7503662109375,3102.31005859375
ID_h2CK7l.jpeg,cssvd,0.33186018466949463,795.2967529296875,0.0,3024.0,3971.122314453125
ID_h2CK7l.jpeg,anthracnose,0.28217780590057373,2.7680740356445312,460.5303649902344,757.304931640625,1844.4854736328125
ID_h2CK7l.jpeg,healthy,0.2746634781360626,2.5927321910858154,2922.968994140625,641.4116821289062,4012.43701171875
ID_BWoPJE.jpg,anthracnose,0.7403711080551147,615.92578125,607.5428466796875,4117.8681640625,2476.035400390625
ID_BWoPJE.jpg,anthracnose,0.3748251497745514,1512.73291015625,2488.79541015625,4101.3408203125,3094.068603515625
ID_BWoPJE.jpg,anthracnose,0.3745374083518982,26.20233726501465,0.0,4128.0,668.3880615234375
ID_GAVVFt.jpg,anthracnose,0.92994225025177,139.0546875,19.091602325439453,2038.475341796875,1258.0654296875
ID_GAVVFt.jpg,anthracnose,0.4490463137626648,15.521875381469727,0.978100597858429,2048.0,394.392333984375
ID_GAVVFt.jpg,anthracnose,0.338968425989151,120.1947250366211,727.8501586914062,2034.2047119140625,1533.4876708984375
ID_GAVVFt.jpg,anthracnose,0.33067405223846436,787.3765869140625,736.0396728515625,2042.5560302734375,1536.0
ID_GAVVFt.jpg,anthracnose,0.2724771499633789,390.069091796875,86.62353515625,2027.1898193359375,1040.1270751953125
ID_GAVVFt.jpg,anthracnose,0.2701956331729889,131.96524047851562,354.138671875,2040.756591796875,1472.2261962890625
ID_Rs0rTN.jpg,anthracnose,0.9008287191390991,179.6209716796875,195.43954467773438,1254.7564697265625,855.9930419921875
ID_Rs0rTN.jpg,anthracnose,0.5957591533660889,207.0130615234375,778.2687377929688,1248.870361328125,957.3641967773438
ID_Rs0rTN.jpg,anthracnose,0.4317328929901123,273.9598388671875,825.1520385742188,1246.5029296875,957.9949340820312
ID_Rs0rTN.jpg,anthracnose,0.25662314891815186,239.0299072265625,802.198486328125,1045.751708984375,958.7747802734375
ID_s9aN3f.jpg,healthy,0.7925955653190613,1.2911864519119263,1874.474365234375,1556.4654541015625,3109.200439453125
ID_s9aN3f.jpg,cssvd,0.6124304533004761,655.4231567382812,39.1402587890625,1951.9627685546875,2229.1796875
ID_s9aN3f.jpg,healthy,0.5769131779670715,0.0,1842.5673828125,1007.1837768554688,2745.393798828125
ID_s9aN3f.jpg,healthy,0.5044228434562683,0.0,1833.1707763671875,1574.8135986328125,2750.078857421875
ID_s9aN3f.jpg,cssvd,0.4422338306903839,2033.9493408203125,81.85804748535156,2448.0,1671.65478515625
ID_s9aN3f.jpg,cssvd,0.28505951166152954,487.7380676269531,303.25482177734375,1937.8546142578125,2773.63818359375
ID_oU6d6Q.jpg,anthracnose,0.752964973449707,404.8998107910156,533.5013427734375,2046.4039306640625,1531.6689453125
ID_oU6d6Q.jpg,anthracnose,0.7269461750984192,351.25079345703125,44.79863357543945,2048.0,1466.410888671875
ID_oU6d6Q.jpg,anthracnose,0.6680867075920105,469.29278564453125,824.9593505859375,2048.0,1534.6617431640625
ID_oU6d6Q.jpg,anthracnose,0.2696989178657532,652.3843994140625,1178.2291259765625,2040.540283203125,1533.095458984375
ID_MOZV95.jpg,healthy,0.6116889715194702,2577.046630859375,881.661376953125,3035.3818359375,1492.8011474609375
ID_MOZV95.jpg,anthracnose,0.4918142557144165,613.4583129882812,808.920654296875,2979.890625,2442.340087890625
ID_MOZV95.jpg,anthracnose,0.3714119493961334,470.7053527832031,20.819915771484375,2953.847900390625,2444.653076171875
ID_MOZV95.jpg,anthracnose,0.31124040484428406,874.7654418945312,330.669189453125,2721.57958984375,1793.680908203125
ID_BPRGb0.jpg,healthy,0.2929803729057312,1.0693359375,0.0,695.361328125,161.88648986816406
ID_BPRGb0.jpg,cssvd,0.25639858841896057,0.0,184.0169677734375,1280.0,956.253662109375
ID_FI7oJn.jpg,anthracnose,0.6867209076881409,196.93914794921875,11.071533203125,849.6320190429688,1223.266357421875
ID_FI7oJn.jpg,anthracnose,0.4328034222126007,238.95758056640625,194.555908203125,953.7808227539062,1263.9130859375
ID_FI7oJn.jpg,anthracnose,0.38096749782562256,363.9808349609375,0.0,959.0675048828125,1172.422119140625
ID_FI7oJn.jpg,anthracnose,0.3558838367462158,46.97515869140625,660.185302734375,949.115478515625,1279.4608154296875
ID_FI7oJn.jpg,anthracnose,0.33883464336395264,186.8157958984375,4.2381591796875,821.5684204101562,682.58154296875
ID_FI7oJn.jpg,anthracnose,0.3068312108516693,8.407958984375,864.12646484375,956.457763671875,1278.79833984375
ID_FI7oJn.jpg,anthracnose,0.30306655168533325,469.5115966796875,9.01104736328125,960.0,997.0296630859375
ID_FI7oJn.jpg,anthracnose,0.29383835196495056,218.897705078125,6.9560546875,796.103515625,962.27685546875
ID_FI7oJn.jpg,anthracnose,0.2680075466632843,266.57373046875,240.354736328125,833.954345703125,1163.11083984375
ID_xXnK2V.jpg,cssvd,0.4694468677043915,3.9519882202148438,6.328125,1070.93359375,627.5744018554688
ID_xXnK2V.jpg,anthracnose,0.33919960260391235,81.23977661132812,20.852737426757812,1068.184814453125,613.6875
ID_pFpDqu.jpg,healthy,0.25693345069885254,174.93226623535156,520.4117431640625,428.54791259765625,913.6234130859375
ID_QCZLFs.jpeg,cssvd,0.6528624296188354,2073.217041015625,848.6467895507812,3845.18505859375,3016.36572265625
ID_QCZLFs.jpeg,healthy,0.48929667472839355,2518.732421875,100.53958129882812,4030.28173828125,937.107177734375
ID_QCZLFs.jpeg,cssvd,0.4886140525341034,2537.01611328125,122.72896575927734,4032.0,915.7618408203125
ID_QCZLFs.jpeg,cssvd,0.37260013818740845,1085.677490234375,122.317626953125,2093.427978515625,2758.914306640625
ID_QCZLFs.jpeg,anthracnose,0.30780228972435,1106.97216796875,454.3101806640625,2031.832763671875,2750.970703125
ID_HcsqZd.jpeg,healthy,0.6432997584342957,0.0,64.82359313964844,4032.0,2397.53125
ID_HcsqZd.jpeg,healthy,0.5836763978004456,0.0,144.18617248535156,4032.0,1741.878173828125
ID_HcsqZd.jpeg,healthy,0.39003926515579224,0.0,0.0,4032.0,642.7509765625
ID_HcsqZd.jpeg,healthy,0.3156607151031494,0.0,1135.3060302734375,1031.58740234375,3019.69970703125
ID_HcsqZd.jpeg,healthy,0.29095029830932617,0.0,1.5675498247146606,1245.471923828125,586.8339233398438
ID_Zz62xP.jpg,anthracnose,0.6319115161895752,83.8788070678711,17.988964080810547,1181.507080078125,1419.4888916015625
ID_Zz62xP.jpg,anthracnose,0.6309673190116882,315.00897216796875,314.291015625,1536.0,2000.389892578125
ID_Zz62xP.jpg,anthracnose,0.4208856225013733,319.57830810546875,124.244140625,1536.0,2048.0
ID_Zz62xP.jpg,anthracnose,0.4168824851512909,306.70703125,48.64960861206055,1227.9366455078125,1692.356689453125
ID_ZCMudK.jpg,healthy,0.44840019941329956,1042.6322021484375,1723.4068603515625,2776.692626953125,2445.39892578125
ID_ItkmQn.jpg,healthy,0.9373210072517395,317.9066162109375,105.83726501464844,369.14068603515625,173.73373413085938
ID_ItkmQn.jpg,healthy,0.9361944198608398,334.44561767578125,262.58062744140625,383.5396728515625,332.0293884277344
ID_ItkmQn.jpg,healthy,0.8577788472175598,313.97821044921875,288.1387939453125,354.24273681640625,337.83758544921875
ID_ItkmQn.jpg,healthy,0.8262917399406433,259.1857604980469,361.1972961425781,356.3492431640625,416.0
ID_ItkmQn.jpg,healthy,0.7636908888816833,35.147518157958984,359.4046936035156,344.6271057128906,415.99212646484375
ID_ItkmQn.jpg,healthy,0.7216905951499939,329.13641357421875,337.08966064453125,382.7615966796875,396.0946960449219
ID_ItkmQn.jpg,healthy,0.6456642150878906,31.001317977905273,23.27239227294922,356.40423583984375,318.0109558105469
ID_ItkmQn.jpg,healthy,0.6439386606216431,313.4512634277344,260.53106689453125,367.8977355957031,339.02386474609375
ID_ItkmQn.jpg,healthy,0.6108989715576172,369.4128112792969,278.65673828125,408.88800048828125,358.9501647949219
ID_ItkmQn.jpg,healthy,0.558282196521759,91.810791015625,22.099721908569336,330.0526123046875,197.95693969726562
ID_ItkmQn.jpg,healthy,0.5333427786827087,373.6038513183594,218.41842651367188,413.2828674316406,281.72955322265625
ID_ItkmQn.jpg,healthy,0.48404672741889954,316.379150390625,260.27545166015625,384.6080627441406,335.0254821777344
ID_ItkmQn.jpg,healthy,0.4646282196044922,293.8244323730469,160.4253692626953,413.3663635253906,237.65843200683594
ID_ItkmQn.jpg,healthy,0.4099675416946411,255.3813018798828,217.58193969726562,296.8482360839844,267.778564453125
ID_ItkmQn.jpg,healthy,0.39097121357917786,0.07092761993408203,91.83463287353516,33.89956283569336,206.78590393066406
ID_ItkmQn.jpg,healthy,0.3663574159145355,344.5755310058594,261.6614685058594,415.3418884277344,346.5471496582031
ID_ItkmQn.jpg,healthy,0.3533954918384552,373.5528869628906,258.9916687011719,410.8204650878906,360.21136474609375
ID_ItkmQn.jpg,healthy,0.32012245059013367,333.11566162109375,251.99000549316406,398.9276123046875,336.823974609375
ID_ItkmQn.jpg,healthy,0.3200366199016571,34.78855895996094,299.1896057128906,305.8733215332031,415.71136474609375
ID_ItkmQn.jpg,healthy,0.3115417957305908,0.07914237678050995,104.12593078613281,67.36548614501953,413.2170104980469
ID_ItkmQn.jpg,healthy,0.3010658323764801,0.0,77.29426574707031,39.88074493408203,398.1242370605469
ID_ItkmQn.jpg,healthy,0.29871517419815063,49.080711364746094,103.77985382080078,305.7512512207031,332.9058837890625
ID_ItkmQn.jpg,healthy,0.28051993250846863,373.1030578613281,214.66444396972656,413.57672119140625,358.61016845703125
ID_ItkmQn.jpg,healthy,0.2601048946380615,6.005934238433838,369.4128723144531,252.85240173339844,415.6473083496094
ID_ItkmQn.jpg,healthy,0.25760385394096375,0.1811288744211197,103.09381866455078,36.30984878540039,243.7372589111328
ID_ItkmQn.jpg,healthy,0.2525346577167511,327.5904235839844,334.3441467285156,401.7101745605469,399.9889831542969
ID_ItkmQn.jpg,healthy,0.2512490451335907,43.30240249633789,313.850341796875,225.5291748046875,415.3123779296875
ID_y9PmTs.JPG,healthy,0.9734324812889099,1282.0311279296875,744.9025268554688,2347.4560546875,1267.072998046875
ID_y9PmTs.JPG,healthy,0.3747061491012573,0.0,0.0,1507.9453125,1790.6297607421875
ID_GruvRf.jpeg,cssvd,0.7599239945411682,244.83250427246094,0.0,4032.0,1428.2685546875
ID_GruvRf.jpeg,cssvd,0.5605786442756653,88.57221221923828,1417.7567138671875,4032.0,3015.0712890625
ID_GruvRf.jpeg,healthy,0.35375380516052246,248.76731872558594,1436.4881591796875,4025.084228515625,3024.0
ID_LOckOg.jpeg,anthracnose,0.6615256071090698,1639.795654296875,2082.29150390625,2998.941650390625,3023.64501953125
ID_LOckOg.jpeg,healthy,0.37838512659072876,53.03628158569336,429.5037841796875,3024.0,2301.8681640625
ID_I5eBPX.jpeg,healthy,0.8584012985229492,104.11764526367188,405.7022705078125,3976.789794921875,2480.914306640625
ID_I5eBPX.jpeg,healthy,0.6717511415481567,89.73423767089844,508.0540466308594,3887.68359375,1800.8001708984375
ID_lCVw1q.jpg,cssvd,0.3542931377887726,1247.9434814453125,179.34823608398438,2591.418212890625,1730.8140869140625
ID_lCVw1q.jpg,anthracnose,0.30786266922950745,306.6812438964844,21.880599975585938,1343.638916015625,1395.4991455078125
ID_lCVw1q.jpg,healthy,0.2889474332332611,1216.05615234375,1779.5130615234375,1807.933837890625,2426.20458984375
ID_lCVw1q.jpg,cssvd,0.28064844012260437,2666.79638671875,365.3322448730469,3264.0,2414.801513671875
ID_lCVw1q.jpg,anthracnose,0.2663247585296631,2672.043212890625,408.3406982421875,3264.0,2439.531494140625
ID_DdPn6R.jpg,anthracnose,0.8612064123153687,57.891014099121094,409.7684631347656,2048.0,1468.58544921875
ID_DdPn6R.jpg,anthracnose,0.3082849979400635,64.96073913574219,0.0,2012.072509765625,212.3812713623047
ID_WQpdRN.jpg,healthy,0.6864887475967407,550.5324096679688,96.2017593383789,2029.240478515625,1261.0299072265625
ID_WQpdRN.jpg,healthy,0.2594567835330963,1.5519530773162842,866.3728637695312,2041.5328369140625,1534.0679931640625
ID_sAx23j.jpg,healthy,0.710900068283081,14.280560493469238,0.0,2721.2724609375,828.4630737304688
ID_sAx23j.jpg,healthy,0.4648353159427643,0.0,199.5040283203125,2115.72802734375,1360.47412109375
ID_sAx23j.jpg,healthy,0.3861261308193207,0.0,156.8092803955078,2682.638916015625,1803.64404296875
ID_sAx23j.jpg,healthy,0.3774438500404358,0.0,1382.0107421875,1243.8377685546875,2315.6884765625
ID_sAx23j.jpg,healthy,0.374471515417099,0.0,0.0,3083.309814453125,594.03369140625
ID_sAx23j.jpg,healthy,0.29241129755973816,1.2048064470291138,892.8336791992188,2033.5810546875,1786.882568359375
ID_sAx23j.jpg,healthy,0.2672363817691803,0.0,1473.5528564453125,1427.1151123046875,2448.0
ID_QXeZ8d.jpeg,healthy,0.7740169167518616,0.0,0.0,961.235107421875,298.92236328125
ID_QXeZ8d.jpeg,healthy,0.4913206398487091,0.0,0.0,980.023193359375,121.92535400390625
ID_QXeZ8d.jpeg,healthy,0.43341511487960815,0.5511474609375,126.311767578125,910.1889038085938,575.2833862304688
ID_chDAE3.jpeg,healthy,0.9006386399269104,0.0,159.24436950683594,4027.78857421875,2407.692138671875
ID_rRNCOR.jpeg,healthy,0.6701073050498962,15.227435111999512,3.8594419956207275,2291.69921875,3504.389892578125
ID_rRNCOR.jpeg,healthy,0.3435450792312622,0.0,3302.334228515625,1266.86376953125,4032.0
ID_rRNCOR.jpeg,healthy,0.31224173307418823,2333.09375,0.0,3021.916259765625,508.1678161621094
ID_q6Rgy9.jpg,anthracnose,0.9495198130607605,402.78631591796875,148.6220703125,2031.387939453125,1406.7525634765625
ID_q6Rgy9.jpg,anthracnose,0.5199000239372253,475.4212951660156,1142.1109619140625,2018.748046875,1532.5081787109375
ID_q6Rgy9.jpg,anthracnose,0.33221203088760376,470.058349609375,811.9880981445312,2025.1549072265625,1535.8677978515625
ID_q6Rgy9.jpg,anthracnose,0.2546227276325226,447.9292907714844,601.7607421875,2014.671630859375,1436.251953125
ID_waQg2t.jpg,cssvd,0.671970546245575,0.0,89.21270751953125,1280.0,925.4908447265625
ID_MFOg23.jpg,healthy,0.6540025472640991,0.0,237.89431762695312,1280.0,951.932373046875
ID_MFOg23.jpg,healthy,0.315180242061615,7.9072265625,728.8343505859375,1280.0,960.0
ID_MFOg23.jpg,healthy,0.3039332926273346,0.0,784.98779296875,367.7061767578125,960.0
ID_G7Rbzj.jpg,cssvd,0.6344959139823914,0.0,0.0,1280.0,873.9883422851562
ID_ypcsKv.jpg,anthracnose,0.6518860459327698,159.04100036621094,58.0744514465332,788.6301879882812,1080.0
ID_ypcsKv.jpg,anthracnose,0.2614358067512512,143.17979431152344,325.1455383300781,810.0,1078.1661376953125
ID_l7lYFT.jpg,anthracnose,0.8560448884963989,112.9052734375,114.16421508789062,1280.0,955.8736572265625
ID_l7lYFT.jpg,anthracnose,0.7137957215309143,290.00390625,0.0,1277.483154296875,880.3458862304688
ID_l7lYFT.jpg,anthracnose,0.6844735741615295,261.1791076660156,0.0,1280.0,318.6482238769531
ID_l7lYFT.jpg,anthracnose,0.6711472868919373,301.796142578125,23.0089111328125,1275.4970703125,599.3388671875
ID_l7lYFT.jpg,anthracnose,0.5065310001373291,160.050048828125,484.70587158203125,1272.395751953125,960.0
ID_l7lYFT.jpg,anthracnose,0.4029964208602905,148.8414306640625,712.2943115234375,1267.1824951171875,958.4427490234375
ID_l7lYFT.jpg,anthracnose,0.26410821080207825,263.0126953125,0.0,1277.715576171875,220.4490203857422
ID_wBDH5r.jpg,anthracnose,0.6794769763946533,164.31842041015625,336.5999450683594,3234.66552734375,1030.95361328125
ID_wBDH5r.jpg,anthracnose,0.6279253959655762,0.0,1054.065185546875,3022.173828125,1748.1295166015625
ID_wBDH5r.jpg,healthy,0.5112123489379883,0.0,2020.3062744140625,1406.140380859375,2447.240234375
ID_wBDH5r.jpg,anthracnose,0.29851752519607544,2340.520751953125,0.8547729253768921,3260.4599609375,893.8800659179688
ID_uINVVX.jpg,cssvd,0.5745372176170349,0.0,0.0,1080.0,332.7416076660156
ID_uINVVX.jpg,cssvd,0.5563713908195496,0.0,245.5736846923828,1080.0,743.7390747070312
ID_uINVVX.jpg,healthy,0.38508421182632446,0.0,319.01617431640625,1080.0,748.1618041992188
ID_Iz48Er.jpg,anthracnose,0.461329847574234,4.308837890625,143.08599853515625,1280.0,786.92822265625
ID_Iz48Er.jpg,healthy,0.4244423508644104,0.0,752.3927001953125,378.33026123046875,960.0
ID_phlu23.jpg,anthracnose,0.9522494077682495,0.0,72.81318664550781,2048.0,1536.0
ID_phlu23.jpg,anthracnose,0.3744165003299713,11.744531631469727,679.5571899414062,2048.0,1536.0
ID_phlu23.jpg,anthracnose,0.37039655447006226,280.97283935546875,434.00634765625,2045.5357666015625,1534.9971923828125
ID_phlu23.jpg,anthracnose,0.3538578152656555,21.888477325439453,1114.5732421875,2048.0,1532.218994140625
ID_phlu23.jpg,anthracnose,0.29979151487350464,75.39668273925781,17.906835556030273,1745.319580078125,583.8099365234375
ID_phlu23.jpg,anthracnose,0.2807820737361908,316.2138671875,886.1784057617188,2037.626220703125,1533.095458984375
ID_phlu23.jpg,anthracnose,0.2753086984157562,308.7757873535156,36.599021911621094,2029.7421875,1161.9398193359375
ID_hz9Je6.jpg,healthy,0.4888969957828522,1428.988037109375,1.4022705554962158,1965.9420166015625,259.9968566894531
ID_hz9Je6.jpg,healthy,0.38910019397735596,1326.586669921875,136.73208618164062,1786.4866943359375,461.08074951171875
ID_uPiHNH.jpeg,anthracnose,0.891865074634552,521.3557739257812,0.0,4032.0,1943.832763671875
ID_uPiHNH.jpeg,healthy,0.5737218856811523,1675.3992919921875,2192.81787109375,4024.1962890625,3021.9892578125
ID_uPiHNH.jpeg,healthy,0.2608914077281952,1037.2674560546875,1993.343505859375,3988.388916015625,3024.0
ID_bJZocr.JPG,healthy,0.9602201581001282,1285.4141845703125,528.7048950195312,2557.884033203125,1285.047119140625
ID_bJZocr.JPG,healthy,0.32557281851768494,1238.5726318359375,547.4031372070312,2237.822021484375,1178.4051513671875
ID_bJZocr.JPG,healthy,0.3163515627384186,0.0,126.77798461914062,3228.922119140625,2029.97412109375
ID_bJZocr.JPG,healthy,0.31508758664131165,0.0,1974.7799072265625,3235.81298828125,2444.467041015625
ID_UEtuEF.jpg,healthy,0.6396178007125854,72.68807220458984,0.0,1430.3333740234375,1247.7918701171875
ID_UEtuEF.jpg,healthy,0.40643221139907837,4.854244709014893,1058.205810546875,1822.71826171875,1908.992431640625
ID_UEtuEF.jpg,healthy,0.38277173042297363,577.9690551757812,1875.2174072265625,2532.865478515625,2444.88037109375
ID_UEtuEF.jpg,healthy,0.35308772325515747,0.0,119.1412124633789,3163.038330078125,2148.7275390625
ID_UEtuEF.jpg,healthy,0.32790327072143555,995.938232421875,0.0,1964.6998291015625,1232.027587890625
ID_UEtuEF.jpg,healthy,0.2776200771331787,7.823693752288818,1052.780517578125,2911.45458984375,1920.9873046875
ID_UEtuEF.jpg,cssvd,0.26640504598617554,2288.7958984375,1491.4072265625,3261.466796875,2446.89404296875
ID_PuzySs.jpg,cssvd,0.5358067154884338,81.50439453125,235.50973510742188,1275.1630859375,943.810546875
ID_PuzySs.jpg,healthy,0.3525328040122986,64.64599609375,0.0,784.105712890625,438.99395751953125
ID_ttf2eL.JPG,anthracnose,0.6356039643287659,693.002685546875,0.0,4010.235595703125,1964.17529296875
ID_ttf2eL.JPG,anthracnose,0.44311976432800293,143.35806274414062,1874.7186279296875,3249.994384765625,3022.081787109375
ID_Un7EbF.jpeg,healthy,0.5021888613700867,10.497112274169922,1726.0526123046875,412.7430114746094,2405.865478515625
ID_Un7EbF.jpeg,cssvd,0.4189464747905731,243.5699462890625,554.7782592773438,3021.8740234375,2456.825439453125
ID_Un7EbF.jpeg,healthy,0.3928159475326538,0.0,2317.25244140625,1204.780029296875,2731.090087890625
ID_MRAHmq.jpg,healthy,0.8292992115020752,0.0,185.09384155273438,41.03763198852539,330.7422790527344
ID_MRAHmq.jpg,healthy,0.8206422328948975,131.5345458984375,0.42914122343063354,407.1750183105469,124.1585693359375
ID_MRAHmq.jpg,healthy,0.747734785079956,116.4425048828125,7.660311698913574,405.7021179199219,371.9208679199219
ID_MRAHmq.jpg,healthy,0.6999880075454712,11.15373420715332,0.9672538638114929,56.498077392578125,93.10800170898438
ID_MRAHmq.jpg,healthy,0.6732484102249146,17.115541458129883,0.0,130.33628845214844,101.40821838378906
ID_MRAHmq.jpg,healthy,0.5339439511299133,8.1040620803833,0.0,89.87226104736328,99.64105987548828
ID_MRAHmq.jpg,healthy,0.519945502281189,13.415325164794922,0.2718185484409332,128.86541748046875,59.262840270996094
ID_MRAHmq.jpg,healthy,0.4609875977039337,119.6952896118164,72.06533813476562,372.83148193359375,221.4779815673828
ID_MRAHmq.jpg,healthy,0.4604375660419464,53.76348876953125,135.99900817871094,109.88245391845703,196.01324462890625
ID_MRAHmq.jpg,healthy,0.4558672308921814,2.3146281242370605,186.36654663085938,44.715667724609375,272.1470947265625
ID_MRAHmq.jpg,healthy,0.4458020329475403,131.4230194091797,0.0,401.896240234375,66.08300018310547
ID_MRAHmq.jpg,healthy,0.42870911955833435,118.47527313232422,35.18505859375,399.91851806640625,268.7569580078125
ID_MRAHmq.jpg,healthy,0.42827287316322327,85.14944458007812,0.0,130.50039672851562,79.32630157470703
ID_MRAHmq.jpg,healthy,0.3931581676006317,139.54852294921875,0.0,239.0135498046875,34.94306945800781
ID_MRAHmq.jpg,healthy,0.36308059096336365,37.757049560546875,178.21893310546875,91.99237823486328,285.77178955078125
ID_MRAHmq.jpg,healthy,0.3476465344429016,132.79193115234375,0.0,323.3924560546875,48.921791076660156
ID_MRAHmq.jpg,healthy,0.3338014781475067,90.66228485107422,140.1549530029297,137.62042236328125,245.10690307617188
ID_MRAHmq.jpg,healthy,0.31115153431892395,7.2146172523498535,86.59734344482422,84.00333404541016,158.209716796875
ID_MRAHmq.jpg,healthy,0.31043770909309387,42.853057861328125,5.524127006530762,121.83319091796875,107.38361358642578
ID_MRAHmq.jpg,healthy,0.30769601464271545,0.0,183.7307586669922,102.2631607055664,332.5037841796875
ID_MRAHmq.jpg,healthy,0.28889885544776917,126.48040771484375,1.281651258468628,280.1448059082031,101.57291412353516
ID_MRAHmq.jpg,healthy,0.2632162868976593,125.55885314941406,54.69089126586914,266.7847595214844,113.29744720458984
ID_MRAHmq.jpg,healthy,0.26246052980422974,26.45962905883789,93.14674377441406,204.12899780273438,393.42529296875
ID_MRAHmq.jpg,healthy,0.26024675369262695,120.82132720947266,86.9278564453125,344.16253662109375,194.1271209716797
ID_MRAHmq.jpg,healthy,0.2594003975391388,38.53516387939453,205.85549926757812,91.64195251464844,281.475830078125
ID_zDhQnl.jpg,cssvd,0.5187258124351501,104.7982406616211,1.7480621337890625,1079.5941162109375,565.1151733398438
ID_zDhQnl.jpg,healthy,0.29353636503219604,96.59124755859375,14.973575592041016,1080.0,561.0912475585938
ID_XVGCaw.jpg,anthracnose,0.5424458980560303,344.496826171875,7.571557521820068,2601.724365234375,868.0521240234375
ID_XVGCaw.jpg,anthracnose,0.5206871628761292,359.2767028808594,180.7401123046875,3106.949951171875,1779.687255859375
ID_XVGCaw.jpg,cssvd,0.3378215432167053,388.85321044921875,630.4022216796875,3146.697509765625,1770.6754150390625
ID_XVGCaw.jpg,cssvd,0.2853005528450012,2502.036865234375,1757.4915771484375,3264.0,2405.0234375
ID_XVGCaw.jpg,anthracnose,0.28490951657295227,475.1676940917969,0.0,2601.302001953125,641.2081298828125
ID_XVGCaw.jpg,anthracnose,0.2691119313240051,355.0331115722656,562.53369140625,2892.128662109375,1726.2298583984375
ID_agHwYS.jpeg,anthracnose,0.6389666199684143,70.76579284667969,17.273666381835938,4030.384033203125,2555.072021484375
ID_agHwYS.jpeg,healthy,0.3000943064689636,79.3606185913086,18.088851928710938,3989.031005859375,2526.239990234375
ID_oiYNeG.jpeg,anthracnose,0.8017693758010864,43.65164566040039,110.69989013671875,3919.62109375,2378.556884765625
ID_Sode5O.jpeg,healthy,0.7175101637840271,0.0,4.395464897155762,4032.0,2609.439208984375
ID_Sode5O.jpeg,healthy,0.6168376207351685,284.0752258300781,102.72126007080078,4026.0029296875,2006.5428466796875
ID_Sode5O.jpeg,healthy,0.28799521923065186,0.0,241.2422332763672,2225.60205078125,2098.839599609375
ID_Sode5O.jpeg,healthy,0.25871047377586365,0.0,0.0,1511.780029296875,335.39849853515625
ID_ooSmq3.jpg,anthracnose,0.7573220133781433,0.0,6.828741073608398,1079.09423828125,809.8226928710938
ID_ooSmq3.jpg,anthracnose,0.3283367455005646,0.0,0.679779052734375,1070.167724609375,220.68991088867188
ID_uCCU3R.jpeg,healthy,0.9381253719329834,0.0,273.9180908203125,4011.8701171875,2801.0986328125
ID_uCCU3R.jpeg,healthy,0.36565646529197693,0.0,400.591064453125,3966.801513671875,1940.8502197265625
ID_clveDG.jpg,healthy,0.6807213425636292,80.69414520263672,168.4381561279297,388.8033752441406,374.6334228515625
ID_clveDG.jpg,healthy,0.4533643126487732,151.05152893066406,151.78793334960938,382.7090759277344,371.6484680175781
ID_clveDG.jpg,healthy,0.35619860887527466,241.38430786132812,333.6808166503906,412.4991760253906,416.0
ID_clveDG.jpg,healthy,0.267115980386734,126.04739379882812,14.790891647338867,281.0464782714844,204.88174438476562
ID_MdOA7y.jpg,cssvd,0.36712631583213806,123.8207015991211,148.3297882080078,1927.878173828125,1242.5965576171875
ID_iVdvqB.jpg,anthracnose,0.41209790110588074,586.4093627929688,484.8529968261719,1887.80029296875,2086.583251953125
ID_zzaEcN.jpg,2,1.0,,,,
ID_CBsr8I.jpg,cssvd,0.296475350856781,455.08837890625,96.23124694824219,1115.7039794921875,1511.50927734375
ID_CBsr8I.jpg,cssvd,0.28041890263557434,1593.80908203125,920.33203125,2048.0,1531.598388671875
ID_EmTTcz.jpg,anthracnose,0.9015517234802246,770.3396606445312,272.2378845214844,2048.0,1243.2398681640625
ID_EmTTcz.jpg,anthracnose,0.6922840476036072,767.4400634765625,629.7106323242188,2040.789794921875,1501.931396484375
ID_EmTTcz.jpg,anthracnose,0.6736458539962769,761.5079345703125,906.9168090820312,2014.630615234375,1492.6343994140625
ID_EmTTcz.jpg,anthracnose,0.3662855327129364,0.0,22.95361328125,880.8243408203125,1144.9384765625
ID_EmTTcz.jpg,anthracnose,0.3329851031303406,7.877539157867432,0.0,955.4850463867188,1498.010498046875
ID_tW9laK.jpeg,healthy,0.831822395324707,623.8922119140625,224.30787658691406,4000.0,1415.885009765625
ID_tW9laK.jpeg,healthy,0.49775800108909607,528.5964965820312,0.07486343383789062,2916.065673828125,546.8374633789062
ID_tW9laK.jpeg,healthy,0.306552916765213,616.4440307617188,924.306884765625,4000.0,1795.043212890625
ID_tW9laK.jpeg,healthy,0.29210612177848816,464.6903991699219,0.0,3982.6318359375,554.6405639648438
ID_eNeH9u.jpg,anthracnose,0.9623997211456299,382.09942626953125,15.28662109375,2037.25390625,1303.6597900390625
ID_eNeH9u.jpg,anthracnose,0.4515314996242523,49.15898513793945,846.4150390625,2048.0,1536.0
ID_eNeH9u.jpg,anthracnose,0.42878100275993347,369.43182373046875,951.0652465820312,2035.891845703125,1532.3697509765625
ID_eNeH9u.jpg,anthracnose,0.3727536201477051,206.13241577148438,10.084460258483887,2048.0,416.8789978027344
ID_eNeH9u.jpg,anthracnose,0.3033306896686554,30.760351181030273,449.0445861816406,2048.0,1530.3226318359375
ID_eNeH9u.jpg,anthracnose,0.2747839689254761,336.34197998046875,469.8744201660156,2042.1119384765625,1351.173828125
ID_pdHz5y.jpeg,healthy,0.8595988154411316,55.384552001953125,7.518163681030273,3785.526123046875,2366.914306640625
ID_pdHz5y.jpeg,healthy,0.3356378972530365,0.0,41.19551467895508,1854.986572265625,954.7677612304688
ID_pdHz5y.jpeg,healthy,0.2914838194847107,0.0,0.0,2516.180908203125,983.858642578125
ID_pdHz5y.jpeg,healthy,0.26660388708114624,20.517681121826172,0.0,3458.0341796875,868.0780029296875
ID_EsaBbF.jpeg,healthy,0.759933352470398,896.9266357421875,0.0,2903.707275390625,3022.988525390625
ID_EsaBbF.jpeg,cssvd,0.4417101740837097,3326.458984375,0.0,4031.5546875,3024.0
ID_nRwW2A.jpg,healthy,0.5060632824897766,3.9083175659179688,45.1563835144043,1080.0,751.8826904296875
ID_nRwW2A.jpg,healthy,0.4084082245826721,0.0,0.0,1079.960205078125,212.12982177734375
ID_z4YpAE.jpeg,anthracnose,0.8447633385658264,0.0,0.0,4000.0,1688.6826171875
ID_kVPZX8.jpg,anthracnose,0.7415162920951843,5.823724269866943,275.7013244628906,3264.0,1835.2447509765625
ID_kVPZX8.jpg,healthy,0.538765013217926,580.7973022460938,1619.4398193359375,2869.093017578125,2444.2060546875
ID_kVPZX8.jpg,cssvd,0.2836460471153259,2713.16015625,1887.2548828125,3239.605712890625,2446.623779296875
ID_iPhQrE.jpg,cssvd,0.2959463894367218,66.5089111328125,1.518798828125,1280.0,665.67431640625
ID_iPhQrE.jpg,anthracnose,0.25600093603134155,0.0,648.5619506835938,1276.8505859375,957.2714233398438
ID_aatE8l.jpeg,healthy,0.7350663542747498,1039.110107421875,0.0,2752.1279296875,3011.5625
ID_aatE8l.jpeg,healthy,0.6816738843917847,1812.97412109375,0.0,3948.8779296875,1792.29052734375
ID_MocvF0.jpg,healthy,0.8419790863990784,101.90989685058594,0.0,152.53530883789062,110.87371826171875
ID_MocvF0.jpg,healthy,0.7375853061676025,8.05501651763916,87.37699127197266,407.275146484375,277.2654724121094
ID_MocvF0.jpg,healthy,0.6326518654823303,7.574239253997803,224.65025329589844,83.33500671386719,361.71343994140625
ID_MocvF0.jpg,healthy,0.6252371668815613,106.3970718383789,0.0,153.5394744873047,84.78595733642578
ID_MocvF0.jpg,healthy,0.611888587474823,60.18876647949219,303.8961486816406,134.55215454101562,399.65948486328125
ID_MocvF0.jpg,healthy,0.49195095896720886,8.2899169921875,0.0,83.51166534423828,146.6116180419922
ID_MocvF0.jpg,healthy,0.47163376212120056,212.42947387695312,23.374589920043945,322.891845703125,114.39706420898438
ID_MocvF0.jpg,healthy,0.45585623383522034,53.83201217651367,178.37033081054688,266.4069519042969,399.68389892578125
ID_MocvF0.jpg,healthy,0.4369624853134155,10.804186820983887,240.09434509277344,70.14278411865234,362.8424072265625
ID_MocvF0.jpg,healthy,0.3706546127796173,97.16899108886719,0.0,160.9996337890625,125.73542785644531
ID_MocvF0.jpg,healthy,0.3132185637950897,17.390811920166016,96.95814514160156,298.5520935058594,400.28955078125
ID_MocvF0.jpg,healthy,0.28920796513557434,93.01508331298828,238.6050567626953,275.9942321777344,400.73907470703125
ID_MocvF0.jpg,healthy,0.2540486454963684,52.37769317626953,285.4021301269531,128.298828125,400.82012939453125
ID_SdD2yO.JPG,healthy,0.7408901453018188,0.0,258.94219970703125,3247.9951171875,1549.1082763671875
ID_SdD2yO.JPG,anthracnose,0.3651697635650635,6.74542236328125,1835.40234375,3246.94677734375,2445.512939453125
ID_SdD2yO.JPG,anthracnose,0.2884387969970703,0.0,1086.198486328125,3153.634033203125,2446.601806640625
ID_pliOuX.jpg,anthracnose,0.8443670272827148,0.0,514.013916015625,4128.0,3096.0
ID_pliOuX.jpg,anthracnose,0.5214945673942566,33.703453063964844,1537.1751708984375,4119.73583984375,3096.0
ID_pliOuX.jpg,anthracnose,0.5104097127914429,368.4680480957031,549.2033081054688,4103.94775390625,2491.96875
ID_pliOuX.jpg,anthracnose,0.4306629002094269,90.36771392822266,1993.692138671875,4113.3544921875,3088.373291015625
ID_pliOuX.jpg,anthracnose,0.2913110554218292,2201.845947265625,1.0931419134140015,4120.3125,1088.6724853515625
ID_pliOuX.jpg,anthracnose,0.27886104583740234,0.0,0.0,4047.3544921875,824.219482421875
ID_pliOuX.jpg,anthracnose,0.2667173147201538,0.0,0.0,4128.0,509.8301086425781
ID_gs6Jao.jpg,cssvd,0.670213520526886,0.0,0.57769775390625,1279.911865234375,960.0
ID_UIaTe7.jpg,anthracnose,0.8057371973991394,68.93122863769531,0.0,4128.0,1303.4573974609375
ID_UIaTe7.jpg,anthracnose,0.7870780229568481,757.5868530273438,2292.041259765625,4128.0,3087.93896484375
ID_UIaTe7.jpg,anthracnose,0.7413167953491211,164.11123657226562,2489.780517578125,4128.0,3085.9052734375
ID_UIaTe7.jpg,anthracnose,0.6824324727058411,454.8738098144531,1151.8316650390625,4128.0,1934.852783203125
ID_UIaTe7.jpg,anthracnose,0.5799583196640015,609.3470458984375,1900.384033203125,4118.32421875,3094.62060546875
ID_UIaTe7.jpg,anthracnose,0.49187687039375305,438.90509033203125,1840.4002685546875,4128.0,2431.744384765625
ID_UIaTe7.jpg,anthracnose,0.4904101490974426,474.66473388671875,1194.4852294921875,3998.88037109375,2266.8955078125
ID_UIaTe7.jpg,anthracnose,0.4757640063762665,145.4975128173828,1131.3282470703125,3438.48388671875,1862.298095703125
ID_UIaTe7.jpg,anthracnose,0.31436070799827576,300.14190673828125,830.2318115234375,4091.044677734375,1865.8453369140625
ID_iZFxet.jpg,cssvd,0.6838384866714478,0.0,0.0,1015.6844482421875,631.7824096679688
ID_iZFxet.jpg,cssvd,0.5929964184761047,0.0,555.6332397460938,930.7526245117188,809.3119506835938
ID_iZFxet.jpg,cssvd,0.30708348751068115,812.3458251953125,47.74376678466797,1080.0,805.6009521484375
ID_iZFxet.jpg,cssvd,0.2954656183719635,946.5151977539062,0.0,1080.0,799.6419067382812
ID_l4spjA.JPG,healthy,0.8309727907180786,333.98089599609375,717.8629760742188,3231.940673828125,2019.3720703125
ID_l4spjA.JPG,healthy,0.7358604669570923,0.0,0.0,668.1668090820312,657.2430419921875
ID_l4spjA.JPG,healthy,0.7041322588920593,521.9794921875,0.0,2690.18310546875,895.197509765625
ID_l4spjA.JPG,healthy,0.5536782145500183,0.6541534066200256,249.15658569335938,308.4296569824219,1024.79931640625
ID_l4spjA.JPG,healthy,0.46868759393692017,0.0,2.340547800064087,1010.485595703125,610.9279174804688
ID_l4spjA.JPG,healthy,0.39861053228378296,451.0380859375,0.0,2855.70849609375,619.4708251953125
ID_l4spjA.JPG,healthy,0.3618985116481781,0.0,0.0,680.9338989257812,1089.2042236328125
ID_l4spjA.JPG,healthy,0.29294553399086,0.0,1513.9775390625,1010.4281616210938,2108.80615234375
ID_l4spjA.JPG,healthy,0.2700524926185608,0.0,2044.3394775390625,1572.850341796875,2443.33056640625
ID_l4spjA.JPG,healthy,0.2637617886066437,0.0,0.0,1525.3223876953125,562.7579345703125
ID_zUj61k.jpg,healthy,0.6901847720146179,419.9600524902344,499.49774169921875,2576.449462890625,1718.57421875
ID_zUj61k.jpg,healthy,0.6448348164558411,0.0,1347.126220703125,706.57177734375,2009.1484375
ID_zUj61k.jpg,healthy,0.4901612102985382,94.91886138916016,1809.554443359375,2537.66943359375,2446.7197265625
ID_zUj61k.jpg,healthy,0.4317702651023865,4.448142051696777,650.5424194335938,309.20050048828125,1368.063720703125
ID_zUj61k.jpg,cssvd,0.31215089559555054,88.7602767944336,1806.050537109375,2573.456298828125,2441.99853515625
ID_zUj61k.jpg,healthy,0.2735767960548401,2753.23046875,1615.923583984375,3263.943359375,2438.090087890625
ID_FoWi5J.jpeg,healthy,0.6287136673927307,162.59567260742188,110.43783569335938,2973.750732421875,2965.968505859375
ID_FoWi5J.jpeg,healthy,0.41587111353874207,528.0558471679688,0.0,2156.2109375,918.67041015625
ID_FoWi5J.jpeg,healthy,0.31735357642173767,276.1973571777344,2.2697341442108154,2188.645751953125,678.8333129882812
ID_FoWi5J.jpeg,anthracnose,0.2885017395019531,2124.394775390625,3200.3330078125,3022.996826171875,4032.0
ID_FoWi5J.jpeg,healthy,0.27891090512275696,162.6873779296875,1350.35400390625,2255.25048828125,4012.87060546875
ID_cF8g1J.jpg,cssvd,0.4261897802352905,139.5880126953125,0.0,1273.525146484375,960.0
ID_F604TY.jpg,anthracnose,0.894206166267395,0.0,0.0,4128.0,2062.197509765625
ID_F604TY.jpg,anthracnose,0.7246800661087036,196.42108154296875,1467.06396484375,4123.33984375,3096.0
ID_F604TY.jpg,anthracnose,0.7160070538520813,0.0,1999.6572265625,4128.0,3093.413818359375
ID_F604TY.jpg,anthracnose,0.3763763904571533,0.0,4.288665294647217,4128.0,811.57470703125
ID_fBSCLP.jpg,cssvd,0.6323665380477905,0.0,0.0,1080.0,634.31884765625
ID_slp0C2.jpg,anthracnose,0.9729580879211426,0.0,0.0,2044.2613525390625,1488.296142578125
ID_slp0C2.jpg,anthracnose,0.346954345703125,353.5394592285156,5.004492282867432,2023.542236328125,1083.533447265625
ID_zcSpGG.jpg,healthy,0.9293200969696045,950.271484375,346.51300048828125,2589.7216796875,1375.052490234375
ID_gwKLiE.jpg,anthracnose,0.7189619541168213,623.0667724609375,4.682226657867432,1951.401611328125,1164.615966796875
ID_L7VuIR.jpg,2,1.0,,,,
ID_P8RwEx.jpeg,healthy,0.9044431447982788,1795.7979736328125,529.843505859375,3996.626220703125,2195.252197265625
ID_P8RwEx.jpeg,healthy,0.4924705922603607,0.0,2054.171875,4031.1162109375,3018.15283203125
ID_P8RwEx.jpeg,healthy,0.4123568832874298,0.0,1542.7540283203125,4027.8984375,3024.0
ID_MFVwJx.jpg,cssvd,0.3293384611606598,506.6170959472656,9.201367378234863,1561.1473388671875,1209.317626953125
ID_MFVwJx.jpg,cssvd,0.2867891490459442,478.7039489746094,11.265039443969727,2006.743408203125,1196.7203369140625
ID_Q1KDRy.jpeg,cssvd,0.31819501519203186,662.6785278320312,4.431994438171387,3758.419677734375,2053.566162109375
ID_RN998C.jpeg,healthy,0.8508186340332031,3644.8505859375,2102.15234375,4032.0,2999.630126953125
ID_RN998C.jpeg,healthy,0.6266211867332458,15.621953964233398,0.0,2569.747802734375,2974.716552734375
ID_RN998C.jpeg,healthy,0.5784512162208557,2435.79736328125,0.0,4032.0,2968.385986328125
ID_RN998C.jpeg,healthy,0.5688590407371521,8.525802612304688,2240.842041015625,2464.7763671875,3022.73828125
ID_RN998C.jpeg,healthy,0.515292763710022,0.0,2253.09521484375,1731.3148193359375,3024.0
ID_RN998C.jpeg,healthy,0.4243365228176117,900.3973999023438,11.557561874389648,2503.530517578125,2985.821044921875
ID_eWFKty.jpg,cssvd,0.41134703159332275,191.3681640625,581.9762573242188,1978.567626953125,1529.5194091796875
ID_s762So.jpg,anthracnose,0.6039650440216064,386.2630615234375,619.8125,3026.462646484375,1682.979736328125
ID_s762So.jpg,healthy,0.5308037996292114,2018.5880126953125,688.8263549804688,3173.062255859375,1325.091796875
ID_s762So.jpg,anthracnose,0.5014908909797668,672.5376586914062,1320.2864990234375,3264.0,2222.998291015625
ID_g5ysGT.jpg,anthracnose,0.8753840923309326,11.3251953125,389.43145751953125,2026.5726318359375,1169.868408203125
ID_g5ysGT.jpg,anthracnose,0.5573253035545349,115.1494140625,918.6980590820312,1992.138671875,1472.375
ID_g5ysGT.jpg,anthracnose,0.4624089002609253,57.01953125,359.88922119140625,2025.776611328125,1458.980224609375
ID_g5ysGT.jpg,anthracnose,0.3594744801521301,370.2007751464844,1023.3902587890625,1653.378662109375,1478.691650390625
ID_XrMSwO.jpg,healthy,0.7894267439842224,0.0,163.67550659179688,407.7881774902344,409.28179931640625
ID_XrMSwO.jpg,healthy,0.7520757913589478,23.246299743652344,72.97380828857422,66.56768035888672,148.2828369140625
ID_XrMSwO.jpg,healthy,0.7419807314872742,0.18482837080955505,99.4036636352539,39.83488845825195,197.06219482421875
ID_XrMSwO.jpg,healthy,0.7018325328826904,22.138957977294922,0.07247734069824219,219.8323516845703,74.13638305664062
ID_XrMSwO.jpg,healthy,0.6985488533973694,55.73270034790039,64.14238739013672,193.9873504638672,148.96084594726562
ID_XrMSwO.jpg,healthy,0.5984313488006592,0.0,21.191530227661133,38.84718704223633,207.3456268310547
ID_XrMSwO.jpg,healthy,0.5893517732620239,6.961871147155762,169.92410278320312,414.4627380371094,311.2774353027344
ID_XrMSwO.jpg,healthy,0.5475183725357056,22.184324264526367,0.0,188.7173614501953,43.614200592041016
ID_XrMSwO.jpg,healthy,0.505568265914917,45.625,94.54169464111328,101.62828826904297,160.0253448486328
ID_XrMSwO.jpg,healthy,0.44622567296028137,0.0,159.02127075195312,152.1166534423828,271.9140319824219
ID_XrMSwO.jpg,healthy,0.4435603618621826,18.41133689880371,0.2854263186454773,165.55841064453125,66.61329650878906
ID_XrMSwO.jpg,healthy,0.4278045892715454,0.0,164.0835723876953,111.98017120361328,280.7143859863281
ID_XrMSwO.jpg,healthy,0.4081117808818817,0.0,88.61258697509766,182.67539978027344,276.3036804199219
ID_XrMSwO.jpg,healthy,0.3958268463611603,23.14158058166504,0.0,159.24301147460938,35.644874572753906
ID_XrMSwO.jpg,healthy,0.37343829870224,46.57435989379883,61.73527908325195,194.8673095703125,189.48916625976562
ID_XrMSwO.jpg,healthy,0.36814284324645996,0.0,190.21144104003906,265.6993103027344,311.8150939941406
ID_XrMSwO.jpg,healthy,0.34600672125816345,65.5055923461914,0.0,215.1192626953125,67.00348663330078
ID_XrMSwO.jpg,healthy,0.3276923894882202,38.596073150634766,81.81005859375,118.662353515625,161.45556640625
ID_XrMSwO.jpg,healthy,0.32186201214790344,0.0,67.10768127441406,41.904151916503906,191.26223754882812
ID_XrMSwO.jpg,healthy,0.3180672228336334,18.00055503845215,3.489708185195923,126.87954711914062,79.21127319335938
ID_XrMSwO.jpg,healthy,0.3083002269268036,0.0,136.558837890625,398.33062744140625,339.3936767578125
ID_XrMSwO.jpg,healthy,0.30642804503440857,2.4967710971832275,241.74957275390625,404.81805419921875,405.8961486816406
ID_XrMSwO.jpg,healthy,0.30122846364974976,8.659055709838867,77.78205871582031,101.93318176269531,159.05487060546875
ID_XrMSwO.jpg,healthy,0.2833265960216522,0.0,234.35118103027344,216.43382263183594,312.4568176269531
ID_XrMSwO.jpg,healthy,0.2783825099468231,30.82692527770996,0.0,140.8440704345703,31.63011360168457
ID_XrMSwO.jpg,healthy,0.27793076634407043,9.167959213256836,70.14695739746094,89.51422882080078,139.2749481201172
ID_XrMSwO.jpg,healthy,0.26948344707489014,0.0,73.47606658935547,258.02783203125,311.9373779296875
ID_XrMSwO.jpg,healthy,0.2590300142765045,22.119638442993164,68.22567749023438,88.35501861572266,156.82310485839844
ID_XrMSwO.jpg,healthy,0.25682270526885986,0.7792144417762756,96.88716888427734,392.9595947265625,307.05096435546875
ID_XrMSwO.jpg,healthy,0.250534325838089,0.007190704345703125,145.22683715820312,90.73423767089844,283.69659423828125
ID_yIcAt3.jpg,anthracnose,0.8899690508842468,15.703765869140625,26.713132858276367,4128.0,2815.439453125
ID_yIcAt3.jpg,anthracnose,0.3794545531272888,42.15215301513672,2416.5546875,4128.0,3085.01123046875
ID_yIcAt3.jpg,anthracnose,0.34194424748420715,0.0,6.58453893661499,4128.0,1078.5556640625
ID_yIcAt3.jpg,anthracnose,0.29545554518699646,629.3096313476562,780.1720581054688,4123.8583984375,2780.058349609375
ID_yIcAt3.jpg,anthracnose,0.2673649191856384,800.8212280273438,2226.9130859375,4122.78955078125,3086.900390625
ID_yIcAt3.jpg,anthracnose,0.2518104016780853,97.32988739013672,0.0,4104.30322265625,772.2791748046875
ID_l8hBRM.JPG,healthy,0.8079042434692383,1321.1282958984375,101.71173095703125,2523.517822265625,596.1298828125
ID_l8hBRM.JPG,healthy,0.768135130405426,1132.541748046875,386.9026184082031,2588.32568359375,1322.35009765625
ID_l8hBRM.JPG,healthy,0.649959921836853,1076.9481201171875,1195.8990478515625,1894.7279052734375,1714.4580078125
ID_l8hBRM.JPG,healthy,0.3817208707332611,72.48247528076172,1563.5770263671875,478.45947265625,2056.6435546875
ID_l8hBRM.JPG,healthy,0.3264903724193573,1066.0047607421875,1083.6927490234375,2030.49267578125,1734.7545166015625
ID_l8hBRM.JPG,healthy,0.26659685373306274,2729.185302734375,170.93435668945312,3262.8974609375,656.9132080078125
ID_eYU5gV.jpeg,healthy,0.9275254607200623,0.0,284.5864562988281,4032.0,2463.28125
ID_eYU5gV.jpeg,healthy,0.36748307943344116,0.0,2508.03369140625,2276.11865234375,3019.9677734375
ID_eYU5gV.jpeg,healthy,0.34334123134613037,0.0,2368.84326171875,1454.394775390625,3024.0
ID_eYU5gV.jpeg,healthy,0.30666980147361755,0.0,0.0,261.6441650390625,786.7722778320312
ID_eYU5gV.jpeg,healthy,0.2659900486469269,0.0,2179.04443359375,1101.1583251953125,3024.0
ID_qfbYv3.jpg,anthracnose,0.9209825992584229,229.95272827148438,0.0,2046.1898193359375,1522.7783203125
ID_qfbYv3.jpg,anthracnose,0.7401329874992371,343.11151123046875,5.091601371765137,2033.6220703125,991.2005615234375
ID_qfbYv3.jpg,anthracnose,0.4045006036758423,271.0804748535156,571.1560668945312,2043.871826171875,1513.940185546875
ID_PR4rHy.jpeg,healthy,0.7218464612960815,459.5677490234375,30.973588943481445,2421.3193359375,3637.84814453125
ID_PR4rHy.jpeg,healthy,0.5321357846260071,1381.5626220703125,2947.382080078125,2999.86376953125,4029.188720703125
ID_PR4rHy.jpeg,healthy,0.30035343766212463,0.9555358290672302,3451.5146484375,752.6316528320312,4032.0
ID_bVaZn7.jpeg,healthy,0.8334171772003174,73.21327209472656,393.91455078125,3946.4677734375,2445.504638671875
ID_bVaZn7.jpeg,healthy,0.7000553607940674,75.1739501953125,501.8471984863281,3831.86376953125,1806.260986328125
ID_ch54d8.jpg,healthy,0.8543243408203125,882.5284423828125,484.185302734375,2521.3212890625,1668.2510986328125
ID_ch54d8.jpg,healthy,0.7662085890769958,1962.0767822265625,3.4833319187164307,2940.0361328125,434.1871032714844
ID_g8otVB.jpg,anthracnose,0.8766952157020569,0.0,130.75399780273438,2048.0,1392.652099609375
ID_g8otVB.jpg,anthracnose,0.6521890163421631,1.41796875,1157.924560546875,2027.017822265625,1532.375732421875
ID_g8otVB.jpg,anthracnose,0.5589008927345276,4.823925971984863,32.96113204956055,1208.98193359375,549.26904296875
ID_g8otVB.jpg,anthracnose,0.5531471371650696,0.0,842.9904174804688,2048.0,1536.0
ID_g8otVB.jpg,anthracnose,0.2924737334251404,0.0,383.44122314453125,1965.81640625,1513.0687255859375
ID_g8otVB.jpg,anthracnose,0.2703084349632263,82.9828109741211,1266.2347412109375,2008.893310546875,1532.1019287109375
ID_b0uf2A.jpg,anthracnose,0.6916466355323792,0.0,79.43019104003906,4128.0,3096.0
ID_b0uf2A.jpg,anthracnose,0.4961681663990021,1504.1865234375,0.0,4113.38818359375,896.5621337890625
ID_b0uf2A.jpg,anthracnose,0.41151419281959534,12.308697700500488,1890.44189453125,4128.0,3096.0
ID_b0uf2A.jpg,anthracnose,0.3935990333557129,613.1641235351562,225.1234588623047,4107.02978515625,2263.13916015625
ID_p9fhXN.jpg,healthy,0.4815646708011627,460.9713134765625,896.6448364257812,3264.0,2133.493408203125
ID_p9fhXN.jpg,healthy,0.30668210983276367,422.2154846191406,198.18670654296875,3264.0,2178.76171875
ID_Mag0Kw.jpeg,anthracnose,0.8824658989906311,899.6285400390625,0.0,2777.421142578125,3899.799072265625
ID_Mag0Kw.jpeg,anthracnose,0.317378431558609,895.5674438476562,1143.3800048828125,2665.819580078125,3804.147705078125
ID_Mag0Kw.jpeg,anthracnose,0.27890726923942566,1416.10546875,0.0,2852.715087890625,4032.0
ID_UTMPlH.jpeg,anthracnose,0.760844886302948,1611.3934326171875,53.661537170410156,3938.355224609375,1465.5146484375
ID_UTMPlH.jpeg,anthracnose,0.6287686824798584,1274.0146484375,79.20188903808594,3989.286865234375,1798.870849609375
ID_UTMPlH.jpeg,anthracnose,0.4852661192417145,1143.1649169921875,867.9500732421875,3982.35400390625,1795.5618896484375
ID_UTMPlH.jpeg,healthy,0.41728654503822327,0.0,1245.8360595703125,1506.3016357421875,1799.287109375
ID_d9Kawp.jpg,anthracnose,0.7600669264793396,209.24453735351562,0.0,2032.4312744140625,899.1770629882812
ID_d9Kawp.jpg,anthracnose,0.49029406905174255,21.112110137939453,219.774658203125,2048.0,1516.221923828125
ID_HsUaJs.jpg,cssvd,0.621508002281189,451.9598083496094,106.0826187133789,2021.0355224609375,1088.1578369140625
ID_QnHz8A.jpg,anthracnose,0.8191914558410645,454.340576171875,49.38818359375,2047.602783203125,1278.6849365234375
ID_QnHz8A.jpg,anthracnose,0.658171534538269,831.1209106445312,4.14111328125,1998.966796875,597.6966552734375
ID_jO4Pjm.jpeg,anthracnose,0.8089737296104431,0.0,0.0,3909.81005859375,1700.111083984375
ID_ocMDD4.jpg,cssvd,0.3645220100879669,0.0,0.0,1074.999267578125,715.5504760742188
ID_ocMDD4.jpg,cssvd,0.35192984342575073,75.85066986083984,1.531022071838379,1074.665771484375,263.353759765625
ID_QqFVxR.jpeg,anthracnose,0.5403987169265747,0.0,98.039794921875,569.6895751953125,1259.1484375
ID_QqFVxR.jpeg,cssvd,0.4263206720352173,3.16668701171875,39.55908203125,572.7031860351562,1280.0
ID_lmbhOa.jpg,anthracnose,0.9447990655899048,194.1514892578125,0.0,1205.3370361328125,796.4515991210938
ID_lmbhOa.jpg,anthracnose,0.5572141408920288,32.751190185546875,0.0,1054.1318359375,509.1252746582031
ID_lmbhOa.jpg,anthracnose,0.28959986567497253,376.6470947265625,733.9378662109375,1168.905517578125,958.9112548828125
ID_lmbhOa.jpg,anthracnose,0.2806691825389862,1.8397216796875,0.0533447265625,1149.5203857421875,285.70928955078125
ID_tARLwW.jpeg,healthy,0.7845131754875183,831.0452270507812,121.37689208984375,4032.0,3024.0
ID_tARLwW.jpeg,healthy,0.5874966382980347,947.8296508789062,78.59484100341797,4032.0,2112.347412109375
ID_tARLwW.jpeg,healthy,0.3602619171142578,971.2735595703125,2319.280029296875,4012.88330078125,3020.44970703125
ID_tARLwW.jpeg,healthy,0.3070114850997925,68.75325775146484,29.21324920654297,1610.33203125,2231.903564453125
ID_tARLwW.jpeg,healthy,0.30618029832839966,857.0409545898438,1611.46240234375,4032.0,3020.642333984375
ID_IJpSTi.jpg,healthy,0.49443069100379944,0.0,199.76519775390625,1410.41455078125,815.6864013671875
ID_IJpSTi.jpg,anthracnose,0.32199180126190186,333.8492126464844,670.3824462890625,2210.384033203125,1642.2503662109375
ID_Ev1UJ0.jpg,healthy,0.4883843660354614,0.0,1241.4798583984375,1264.498046875,2442.981201171875
ID_Ev1UJ0.jpg,healthy,0.42140257358551025,731.6990356445312,79.70804595947266,2735.8896484375,1745.387451171875
ID_Ev1UJ0.jpg,healthy,0.4130764901638031,700.874267578125,45.48288345336914,2875.384521484375,2270.164306640625
ID_Ev1UJ0.jpg,healthy,0.30224183201789856,0.0,579.84423828125,779.1400756835938,1514.8570556640625
ID_Ev1UJ0.jpg,healthy,0.28911006450653076,1.2607978582382202,1760.7911376953125,351.83905029296875,2439.527587890625
ID_Ev1UJ0.jpg,healthy,0.2684100866317749,770.591796875,198.3177490234375,2519.625244140625,1514.6962890625
ID_czixZy.jpg,healthy,0.706545352935791,0.0,5.6864013671875,1280.0,898.20068359375
ID_czixZy.jpg,healthy,0.48068997263908386,0.0,716.3751831054688,1280.0,959.3626098632812
ID_ZXdMsB.jpg,healthy,0.6937825083732605,40.950294494628906,1141.47021484375,515.8875732421875,1439.880126953125
ID_ZXdMsB.jpg,healthy,0.47507885098457336,746.854736328125,306.85101318359375,1322.7398681640625,972.7492065429688
ID_ZXdMsB.jpg,cssvd,0.42712780833244324,1334.662109375,168.7926788330078,2048.0,1005.9308471679688
ID_ZXdMsB.jpg,healthy,0.41259363293647766,28.207225799560547,1018.0086059570312,520.4683837890625,1442.7646484375
ID_ZXdMsB.jpg,cssvd,0.3845272362232208,1445.4322509765625,1072.3656005859375,1869.709228515625,1459.098876953125
ID_ZXdMsB.jpg,healthy,0.2732612192630768,72.646484375,790.0155029296875,403.3602600097656,1040.0574951171875
ID_LbTNkR.jpg,cssvd,0.7468996047973633,0.0,49.70233154296875,1280.0,811.0983276367188
ID_LbTNkR.jpg,healthy,0.4614247679710388,0.0,142.84808349609375,1280.0,793.7642211914062
ID_hQA5Qv.jpg,healthy,0.9087029099464417,36.9819221496582,8.548447608947754,412.53448486328125,267.10028076171875
ID_hQA5Qv.jpg,healthy,0.6628140807151794,0.0,188.39498901367188,105.50485229492188,401.4346923828125
ID_hQA5Qv.jpg,healthy,0.5279878377914429,81.12728118896484,231.20321655273438,150.65280151367188,351.5428771972656
ID_hQA5Qv.jpg,healthy,0.46027177572250366,1.021020531654358,0.0,397.0711364746094,111.85621643066406
ID_hQA5Qv.jpg,healthy,0.4433813691139221,30.273717880249023,98.28115844726562,414.56072998046875,347.566162109375
ID_hQA5Qv.jpg,healthy,0.4278397262096405,0.0,0.0,399.4081726074219,72.55046844482422
ID_hQA5Qv.jpg,healthy,0.37377291917800903,51.891117095947266,231.29232788085938,153.48165893554688,353.98028564453125
ID_hQA5Qv.jpg,healthy,0.3716776371002197,345.5919494628906,59.392696380615234,397.8625183105469,107.14909362792969
ID_hQA5Qv.jpg,healthy,0.33559733629226685,0.2668395936489105,0.0,262.1587219238281,90.96369934082031
ID_hQA5Qv.jpg,healthy,0.30496686697006226,82.543212890625,229.23789978027344,132.41200256347656,361.580078125
ID_hQA5Qv.jpg,healthy,0.2730115056037903,1.3995590209960938,0.16964606940746307,178.89344787597656,70.56414794921875
ID_hQA5Qv.jpg,healthy,0.2518395781517029,0.0,2.9935050010681152,66.80732727050781,91.20606231689453
ID_uSTE1c.jpg,cssvd,0.5667537450790405,0.0,74.173583984375,960.0,1267.9464111328125
ID_W1Ldy3.jpg,anthracnose,0.9427461624145508,6.577157497406006,8.994529724121094,4128.0,2859.2265625
ID_W1Ldy3.jpg,anthracnose,0.6021884679794312,260.42425537109375,2195.444580078125,4106.8642578125,3086.35009765625
ID_W1Ldy3.jpg,anthracnose,0.5811911821365356,23.875707626342773,2463.58203125,4128.0,3085.90771484375
ID_W1Ldy3.jpg,anthracnose,0.4187016487121582,432.11968994140625,750.3504638671875,4115.53564453125,2858.914306640625
ID_W1Ldy3.jpg,anthracnose,0.3906382620334625,400.67279052734375,1550.02783203125,4115.52880859375,3092.341552734375
ID_W1Ldy3.jpg,anthracnose,0.3462371826171875,73.88525390625,0.0,4128.0,910.7717895507812
ID_f6eOd7.jpeg,anthracnose,0.7744410634040833,511.7645263671875,0.0,3978.81396484375,1340.0875244140625
ID_f6eOd7.jpeg,anthracnose,0.4602443277835846,293.2499084472656,0.0,3972.092529296875,708.529296875
ID_f6eOd7.jpeg,anthracnose,0.2521941661834717,86.27471923828125,0.0,3969.03466796875,437.881103515625
ID_Ko3wiJ.jpg,anthracnose,0.5761657357215881,0.0,522.576416015625,529.7200927734375,809.0392456054688
ID_Ko3wiJ.jpg,cssvd,0.5396337509155273,221.255126953125,17.30130386352539,1080.0,619.0188598632812
ID_deS0wq.jpg,healthy,0.4946543574333191,6.97172212600708,0.7534515261650085,3219.6591796875,458.8343811035156
ID_deS0wq.jpg,cssvd,0.4058264493942261,127.52645874023438,377.6455993652344,3166.344482421875,1939.0302734375
ID_deS0wq.jpg,healthy,0.3330409526824951,436.3687438964844,1982.10791015625,3196.7490234375,2437.754150390625
ID_zfVZ2p.jpg,anthracnose,0.6037883758544922,1.8533248901367188,109.23493194580078,1078.8074951171875,764.61279296875
ID_zfVZ2p.jpg,anthracnose,0.35348960757255554,712.398193359375,0.0,1080.0,268.36029052734375
ID_zfVZ2p.jpg,cssvd,0.3164968192577362,0.7009963989257812,84.82035827636719,1067.127685546875,787.2723999023438
ID_zfVZ2p.jpg,cssvd,0.27332112193107605,713.3031616210938,0.0,1079.6307373046875,269.8296813964844
ID_tvu9FP.jpg,cssvd,0.662463903427124,145.115234375,0.0,1280.0,624.4804077148438
ID_gyfUir.jpg,anthracnose,0.8138890266418457,544.2626953125,465.4854431152344,2047.873046875,1131.252197265625
ID_gyfUir.jpg,anthracnose,0.5911278128623962,534.2468872070312,412.2342834472656,2046.470703125,948.9833984375
ID_gyfUir.jpg,healthy,0.25707247853279114,0.5249878168106079,324.8555603027344,160.18179321289062,771.4114379882812
ID_ibwcq7.jpg,anthracnose,0.5906398892402649,0.0,138.1423797607422,1080.0,808.4307861328125
ID_r0VhGy.jpeg,healthy,0.7196917533874512,0.0,643.6088256835938,369.0220031738281,1308.8009033203125
ID_r0VhGy.jpeg,healthy,0.6302826404571533,1542.3575439453125,0.0,3586.833251953125,363.43487548828125
ID_r0VhGy.jpeg,healthy,0.47709619998931885,310.645751953125,421.6615295410156,972.7235717773438,1129.039306640625
ID_r0VhGy.jpeg,anthracnose,0.4679935872554779,1083.5653076171875,426.1061096191406,3586.751708984375,2048.70556640625
ID_r0VhGy.jpeg,anthracnose,0.4365829527378082,3412.62158203125,0.0,4030.9013671875,3024.0
ID_r0VhGy.jpeg,healthy,0.4231400191783905,1173.4376220703125,180.7754669189453,3289.365966796875,948.5006713867188
ID_r0VhGy.jpeg,anthracnose,0.4115036129951477,3062.61181640625,0.0,4028.113037109375,2999.499267578125
ID_r0VhGy.jpeg,healthy,0.39967164397239685,198.85279846191406,785.5452880859375,908.6861572265625,1664.7998046875
ID_r0VhGy.jpeg,healthy,0.39559099078178406,62.31650924682617,1850.3138427734375,955.3151245117188,2857.703857421875
ID_r0VhGy.jpeg,anthracnose,0.28777408599853516,1040.5311279296875,1039.7662353515625,2224.032958984375,3019.4853515625
ID_SO8UBg.jpg,healthy,0.6339080929756165,0.0,535.763671875,185.6230010986328,767.86328125
ID_SO8UBg.jpg,healthy,0.5239629745483398,78.45918273925781,0.22674560546875,1024.0,191.5988311767578
ID_SO8UBg.jpg,healthy,0.3488093912601471,211.3532257080078,610.1624145507812,1015.7048950195312,760.8333129882812
ID_SO8UBg.jpg,healthy,0.28356146812438965,184.0753936767578,237.7489776611328,1024.0,607.4893798828125
ID_SO8UBg.jpg,healthy,0.272399365901947,72.9449234008789,206.72866821289062,1005.1437377929688,466.1344299316406
ID_iWDZvd.jpeg,healthy,0.5798605680465698,362.32916259765625,2.8573310375213623,1510.81787109375,701.10302734375
ID_iWDZvd.jpeg,healthy,0.5041049718856812,1162.99658203125,0.0,2755.98388671875,1173.823486328125
ID_iWDZvd.jpeg,healthy,0.4883856773376465,3152.05908203125,961.8929443359375,4030.75390625,1740.7947998046875
ID_iWDZvd.jpeg,healthy,0.46015897393226624,1250.131591796875,737.949951171875,3319.6484375,2090.483154296875
ID_iWDZvd.jpeg,healthy,0.2691197991371155,1261.535400390625,1465.640869140625,3390.251220703125,2199.702392578125
ID_iWDZvd.jpeg,healthy,0.2580648958683014,1249.4595947265625,1850.2069091796875,2365.43212890625,2805.64892578125
ID_iWDZvd.jpeg,healthy,0.2555724084377289,0.0,2180.850341796875,551.56103515625,2727.8154296875
ID_nShX8a.jpg,cssvd,0.5604779720306396,0.3348426818847656,0.0,1065.04541015625,293.0210876464844
ID_nShX8a.jpg,anthracnose,0.4567754864692688,143.20843505859375,604.0711059570312,1080.0,806.5286865234375
ID_nShX8a.jpg,anthracnose,0.36215925216674805,3.926342010498047,0.0,1060.17724609375,290.54071044921875
ID_nShX8a.jpg,anthracnose,0.2872338593006134,0.0,216.25955200195312,1078.5157470703125,600.4063110351562
ID_nShX8a.jpg,cssvd,0.2530822157859802,0.0,266.3366394042969,1071.6142578125,597.8197631835938
ID_tq5475.jpg,anthracnose,0.44457998871803284,82.01431274414062,503.9734802246094,2820.6533203125,1380.9852294921875
ID_CTJaUE.jpg,anthracnose,0.8668546676635742,51.46851348876953,25.381521224975586,4128.0,2242.8046875
ID_CTJaUE.jpg,anthracnose,0.38236933946609497,15.94390869140625,2493.53662109375,4128.0,3086.63037109375
ID_CTJaUE.jpg,anthracnose,0.2515804171562195,952.0686645507812,177.34547424316406,4120.85009765625,2144.52197265625
ID_WBEKHx.jpeg,healthy,0.8018346428871155,123.25335693359375,548.567626953125,4032.0,2733.356201171875
ID_WBEKHx.jpeg,healthy,0.5278180837631226,35.16448974609375,0.0,3059.637451171875,572.3151245117188
ID_WBEKHx.jpeg,healthy,0.4143327474594116,16.645166397094727,0.0,3586.65087890625,722.14501953125
ID_WBEKHx.jpeg,healthy,0.3997829556465149,26.87055206298828,0.135639950633049,2084.159912109375,521.1121215820312
ID_AaL0uh.jpeg,healthy,0.9112645983695984,0.0,0.0,3793.66650390625,2155.0810546875
ID_AaL0uh.jpeg,healthy,0.6231827139854431,8.161852836608887,2285.97900390625,3883.03076171875,3024.0
ID_AaL0uh.jpeg,healthy,0.28326329588890076,0.0,2219.400634765625,2195.4404296875,3018.756591796875
ID_msd0pU.jpg,anthracnose,0.9283733367919922,49.004638671875,89.512939453125,1280.0,802.678466796875
ID_msd0pU.jpg,anthracnose,0.3764643669128418,34.974853515625,756.595703125,1280.0,956.87548828125
ID_GSj4su.jpeg,2,1.0,,,,
ID_XuSm0l.jpg,healthy,0.6619662046432495,1048.0914306640625,1534.076171875,2686.13916015625,2448.0
ID_XuSm0l.jpg,cssvd,0.47522398829460144,111.42864990234375,508.21185302734375,3204.701171875,1708.7498779296875
ID_XuSm0l.jpg,healthy,0.42830973863601685,63.69614791870117,0.0,3083.187744140625,462.28802490234375
ID_XuSm0l.jpg,healthy,0.42750388383865356,81.71018981933594,502.27667236328125,3205.974365234375,1693.77978515625
ID_S4UOLv.jpg,healthy,0.7550385594367981,35.643001556396484,98.66596221923828,416.0,310.8690185546875
ID_S4UOLv.jpg,healthy,0.6366438865661621,54.41781997680664,105.50532531738281,415.53045654296875,228.7585906982422
ID_S4UOLv.jpg,healthy,0.527344286441803,62.42769241333008,0.0,209.5189666748047,150.20220947265625
ID_S4UOLv.jpg,healthy,0.3386072814464569,45.8416633605957,235.11404418945312,413.30865478515625,413.65289306640625
ID_S4UOLv.jpg,healthy,0.3254023492336273,57.34385299682617,316.0534362792969,416.0,414.521240234375
ID_bqjNRc.JPG,healthy,0.7424874901771545,0.0,1659.4578857421875,676.8994140625,2446.89892578125
ID_bqjNRc.JPG,healthy,0.5789505839347839,0.0,0.0,1654.327392578125,891.5821533203125
ID_bqjNRc.JPG,healthy,0.42391037940979004,1436.2373046875,476.6769104003906,3242.23095703125,1079.36767578125
ID_bqjNRc.JPG,healthy,0.380672425031662,0.0,495.1193542480469,1378.2950439453125,1220.4119873046875
ID_bqjNRc.JPG,healthy,0.36878126859664917,95.24897003173828,1030.468505859375,3074.0087890625,1461.4710693359375
ID_RcDJTg.jpg,healthy,0.6569872498512268,186.555908203125,1.6938124895095825,373.6058654785156,289.8575744628906
ID_RcDJTg.jpg,healthy,0.35281047224998474,0.0,98.5711669921875,202.4639434814453,201.0616455078125
ID_RcDJTg.jpg,healthy,0.26241278648376465,375.4564514160156,0.0,414.83905029296875,152.7232666015625
ID_RpAD1x.jpg,anthracnose,0.8691607117652893,0.0,0.0,4128.0,2454.650390625
ID_RpAD1x.jpg,anthracnose,0.6389335989952087,0.0,2128.720458984375,4128.0,3092.423095703125
ID_RpAD1x.jpg,anthracnose,0.2651286721229553,845.8657836914062,106.07777404785156,4117.59375,2179.697998046875
ID_XYvWnu.jpg,anthracnose,0.9266550540924072,413.75579833984375,25.686817169189453,2040.668701171875,1271.616455078125
ID_XYvWnu.jpg,anthracnose,0.6136375665664673,368.3125,271.9418029785156,2039.477783203125,1515.5814208984375
ID_XYvWnu.jpg,anthracnose,0.2726001441478729,353.88671875,808.6546630859375,2031.969482421875,1536.0
ID_HiQLuc.jpg,anthracnose,0.3058924973011017,184.92642211914062,194.8011932373047,637.865478515625,1080.0
ID_HiQLuc.jpg,anthracnose,0.271438330411911,166.5258331298828,63.3808479309082,734.8453369140625,1080.0
ID_oxrYai.jpg,cssvd,0.43060189485549927,531.1004638671875,0.0,2160.80322265625,590.9579467773438
ID_oxrYai.jpg,healthy,0.31118711829185486,322.0601501464844,803.3528442382812,3189.2001953125,1637.9149169921875
ID_oxrYai.jpg,anthracnose,0.2910173535346985,525.0148315429688,504.9137268066406,1755.2838134765625,1172.34375
ID_J45fgy.jpg,cssvd,0.6594377160072327,75.45269012451172,165.841064453125,1080.0,715.7211303710938
ID_J45fgy.jpg,healthy,0.3035441040992737,0.0,0.0,1080.0,201.9958953857422
ID_QegU5S.jpeg,anthracnose,0.71879643201828,2267.81591796875,91.17781066894531,3024.0,1035.5882568359375
ID_QegU5S.jpeg,healthy,0.6921485066413879,0.0,0.0,2874.162109375,633.228759765625
ID_QegU5S.jpeg,healthy,0.6442348957061768,1297.05810546875,2543.842041015625,1598.6961669921875,3017.19677734375
ID_QegU5S.jpeg,anthracnose,0.5162202715873718,2159.149169921875,1008.5625610351562,3016.8203125,1664.2396240234375
ID_QegU5S.jpeg,healthy,0.4819125831127167,465.982666015625,449.44671630859375,2309.373779296875,1491.4967041015625
ID_QegU5S.jpeg,anthracnose,0.4217458665370941,752.0208129882812,775.508056640625,3015.508544921875,2168.979736328125
ID_QegU5S.jpeg,healthy,0.3959641754627228,0.0,2412.490234375,1435.1488037109375,3022.6064453125
ID_QegU5S.jpeg,healthy,0.384279727935791,0.0,2406.081298828125,949.4149780273438,3021.527587890625
ID_QegU5S.jpeg,healthy,0.29415151476860046,0.0,2383.831298828125,674.960693359375,3022.514892578125
ID_lU7egE.jpg,cssvd,0.6813547015190125,431.90704345703125,0.0,956.7879028320312,1274.4423828125
ID_lU7egE.jpg,cssvd,0.5842439532279968,748.80908203125,0.0,958.8582763671875,1269.1827392578125
ID_zpXC4u.JPG,healthy,0.7886736989021301,65.1868667602539,781.9444580078125,3141.144287109375,1974.5584716796875
ID_sbu14T.jpg,healthy,0.8144069910049438,90.48765563964844,38.82976150512695,413.0384826660156,306.0764465332031
ID_sbu14T.jpg,healthy,0.34136152267456055,9.319847106933594,358.4496765136719,288.2307434082031,415.92962646484375
ID_sbu14T.jpg,healthy,0.2553628981113434,7.118896484375,354.31268310546875,383.0042419433594,416.0
ID_L7jdBx.jpg,anthracnose,0.7877161502838135,216.20068359375,0.6180419921875,1272.0906982421875,645.2274169921875
ID_L7jdBx.jpg,anthracnose,0.28007155656814575,0.0,781.178955078125,545.8536376953125,959.769287109375
ID_xXWJsa.jpg,cssvd,0.4896816909313202,0.0,13.610998153686523,3264.0,1977.7899169921875
ID_xXWJsa.jpg,healthy,0.4789016544818878,0.0,1981.2406005859375,3264.0,2442.23486328125
ID_xXWJsa.jpg,healthy,0.3988921642303467,12.110943794250488,1637.925537109375,3173.890869140625,2444.48876953125
ID_Y83vnf.jpeg,healthy,0.8386147618293762,631.66650390625,513.7985229492188,4032.0,1983.2015380859375
ID_Y83vnf.jpeg,healthy,0.7297566533088684,237.713623046875,0.0,1577.4757080078125,827.2446899414062
ID_Y83vnf.jpeg,healthy,0.4371391832828522,295.3653564453125,0.0,2455.7373046875,529.6055297851562
ID_Y83vnf.jpeg,healthy,0.4113120138645172,1328.680908203125,0.0,2330.543212890625,492.0650939941406
ID_Y83vnf.jpeg,healthy,0.40120065212249756,0.0,0.0,542.5919799804688,583.98681640625
ID_Y83vnf.jpeg,healthy,0.3831678330898285,54.043338775634766,924.5557250976562,1113.802978515625,2210.967041015625
ID_Y83vnf.jpeg,healthy,0.3013516962528229,0.0,2210.746337890625,1020.8948974609375,3024.0
ID_Y83vnf.jpeg,healthy,0.2912892997264862,0.0,2256.72119140625,1629.347412109375,3024.0
ID_Y83vnf.jpeg,healthy,0.27874669432640076,0.0,3.3683600425720215,869.5967407226562,592.2771606445312
ID_vyuFDL.jpg,anthracnose,0.8289639353752136,0.0,119.66238403320312,4128.0,2136.15576171875
ID_vyuFDL.jpg,healthy,0.3422270119190216,25.028392791748047,2403.06201171875,3320.261962890625,3090.797119140625
ID_tIC8Rp.jpg,cssvd,0.45379385352134705,367.57733154296875,114.1345443725586,1429.640869140625,920.1769409179688
ID_tIC8Rp.jpg,anthracnose,0.3631841540336609,371.4739685058594,102.49609375,1423.210693359375,941.8193359375
ID_tIC8Rp.jpg,cssvd,0.3482729494571686,1092.9320068359375,0.0,2048.0,1474.3560791015625
ID_Gd3VXA.jpg,cssvd,0.3456151485443115,556.0753784179688,0.9712890386581421,1341.4345703125,1491.578857421875
ID_QgrbIr.jpg,healthy,0.6015121340751648,0.0,875.6985473632812,425.0952453613281,1544.6776123046875
ID_QgrbIr.jpg,anthracnose,0.3276103436946869,1344.7685546875,47.658103942871094,2785.5419921875,1701.40283203125
ID_QgrbIr.jpg,cssvd,0.25342562794685364,1317.5322265625,202.72515869140625,3256.620361328125,1931.917724609375
ID_f2N5AI.jpeg,healthy,0.7042905688285828,0.0,2.737985372543335,321.898681640625,395.2555236816406
ID_f2N5AI.jpeg,anthracnose,0.3915459215641022,1107.9940185546875,2140.728515625,2947.97265625,3022.088623046875
ID_f2N5AI.jpeg,anthracnose,0.3836754560470581,44.16911697387695,535.81884765625,3024.0,2498.69677734375
ID_f2N5AI.jpeg,anthracnose,0.3210292160511017,1067.8468017578125,2.6006391048431396,2986.469482421875,440.2178039550781
ID_f2N5AI.jpeg,anthracnose,0.28730231523513794,455.2362060546875,0.0,1226.2064208984375,546.6906127929688
ID_f2N5AI.jpeg,anthracnose,0.25930631160736084,388.3238220214844,366.9114990234375,2991.302734375,1941.0513916015625
ID_mirK4L.JPG,healthy,0.9879513382911682,200.75303649902344,743.3053588867188,1022.6345825195312,1162.3128662109375
ID_mirK4L.JPG,healthy,0.9508317708969116,1104.052978515625,852.177490234375,1871.322509765625,1574.627197265625
ID_mirK4L.JPG,healthy,0.8678474426269531,1625.7933349609375,784.4210205078125,2433.374755859375,1369.79541015625
ID_mirK4L.JPG,healthy,0.8260502219200134,1307.7626953125,797.6620483398438,2421.968994140625,1410.1163330078125
ID_mirK4L.JPG,healthy,0.7668954730033875,798.417236328125,0.0,2263.255126953125,285.7418212890625
ID_mirK4L.JPG,healthy,0.7499471306800842,2856.080810546875,0.0,3181.88330078125,258.89031982421875
ID_mirK4L.JPG,healthy,0.5569207668304443,195.3592529296875,314.3533630371094,560.999755859375,685.8533325195312
ID_mirK4L.JPG,healthy,0.5007550120353699,2634.691650390625,287.924072265625,3091.333984375,680.8078002929688
ID_mirK4L.JPG,healthy,0.4259890019893646,219.73414611816406,696.4943237304688,1028.8326416015625,864.1537475585938
ID_mirK4L.JPG,healthy,0.360672265291214,2919.91015625,836.4244384765625,3264.0,1379.0970458984375
ID_mirK4L.JPG,healthy,0.3259621560573578,846.9931030273438,35.448795318603516,2261.107177734375,486.5866394042969
ID_mirK4L.JPG,healthy,0.30788710713386536,2849.243896484375,0.0,3262.44970703125,410.7074890136719
ID_mirK4L.JPG,healthy,0.3036711513996124,171.646484375,692.9501953125,1058.1290283203125,955.102783203125
ID_mirK4L.JPG,healthy,0.2501985430717468,30.214324951171875,12.599418640136719,608.603515625,749.07080078125
ID_ws8Esn.jpg,cssvd,0.5213618874549866,0.0,0.09429359436035156,906.8046264648438,810.0
ID_ws8Esn.jpg,healthy,0.4177285432815552,642.2726440429688,0.0,1077.7059326171875,106.15845489501953
ID_Tl30M7.jpeg,anthracnose,0.9100281000137329,0.0,148.79788208007812,4032.0,2475.698974609375
ID_Tl30M7.jpeg,anthracnose,0.5370283722877502,0.0,1.529338002204895,4019.2333984375,683.0330810546875
ID_Tl30M7.jpeg,anthracnose,0.2815192639827728,0.0,1340.0966796875,4032.0,2459.86669921875
ID_RgKZv7.jpeg,healthy,0.7371659278869629,1311.6973876953125,10.844658851623535,2809.399169921875,1448.334716796875
ID_Ra1OWt.jpg,cssvd,0.6687192320823669,0.0,57.934814453125,1280.0,960.0
ID_mHoDGw.JPG,healthy,0.41195133328437805,1444.5731201171875,2.8572325706481934,3253.8125,1712.48681640625
ID_mHoDGw.JPG,healthy,0.39121055603027344,1420.4056396484375,844.3442993164062,2466.965576171875,1411.213134765625
ID_mHoDGw.JPG,anthracnose,0.2519046366214752,0.0,479.6297302246094,727.4425048828125,1227.355712890625
ID_EdzwdN.jpg,anthracnose,0.8585631847381592,0.0,788.489990234375,4128.0,2514.310791015625
ID_EdzwdN.jpg,anthracnose,0.7672675848007202,0.0,1520.1202392578125,4128.0,2562.673583984375
ID_EdzwdN.jpg,anthracnose,0.7512470483779907,32.805870056152344,522.1719970703125,4116.0068359375,1593.4920654296875
ID_EdzwdN.jpg,anthracnose,0.6992288827896118,4.801281929016113,2145.78125,4128.0,3075.97607421875
ID_EdzwdN.jpg,anthracnose,0.442663311958313,3.5112030506134033,1559.526123046875,4127.41162109375,2999.958740234375
ID_EdzwdN.jpg,anthracnose,0.39184021949768066,0.0,0.25323256850242615,4028.0087890625,738.9152221679688
ID_fO7fgj.jpg,anthracnose,0.7553467154502869,203.8056182861328,2.840909957885742,1067.5128173828125,648.8155517578125
ID_fO7fgj.jpg,anthracnose,0.46806010603904724,236.40150451660156,469.5905456542969,1073.64794921875,808.7625732421875
ID_fO7fgj.jpg,anthracnose,0.4023227393627167,116.41864776611328,0.0,1080.0,810.0
ID_fO7fgj.jpg,anthracnose,0.37231865525245667,918.2302856445312,3.711954116821289,1080.0,526.5719604492188
ID_OgEb5I.jpg,anthracnose,0.906204104423523,390.2777404785156,0.0,2014.481689453125,1520.1195068359375
ID_OgEb5I.jpg,anthracnose,0.7214524745941162,594.8369140625,4.05078125,2040.595947265625,1066.9765625
ID_zPqRJN.jpeg,healthy,0.8588799834251404,0.0,200.37799072265625,4026.82275390625,2365.03466796875
ID_zPqRJN.jpeg,healthy,0.6802627444267273,0.0,3.6117141246795654,1465.226806640625,620.2747802734375
ID_zPqRJN.jpeg,healthy,0.6164935827255249,3.521832227706909,2556.08935546875,3735.4912109375,3020.163818359375
ID_zPqRJN.jpeg,healthy,0.4778999388217926,0.7439529299736023,2315.052001953125,670.517578125,3024.0
ID_zPqRJN.jpeg,healthy,0.4198038578033447,0.0,2077.748291015625,1382.1256103515625,3009.435302734375
ID_zPqRJN.jpeg,healthy,0.3994135558605194,0.0,233.57675170898438,4032.0,1702.7791748046875
ID_zPqRJN.jpeg,healthy,0.3976886570453644,8.903209686279297,0.0,3252.66259765625,592.115966796875
ID_zPqRJN.jpeg,healthy,0.3230898380279541,3.268528699874878,2070.0009765625,1291.0618896484375,2734.650146484375
ID_zPqRJN.jpeg,healthy,0.2725512981414795,0.0,0.0,1313.7030029296875,867.4962768554688
ID_zPqRJN.jpeg,healthy,0.26615628600120544,0.0,0.0,3925.697265625,464.53875732421875
ID_zPqRJN.jpeg,healthy,0.25257062911987305,0.0,2410.432373046875,1544.05615234375,3024.0
ID_rHask9.jpg,cssvd,0.6896828413009644,0.0,183.67355346679688,1280.0,940.32861328125
ID_FQ4xbi.jpg,anthracnose,0.9125237464904785,226.57568359375,135.5517578125,1270.771484375,738.365966796875
ID_FQ4xbi.jpg,anthracnose,0.8540220260620117,241.3009033203125,2.430267333984375,1278.2418212890625,344.83404541015625
ID_FQ4xbi.jpg,anthracnose,0.2664259076118469,0.0,0.3148193359375,210.91184997558594,375.7957763671875
ID_tUm5mY.jpg,healthy,0.7731810808181763,956.8112182617188,922.5650634765625,2760.648193359375,1760.8016357421875
ID_tUm5mY.jpg,healthy,0.4214242398738861,240.70668029785156,1215.9366455078125,1304.4197998046875,1613.1429443359375
ID_tUm5mY.jpg,healthy,0.41541218757629395,1810.47412109375,2.7157561779022217,2841.573486328125,521.4717407226562
ID_tUm5mY.jpg,healthy,0.33347511291503906,2087.462158203125,580.1463012695312,3258.11572265625,1099.0589599609375
ID_tUm5mY.jpg,healthy,0.2732046842575073,0.0,1692.937255859375,3264.0,2447.094970703125
ID_SQy8i7.jpeg,healthy,0.7270185947418213,0.0,517.8849487304688,3024.0,2919.0517578125
ID_SQy8i7.jpeg,healthy,0.6823358535766602,0.0,577.3432006835938,3016.78515625,2259.891845703125
ID_SQy8i7.jpeg,healthy,0.32571592926979065,0.0,2126.499755859375,1922.6761474609375,4021.35546875
ID_SQy8i7.jpeg,healthy,0.3163139522075653,4.340093612670898,2810.480224609375,1923.876220703125,4032.0
ID_SQy8i7.jpeg,healthy,0.2761825621128082,1404.972900390625,3.1183249950408936,2678.255126953125,746.0037841796875
ID_eUljiC.jpg,cssvd,0.6893183588981628,0.0,41.8372802734375,1280.0,802.062255859375
ID_OVVyOZ.jpg,healthy,0.6887823343276978,109.3668212890625,0.488729864358902,335.3403625488281,401.4122009277344
ID_OVVyOZ.jpg,healthy,0.6144776344299316,51.96322250366211,355.43646240234375,297.5847473144531,416.0
ID_OVVyOZ.jpg,healthy,0.5661967396736145,344.7010498046875,25.958173751831055,414.8604431152344,307.50213623046875
ID_OVVyOZ.jpg,healthy,0.4906032979488373,0.69744873046875,272.1719970703125,185.60467529296875,371.1816101074219
ID_OVVyOZ.jpg,healthy,0.4671192467212677,290.2573547363281,35.382015228271484,414.58447265625,287.6199645996094
ID_OVVyOZ.jpg,healthy,0.4073513448238373,103.50174713134766,74.6038818359375,371.2512512207031,416.0
ID_OVVyOZ.jpg,healthy,0.39418235421180725,289.5093994140625,79.37604522705078,381.735107421875,239.8173828125
ID_OVVyOZ.jpg,healthy,0.38247931003570557,0.18250998854637146,342.05169677734375,45.24504470825195,416.0
ID_OVVyOZ.jpg,healthy,0.37632447481155396,46.20641326904297,341.2181701660156,395.528076171875,416.0
ID_OVVyOZ.jpg,healthy,0.3609215021133423,44.36767578125,354.4671630859375,200.5274200439453,416.0
ID_OVVyOZ.jpg,healthy,0.3579205870628357,0.0,349.1455383300781,64.69806671142578,416.0
ID_OVVyOZ.jpg,healthy,0.35669898986816406,357.2748107910156,95.59400177001953,413.32080078125,307.71868896484375
ID_OVVyOZ.jpg,healthy,0.3555891811847687,0.0,369.1970520019531,40.71208190917969,416.0
ID_OVVyOZ.jpg,healthy,0.3488122522830963,0.0,75.6567611694336,118.19854736328125,305.60736083984375
ID_OVVyOZ.jpg,healthy,0.3301104009151459,51.80292510986328,344.5103454589844,247.7759552001953,415.46221923828125
ID_OVVyOZ.jpg,healthy,0.2977806329727173,0.0,379.4937438964844,67.94312286376953,416.0
ID_OVVyOZ.jpg,healthy,0.2933674454689026,15.995776176452637,4.704843044281006,318.68255615234375,358.56494140625
ID_OVVyOZ.jpg,healthy,0.2878904640674591,300.87054443359375,165.22425842285156,364.3010559082031,236.48228454589844
ID_OVVyOZ.jpg,healthy,0.2778562605381012,46.77437973022461,312.3441467285156,334.8102111816406,416.0
ID_OVVyOZ.jpg,healthy,0.2738296091556549,0.0,9.82787799835205,120.96863555908203,105.08463287353516
ID_OVVyOZ.jpg,healthy,0.26703301072120667,98.32011413574219,5.475428581237793,314.4898376464844,322.26678466796875
ID_OVVyOZ.jpg,healthy,0.25632935762405396,0.4497512876987457,8.023397445678711,122.20521545410156,381.3134765625
ID_KlqixB.jpg,healthy,0.5404878258705139,667.0498046875,1110.81689453125,958.0869140625,1280.0
ID_KlqixB.jpg,cssvd,0.381567120552063,141.036376953125,0.0,887.910400390625,1274.3575439453125
ID_J2PCAO.jpeg,anthracnose,0.6575840711593628,0.0,391.80816650390625,3024.0,2725.1298828125
ID_J2PCAO.jpeg,anthracnose,0.2525612711906433,675.525390625,3008.8486328125,3011.76708984375,4030.565185546875
ID_LqMAW4.jpeg,cssvd,0.6264747381210327,159.26600646972656,410.33636474609375,3024.0,2429.034912109375
ID_LqMAW4.jpeg,healthy,0.5405378341674805,0.0,2597.79052734375,1277.830810546875,3023.901123046875
ID_LqMAW4.jpeg,healthy,0.48043298721313477,1375.47509765625,3.6666407585144043,1732.3424072265625,470.765869140625
ID_LqMAW4.jpeg,healthy,0.36587661504745483,1379.6185302734375,0.46531906723976135,1925.3341064453125,432.4248046875
ID_LqMAW4.jpeg,healthy,0.323554128408432,1394.8126220703125,0.0,2993.1123046875,442.31005859375
ID_kz9PiB.jpeg,healthy,0.7813555598258972,586.990478515625,4.7911376953125,4032.0,3024.0
ID_kz9PiB.jpeg,healthy,0.6376904249191284,0.0,1429.848388671875,610.2434692382812,2325.2958984375
ID_kz9PiB.jpeg,healthy,0.4222061038017273,610.946533203125,0.0,4032.0,878.6764526367188
ID_kz9PiB.jpeg,healthy,0.41310566663742065,629.5250854492188,32.15445327758789,3960.723876953125,2111.30712890625
ID_kz9PiB.jpeg,healthy,0.36238986253738403,398.4619140625,2212.54736328125,4032.0,3016.516357421875
ID_kz9PiB.jpeg,healthy,0.30739152431488037,299.95672607421875,1839.449951171875,4032.0,3018.92333984375
ID_kz9PiB.jpeg,healthy,0.2821676433086395,566.2117309570312,0.0,4032.0,1137.1087646484375
ID_kz9PiB.jpeg,healthy,0.2732889950275421,282.1478576660156,21.8780460357666,928.7433471679688,799.6427001953125
ID_aH8VDa.jpeg,anthracnose,0.8428928852081299,228.0223846435547,0.0,2993.197021484375,3772.892333984375
ID_aH8VDa.jpeg,anthracnose,0.5395724177360535,155.5904541015625,684.1555786132812,3024.0,3911.082763671875
ID_aH8VDa.jpeg,anthracnose,0.3670482337474823,2478.924560546875,53.185089111328125,3023.16552734375,3911.94921875
ID_aH8VDa.jpeg,anthracnose,0.33023226261138916,2135.694580078125,0.0,3018.84375,3915.857177734375
ID_aH8VDa.jpeg,anthracnose,0.3269890546798706,307.5565185546875,2.695303201675415,2980.518310546875,2107.47705078125
ID_aH8VDa.jpeg,anthracnose,0.2505826950073242,1101.735107421875,25.71525764465332,3016.751220703125,3914.177001953125
ID_waXjb4.jpg,healthy,0.7576573491096497,14.141979217529297,336.7043151855469,1080.0,650.3131713867188
ID_waXjb4.jpg,cssvd,0.4106787145137787,0.0,17.382129669189453,1079.8990478515625,335.6790771484375
ID_waXjb4.jpg,cssvd,0.3470783233642578,40.35178756713867,675.2747802734375,1080.0,807.0396728515625
ID_waXjb4.jpg,healthy,0.3165161907672882,0.0,63.882286071777344,1069.62158203125,671.6340942382812
ID_waXjb4.jpg,cssvd,0.3073554039001465,48.271934509277344,565.0239868164062,1080.0,807.5821533203125
ID_tK5PSV.jpeg,healthy,0.6453258395195007,919.922607421875,38.14529800415039,2648.22216796875,3619.174560546875
ID_tK5PSV.jpeg,healthy,0.6245082020759583,933.054443359375,0.0,2630.38671875,1932.643798828125
ID_tK5PSV.jpeg,healthy,0.5845507383346558,1949.35791015625,2947.2001953125,2537.107177734375,3680.12744140625
ID_tK5PSV.jpeg,healthy,0.505696177482605,0.0,1650.4368896484375,716.3453979492188,2325.33349609375
ID_tK5PSV.jpeg,healthy,0.37317246198654175,1212.814453125,3456.221923828125,2997.934814453125,4032.0
ID_tK5PSV.jpeg,healthy,0.3183819353580475,2576.670166015625,1741.9647216796875,3024.0,2999.935302734375
ID_jcfiYK.jpeg,healthy,0.7516034841537476,0.0,419.5256042480469,4003.54150390625,2631.811279296875
ID_jcfiYK.jpeg,healthy,0.5890142321586609,0.0,1567.1240234375,3903.878173828125,3017.662109375
ID_jcfiYK.jpeg,healthy,0.5477901697158813,0.0,2269.053466796875,3920.07861328125,3024.0
ID_kvMeX2.JPG,healthy,0.6607084274291992,597.390380859375,373.2414855957031,3042.080322265625,1587.8133544921875
ID_kvMeX2.JPG,healthy,0.42822879552841187,23.730688095092773,0.0,3252.213623046875,338.7493896484375
ID_kvMeX2.JPG,healthy,0.4186577796936035,1737.3648681640625,1906.4991455078125,2211.317626953125,2438.57763671875
ID_kvMeX2.JPG,healthy,0.315390408039093,0.0,1758.482666015625,989.1873779296875,2445.88330078125
ID_kvMeX2.JPG,anthracnose,0.3110010325908661,0.0,69.79955291748047,609.694580078125,829.235107421875
ID_kvMeX2.JPG,cssvd,0.29576247930526733,1.5419219732284546,91.5975112915039,559.7465209960938,810.9088745117188
ID_kvMeX2.JPG,cssvd,0.2524920105934143,0.0,1634.6097412109375,941.4063720703125,2443.202880859375
ID_p8IW20.jpeg,healthy,0.6237268447875977,282.9610595703125,73.68170166015625,1032.617919921875,403.61376953125
ID_p8IW20.jpeg,healthy,0.2886336147785187,312.2317199707031,386.6231689453125,1280.0,573.3661499023438
ID_oUmw03.jpeg,healthy,0.7918545603752136,0.0,1383.73974609375,3024.0,3240.132568359375
ID_oUmw03.jpeg,healthy,0.7472938299179077,0.0,729.8550415039062,2887.7509765625,2449.353759765625
ID_oUmw03.jpeg,healthy,0.7375375628471375,0.0,3055.998291015625,2234.636962890625,3986.3994140625
ID_oUmw03.jpeg,healthy,0.5579046607017517,0.0,763.9126586914062,2835.90283203125,1873.34130859375
ID_oUmw03.jpeg,healthy,0.44700124859809875,2579.525146484375,3023.008544921875,3024.0,3994.126708984375
ID_oUmw03.jpeg,healthy,0.3983103036880493,0.0,3505.955322265625,1866.595703125,4030.88623046875
ID_oUmw03.jpeg,healthy,0.34034767746925354,0.0,2111.240966796875,3024.0,3262.029541015625
ID_oUmw03.jpeg,healthy,0.2703031003475189,0.0,3058.0869140625,1373.01513671875,3894.212646484375
ID_B9DYFf.jpg,cssvd,0.7868653535842896,161.15625,0.0,1080.0,810.0
ID_P2WvnN.jpg,anthracnose,0.9088759422302246,302.94207763671875,0.0,1532.348876953125,1935.472900390625
ID_P2WvnN.jpg,anthracnose,0.5280233025550842,98.6927261352539,311.3746643066406,1536.0,1830.4390869140625
ID_P2WvnN.jpg,anthracnose,0.34531256556510925,684.2713623046875,0.0,1532.7216796875,1998.1910400390625
ID_P2WvnN.jpg,anthracnose,0.31212547421455383,1238.570556640625,0.0,1533.541748046875,1990.9957275390625
ID_P2WvnN.jpg,anthracnose,0.311285138130188,1050.166748046875,13.816015243530273,1534.5113525390625,1984.3359375
ID_P2WvnN.jpg,anthracnose,0.30778494477272034,1361.8948974609375,0.0,1535.221435546875,1973.3902587890625
ID_P2WvnN.jpg,anthracnose,0.2945370674133301,94.7044906616211,973.7373046875,1527.207275390625,2012.0706787109375
ID_P2WvnN.jpg,anthracnose,0.27887266874313354,302.1216735839844,627.5341796875,1514.0159912109375,1765.6683349609375
ID_FC7Nif.jpg,anthracnose,0.8545475006103516,144.3171844482422,579.7608642578125,2038.5140380859375,1479.94775390625
ID_FC7Nif.jpg,anthracnose,0.6996034979820251,533.1769409179688,59.858787536621094,1860.1761474609375,549.0557861328125
ID_FC7Nif.jpg,anthracnose,0.26495376229286194,379.5751953125,79.99833679199219,2022.492431640625,638.4893798828125
ID_V0D6Lp.jpeg,anthracnose,0.5975297689437866,310.481689453125,153.6506805419922,1001.3919677734375,462.88262939453125
ID_XzSqhK.JPG,healthy,0.27945029735565186,693.954833984375,0.0,3068.981689453125,1080.635009765625
ID_GMWGve.jpg,cssvd,0.825563371181488,10.395366668701172,0.0,1051.3245849609375,810.0
ID_cLSG16.jpg,healthy,0.898209810256958,909.49365234375,1818.0093994140625,1381.4775390625,2492.0087890625
ID_cLSG16.jpg,healthy,0.810056746006012,1241.642578125,1615.411865234375,1623.1116943359375,2033.408935546875
ID_cLSG16.jpg,healthy,0.4789547026157379,438.8723449707031,1129.3101806640625,800.4830322265625,1985.72998046875
ID_cLSG16.jpg,healthy,0.3949319124221802,650.302490234375,909.2114868164062,1054.61669921875,1543.3394775390625
ID_cLSG16.jpg,healthy,0.3407423198223114,1039.6773681640625,1277.827880859375,1480.8895263671875,1820.72265625
ID_cLSG16.jpg,healthy,0.2712455987930298,1036.507568359375,1275.2196044921875,1608.683837890625,2023.130859375
ID_cLSG16.jpg,healthy,0.260445773601532,971.9189453125,1623.102783203125,1622.69140625,2441.10986328125
ID_cLSG16.jpg,healthy,0.25401532649993896,434.3100891113281,891.8638916015625,1291.319580078125,1960.436767578125
ID_Vt07u8.jpg,healthy,0.9605166912078857,645.8079833984375,638.9417724609375,1235.659912109375,1108.9837646484375
ID_ksQokG.jpg,cssvd,0.5877243280410767,630.700927734375,4.704586029052734,810.0,622.9378662109375
ID_ksQokG.jpg,cssvd,0.5704717636108398,6.615434646606445,176.086669921875,810.0,1078.3021240234375
ID_ksQokG.jpg,cssvd,0.29795390367507935,134.47476196289062,0.7551727294921875,769.8777465820312,974.015625
ID_xYJaCN.jpg,anthracnose,0.6980392336845398,0.0,1582.947265625,3999.98388671875,3087.084228515625
ID_xYJaCN.jpg,healthy,0.6736693382263184,0.0,10.575732231140137,4012.8935546875,2448.65673828125
ID_xYJaCN.jpg,anthracnose,0.5502086877822876,0.0,169.0386962890625,4023.93310546875,2388.328857421875
ID_xYJaCN.jpg,anthracnose,0.482280969619751,0.0,2287.97216796875,4004.334228515625,3095.318603515625
ID_xYJaCN.jpg,anthracnose,0.27937260270118713,54.12346649169922,2620.379150390625,4030.657958984375,3088.182861328125
ID_RvIRbs.jpeg,healthy,0.7012296915054321,70.70465087890625,0.0,2389.95361328125,3645.131591796875
ID_RvIRbs.jpeg,healthy,0.5023066401481628,111.58255767822266,19.395647048950195,2386.990966796875,2361.20263671875
ID_RvIRbs.jpeg,anthracnose,0.299003541469574,2422.453857421875,0.0,3022.76318359375,3265.927001953125
ID_uybmws.jpg,healthy,0.6511707901954651,97.4423828125,142.9932861328125,1280.0,842.3875732421875
ID_uybmws.jpg,healthy,0.5489246249198914,0.0,638.9774780273438,605.30322265625,958.9275512695312
ID_uybmws.jpg,healthy,0.32951414585113525,0.0,668.689208984375,989.2903442382812,960.0
ID_uybmws.jpg,healthy,0.2798323929309845,0.0,602.238525390625,823.6088256835938,960.0
ID_mk4EeG.jpg,healthy,0.8412133455276489,23.51394271850586,140.98020935058594,87.85047149658203,236.43544006347656
ID_mk4EeG.jpg,healthy,0.7549838423728943,98.71089172363281,140.67747497558594,384.2344665527344,314.21429443359375
ID_mk4EeG.jpg,healthy,0.4589022397994995,249.4449920654297,87.02013397216797,356.1887512207031,172.3224639892578
ID_mk4EeG.jpg,healthy,0.3602929413318634,201.5347900390625,314.1692810058594,340.1519775390625,399.4343566894531
ID_VqylTD.jpeg,healthy,0.8029788732528687,50.616455078125,0.0,1280.0,445.9700927734375
ID_VqylTD.jpeg,healthy,0.7059279680252075,13.1087646484375,242.10345458984375,1262.3428955078125,575.6734619140625
ID_VqylTD.jpeg,healthy,0.6762406229972839,36.331298828125,306.32440185546875,1115.3271484375,574.2902221679688
ID_VqylTD.jpeg,healthy,0.3710191249847412,0.0,203.97222900390625,408.4984130859375,576.0
ID_VqylTD.jpeg,healthy,0.2638033330440521,0.0,201.029052734375,806.9447021484375,576.0
ID_kLKJFt.jpg,healthy,0.587958812713623,206.8221893310547,202.25930786132812,1037.8662109375,583.5753784179688
ID_kLKJFt.jpg,healthy,0.2983700633049011,232.0316619873047,378.7162780761719,1029.2120361328125,585.51611328125
ID_kLKJFt.jpg,healthy,0.2815245985984802,0.0,400.4299621582031,389.2552490234375,702.839111328125
ID_zwPCo9.jpg,healthy,0.5360794067382812,0.0,712.8536376953125,407.90875244140625,960.0
ID_zwPCo9.jpg,anthracnose,0.4424763321876526,65.158447265625,0.0,1280.0,792.0965576171875
ID_zwPCo9.jpg,healthy,0.4006884694099426,0.0,709.1627197265625,749.2196044921875,959.8363037109375
ID_ddUcmh.jpeg,healthy,0.7914649248123169,174.83615112304688,0.0,3961.73828125,2417.33935546875
ID_ddUcmh.jpeg,healthy,0.4257596433162689,491.22503662109375,0.0,3941.42724609375,1816.369873046875
ID_ddUcmh.jpeg,healthy,0.4241061806678772,35.72627258300781,1822.8990478515625,3350.35107421875,2816.167236328125
ID_h4waf5.jpeg,healthy,0.6129314303398132,785.6558227539062,486.9653015136719,2757.455810546875,4018.544189453125
ID_h4waf5.jpeg,healthy,0.44937077164649963,1340.21728515625,1438.5555419921875,2825.869140625,3919.89453125
ID_h4waf5.jpeg,healthy,0.42921391129493713,1852.11962890625,0.0,2272.908447265625,585.0601806640625
ID_AKu1Rh.jpeg,cssvd,0.6533592343330383,1014.8242797851562,48.297821044921875,3017.841552734375,4032.0
ID_AKu1Rh.jpeg,anthracnose,0.48767590522766113,1013.8610229492188,280.37152099609375,3024.0,4032.0
ID_AKu1Rh.jpeg,cssvd,0.4538600444793701,1587.1162109375,0.0,3015.278076171875,3997.1826171875
ID_AKu1Rh.jpeg,healthy,0.40883851051330566,0.0,2.5726890563964844,1414.1453857421875,568.0337524414062
ID_AKu1Rh.jpeg,healthy,0.3097594380378723,0.0,3447.124267578125,2001.0208740234375,4030.21728515625
ID_AKu1Rh.jpeg,cssvd,0.26625534892082214,2451.385986328125,0.0,3021.90966796875,3957.500244140625
ID_RxjY1r.jpg,healthy,0.8612418174743652,641.9503784179688,972.163330078125,1671.89013671875,2337.1845703125
ID_RxjY1r.jpg,healthy,0.3168254494667053,10.311904907226562,0.0,2431.59326171875,314.49224853515625
ID_iTTByS.jpg,anthracnose,0.9541910290718079,493.2667541503906,0.0,4088.411865234375,2773.737060546875
ID_iTTByS.jpg,anthracnose,0.5854336023330688,754.6141967773438,3.7942566871643066,4041.111572265625,832.8449096679688
ID_iTTByS.jpg,anthracnose,0.430458128452301,739.0308837890625,0.0,4012.59375,595.3297119140625
ID_iTTByS.jpg,anthracnose,0.3916527032852173,163.10894775390625,2554.620849609375,4128.0,3093.07421875
ID_iTTByS.jpg,anthracnose,0.2741415202617645,492.9667663574219,1039.7928466796875,4111.95556640625,2706.302978515625
ID_UjUA9i.jpg,healthy,0.6133946776390076,0.0,0.0,1546.439697265625,443.11407470703125
ID_UjUA9i.jpg,healthy,0.540928304195404,3.510937452316284,161.0490264892578,1605.6175537109375,1277.067138671875
ID_FM0sbd.JPG,healthy,0.7176221013069153,1582.11279296875,926.1578369140625,3249.949951171875,2382.801513671875
ID_FM0sbd.JPG,healthy,0.6097033023834229,0.0,160.06922912597656,730.7825927734375,979.9673461914062
ID_FM0sbd.JPG,healthy,0.553400993347168,861.309814453125,0.0,2755.5849609375,2448.0
ID_FM0sbd.JPG,healthy,0.40134161710739136,0.0,702.28076171875,679.5347290039062,1355.6798095703125
ID_FM0sbd.JPG,healthy,0.3721510171890259,269.3931579589844,96.91275787353516,726.8961181640625,674.3912353515625
ID_FM0sbd.JPG,healthy,0.3613773584365845,1511.20654296875,1747.646484375,3248.573974609375,2446.98828125
ID_FM0sbd.JPG,healthy,0.34317106008529663,0.0,6.854797840118408,355.1393737792969,481.067138671875
ID_FM0sbd.JPG,healthy,0.3240417242050171,140.80796813964844,61.799522399902344,751.8704833984375,917.6625366210938
ID_j5mVgB.JPG,anthracnose,0.9068660736083984,726.3864135742188,3.641345262527466,3251.06494140625,1692.802490234375
ID_PStxKH.jpg,healthy,0.8457729816436768,87.586181640625,130.31336975097656,415.1041259765625,342.99566650390625
ID_PStxKH.jpg,healthy,0.5274772047996521,90.55438995361328,148.39576721191406,414.3644104003906,275.8603820800781
ID_aaSu0i.jpg,healthy,0.8799332976341248,0.11261139065027237,28.68085289001465,26.778207778930664,133.5831756591797
ID_aaSu0i.jpg,healthy,0.8542994260787964,64.31016540527344,108.64823913574219,404.35076904296875,311.6753845214844
ID_aaSu0i.jpg,healthy,0.580707311630249,49.71939468383789,0.0,294.8587341308594,219.1157684326172
ID_aaSu0i.jpg,healthy,0.4969654679298401,8.416218757629395,0.9710128903388977,323.7142639160156,242.81077575683594
ID_aaSu0i.jpg,healthy,0.4427471458911896,62.7374153137207,23.501651763916016,404.89373779296875,311.0550537109375
ID_aaSu0i.jpg,healthy,0.2713066041469574,357.5943298339844,229.88552856445312,404.31719970703125,282.66802978515625
ID_y3kw3c.jpg,cssvd,0.42826831340789795,75.9169921875,0.18182373046875,1280.0,854.303955078125
ID_y3kw3c.jpg,cssvd,0.37334588170051575,460.9951171875,47.10791015625,1267.1796875,462.64886474609375
ID_L9vR9c.jpeg,healthy,0.8972418308258057,0.0,1998.4765625,3024.0,3702.1484375
ID_L9vR9c.jpeg,healthy,0.8487529158592224,0.0,41.792293548583984,3024.0,2094.043212890625
ID_L9vR9c.jpeg,healthy,0.553488552570343,12.34698486328125,3234.4814453125,3016.630615234375,4025.06396484375
ID_L9vR9c.jpeg,healthy,0.35152581334114075,0.0,3034.332763671875,1414.96044921875,4027.854736328125
ID_L9vR9c.jpeg,healthy,0.2944983243942261,11.317620277404785,3488.65576171875,3011.860107421875,4027.179443359375
ID_L9vR9c.jpeg,healthy,0.26944783329963684,0.0,311.2781066894531,461.50152587890625,1040.1015625
ID_L9vR9c.jpeg,healthy,0.2596935033798218,11.422595024108887,2801.2646484375,3015.44580078125,4032.0
ID_aTp7Wk.jpeg,anthracnose,0.793283998966217,181.54605102539062,38.092620849609375,2673.044921875,4006.82177734375
ID_aTp7Wk.jpeg,anthracnose,0.7018489241600037,19.80074119567871,520.6920776367188,3024.0,3946.709228515625
ID_aTp7Wk.jpeg,anthracnose,0.6979185342788696,2397.150634765625,549.1312866210938,3023.461669921875,4032.0
ID_aTp7Wk.jpeg,anthracnose,0.5768619179725647,2545.43115234375,0.0,3023.91943359375,4032.0
ID_aTp7Wk.jpeg,anthracnose,0.46761807799339294,2014.43896484375,194.55747985839844,3024.0,4032.0
ID_aTp7Wk.jpeg,anthracnose,0.4520091414451599,0.19610595703125,963.0662231445312,2461.17236328125,4019.4951171875
ID_aTp7Wk.jpeg,anthracnose,0.33702024817466736,45.45216751098633,1766.62548828125,2323.5390625,4026.23828125
ID_aTp7Wk.jpeg,anthracnose,0.28507524728775024,2216.740234375,1337.9674072265625,3024.0,4014.256103515625
ID_fNXlqL.jpeg,healthy,0.5189722180366516,10.218465805053711,727.1116333007812,3024.0,4010.768798828125
ID_fNXlqL.jpeg,healthy,0.3391761779785156,426.2655029296875,0.0,3024.0,1657.660888671875
ID_fNXlqL.jpeg,healthy,0.3142685294151306,481.1829528808594,2.916018486022949,3024.0,2430.018798828125
ID_fNXlqL.jpeg,healthy,0.2839609682559967,345.2424011230469,0.0,3002.2392578125,1072.771728515625
ID_YCzZMn.jpg,anthracnose,0.9205834865570068,298.78924560546875,400.37646484375,2035.763916015625,1450.0001220703125
ID_YCzZMn.jpg,anthracnose,0.7705703973770142,266.4134826660156,52.9111328125,2048.0,1517.9384765625
ID_YCzZMn.jpg,anthracnose,0.39948198199272156,1105.0576171875,59.36870193481445,2036.488525390625,724.2701416015625
ID_YCzZMn.jpg,anthracnose,0.3242756724357605,467.2250061035156,1217.0638427734375,2019.989501953125,1531.6552734375
ID_YCzZMn.jpg,anthracnose,0.31016823649406433,454.2320861816406,817.9602661132812,2021.71484375,1523.0272216796875
ID_YCzZMn.jpg,anthracnose,0.2882879376411438,327.0182189941406,17.215429306030273,756.7918701171875,642.0647583007812
ID_YCzZMn.jpg,anthracnose,0.2802530527114868,302.18817138671875,17.465723037719727,1174.4857177734375,687.4627685546875
ID_xiDYGL.jpg,cssvd,0.5605950951576233,0.444375604391098,74.09480285644531,416.0,389.31683349609375
ID_H8j5jt.jpeg,healthy,0.8102550506591797,132.69374084472656,8.404485702514648,4005.5986328125,2725.7724609375
ID_H8j5jt.jpeg,healthy,0.5491207242012024,2410.8154296875,2.4645423889160156,4010.6796875,543.824951171875
ID_H8j5jt.jpeg,healthy,0.3694109320640564,208.04457092285156,651.9938354492188,4020.86328125,2992.025390625
ID_H8j5jt.jpeg,healthy,0.2858543395996094,297.2427978515625,15.83382511138916,3800.078857421875,2080.03271484375
ID_UeBBfA.jpg,anthracnose,0.4566735327243805,279.4561462402344,131.01463317871094,946.9794921875,518.6716918945312
ID_UeBBfA.jpg,anthracnose,0.4145209789276123,113.28788757324219,419.64825439453125,1535.5474853515625,1038.4202880859375
ID_UeBBfA.jpg,healthy,0.2879788279533386,275.8402404785156,421.8985290527344,1498.024658203125,1051.3692626953125
ID_yAA9sh.jpeg,anthracnose,0.3856888711452484,2078.993408203125,1611.571044921875,3021.654541015625,3007.104736328125
ID_yAA9sh.jpeg,healthy,0.3327597379684448,122.38742065429688,0.0,1439.4559326171875,302.2145080566406
ID_Ve7W8p.jpeg,healthy,0.8095909357070923,0.0,0.0,4032.0,1678.96826171875
ID_Ve7W8p.jpeg,healthy,0.7723937630653381,211.304931640625,2067.790771484375,4019.14599609375,3014.218017578125
ID_Ve7W8p.jpeg,healthy,0.4945105016231537,0.0,0.15332794189453125,2006.4222412109375,875.2095336914062
ID_Ve7W8p.jpeg,healthy,0.3790701925754547,11.46566104888916,0.0,2576.223388671875,697.7117919921875
ID_XOILgQ.jpg,cssvd,0.3860437572002411,5.316650390625,185.6456298828125,941.5235595703125,1269.758544921875
ID_XOILgQ.jpg,anthracnose,0.3358210325241089,7.72369384765625,0.0,895.678955078125,1273.869384765625
ID_YdYAzU.jpg,healthy,0.9041205048561096,33.66008377075195,71.4984359741211,1080.0,662.4476928710938
ID_YdYAzU.jpg,healthy,0.7599497437477112,33.48014831542969,0.0,1068.213623046875,99.06157684326172
ID_YdYAzU.jpg,healthy,0.5986353158950806,43.3040885925293,475.1122131347656,1080.0,800.1180419921875
ID_YdYAzU.jpg,healthy,0.4863043427467346,0.18731260299682617,0.0,91.72661590576172,314.7537536621094
ID_YdYAzU.jpg,healthy,0.33757761120796204,9.69158935546875,243.10093688964844,1080.0,785.7373657226562
ID_YdYAzU.jpg,healthy,0.2740170955657959,38.8974723815918,675.7761840820312,1027.6363525390625,808.0
ID_YdYAzU.jpg,healthy,0.2655418813228607,5.302353858947754,357.9784851074219,396.3704833984375,517.2640991210938
ID_q6BhHX.jpeg,anthracnose,0.8279565572738647,607.647705078125,0.0,3751.7900390625,1413.1761474609375
ID_q6BhHX.jpeg,anthracnose,0.4355472922325134,1325.8140869140625,0.0,3560.35546875,1329.534423828125
ID_wbgAMO.jpg,healthy,0.5597530603408813,179.0545654296875,109.64715576171875,1280.0,779.5914306640625
ID_HzGJHG.jpg,anthracnose,0.4590171277523041,62.290283203125,45.25750732421875,1276.337890625,933.4661254882812
ID_LnbQQF.jpg,anthracnose,0.9440336227416992,0.0,0.48126983642578125,4128.0,3045.10400390625
ID_LnbQQF.jpg,anthracnose,0.5126164555549622,85.47234344482422,1602.0096435546875,4119.64404296875,3088.79150390625
ID_LnbQQF.jpg,anthracnose,0.37888965010643005,187.1515655517578,2119.1904296875,4118.57861328125,3084.51416015625
ID_LnbQQF.jpg,anthracnose,0.33341166377067566,519.932861328125,1236.0894775390625,4102.13134765625,3009.1044921875
ID_FQs6k1.jpg,anthracnose,0.9348422884941101,65.24922180175781,17.798925399780273,2048.0,1353.2099609375
ID_FQs6k1.jpg,anthracnose,0.7775173187255859,153.1076202392578,647.8358154296875,2048.0,1532.431396484375
ID_FQs6k1.jpg,anthracnose,0.65703946352005,161.16934204101562,980.6126708984375,2047.2373046875,1533.3333740234375
ID_C3AIRq.jpg,cssvd,0.6735557317733765,0.0,0.0,1278.7913818359375,954.4136962890625
ID_pZxwNH.jpg,anthracnose,0.6657286882400513,0.0,0.0,1080.0,667.8599853515625
ID_hxlQYU.jpg,healthy,0.7610665559768677,203.49859619140625,155.07247924804688,773.6724853515625,500.3609924316406
ID_hxlQYU.jpg,healthy,0.5967957973480225,9.331298828125,275.6577453613281,548.2127075195312,749.263916015625
ID_hxlQYU.jpg,healthy,0.5041093826293945,1157.47509765625,121.1151123046875,1280.0,409.4677734375
ID_hxlQYU.jpg,healthy,0.477995902299881,171.3958740234375,88.92744445800781,1139.23828125,508.28094482421875
ID_hxlQYU.jpg,healthy,0.45944833755493164,477.35235595703125,333.43487548828125,831.7135620117188,620.3456420898438
ID_hxlQYU.jpg,healthy,0.44660648703575134,172.31109619140625,148.06912231445312,977.6068725585938,500.0778503417969
ID_hxlQYU.jpg,healthy,0.29579946398735046,16.1072998046875,252.32554626464844,771.8258056640625,688.671630859375
ID_hxlQYU.jpg,healthy,0.29508960247039795,0.0,0.0,1272.992919921875,245.3583526611328
ID_cF0WSr.jpg,cssvd,0.3837266266345978,0.0,3.692178726196289,1066.8310546875,326.5086364746094
ID_cF0WSr.jpg,cssvd,0.27916014194488525,13.078125,431.9683532714844,1072.303466796875,808.607177734375
ID_wKhaSp.jpg,healthy,0.7669240832328796,383.5873107910156,131.9108123779297,686.2000122070312,358.7662048339844
ID_wKhaSp.jpg,healthy,0.48649275302886963,402.5436096191406,332.62640380859375,689.8159790039062,518.093994140625
ID_wKhaSp.jpg,healthy,0.3425622880458832,505.1476135253906,486.70489501953125,688.3244018554688,609.7388305664062
ID_wKhaSp.jpg,healthy,0.2894415855407715,315.9353332519531,119.95674896240234,707.6911010742188,376.01824951171875
ID_wKhaSp.jpg,healthy,0.2503383457660675,382.1219177246094,128.54090881347656,1069.748046875,385.8789978027344
ID_IemiUM.jpg,healthy,0.46705225110054016,350.5182800292969,158.2772674560547,401.0986328125,262.31201171875
ID_IemiUM.jpg,healthy,0.2920163571834564,349.72918701171875,153.20884704589844,408.84649658203125,281.18280029296875
ID_IemiUM.jpg,healthy,0.28284981846809387,368.8788757324219,202.32125854492188,416.0,376.1446533203125
ID_DQIbC9.jpeg,healthy,0.8322094678878784,119.3603515625,12.379058837890625,743.276123046875,310.200439453125
ID_DQIbC9.jpeg,healthy,0.3385723829269409,137.50234985351562,222.7679443359375,897.6480712890625,561.9188232421875
ID_VLFJSv.jpg,anthracnose,0.8530910611152649,0.0,0.0,2033.663330078125,1489.6455078125
ID_VLFJSv.jpg,anthracnose,0.5139124989509583,385.8017578125,3.703125,2025.220947265625,1296.86962890625
ID_hZNoLp.jpg,anthracnose,0.6625494360923767,812.13623046875,4.139547824859619,2350.937744140625,1779.33203125
ID_hZNoLp.jpg,anthracnose,0.4519575238227844,2274.887451171875,7.286425590515137,3260.7626953125,1453.1690673828125
ID_EFetFh.jpg,healthy,0.6931913495063782,0.0,1.2999725341796875,361.7030029296875,179.6913299560547
ID_EFetFh.jpg,healthy,0.5084303617477417,0.0,1035.82666015625,313.7325439453125,1279.28662109375
ID_EFetFh.jpg,anthracnose,0.2884786128997803,92.3201904296875,247.8497314453125,960.0,1276.476318359375
ID_wjNoYf.jpeg,healthy,0.6337664127349854,507.3795471191406,570.7721557617188,2373.920654296875,3995.140380859375
ID_wjNoYf.jpeg,anthracnose,0.49016475677490234,1725.1690673828125,0.0,3024.0,1696.210205078125
ID_wjNoYf.jpeg,healthy,0.2729354798793793,713.3219604492188,3188.173828125,1178.2027587890625,4016.932861328125
ID_W4b7ZX.jpg,anthracnose,0.5691173672676086,21.34442138671875,0.0,2157.083251953125,828.8120727539062
ID_W4b7ZX.jpg,healthy,0.4038696587085724,2357.81591796875,0.0,2997.000732421875,1122.532470703125
ID_W4b7ZX.jpg,cssvd,0.39025601744651794,2022.241455078125,1393.323486328125,3264.0,2443.68994140625
ID_W4b7ZX.jpg,healthy,0.3409711718559265,992.7571411132812,300.97283935546875,2110.925537109375,1752.22412109375
ID_W4b7ZX.jpg,healthy,0.32775044441223145,2073.8447265625,0.0,3007.468505859375,1125.6671142578125
ID_W4b7ZX.jpg,healthy,0.258392333984375,2113.742919921875,236.63693237304688,2475.84130859375,841.3186645507812
ID_W4b7ZX.jpg,cssvd,0.2511405348777771,1003.1969604492188,346.40948486328125,2120.724609375,1791.9378662109375
ID_DyHG2r.jpg,cssvd,0.5313929915428162,0.0,27.446044921875,920.6490478515625,1272.499755859375
ID_hHQBc3.jpg,healthy,0.7055107355117798,332.30902099609375,333.0943603515625,2837.1328125,1655.64013671875
ID_hHQBc3.jpg,healthy,0.3882104754447937,0.0,0.0,942.7138671875,1430.23583984375
ID_hHQBc3.jpg,healthy,0.34992071986198425,301.84783935546875,1679.1929931640625,1457.9676513671875,2441.48681640625
ID_LEiRHI.jpg,anthracnose,0.7402135729789734,35.17214584350586,0.0,2597.865478515625,2022.6605224609375
ID_LEiRHI.jpg,anthracnose,0.49450284242630005,2547.486083984375,117.49797058105469,3264.0,1569.5191650390625
ID_LEiRHI.jpg,anthracnose,0.45369571447372437,1250.5657958984375,0.0,2682.358642578125,1234.9783935546875
ID_LEiRHI.jpg,anthracnose,0.4495585560798645,2542.842041015625,637.00244140625,3264.0,1563.9267578125
ID_LEiRHI.jpg,healthy,0.4043356478214264,2208.3623046875,2049.7958984375,3241.458251953125,2448.0
ID_yUCeOK.JPG,healthy,0.85040283203125,1803.198974609375,885.7911376953125,2456.25048828125,1424.0350341796875
ID_yUCeOK.JPG,healthy,0.6722859144210815,1796.2520751953125,863.7511596679688,2768.340576171875,1421.7261962890625
ID_yUCeOK.JPG,healthy,0.6030983328819275,1.57196044921875,1042.257568359375,2820.67236328125,1996.212890625
ID_yUCeOK.JPG,healthy,0.5525547862052917,644.4522705078125,1522.771728515625,1401.7637939453125,2007.5972900390625
ID_yUCeOK.JPG,healthy,0.4943266212940216,113.92759704589844,1182.4501953125,2360.316650390625,1995.1585693359375
ID_yUCeOK.JPG,healthy,0.3395375609397888,11.476555824279785,1342.9727783203125,1878.663330078125,2002.7218017578125
ID_yUCeOK.JPG,healthy,0.3337703049182892,0.0,1286.626708984375,1010.9143676757812,2375.418701171875
ID_yUCeOK.JPG,healthy,0.32834142446517944,0.0,1226.9803466796875,1384.4176025390625,2291.41943359375
ID_yUCeOK.JPG,healthy,0.31438738107681274,1798.9110107421875,832.9100952148438,3217.981689453125,1411.0623779296875
ID_REmUN4.jpeg,anthracnose,0.9371458292007446,6.25193452835083,2.877566337585449,4032.0,2762.442138671875
ID_REmUN4.jpeg,anthracnose,0.36506620049476624,0.0,750.6214599609375,4021.921142578125,2668.810302734375
ID_REmUN4.jpeg,anthracnose,0.26587429642677307,236.90444946289062,29.32975959777832,3943.419921875,2084.047119140625
