Image_ID,class,confidence,ymin,xmin,ymax,xmax
ID_a7m7Ky.jpg,None,,,,,
ID_D99Mnd.jpg,healthy,0.4009131193161011,352.8646240234375,167.079833984375,1508.643798828125,1063.873779296875
ID_D99Mnd.jpg,healthy,0.32017242908477783,570.9403076171875,175.86236572265625,1458.02734375,959.7324829101562
ID_Z7ar8k.jpg,healthy,0.7806249856948853,58.757530212402344,86.32058715820312,236.96881103515625,246.55029296875
ID_tIRab8.jpeg,healthy,0.36969923973083496,231.1690216064453,672.2080078125,3275.853759765625,2435.58447265625
ID_pa95hB.jpg,healthy,0.3665931522846222,901.9714965820312,391.7822265625,1518.540771484375,1671.416015625
ID_DJdr6B.jpg,cssvd,0.7446949481964111,4.6703338623046875,31.5533447265625,1165.0770263671875,871.0491943359375
ID_eKtHoY.jpeg,cssvd,0.5622483491897583,0.0,305.86663818359375,3432.28857421875,2431.010009765625
ID_hLLkip.jpg,healthy,0.28075531125068665,1190.3448486328125,842.3104858398438,1938.50732421875,1315.4140625
ID_hLLkip.jpg,healthy,0.27685198187828064,394.8924865722656,1584.26171875,1010.8906860351562,2031.802001953125
ID_eiqfRF.jpg,healthy,0.6498066186904907,736.2107543945312,459.28802490234375,2030.278076171875,1362.61328125
ID_VOLpYN.jpg,None,,,,,
ID_D7howW.jpg,cssvd,0.47891750931739807,90.97233581542969,0.0,1028.2645263671875,810.0
ID_d0hoEZ.jpg,healthy,0.7164661884307861,13.783041954040527,66.6362533569336,383.6920166015625,336.3777160644531
ID_d0hoEZ.jpg,healthy,0.6960078477859497,3.940976858139038,0.0,374.1511535644531,239.00379943847656
ID_d0hoEZ.jpg,healthy,0.37085387110710144,49.92625045776367,0.0,323.0066833496094,255.93624877929688
ID_d0hoEZ.jpg,healthy,0.28855928778648376,53.109771728515625,130.97694396972656,361.6734924316406,407.10296630859375
ID_nGepdO.jpg,cssvd,0.6924634575843811,13.779816627502441,11.813478469848633,941.2164306640625,658.1537475585938
ID_nGepdO.jpg,cssvd,0.2599174678325653,220.7987060546875,17.648183822631836,1028.1949462890625,629.2189331054688
ID_Js3NsK.jpg,cssvd,0.6503245830535889,1258.3671875,0.0,2178.16162109375,1756.7899169921875
ID_Js3NsK.jpg,healthy,0.2959502339363098,2476.47998046875,1006.3826904296875,3264.0,1499.0592041015625
ID_qdfgRf.jpg,healthy,0.35637110471725464,433.69598388671875,259.8599853515625,664.8146362304688,427.39227294921875
ID_qdfgRf.jpg,healthy,0.34650054574012756,24.828157424926758,177.32449340820312,717.789794921875,802.1376342773438
ID_qdfgRf.jpg,healthy,0.3337801992893219,516.6107788085938,387.040771484375,790.4393310546875,603.4310302734375
ID_FZdNUn.jpeg,healthy,0.519974946975708,88.34812927246094,792.83349609375,2574.58544921875,3931.174072265625
ID_FZdNUn.jpeg,healthy,0.3812084496021271,114.85896301269531,248.4030303955078,2383.041015625,3549.224609375
ID_f0K6FR.jpg,cssvd,0.5634646415710449,0.0,6.693763732910156,803.0158081054688,757.1240234375
ID_kczq4B.jpg,cssvd,0.35301339626312256,156.64974975585938,1057.3902587890625,2869.04931640625,2447.091552734375
ID_JGxJMG.jpg,cssvd,0.7068003416061401,9.732284545898438,33.55354309082031,1165.646240234375,960.0
ID_Ty8R17.jpg,cssvd,0.6773961186408997,17.588897705078125,62.529632568359375,877.1729736328125,680.570068359375
ID_kOvqJh.jpeg,anthracnose,0.521169900894165,0.0,513.9910278320312,2471.507568359375,2174.84912109375
ID_LeQzfF.jpeg,healthy,0.387548565864563,75.1643295288086,1069.5242919921875,2959.08837890625,2740.0556640625
ID_LeQzfF.jpeg,healthy,0.28432151675224304,42.42449188232422,2376.184326171875,1714.838134765625,3392.36767578125
ID_eA9nie.jpg,cssvd,0.3801802694797516,71.61079406738281,143.08372497558594,1011.4962158203125,667.53857421875
ID_o2Gyy3.jpg,anthracnose,0.7677426338195801,294.69854736328125,606.44873046875,3718.43505859375,2542.931884765625
ID_L7tNJ5.jpg,healthy,0.5215396285057068,0.0,92.205810546875,1065.7366943359375,760.0089111328125
ID_L7tNJ5.jpg,healthy,0.30820250511169434,0.0,120.74935913085938,1112.9281005859375,959.6390991210938
ID_L7tNJ5.jpg,healthy,0.30002298951148987,15.691146850585938,0.0,1145.41015625,501.142333984375
ID_K2rEzl.jpg,None,,,,,
ID_pVHXbj.jpeg,cssvd,0.43629008531570435,0.0,171.84889221191406,3474.0302734375,2709.6982421875
ID_IGKW0F.jpg,cssvd,0.7528194189071655,0.0,23.511505126953125,1073.5714111328125,724.64697265625
ID_IGKW0F.jpg,cssvd,0.49974364042282104,189.83154296875,10.320816040039062,1268.61474609375,744.4290771484375
ID_J06bJZ.jpeg,cssvd,0.5347713828086853,694.8005981445312,30.90086555480957,3798.60205078125,3024.0
ID_GySyuV.jpg,None,,,,,
ID_Tq3QYm.jpg,cssvd,0.4158676266670227,9.694137573242188,5.262908935546875,1049.75390625,957.078857421875
ID_KmYZLr.jpeg,None,,,,,
ID_b0PKMq.jpg,anthracnose,0.28139716386795044,436.4580078125,224.69174194335938,2890.181396484375,1724.9742431640625
ID_WDpctT.jpg,healthy,0.34240004420280457,211.63279724121094,23.52588653564453,1086.0264892578125,397.3827819824219
ID_WDpctT.jpg,cssvd,0.3372327983379364,0.0,319.20263671875,1100.154541015625,914.7220458984375
ID_k2LylP.jpg,anthracnose,0.7821139097213745,88.733642578125,324.05615234375,1651.155029296875,1243.8353271484375
ID_k2LylP.jpg,healthy,0.26220977306365967,417.861083984375,21.015899658203125,1129.3743896484375,388.57080078125
ID_BbUwow.jpg,cssvd,0.5202507376670837,231.3284912109375,333.9137268066406,1378.846923828125,986.7735595703125
ID_IabbE3.jpeg,healthy,0.3477119207382202,1996.7572021484375,694.25244140625,3085.940673828125,1783.6534423828125
ID_Dh68Pg.jpeg,healthy,0.4751368761062622,261.8941955566406,608.0578002929688,3521.719970703125,2212.8408203125
ID_YRcFgg.jpeg,cssvd,0.6393594145774841,21.828323364257812,191.1492462158203,2689.314697265625,2093.3818359375
ID_rV6NA8.jpg,cssvd,0.4113268554210663,6.024670600891113,21.98847007751465,939.60595703125,810.0
ID_A16nzu.jpg,cssvd,0.8069659471511841,1.2860870361328125,97.71278381347656,1163.3115234375,942.4354248046875
ID_FIcPrm.jpeg,healthy,0.6484954357147217,1803.2891845703125,0.0,3850.89501953125,2927.782470703125
ID_fPR4u5.jpg,cssvd,0.3677338659763336,1138.4049072265625,216.8673095703125,2998.1865234375,1244.7987060546875
ID_fPR4u5.jpg,cssvd,0.36660489439964294,215.34535217285156,934.3685913085938,2986.43359375,2448.0
ID_fPR4u5.jpg,cssvd,0.34663084149360657,624.3071899414062,142.38539123535156,1918.636474609375,911.5677490234375
ID_Cj1prl.jpg,cssvd,0.7030031681060791,0.0,119.20623779296875,1091.189697265625,829.3624877929688
ID_b3HQYb.jpg,anthracnose,0.40599602460861206,0.0,153.40895080566406,3596.6376953125,2846.8740234375
ID_tKVti2.jpg,healthy,0.6939257979393005,453.7325439453125,640.7951049804688,1689.90234375,1523.3095703125
ID_tKVti2.jpg,healthy,0.3400009870529175,2131.22705078125,66.91804504394531,3204.37158203125,911.6541748046875
ID_tKVti2.jpg,healthy,0.33028697967529297,1560.9483642578125,76.95602416992188,2325.750244140625,1091.0660400390625
ID_tBKR7L.jpeg,healthy,0.41792094707489014,759.3936767578125,410.02337646484375,3855.95263671875,1800.0
ID_tBKR7L.jpeg,healthy,0.34090936183929443,851.8430786132812,0.0,3044.67919921875,942.718505859375
ID_h8uMuy.jpg,cssvd,0.6760980486869812,0.0,241.685791015625,791.68994140625,1076.6829833984375
ID_d7p17d.jpeg,cssvd,0.7882522940635681,0.0,0.0,3396.168212890625,1993.6678466796875
ID_aHPQMO.jpg,None,,,,,
ID_rMtiJb.jpg,cssvd,0.5864688754081726,2.404327392578125,301.53228759765625,944.9229125976562,1276.095703125
ID_rMtiJb.jpg,cssvd,0.3221628963947296,13.853302001953125,56.04881286621094,920.4526977539062,1179.5765380859375
ID_ZQfdtf.jpg,healthy,0.47191816568374634,628.780029296875,573.7886962890625,1247.095703125,1136.86279296875
ID_Lh0MPo.jpeg,healthy,0.4532974362373352,742.9541625976562,330.1654968261719,2453.626708984375,2872.854248046875
ID_Lh0MPo.jpeg,healthy,0.4220493733882904,817.9942016601562,0.0,2646.166015625,2585.006591796875
ID_Lh0MPo.jpeg,healthy,0.356162428855896,1684.642578125,395.4952392578125,3953.24462890625,3024.0
ID_E5U3se.jpeg,healthy,0.6568087339401245,636.1739501953125,60.996639251708984,4032.0,2583.44775390625
ID_VFgZyy.jpg,healthy,0.42349088191986084,51.58953094482422,120.98072052001953,225.96693420410156,404.0883483886719
ID_rSXpAa.jpg,cssvd,0.6435958743095398,14.250448226928711,0.0,858.0718994140625,578.7833251953125
ID_J71gF7.jpeg,cssvd,0.3277207612991333,37.219993591308594,700.5673217773438,2947.559814453125,3384.26708984375
ID_FDAz2F.jpeg,cssvd,0.7025985717773438,21.820297241210938,282.6222229003906,576.0,1096.2626953125
ID_FDAz2F.jpeg,cssvd,0.4985688328742981,0.0,446.1820983886719,572.2767333984375,1219.1875
ID_FDAz2F.jpeg,cssvd,0.36812031269073486,117.90227508544922,228.4832763671875,576.0,1011.3744506835938
ID_JDep7x.jpg,anthracnose,0.40814492106437683,112.22198486328125,275.5220642089844,1131.3804931640625,885.2088012695312
ID_PEqgVf.jpg,healthy,0.26788926124572754,826.7727661132812,524.9057006835938,2221.64208984375,1220.85009765625
ID_gS3T9S.jpeg,None,,,,,
ID_IJFePk.jpeg,cssvd,0.30483683943748474,160.15219116210938,47.22261047363281,3474.541259765625,1631.8453369140625
ID_SceXBD.jpg,anthracnose,0.6495624780654907,242.462646484375,326.4560546875,1764.548828125,1370.150146484375
ID_s2Jw6Z.jpg,healthy,0.5714889764785767,1154.773193359375,835.0191650390625,2109.112548828125,1446.50390625
ID_s2Jw6Z.jpg,healthy,0.36974477767944336,2323.383056640625,741.6468505859375,3136.379150390625,1853.39990234375
ID_k2Xu3Z.jpeg,cssvd,0.3604466915130615,29.875635147094727,489.82098388671875,3555.56103515625,2683.14111328125
ID_xK8ICq.jpeg,None,,,,,
ID_jDY3MR.jpeg,cssvd,0.699307382106781,0.0,335.2760314941406,3528.837890625,2914.977294921875
ID_BbuHsd.jpeg,cssvd,0.3137078881263733,432.9178161621094,42.05583190917969,3782.270751953125,2363.30615234375
ID_UZmHfH.JPG,None,,,,,
ID_aRAs2F.jpeg,healthy,0.46896806359291077,255.1400909423828,1940.34814453125,2948.81201171875,3733.74462890625
ID_aRAs2F.jpeg,healthy,0.36976704001426697,115.22570037841797,687.2470703125,2920.865966796875,2061.819580078125
ID_YGrcG9.jpg,anthracnose,0.6365995407104492,86.9346923828125,63.9898681640625,1901.711181640625,1468.4761962890625
ID_O3ydPh.jpg,cssvd,0.7878535985946655,0.0,0.0,938.2993774414062,745.7142944335938
ID_tH76LR.jpg,healthy,0.40791913866996765,0.0,38.13483428955078,357.48797607421875,305.390380859375
ID_tH76LR.jpg,cssvd,0.3129597306251526,0.0,36.609561920166016,346.2295227050781,306.4643249511719
ID_tH76LR.jpg,healthy,0.27205657958984375,10.275218963623047,0.0,232.09722900390625,171.07565307617188
ID_alEQ0h.jpeg,healthy,0.4537292420864105,560.3004150390625,169.9081573486328,3466.58935546875,1682.7362060546875
ID_d6gpj1.jpg,cssvd,0.6614815592765808,0.9036040306091309,6.578021049499512,985.2738647460938,810.0
ID_VQKJAq.jpg,None,,,,,
ID_fFDUnh.jpg,cssvd,0.5128175020217896,0.0,42.4970703125,857.7437133789062,612.385009765625
ID_Be0vKo.jpg,cssvd,0.3648621439933777,57.6409912109375,941.8800048828125,1119.7264404296875,1469.3167724609375
ID_Be0vKo.jpg,healthy,0.3232969343662262,362.019775390625,210.12741088867188,1808.041748046875,1115.813232421875
ID_p9vAO2.jpg,cssvd,0.3981315791606903,2.0102405548095703,246.2638702392578,808.0541381835938,1077.509521484375
ID_p9vAO2.jpg,cssvd,0.37233707308769226,6.105716228485107,0.0,785.7091674804688,982.4231567382812
ID_f3L3v3.jpeg,cssvd,0.47923654317855835,252.650146484375,14.533576965332031,1019.6305541992188,445.576171875
ID_ynZOCB.jpeg,anthracnose,0.5618882775306702,1260.69775390625,64.31198120117188,3815.7900390625,1267.5015869140625
ID_teJw25.jpeg,cssvd,0.7080729007720947,0.0,51.94908905029297,3399.2265625,2529.04443359375
ID_L6bLmM.jpeg,cssvd,0.40426909923553467,0.0,315.4989013671875,3506.864013671875,2869.368408203125
ID_nfIFMI.jpg,cssvd,0.4570184350013733,801.0165405273438,0.0,1641.125,1103.341552734375
ID_ePqLr4.jpg,healthy,0.3136960566043854,108.287353515625,344.2591857910156,556.494384765625,1280.0
ID_ePqLr4.jpg,cssvd,0.2917807996273041,5.021514892578125,0.0,943.0262451171875,1034.9996337890625
ID_CcIssk.jpg,None,,,,,
ID_oE9rtC.jpg,healthy,0.7468183040618896,324.7361755371094,225.95079040527344,1242.57958984375,733.4808349609375
ID_oE9rtC.jpg,healthy,0.2729768753051758,379.03155517578125,228.80043029785156,1084.9854736328125,688.061767578125
ID_GbKeZt.jpg,cssvd,0.636235773563385,32.44721984863281,0.0,934.7130737304688,566.8355712890625
ID_zP9dHg.jpg,cssvd,0.3173554241657257,490.0702819824219,977.7620849609375,1436.97802734375,1618.02001953125
ID_zP9dHg.jpg,healthy,0.2596234977245331,437.6514892578125,0.0,2188.55859375,617.3018798828125
ID_CsD8EL.jpg,anthracnose,0.353946328163147,0.0,137.74513244628906,1072.4774169921875,755.751953125
ID_gChBxR.jpg,cssvd,0.31990018486976624,115.27318572998047,10.088037490844727,386.3994140625,228.49293518066406
ID_LoiG9j.jpg,healthy,0.2972135841846466,0.0,103.2872085571289,334.98321533203125,387.57086181640625
ID_LoiG9j.jpg,cssvd,0.28747400641441345,0.0,105.25965881347656,341.1214904785156,373.448486328125
ID_LoiG9j.jpg,healthy,0.259112685918808,77.20368957519531,1.9001063108444214,250.60882568359375,133.5963134765625
ID_mGappw.jpg,None,,,,,
ID_roZ2bL.jpeg,cssvd,0.6886247992515564,0.0,366.6251220703125,3441.966064453125,2808.513671875
ID_kFZBmo.jpg,healthy,0.414291113615036,593.37109375,707.470947265625,2565.923583984375,2122.074462890625
ID_oagAcI.jpg,cssvd,0.48344650864601135,21.972763061523438,257.4479064941406,883.6476440429688,777.77978515625
ID_R6m9LT.jpg,cssvd,0.3707554042339325,25.757795333862305,100.44287872314453,338.2273254394531,308.9353942871094
ID_Cisrab.jpeg,None,,,,,
ID_DtvCD1.jpeg,cssvd,0.6737341284751892,0.0,635.8088989257812,3419.782470703125,2805.887451171875
ID_DtvCD1.jpeg,healthy,0.36593392491340637,0.0,0.0,3341.151611328125,1859.778564453125
ID_QZECWO.jpeg,cssvd,0.3012907803058624,34.497737884521484,13.751505851745605,3425.132080078125,1642.3580322265625
ID_QZECWO.jpeg,healthy,0.2829506993293762,117.9389877319336,13.364075660705566,3535.63525390625,1648.086669921875
ID_wRy96J.jpg,cssvd,0.6663297414779663,50.061798095703125,287.335205078125,940.16552734375,1275.95751953125
ID_KPndE7.jpg,cssvd,0.7545399069786072,20.84758758544922,9.693997383117676,881.4680786132812,497.91259765625
ID_CEnc58.jpeg,cssvd,0.4323260486125946,474.6768493652344,737.507568359375,3030.063720703125,1940.982177734375
ID_CEnc58.jpeg,healthy,0.2531404197216034,474.237060546875,3.47739577293396,2496.3388671875,1368.93505859375
ID_ZQ6oNQ.jpeg,cssvd,0.72087162733078,0.0,0.0,3353.3349609375,2278.996337890625
ID_ZxQNwN.jpeg,healthy,0.48177242279052734,690.61669921875,26.8475284576416,2554.73828125,2796.6328125
ID_ZxQNwN.jpeg,healthy,0.2573429048061371,606.1123046875,936.4633178710938,2800.334716796875,3960.344482421875
ID_ZurP0w.jpg,cssvd,0.49827107787132263,369.2235412597656,545.5694580078125,2418.661865234375,1722.080322265625
ID_ZurP0w.jpg,cssvd,0.31003549695014954,376.3208923339844,198.3693389892578,1878.304931640625,1064.8157958984375
ID_ynSfDY.jpg,cssvd,0.5883132219314575,0.0,49.30046081542969,913.0049438476562,807.0308837890625
ID_UptcTn.jpg,healthy,0.43530628085136414,1668.804443359375,9.772467613220215,3005.119384765625,518.8718872070312
ID_UptcTn.jpg,healthy,0.3675011694431305,582.1004638671875,550.0336303710938,3077.40966796875,1983.832275390625
ID_WdNm5h.jpeg,healthy,0.3554661273956299,533.3014526367188,1111.9534912109375,2385.9287109375,3935.864501953125
ID_YhSvIO.jpg,None,,,,,
ID_nzhupC.jpg,None,,,,,
ID_sUfpAn.jpg,None,,,,,
ID_J0i3Jb.jpg,anthracnose,0.5822724103927612,76.79237365722656,283.8338317871094,1128.60791015625,924.9628295898438
ID_LdnKe8.jpg,None,,,,,
ID_ho5pCV.jpeg,healthy,0.4157792031764984,112.27281951904297,850.3026733398438,2941.904541015625,2351.434814453125
ID_ho5pCV.jpeg,healthy,0.34921470284461975,0.0,1932.92626953125,1620.0302734375,3024.0
ID_XwcCdA.jpg,cssvd,0.40089866518974304,17.673160552978516,266.141357421875,809.24951171875,1075.65283203125
ID_ZYbA7d.jpg,None,,,,,
ID_mJsjdn.jpeg,cssvd,0.7716711759567261,32.58657455444336,505.9805908203125,2681.162841796875,2200.5478515625
ID_mJsjdn.jpeg,healthy,0.44619637727737427,0.0,0.0,2609.412841796875,1428.084228515625
ID_mJsjdn.jpeg,healthy,0.38718152046203613,0.6326580047607422,0.0,2483.3984375,914.4493408203125
ID_kDt6VL.jpg,healthy,0.3285667300224304,70.33157348632812,378.814697265625,842.0046997070312,960.0
ID_UbtyYv.jpg,cssvd,0.6347018480300903,20.928504943847656,155.09584045410156,672.2608032226562,806.6446533203125
ID_yYEvdD.jpg,None,,,,,
ID_XeuIbQ.jpg,cssvd,0.6684665679931641,10.5255126953125,20.30487060546875,1136.55224609375,844.9271850585938
ID_hj1Gx1.jpeg,None,,,,,
ID_qpvWGX.jpg,None,,,,,
ID_LyDLFt.jpg,cssvd,0.5620851516723633,168.0972900390625,536.656982421875,1451.8828125,1247.427734375
ID_UVK5Xv.jpg,cssvd,0.4563290774822235,225.6269073486328,30.491695404052734,1063.2763671875,616.8087158203125
ID_JVGGHr.jpg,cssvd,0.42438405752182007,15.086898803710938,3.8201904296875,885.5095825195312,735.2752685546875
ID_JVGGHr.jpg,cssvd,0.3073180317878723,0.0,410.968017578125,960.0,1271.300048828125
ID_eMuJcQ.jpeg,anthracnose,0.47974270582199097,148.8030548095703,1.4754867553710938,1230.5706787109375,569.737060546875
ID_eMuJcQ.jpeg,anthracnose,0.42191651463508606,0.0,0.0,1031.0531005859375,571.0082397460938
ID_a0srv9.jpg,healthy,0.48164740204811096,385.6551818847656,905.303955078125,2217.438720703125,2548.85400390625
ID_a0srv9.jpg,cssvd,0.3251889944076538,1541.2052001953125,1498.9820556640625,2432.34130859375,3218.617431640625
ID_MpkZzo.jpeg,anthracnose,0.6272512078285217,7.337047100067139,0.0,2671.109619140625,1098.0028076171875
ID_jfZVfE.jpg,cssvd,0.39004895091056824,1426.412353515625,499.7771911621094,2955.09326171875,1433.6739501953125
ID_FHV9TQ.jpg,anthracnose,0.4339221715927124,1209.2628173828125,844.1243896484375,3698.9091796875,2336.720947265625
ID_rPGfuC.jpg,cssvd,0.49286606907844543,0.0,13.374781608581543,881.7371215820312,786.455322265625
ID_xPZf5p.jpg,anthracnose,0.453503280878067,81.23611450195312,216.0552215576172,1146.3812255859375,781.2252197265625
ID_DHCirx.jpg,healthy,0.7228233218193054,464.56292724609375,88.610107421875,1919.78759765625,1256.473876953125
ID_DHCirx.jpg,healthy,0.25425446033477783,0.0,83.331787109375,1632.876220703125,1276.45458984375
ID_jaeOlD.jpg,healthy,0.4799281358718872,8.416793823242188,79.22953033447266,309.3766174316406,358.0362548828125
ID_rnaFA7.jpg,healthy,0.4980422854423523,42.634925842285156,126.40691375732422,297.06024169921875,414.2472229003906
ID_rnaFA7.jpg,cssvd,0.3136008083820343,25.74579429626465,68.64042663574219,346.7280578613281,304.28839111328125
ID_akSgp1.jpg,cssvd,0.5361910462379456,20.156156539916992,0.0,669.1319580078125,535.6129150390625
ID_CWDQS2.jpeg,None,,,,,
ID_i0dF6K.jpeg,cssvd,0.5811207890510559,36.82706069946289,426.0646667480469,3595.678466796875,2627.099609375
ID_ORZ9Bi.jpg,healthy,0.6830523014068604,105.04606628417969,117.2715072631836,335.7239685058594,318.330322265625
ID_hcfuoO.JPG,None,,,,,
ID_fMnZ1J.jpg,healthy,0.4151211977005005,770.6399536132812,204.94384765625,2202.668212890625,1206.206787109375
ID_fMnZ1J.jpg,healthy,0.3181217312812805,1300.7022705078125,1538.7430419921875,2305.078857421875,2134.1865234375
ID_J6zS4O.jpg,cssvd,0.5641599893569946,0.0,48.40831756591797,877.9259033203125,667.2542724609375
ID_GbRUYX.jpg,healthy,0.4163965880870819,0.0,4.806976318359375,1106.0096435546875,823.9981079101562
ID_J1dy6E.jpg,cssvd,0.5926563143730164,733.812255859375,216.16043090820312,1629.0576171875,1026.984375
ID_J1dy6E.jpg,cssvd,0.4704619348049164,744.4491577148438,834.3991088867188,1837.54150390625,1536.0
ID_QSdkq6.jpeg,healthy,0.5238240957260132,149.3946075439453,43.55613708496094,1075.892578125,522.00830078125
ID_UuSzzb.jpg,cssvd,0.5963014364242554,287.8509521484375,222.56304931640625,1301.184326171875,829.2373657226562
ID_HGfxsz.jpeg,None,,,,,
ID_gC2mtl.jpg,cssvd,0.7230314612388611,55.68873977661133,1711.0423583984375,1404.831787109375,2434.08740234375
ID_gC2mtl.jpg,cssvd,0.42569485306739807,910.82080078125,584.3972778320312,2464.608642578125,1775.9019775390625
ID_gC2mtl.jpg,cssvd,0.3722005784511566,3.676500082015991,1291.2158203125,1006.5364379882812,1841.747314453125
ID_ukOBhq.jpg,cssvd,0.3237088620662689,94.05908203125,228.7696533203125,1808.18310546875,1376.0013427734375
ID_Z5E5sR.jpeg,None,,,,,
ID_JsIHyJ.JPG,cssvd,0.38876134157180786,88.7274398803711,133.64678955078125,2764.73583984375,1819.1248779296875
ID_agrzCp.jpg,healthy,0.5216312408447266,265.2671813964844,276.6333312988281,533.125,472.8092041015625
ID_agrzCp.jpg,healthy,0.30729183554649353,759.980224609375,266.5445251464844,991.3377685546875,480.31231689453125
ID_tFoMZj.jpeg,cssvd,0.4245717227458954,806.7505493164062,1099.6998291015625,3024.0,3179.703125
ID_cTL3Ur.jpg,cssvd,0.606467068195343,809.6934204101562,702.5556030273438,2371.580078125,2238.9404296875
ID_zuELGh.jpg,cssvd,0.6874853372573853,763.93994140625,323.72674560546875,3228.531982421875,1764.911865234375
ID_ktdjLR.jpeg,anthracnose,0.2612665593624115,364.9756774902344,446.5873107910156,1791.00341796875,2337.6875
ID_TSMqUn.jpeg,None,,,,,
ID_dyozg8.JPG,None,,,,,
ID_GdW3ec.jpg,cssvd,0.4451585114002228,243.41363525390625,398.9044189453125,1946.7021484375,1494.3316650390625
ID_plGfpU.jpg,healthy,0.2573348879814148,836.59423828125,385.9549865722656,3061.461669921875,2448.0
ID_MkwSuG.jpg,cssvd,0.6120681762695312,0.0,246.44752502441406,760.58642578125,1078.626953125
ID_MkwSuG.jpg,cssvd,0.49299097061157227,2.2072219848632812,8.612594604492188,762.2429809570312,970.7069702148438
ID_T79DbJ.jpg,cssvd,0.8615193367004395,0.0,17.214567184448242,930.2939453125,647.6865844726562
ID_M3dc17.jpg,cssvd,0.4851827025413513,0.0,287.5837707519531,933.01611328125,1274.5465087890625
ID_M3dc17.jpg,cssvd,0.2559363842010498,22.991943359375,0.0,913.00244140625,1072.44775390625
ID_Vbc7tX.JPG,healthy,0.4566006064414978,889.0469360351562,587.669921875,2722.379150390625,1616.1141357421875
ID_XDDvmd.jpg,cssvd,0.48696085810661316,611.2469482421875,648.97314453125,1537.798828125,2367.167236328125
ID_xy2IQY.jpg,anthracnose,0.4869268238544464,496.2580871582031,727.3616333007812,4018.0859375,2998.078857421875
ID_azfgNA.jpg,cssvd,0.49578309059143066,13.693389892578125,245.18496704101562,940.124267578125,1280.0
ID_coFJm9.jpg,healthy,0.6371129155158997,16.07407569885254,82.08818817138672,368.25994873046875,316.4578857421875
ID_uMLXbD.jpeg,cssvd,0.40341562032699585,182.57174682617188,238.15684509277344,3418.425537109375,1822.251953125
ID_uovQd1.jpeg,cssvd,0.413995623588562,605.2074584960938,0.0,2851.6708984375,3024.0
ID_uovQd1.jpeg,cssvd,0.269623339176178,820.4923706054688,10.447688102722168,2676.55126953125,2638.04150390625
ID_LImmc4.jpeg,cssvd,0.6617887616157532,0.0,375.55633544921875,3543.7744140625,2973.31982421875
ID_X0MOwz.jpg,None,,,,,
ID_Egf8mv.jpg,healthy,0.29870644211769104,16.157684326171875,248.18817138671875,1131.39208984375,861.5238647460938
ID_lpjo7E.jpg,cssvd,0.7992822527885437,79.50557708740234,78.09257507324219,1240.931396484375,888.8858642578125
ID_m0or8l.jpg,cssvd,0.3336257040500641,117.080322265625,213.30691528320312,1836.13134765625,1194.177978515625
ID_Pj910V.jpeg,cssvd,0.5126959085464478,835.075927734375,0.0,4001.037109375,1494.44775390625
ID_Pj910V.jpeg,cssvd,0.3765939176082611,571.965087890625,72.16290283203125,4032.0,3024.0
ID_Pj910V.jpeg,cssvd,0.36635351181030273,402.4516906738281,1083.0162353515625,3271.726318359375,2952.506591796875
ID_sQdLfM.jpeg,healthy,0.43777766823768616,945.687744140625,143.5730438232422,4000.0,1800.0
ID_uGWUku.jpeg,cssvd,0.3608773350715637,0.0,1.0069656372070312,3247.689453125,1860.8472900390625
ID_B4zGjd.jpg,cssvd,0.5951317548751831,1057.59765625,606.2205200195312,2048.0,1491.591552734375
ID_B4zGjd.jpg,cssvd,0.4379638135433197,122.96044921875,1061.306884765625,835.3239135742188,1512.7255859375
ID_VtWgbl.jpg,None,,,,,
ID_MdCrOf.jpg,cssvd,0.605949878692627,3.8094663619995117,177.88543701171875,810.0,1080.0
ID_MdCrOf.jpg,cssvd,0.4059546887874603,3.9676952362060547,9.720519065856934,644.0043334960938,809.5366821289062
ID_MdCrOf.jpg,cssvd,0.36641159653663635,10.110039710998535,99.5459213256836,677.98486328125,1068.7855224609375
ID_wXf9J2.jpg,None,,,,,
ID_RtPII9.jpeg,healthy,0.4723062217235565,220.0452880859375,1178.4559326171875,3482.84912109375,2670.216064453125
ID_RtPII9.jpeg,healthy,0.3602827787399292,413.4499816894531,29.64564323425293,3605.474609375,1401.862060546875
ID_iKbbSX.jpg,cssvd,0.6576353311538696,0.0,63.633113861083984,934.775146484375,714.3980712890625
ID_GVII9k.jpg,healthy,0.3249336779117584,968.511474609375,568.4951782226562,1814.9449462890625,2349.81884765625
ID_GVII9k.jpg,healthy,0.28814253211021423,0.0,1023.3035888671875,1020.0138549804688,1728.8817138671875
ID_wUUlmx.jpeg,cssvd,0.3002624809741974,243.77122497558594,444.0052490234375,3830.879150390625,2989.477294921875
ID_QNub1d.jpeg,healthy,0.3906678259372711,41.98493576049805,136.3078155517578,2961.837158203125,2579.8193359375
ID_GBdTHp.jpg,cssvd,0.689698338508606,7.590484619140625,60.904998779296875,1090.604248046875,872.139892578125
ID_qTSD4z.jpeg,healthy,0.7068712115287781,1493.98876953125,180.0814971923828,3337.11572265625,2917.30859375
ID_jc8o9w.jpg,cssvd,0.7392368316650391,0.0,0.0,903.6041259765625,666.4393310546875
ID_tf1cZY.jpg,None,,,,,
ID_n9Z46S.jpg,cssvd,0.5779033303260803,0.0,5.434820652008057,867.9837036132812,685.2904663085938
ID_wuwroR.jpg,cssvd,0.7367786169052124,0.0,37.87849426269531,1122.6112060546875,895.0253295898438
ID_bhyI4V.jpg,cssvd,0.7681041359901428,22.238237380981445,300.4039001464844,555.8685913085938,1080.0
ID_bhyI4V.jpg,cssvd,0.33425062894821167,10.93440055847168,0.0,781.109130859375,895.3429565429688
ID_Kwu8Oa.jpg,None,,,,,
ID_bgDyl3.JPG,cssvd,0.29488760232925415,0.0,0.0,2702.718505859375,2048.91650390625
ID_dmcCsB.jpeg,cssvd,0.6890155673027039,988.8851318359375,154.3185577392578,2785.9541015625,3024.0
ID_dmcCsB.jpeg,cssvd,0.4543977677822113,1060.305419921875,252.21603393554688,3382.18017578125,3007.26416015625
ID_dmcCsB.jpeg,cssvd,0.37361523509025574,1203.6763916015625,31.76483726501465,2758.0751953125,2498.197998046875
ID_GRoUWA.JPG,healthy,0.7702880501747131,1119.9049072265625,797.8286743164062,2724.011962890625,1948.9925537109375
ID_uaodz4.jpg,None,,,,,
ID_JLBUdh.jpg,cssvd,0.5337192416191101,43.55155944824219,4.179840087890625,1207.2611083984375,960.0
ID_JLBUdh.jpg,cssvd,0.45509105920791626,19.601058959960938,0.0,1019.8196411132812,716.7526245117188
ID_iMeLZx.jpg,healthy,0.25093820691108704,554.9866943359375,963.806640625,1447.7471923828125,2662.059814453125
ID_qqJgGv.jpg,cssvd,0.5339784622192383,0.0,132.07557678222656,1098.5994873046875,841.9136962890625
ID_qqJgGv.jpg,healthy,0.28532758355140686,0.0,0.05584716796875,971.79638671875,502.70489501953125
ID_t6ATVq.jpg,cssvd,0.611328125,158.41751098632812,37.555694580078125,1214.0367431640625,699.1117553710938
ID_t6ATVq.jpg,cssvd,0.31071236729621887,0.0,1.670074462890625,1015.8500366210938,804.89208984375
ID_kFarz0.jpg,cssvd,0.7391816973686218,0.0,117.56141662597656,1099.294189453125,847.617919921875
ID_kFarz0.jpg,cssvd,0.3771485686302185,221.5289306640625,86.44691467285156,1280.0,784.3339233398438
ID_LhPlyT.jpeg,None,,,,,
ID_EJgRE4.jpg,healthy,0.7012031674385071,0.0,99.42046356201172,360.06146240234375,371.5693054199219
ID_EJgRE4.jpg,healthy,0.43642106652259827,0.0,112.42628479003906,279.8073425292969,398.9789123535156
ID_EJgRE4.jpg,healthy,0.381222665309906,0.0,0.6395511627197266,328.2093200683594,283.20428466796875
ID_mj9r13.jpeg,cssvd,0.4570563733577728,37.49492645263672,14.831713676452637,3134.15283203125,2044.0791015625
ID_mj9r13.jpeg,cssvd,0.43583008646965027,2539.46533203125,1187.2603759765625,4004.24462890625,3019.55908203125
ID_OagsgX.jpg,None,,,,,
ID_VATTeh.jpg,cssvd,0.4334634244441986,1713.5228271484375,1605.494140625,3024.0,4013.146484375
ID_VATTeh.jpg,cssvd,0.28951117396354675,428.6997985839844,985.1359252929688,1977.9757080078125,3287.55419921875
ID_YpuhPQ.jpg,cssvd,0.6615660190582275,9.057157516479492,0.0,1095.52001953125,1620.876220703125
ID_YpuhPQ.jpg,cssvd,0.5028750896453857,2466.913330078125,187.16094970703125,3264.0,1956.1319580078125
ID_YpuhPQ.jpg,cssvd,0.4825417995452881,965.8890991210938,701.012451171875,2600.89599609375,1625.0316162109375
ID_YpuhPQ.jpg,cssvd,0.44954612851142883,1943.4002685546875,0.0,3264.0,1027.3797607421875
ID_YpuhPQ.jpg,cssvd,0.25868284702301025,989.01171875,392.0239562988281,2680.7998046875,1656.498779296875
ID_kJARM7.jpg,None,,,,,
ID_Ne1ISX.jpeg,cssvd,0.5324007868766785,17.69550323486328,267.93377685546875,576.0,1123.949462890625
ID_Ne1ISX.jpeg,cssvd,0.47509220242500305,21.17176055908203,416.1282653808594,566.624267578125,1278.86376953125
ID_Ne1ISX.jpeg,cssvd,0.3739531636238098,53.636722564697266,84.04983520507812,576.0,899.1029052734375
ID_y8BV0N.jpg,healthy,0.4221038222312927,1.39013671875,68.71536254882812,374.9265441894531,375.1134033203125
ID_TaRW6o.jpg,healthy,0.5036426186561584,967.072265625,536.297607421875,2835.99560546875,1646.127197265625
ID_V4HYsA.jpg,cssvd,0.5989832878112793,0.0,67.12608337402344,1108.25830078125,928.3667602539062
ID_kDub9n.jpeg,healthy,0.31104686856269836,45.06399154663086,727.4259033203125,2748.5166015625,3650.170654296875
ID_rSmGHZ.jpg,anthracnose,0.36154988408088684,0.0,535.8777465820312,3554.637939453125,2748.6806640625
ID_kLd2ft.jpg,cssvd,0.35090598464012146,1624.517578125,0.0,2952.88134765625,1656.168212890625
ID_kLd2ft.jpg,healthy,0.3500809669494629,802.16845703125,3.41385817527771,1755.3443603515625,1450.075439453125
ID_kLd2ft.jpg,cssvd,0.34030669927597046,1574.987548828125,44.76955032348633,2534.216552734375,1679.324462890625
ID_kLd2ft.jpg,cssvd,0.26169148087501526,2371.06640625,22.69965362548828,3264.0,1712.843505859375
ID_CkzYK9.jpg,cssvd,0.4981932044029236,492.2076416015625,417.0588073730469,2973.468505859375,1877.30126953125
ID_lJqimA.jpg,cssvd,0.6233996748924255,0.0,33.67034912109375,1122.8919677734375,888.9091186523438
ID_ja4auO.jpeg,healthy,0.2732573449611664,0.0,117.97599029541016,3446.173583984375,2446.519287109375
ID_bq9ADT.jpg,cssvd,0.4341396689414978,0.0,335.9611511230469,955.8546142578125,1228.1563720703125
ID_bq9ADT.jpg,cssvd,0.3288285434246063,117.52540588378906,143.9739227294922,742.1747436523438,1064.96240234375
ID_YGtgH6.jpeg,anthracnose,0.42676424980163574,0.0,600.1699829101562,3187.986572265625,2160.2236328125
ID_e6N3Z1.jpg,cssvd,0.37261688709259033,169.60060119628906,292.9952087402344,953.548828125,1278.0211181640625
ID_DjtECY.jpeg,anthracnose,0.3941597044467926,84.28954315185547,148.2371063232422,3207.17041015625,1779.3812255859375
ID_IBDzHA.jpg,healthy,0.39239567518234253,1334.563232421875,1064.74365234375,2619.585205078125,1713.2332763671875
ID_Yspbo5.jpg,anthracnose,0.3372788429260254,633.9735107421875,981.5097045898438,4106.30419921875,3044.088623046875
ID_hdsYyk.jpg,cssvd,0.8324183821678162,21.142349243164062,0.0,1033.5341796875,657.9650268554688
ID_wLF5dT.jpg,cssvd,0.4960421323776245,11.69769287109375,5.9696197509765625,1030.0361328125,796.0787963867188
ID_wLF5dT.jpg,cssvd,0.3023243248462677,27.147979736328125,0.0,1033.2861328125,372.3463439941406
ID_GZ9jri.jpg,cssvd,0.8540904521942139,0.00152587890625,0.0,1136.0452880859375,774.240234375
ID_fydp9k.jpg,cssvd,0.5864205956459045,14.329147338867188,296.219970703125,882.8209838867188,1272.739990234375
ID_pecs2M.jpeg,healthy,0.3844459652900696,750.8637084960938,0.0,4032.0,2526.0771484375
ID_pecs2M.jpeg,healthy,0.27383747696876526,2651.843017578125,1590.499755859375,4031.439697265625,3024.0
ID_I72DYt.jpeg,None,,,,,
ID_rry4FO.JPG,None,,,,,
ID_Ubcnkw.jpg,healthy,0.33774763345718384,442.1461486816406,0.0,1526.98779296875,761.0699462890625
ID_Ubcnkw.jpg,healthy,0.3194202780723572,126.76770782470703,230.55599975585938,2436.51708984375,1785.96630859375
ID_CGnAYP.jpg,cssvd,0.7347951531410217,29.592819213867188,13.518218994140625,1130.3709716796875,706.7490844726562
ID_CGnAYP.jpg,cssvd,0.3476560413837433,27.635040283203125,546.9344482421875,1021.1893920898438,950.8224487304688
ID_CGnAYP.jpg,cssvd,0.2831870913505554,255.46279907226562,13.941879272460938,1269.71142578125,717.9760131835938
ID_ZOEuyF.jpg,healthy,0.36055031418800354,44.0673828125,0.0,1788.3212890625,1006.3551025390625
ID_ZOEuyF.jpg,cssvd,0.30721643567085266,0.0,0.0,1732.5499267578125,1026.5897216796875
ID_X14BRF.jpg,cssvd,0.5467248558998108,198.13262939453125,48.95111083984375,1205.9351806640625,847.1326904296875
ID_X14BRF.jpg,cssvd,0.3469941318035126,20.902938842773438,0.0,787.062744140625,697.6612548828125
ID_J93yB8.jpeg,healthy,0.4192105233669281,0.548423707485199,3197.392578125,1596.9364013671875,4032.0
ID_J93yB8.jpeg,cssvd,0.3113420307636261,0.0,270.7497253417969,2263.374755859375,3626.163330078125
ID_J93yB8.jpeg,healthy,0.2898142337799072,60.877197265625,217.51754760742188,2142.979248046875,3160.3564453125
ID_iafMXS.jpg,cssvd,0.34438180923461914,677.2449951171875,371.5873107910156,3021.84326171875,1729.2210693359375
ID_ElOfB1.jpeg,healthy,0.5352286100387573,815.3710327148438,507.02471923828125,3989.213623046875,3024.0
ID_ElOfB1.jpeg,healthy,0.36858069896698,219.99073791503906,291.20892333984375,3337.418701171875,3024.0
ID_wE7217.jpeg,cssvd,0.3601244390010834,22.47953224182129,0.0,3174.115478515625,1687.1846923828125
ID_AwZkd2.jpg,anthracnose,0.4534422755241394,684.2864379882812,212.1142578125,2008.179931640625,995.4718017578125
ID_fYv2qm.jpg,healthy,0.39872485399246216,156.0762176513672,657.8023681640625,2839.56396484375,2055.840576171875
ID_d863CL.jpg,cssvd,0.2979370057582855,198.49505615234375,78.82293701171875,1160.2900390625,953.5946655273438
ID_MryrEs.jpg,anthracnose,0.6699019074440002,0.0,91.20689392089844,1072.2457275390625,761.2067260742188
ID_XwgRC8.jpg,cssvd,0.5631533265113831,3.609137535095215,0.0,980.4000244140625,806.9807739257812
ID_XwgRC8.jpg,cssvd,0.41270390152931213,49.56696701049805,0.0,958.6395874023438,332.60528564453125
ID_utRK8X.jpeg,healthy,0.32956603169441223,203.7213897705078,940.4059448242188,2944.910888671875,2302.522705078125
ID_B6Bi68.jpg,healthy,0.606691300868988,50.72711944580078,6.709335803985596,286.2423400878906,170.0799560546875
ID_B6Bi68.jpg,healthy,0.4861668646335602,38.24732971191406,161.60745239257812,361.5032653808594,382.2366027832031
ID_B6Bi68.jpg,healthy,0.34070447087287903,46.39375305175781,172.7281951904297,298.5549621582031,366.01617431640625
ID_WogKCn.jpg,None,,,,,
ID_AhZ64h.jpeg,None,,,,,
ID_cCtxAa.jpeg,anthracnose,0.347720742225647,0.0,681.9087524414062,2592.3857421875,2358.529541015625
ID_cCtxAa.jpeg,healthy,0.31460127234458923,41.81004333496094,1957.442138671875,1084.03466796875,2964.932861328125
ID_dcwTQ3.jpeg,cssvd,0.5449455380439758,0.0,741.5579223632812,2872.9150390625,3388.832275390625
ID_dlFmzD.jpeg,cssvd,0.5554801821708679,233.63946533203125,58.290122985839844,3628.561767578125,1784.7698974609375
ID_w0zuYF.jpg,None,,,,,
ID_cRMiKg.jpg,cssvd,0.27305904030799866,620.52978515625,379.58331298828125,2610.312255859375,1995.6441650390625
ID_QOVg3l.jpg,cssvd,0.5209090709686279,61.37504577636719,178.55178833007812,1188.0306396484375,960.0
ID_mpAMzq.jpg,cssvd,0.4064634144306183,20.1403865814209,18.537883758544922,665.64599609375,407.95819091796875
ID_r9AaMI.jpg,cssvd,0.33218884468078613,393.90777587890625,267.0025329589844,2246.66943359375,2385.064453125
ID_r9AaMI.jpg,cssvd,0.2888029217720032,496.9119567871094,44.81818771362305,3264.0,2440.05419921875
ID_OKnByL.jpg,None,,,,,
ID_kEt8fQ.jpeg,cssvd,0.2552441954612732,283.3745422363281,73.36957550048828,3748.0888671875,2935.3037109375
ID_nnRffu.jpg,anthracnose,0.6965180039405823,0.0,297.2448425292969,1681.9853515625,1232.514892578125
ID_ydmVnV.jpg,cssvd,0.8113914728164673,31.3037109375,132.2808837890625,1200.3394775390625,935.46142578125
ID_rVN3na.jpeg,cssvd,0.4666632413864136,97.4168701171875,304.67376708984375,3249.718017578125,1800.0
ID_YYGIZ7.jpeg,cssvd,0.5943764448165894,0.0,213.87371826171875,3615.93701171875,2696.325927734375
ID_Dt9R4S.jpg,healthy,0.344882994890213,1182.177978515625,474.1458740234375,3047.644775390625,1828.703125
ID_ibfU3Z.jpeg,healthy,0.27372610569000244,0.0,300.7279968261719,3488.494384765625,2837.919677734375
ID_ibfU3Z.jpeg,healthy,0.2501559853553772,0.0,0.0,3423.2509765625,1656.8095703125
ID_Qxdm0a.jpeg,None,,,,,
ID_rgDeQr.jpg,cssvd,0.5880147814750671,377.0130920410156,269.2087097167969,2990.169677734375,1551.4835205078125
ID_rgDeQr.jpg,cssvd,0.2850915789604187,292.5302429199219,362.0092468261719,3032.88671875,2418.69091796875
ID_rgDeQr.jpg,healthy,0.2504661977291107,268.3223571777344,0.0,3086.3056640625,1324.39501953125
ID_V8P0t0.jpg,cssvd,0.7158322334289551,4.055633544921875,31.55029296875,1150.25830078125,869.3777465820312
ID_Q23VUi.jpg,cssvd,0.7813562154769897,5.802154541015625,42.885894775390625,1154.6082763671875,861.268310546875
ID_TMMqb6.jpeg,anthracnose,0.4445193409919739,0.0,773.4285888671875,2532.08056640625,2621.884765625
ID_MBxsVT.jpeg,cssvd,0.5024985671043396,0.0,31.98305320739746,3568.15380859375,2271.140380859375
ID_MBxsVT.jpeg,cssvd,0.28564366698265076,780.6165161132812,57.220638275146484,4022.947265625,2267.816162109375
ID_lDkNRk.jpeg,healthy,0.28806042671203613,684.1026611328125,0.0,2912.99462890625,1220.6998291015625
ID_lDkNRk.jpeg,healthy,0.2589510679244995,181.93145751953125,150.00567626953125,2958.92431640625,1766.774169921875
ID_G0OzBp.jpg,cssvd,0.3440558612346649,716.204345703125,809.5389404296875,3256.55322265625,2072.221435546875
ID_waTCD6.jpg,cssvd,0.38604456186294556,0.0,88.3218765258789,3547.379150390625,2652.289794921875
ID_vC31ze.JPG,cssvd,0.4872399866580963,0.0,228.1095428466797,2881.016845703125,2396.665771484375
ID_rMv7Zl.jpg,cssvd,0.6951046586036682,0.0,0.0,949.128173828125,693.3119506835938
ID_qSCHkr.JPG,healthy,0.4458576440811157,539.7758178710938,326.489013671875,1730.7684326171875,1251.910888671875
ID_qSCHkr.JPG,healthy,0.35093826055526733,426.2262268066406,970.6426391601562,2072.04541015625,1855.486083984375
ID_e73UkP.jpg,cssvd,0.6951225996017456,45.44013977050781,0.0,1089.734619140625,867.3345947265625
ID_FsrFzQ.jpg,None,,,,,
ID_oMkPup.jpg,cssvd,0.5548020601272583,0.0,235.8544921875,794.4376831054688,1080.0
ID_OSO5iu.jpeg,None,,,,,
ID_nuUNo0.jpg,cssvd,0.39650774002075195,246.1419219970703,251.1400604248047,1221.382080078125,960.0
ID_nuUNo0.jpg,cssvd,0.28024640679359436,40.68336486816406,26.20075225830078,906.9485473632812,507.0704345703125
ID_OZL65Y.jpeg,healthy,0.4472687244415283,0.0,333.563720703125,3415.04541015625,2564.07861328125
ID_WU55ux.jpg,None,,,,,
ID_F2jvAj.jpeg,cssvd,0.45557549595832825,39.886409759521484,476.7611999511719,3359.980224609375,2203.800048828125
ID_F2jvAj.jpeg,healthy,0.3638778626918793,0.0,0.0,3286.96435546875,1085.580322265625
ID_F2jvAj.jpeg,healthy,0.29246485233306885,70.67672729492188,410.7453918457031,3544.060302734375,2325.7294921875
ID_eW60kF.jpeg,cssvd,0.3824711740016937,49.57046890258789,830.220703125,1824.17529296875,2377.112548828125
ID_mTnr2Q.jpg,healthy,0.4349861145019531,433.3905944824219,307.93475341796875,1003.4814453125,925.4192504882812
ID_pvsYXM.jpeg,cssvd,0.6580674052238464,91.90869140625,1354.0452880859375,1766.9573974609375,4000.0
ID_pvsYXM.jpeg,cssvd,0.3315028250217438,14.255045890808105,649.2283325195312,1756.5433349609375,3130.989013671875
ID_joOOoQ.jpg,healthy,0.7954346537590027,1131.7509765625,986.9931030273438,2258.414306640625,1642.785400390625
ID_zpxAXu.jpg,anthracnose,0.2849810719490051,0.0,111.007568359375,1775.642333984375,1395.88671875
ID_yPWd1K.jpeg,cssvd,0.30493828654289246,609.1699829101562,4.679625988006592,4032.0,3024.0
ID_XxYDsU.jpg,cssvd,0.5517125725746155,17.38991928100586,254.59451293945312,690.2492065429688,1080.0
ID_XxYDsU.jpg,cssvd,0.5324333310127258,14.030356407165527,47.603782653808594,800.203369140625,998.8579711914062
ID_rkz8cy.jpg,None,,,,,
ID_JgQ193.jpg,anthracnose,0.6634855270385742,0.0,248.16513061523438,1083.767333984375,891.507080078125
ID_wOSKtS.jpg,cssvd,0.399472713470459,0.0,5.2796173095703125,941.0325927734375,722.4578857421875
ID_lnlgta.jpeg,cssvd,0.2677772045135498,263.9931335449219,0.0,1247.9891357421875,529.1199340820312
ID_oC7ET9.jpeg,healthy,0.5457124710083008,0.0,820.3009643554688,2176.59423828125,3997.10595703125
ID_oC7ET9.jpeg,healthy,0.45687684416770935,0.0,0.0,2256.927978515625,3275.845458984375
ID_PNdJoa.jpeg,healthy,0.46770745515823364,291.6287536621094,1330.93115234375,2543.5849609375,4015.21728515625
ID_PNdJoa.jpeg,healthy,0.4215979278087616,646.7408447265625,980.981201171875,2961.061279296875,3370.51953125
ID_QEsBpT.JPG,healthy,0.4592173099517822,1461.8834228515625,660.8062133789062,2479.9169921875,1236.392822265625
ID_V0L4sG.jpg,healthy,0.59562087059021,1114.940185546875,786.7548217773438,2856.1953125,1869.1741943359375
ID_Gasjw8.jpg,cssvd,0.7456834316253662,132.65069580078125,279.5789794921875,2254.0703125,1486.958251953125
ID_Gasjw8.jpg,cssvd,0.730037271976471,73.88875579833984,1243.9627685546875,1950.1370849609375,2361.13623046875
ID_Gasjw8.jpg,cssvd,0.3037537634372711,31.153024673461914,0.0,1665.7506103515625,496.7345275878906
ID_ehbYgK.jpg,None,,,,,
ID_pxrJ4f.jpg,healthy,0.4588767886161804,0.0,136.57081604003906,924.6976928710938,1203.6248779296875
ID_CRgjeZ.jpg,healthy,0.5297011137008667,1117.990478515625,567.4916381835938,2684.66064453125,1818.0196533203125
ID_MNwF62.jpg,healthy,0.6627495288848877,324.57757568359375,255.60826110839844,954.9486694335938,598.2501831054688
ID_MNwF62.jpg,healthy,0.5129614472389221,111.19949340820312,0.0,901.1417846679688,594.2251586914062
ID_MNwF62.jpg,healthy,0.29542645812034607,238.9759063720703,0.0,890.6265869140625,468.6608581542969
ID_qF23Xs.jpeg,cssvd,0.461465060710907,273.98223876953125,0.0,1245.2232666015625,476.9820251464844
ID_yj8UoR.JPG,cssvd,0.6402463912963867,0.0,117.101318359375,2847.5693359375,2184.43896484375
ID_UDljRB.jpeg,cssvd,0.7213557362556458,54.96205520629883,8.695231437683105,3468.18701171875,2365.912109375
ID_g7Qwh5.jpg,cssvd,0.4276732802391052,0.0,148.96591186523438,1051.927490234375,842.674072265625
ID_dHYPgN.jpg,cssvd,0.29432031512260437,2436.8046875,0.0,3264.0,1415.55419921875
ID_XiQ5Zy.jpg,cssvd,0.299571692943573,71.6383056640625,316.6697998046875,1783.7626953125,1297.569091796875
ID_wSjCHI.jpg,healthy,0.3934030830860138,293.4319152832031,268.09515380859375,1027.8282470703125,675.8077392578125
ID_QHuaJE.JPG,healthy,0.43140286207199097,963.7177734375,1230.80517578125,1954.1290283203125,2428.34033203125
ID_QHuaJE.JPG,healthy,0.3756059408187866,1216.92041015625,15.251128196716309,2176.841064453125,1215.2403564453125
ID_QHuaJE.JPG,healthy,0.3017684519290924,1614.4337158203125,852.206787109375,2663.3203125,1435.930908203125
ID_japwcF.jpg,cssvd,0.404166579246521,7.347869873046875,343.78265380859375,876.4163208007812,1192.672119140625
ID_ft52kR.jpg,cssvd,0.7182997465133667,39.085693359375,161.60171508789062,1132.4892578125,835.2380981445312
ID_h8HudT.jpeg,None,,,,,
ID_ZtVe9g.jpg,cssvd,0.5466755032539368,4.9515533447265625,229.66697692871094,1041.725341796875,947.9288330078125
ID_FxRJIn.jpg,healthy,0.5248191952705383,34.907222747802734,127.8070297241211,326.9572448730469,320.5755310058594
ID_FxRJIn.jpg,healthy,0.45426174998283386,100.51014709472656,0.0,312.7120666503906,175.7819366455078
ID_FxRJIn.jpg,healthy,0.38996949791908264,43.24888610839844,0.0,244.12083435058594,216.40878295898438
ID_BiL2B8.jpeg,None,,,,,
ID_dc0J77.jpg,cssvd,0.5428153276443481,62.027587890625,308.6180114746094,960.0,1272.0196533203125
ID_dc0J77.jpg,cssvd,0.2891036868095398,161.10137939453125,0.0,960.0,866.4405517578125
ID_Nurt45.jpeg,healthy,0.5326740145683289,0.0,3.9418256282806396,3363.4453125,2019.787841796875
ID_DitJb1.jpeg,anthracnose,0.5125516057014465,0.0,772.0922241210938,2428.76025390625,2639.37060546875
ID_DitJb1.jpeg,anthracnose,0.30916643142700195,311.6190490722656,391.11676025390625,2941.994384765625,2335.314453125
ID_DorYRG.jpg,anthracnose,0.2780386209487915,98.62020874023438,325.4122314453125,3033.358154296875,2026.7547607421875
ID_hmKSAg.jpg,cssvd,0.5910810232162476,0.0,2.426044464111328,354.80401611328125,267.2344970703125
ID_hmKSAg.jpg,cssvd,0.40350988507270813,0.0,96.76915740966797,364.8025817871094,407.9321594238281
ID_CTHVbX.jpg,cssvd,0.7607545852661133,11.67449951171875,134.8308563232422,1143.9879150390625,863.9179077148438
ID_N1urjJ.jpg,cssvd,0.355053186416626,294.02008056640625,106.126708984375,960.0,1038.59130859375
ID_N1urjJ.jpg,cssvd,0.2703239321708679,0.957489013671875,423.7171630859375,893.016357421875,1280.0
ID_gBtRxw.jpeg,healthy,0.3441520929336548,651.3164672851562,1038.5062255859375,2587.306884765625,4030.64111328125
ID_IyJq31.JPG,healthy,0.3791411817073822,795.1153564453125,868.3898315429688,2502.538330078125,1927.5079345703125
ID_IyJq31.JPG,healthy,0.27901291847229004,2298.568359375,2.1871261596679688,3253.0732421875,1165.49560546875
ID_lfLaoW.jpg,cssvd,0.7696022987365723,1.183624267578125,3.45367431640625,1162.114501953125,839.6306762695312
ID_hBZYGx.jpg,healthy,0.25127333402633667,37.27880859375,12.671875,1181.0653076171875,1176.831787109375
ID_iIZUc1.jpeg,cssvd,0.404232382774353,404.4365539550781,0.0,2933.12060546875,1417.0247802734375
ID_n9p1ZH.jpeg,anthracnose,0.2866836190223694,332.36834716796875,1285.89404296875,2425.28515625,2853.10986328125
ID_i5VHxx.jpg,anthracnose,0.40559515357017517,435.029541015625,276.9560241699219,4077.635009765625,2985.29150390625
ID_m41Ily.jpg,cssvd,0.47179141640663147,4.31243896484375,287.6805114746094,929.0582275390625,1276.8914794921875
ID_DCnllR.jpg,None,,,,,
ID_FtNOa1.jpeg,healthy,0.40369758009910583,74.21951293945312,501.3525390625,558.2316284179688,1279.5928955078125
ID_FtNOa1.jpeg,healthy,0.3543680012226105,73.22471618652344,172.9436492919922,562.3973999023438,970.379638671875
ID_FtNOa1.jpeg,healthy,0.2925145924091339,77.93659210205078,342.21099853515625,567.0257568359375,1120.88525390625
ID_Vq59xO.jpg,anthracnose,0.4896756410598755,0.0,330.0856628417969,3502.46044921875,2803.395263671875
ID_PS1fIb.jpg,cssvd,0.3964059054851532,670.0559692382812,1944.1741943359375,1865.2869873046875,2434.245361328125
ID_PS1fIb.jpg,healthy,0.37166446447372437,320.91748046875,468.0481872558594,2462.4453125,1481.55859375
ID_CzSEcr.jpg,healthy,0.4491628110408783,7.532510280609131,125.40638732910156,280.90435791015625,344.7756042480469
ID_CzSEcr.jpg,healthy,0.4095649719238281,67.53482055664062,160.81007385253906,297.8738708496094,407.96484375
ID_CzSEcr.jpg,healthy,0.26290684938430786,58.58097457885742,308.5804138183594,260.6240539550781,411.7012023925781
ID_CzSEcr.jpg,healthy,0.2609533369541168,0.0,65.4399185180664,230.56167602539062,300.5327453613281
ID_jUGauO.jpg,cssvd,0.4335518777370453,142.474853515625,0.0,1386.98046875,903.7493896484375
ID_jUGauO.jpg,cssvd,0.4292997419834137,426.172607421875,43.146240234375,2005.3310546875,1183.79736328125
ID_g5B3Nn.jpg,cssvd,0.3953888714313507,418.7210388183594,943.247802734375,2682.722412109375,1932.4012451171875
ID_zOUCUN.jpg,cssvd,0.5059084296226501,26.091413497924805,0.0,856.0648193359375,539.4042358398438
ID_zOUCUN.jpg,cssvd,0.3944185674190521,24.24300765991211,0.0,924.2416381835938,325.67462158203125
ID_nEicnS.JPG,cssvd,0.5366840362548828,528.2269897460938,0.0,1852.671630859375,1402.875244140625
ID_nEicnS.JPG,cssvd,0.40305987000465393,521.3035278320312,0.0,2479.56787109375,813.0699462890625
ID_nEicnS.JPG,cssvd,0.3642157018184662,1046.213134765625,628.0425415039062,3010.708740234375,1776.2020263671875
ID_nEicnS.JPG,cssvd,0.2685742974281311,470.5665283203125,0.0,2423.872314453125,1152.1519775390625
ID_aJfG4Y.jpg,healthy,0.2894538342952728,7.381530284881592,105.16895294189453,240.24911499023438,279.89044189453125
ID_aJfG4Y.jpg,healthy,0.2666563093662262,4.871156692504883,9.917865753173828,247.0834503173828,267.1548767089844
ID_D2n955.jpg,cssvd,0.7450860738754272,6.448211669921875,36.81007385253906,1162.07421875,960.0
ID_M4SGQm.jpg,cssvd,0.43899205327033997,574.4127807617188,657.5504760742188,3528.4765625,2628.29736328125
ID_sBJnxJ.jpg,cssvd,0.8143998980522156,0.0,0.0,1110.2529296875,795.9479370117188
ID_vfelPl.jpg,healthy,0.4300066828727722,1177.4683837890625,628.94970703125,2986.24267578125,1961.9228515625
ID_TqIzU1.jpg,healthy,0.4578835666179657,0.0,109.43635559082031,307.3533020019531,321.04083251953125
ID_pidubH.jpg,cssvd,0.6764068007469177,31.309432983398438,40.850830078125,1115.8739013671875,705.4978637695312
ID_EOFmpE.jpeg,anthracnose,0.6265002489089966,14.634323120117188,36.642799377441406,940.5221557617188,569.4801635742188
ID_rO21Rv.jpg,cssvd,0.8553397059440613,0.0,0.0,888.0795288085938,589.4627685546875
ID_bA2YCT.jpg,None,,,,,
ID_EG9Mkf.jpg,cssvd,0.5004948973655701,260.836181640625,0.0,1280.0,543.856689453125
ID_ytdXbX.jpg,anthracnose,0.349592000246048,0.0,1.5363311767578125,1107.4117431640625,790.7462768554688
ID_EsHAwO.JPG,cssvd,0.7871190309524536,0.0,489.21002197265625,2932.779296875,2438.08056640625
ID_gxJl1S.jpg,None,,,,,
ID_hANUAB.jpg,cssvd,0.3495987355709076,222.1759796142578,74.78057098388672,2701.567626953125,1839.6827392578125
ID_V4uHkL.jpeg,None,,,,,
ID_VtUtXq.jpeg,healthy,0.38117989897727966,274.5838928222656,66.49961853027344,2590.198974609375,3478.941650390625
ID_VtUtXq.jpeg,cssvd,0.28023675084114075,275.6446838378906,744.1967163085938,2594.356689453125,3991.030517578125
ID_qxOohj.jpg,None,,,,,
ID_Z2Yu1j.jpg,healthy,0.5432552695274353,464.62774658203125,197.56692504882812,1011.1007080078125,579.8568115234375
ID_Z2Yu1j.jpg,healthy,0.4464535117149353,316.972412109375,388.8008728027344,730.3538208007812,776.1121215820312
ID_Yg0KUv.jpg,cssvd,0.695250928401947,10.161538124084473,40.92533874511719,891.417724609375,583.8424682617188
ID_kpzVTg.jpg,cssvd,0.6223926544189453,853.877197265625,150.84414672851562,2596.448974609375,1509.1456298828125
ID_kpzVTg.jpg,cssvd,0.2501184046268463,2282.08251953125,591.858642578125,3244.917724609375,1404.63916015625
ID_kTAyAz.jpg,cssvd,0.7004590630531311,0.0,30.175640106201172,364.86956787109375,319.9676513671875
ID_wGs0TG.JPG,None,,,,,
ID_P0LEyO.jpg,cssvd,0.7629244327545166,0.0,11.614608764648438,1111.8548583984375,824.9869384765625
ID_Uuubv2.jpg,anthracnose,0.38135644793510437,816.6342163085938,699.0198364257812,3989.998046875,2634.840576171875
ID_h2mTi3.jpg,cssvd,0.5735286474227905,7.3494696617126465,90.84874725341797,371.6367492675781,362.05596923828125
ID_h2mTi3.jpg,healthy,0.5344231128692627,16.975963592529297,4.135448455810547,180.5865936279297,246.7527618408203
ID_h2mTi3.jpg,healthy,0.3223282992839813,37.99114227294922,16.53961181640625,169.86868286132812,218.1522216796875
ID_KJj1Zi.jpeg,healthy,0.3516885042190552,263.47003173828125,229.4244842529297,2590.0029296875,3587.72802734375
ID_xOXg44.jpg,cssvd,0.8249173760414124,0.0,38.26557540893555,940.9576416015625,753.1922607421875
ID_xUtJVT.jpg,cssvd,0.8188900351524353,13.090744018554688,114.76516723632812,1128.4468994140625,893.3801879882812
ID_beWVeF.jpeg,None,,,,,
ID_VEfmr3.jpeg,healthy,0.6709429621696472,1608.6142578125,116.9723892211914,3829.750244140625,3015.149658203125
ID_VEfmr3.jpeg,healthy,0.582486093044281,1680.7044677734375,27.39451026916504,3464.692626953125,2613.773193359375
ID_hYKtFA.JPG,healthy,0.6249489188194275,546.4420166015625,995.7230834960938,2407.249267578125,2253.82470703125
ID_myReVS.JPG,healthy,0.6248579621315002,1197.25927734375,930.7440795898438,2074.77587890625,1467.383056640625
ID_myReVS.JPG,healthy,0.5227721333503723,1194.31982421875,924.0419311523438,2104.759033203125,1905.84375
ID_ExXVO1.jpg,healthy,0.5446533560752869,108.4473876953125,302.2322998046875,1770.6102294921875,1291.854736328125
ID_C8BlN8.jpg,cssvd,0.5608353614807129,783.6970825195312,373.8975524902344,2569.60498046875,1326.5771484375
ID_I0DZzb.jpg,cssvd,0.5206263661384583,0.0,42.17110061645508,346.3847351074219,321.5757751464844
ID_ktDANd.jpeg,healthy,0.3294667601585388,970.6424560546875,1.610183596611023,2697.43994140625,1001.3489379882812
ID_iXRhGf.jpeg,healthy,0.5346721410751343,92.86865997314453,604.6871337890625,3256.035400390625,2461.7958984375
ID_iXRhGf.jpeg,healthy,0.48450449109077454,39.543704986572266,176.1051788330078,2564.7158203125,1875.115478515625
ID_iXRhGf.jpeg,healthy,0.28925397992134094,729.6048583984375,582.2012939453125,3708.518798828125,2402.338134765625
ID_JaY2HL.jpg,cssvd,0.5954511165618896,25.994720458984375,45.156097412109375,1136.32861328125,947.9322509765625
ID_G002P0.jpg,cssvd,0.45122554898262024,60.63232421875,32.65289306640625,1064.545166015625,937.2874145507812
ID_KzyWDd.jpg,cssvd,0.40485313534736633,32.57041931152344,282.73712158203125,904.5940551757812,1280.0
ID_wc4VDk.jpg,cssvd,0.49581050872802734,1.2564969062805176,168.58766174316406,867.1419067382812,810.0
ID_oR0uum.jpg,cssvd,0.40050387382507324,378.1823425292969,379.57318115234375,2399.344970703125,2448.0
ID_ZQxVRX.jpeg,anthracnose,0.28080037236213684,0.0,156.34642028808594,3403.360595703125,2192.366455078125
ID_vXgQwz.jpg,None,,,,,
ID_nBKCpo.jpg,cssvd,0.4954864978790283,181.5124053955078,440.5541687011719,2725.673828125,1932.984619140625
ID_XoAAeX.jpeg,None,,,,,
ID_A6Fogi.jpeg,healthy,0.388073205947876,637.0172119140625,103.30194091796875,3548.015869140625,1800.0
ID_UfuRhW.jpeg,healthy,0.26602351665496826,72.39007568359375,195.63912963867188,2894.40576171875,1749.5745849609375
ID_pTFwON.jpg,None,,,,,
ID_Fh5Pcm.jpg,cssvd,0.5141715407371521,376.371337890625,420.6839599609375,1730.06884765625,1117.0435791015625
ID_Fh5Pcm.jpg,healthy,0.3053601384162903,233.36578369140625,202.909423828125,754.3754272460938,499.884521484375
ID_G9YWm0.jpg,anthracnose,0.27860358357429504,113.96316528320312,160.38619995117188,1180.16357421875,814.2350463867188
ID_NtqErb.jpg,cssvd,0.7238298058509827,13.491363525390625,37.10906982421875,1161.9749755859375,960.0
ID_idyM5h.jpeg,cssvd,0.6399510502815247,472.10113525390625,0.0,951.6148071289062,323.5504150390625
ID_idyM5h.jpeg,cssvd,0.4500819742679596,1002.3597412109375,0.0,1280.0,228.485595703125
ID_idyM5h.jpeg,cssvd,0.4449782371520996,476.4914245605469,0.0,983.9877319335938,462.60406494140625
ID_idyM5h.jpeg,cssvd,0.3736369013786316,564.0283203125,5.172119140625,1146.2445068359375,576.0
ID_m4rRzw.jpeg,healthy,0.6988840699195862,440.5884704589844,64.74044036865234,2456.31494140625,3249.021240234375
ID_m4rRzw.jpeg,healthy,0.3217833936214447,1407.3193359375,1452.087646484375,3024.0,4032.0
ID_m4rRzw.jpeg,healthy,0.25138622522354126,699.6239013671875,53.30116271972656,2426.518310546875,2645.2333984375
ID_vSr6vC.jpg,healthy,0.31767868995666504,742.4985961914062,928.31884765625,1884.7579345703125,1846.8525390625
ID_E1lv1B.jpg,cssvd,0.4297105371952057,315.869873046875,665.8338012695312,1795.833251953125,2397.06640625
ID_E1lv1B.jpg,cssvd,0.250399112701416,964.8756103515625,0.0,2777.836181640625,1882.026123046875
ID_r8vfga.jpg,cssvd,0.4529515206813812,0.0,0.0,1037.162109375,669.7666015625
ID_ZLh9RR.jpg,healthy,0.39663559198379517,83.89324951171875,214.38796997070312,335.77166748046875,416.0
ID_ZLh9RR.jpg,healthy,0.3090941309928894,72.49097442626953,7.108630657196045,414.2099304199219,227.6580352783203
ID_jLLLAF.jpg,None,,,,,
ID_Lpv49N.jpg,cssvd,0.2713351249694824,586.681884765625,441.8869323730469,1809.123291015625,1369.7578125
ID_yKiZHu.jpg,None,,,,,
ID_hUbmNZ.jpg,healthy,0.5234126448631287,1142.2744140625,672.7514038085938,2483.9619140625,1818.4000244140625
ID_icUqrM.jpeg,cssvd,0.512815535068512,0.0,478.49322509765625,3505.478759765625,2920.183837890625
ID_icUqrM.jpeg,cssvd,0.25830644369125366,583.2676391601562,492.247314453125,3861.20166015625,2708.48095703125
ID_eFaC28.jpeg,None,,,,,
ID_jHqWXa.jpg,None,,,,,
ID_stSmpC.jpeg,cssvd,0.5337011814117432,1189.4647216796875,445.58489990234375,3690.478759765625,2154.47021484375
ID_stSmpC.jpeg,healthy,0.38628455996513367,3112.321533203125,0.0,4032.0,657.037353515625
ID_QDGH72.jpg,cssvd,0.7424962520599365,0.0,147.79449462890625,1107.881591796875,925.8750610351562
ID_UzoTeR.jpg,None,,,,,
ID_CiaBXB.jpg,healthy,0.3736986517906189,14.581904411315918,157.88833618164062,388.9370422363281,416.0
ID_MNV5lc.jpg,cssvd,0.7830447554588318,0.0,33.648529052734375,1126.63671875,883.62744140625
ID_OvOLtN.jpg,cssvd,0.7308875918388367,10.476837158203125,0.0,1136.6693115234375,920.4415893554688
ID_Tsb0A0.jpg,None,,,,,
ID_QgwdlL.jpg,cssvd,0.5625850558280945,194.02490234375,484.4071044921875,1808.954345703125,1367.4351806640625
ID_Q0XNxq.jpg,None,,,,,
ID_Hp6I1X.jpg,cssvd,0.3911353647708893,3.372638463973999,52.65120315551758,373.5154113769531,324.302734375
ID_Hp6I1X.jpg,healthy,0.2695728540420532,14.13451862335205,56.49993896484375,375.4880676269531,316.4237976074219
ID_sNijYN.jpg,cssvd,0.3052694499492645,726.8656616210938,710.691650390625,3264.0,2448.0
ID_tDjhPh.jpg,cssvd,0.7295176982879639,9.704055786132812,153.277587890625,1147.8741455078125,960.0
ID_tDjhPh.jpg,cssvd,0.46391600370407104,21.993865966796875,0.0,1033.481689453125,425.0846862792969
ID_jebdAi.jpg,cssvd,0.7028335928916931,4.932904243469238,4.539971351623535,823.1860961914062,650.1671142578125
ID_xFHPYt.jpg,cssvd,0.32514283061027527,774.017333984375,0.0,1280.0,296.9754943847656
ID_xFHPYt.jpg,cssvd,0.2791343331336975,35.370330810546875,203.4900665283203,984.65087890625,737.9268798828125
ID_RDuHV3.jpg,cssvd,0.6022831201553345,0.0,30.872268676757812,978.9719848632812,801.581298828125
ID_RDuHV3.jpg,cssvd,0.5092807412147522,16.510583877563477,0.0,786.01318359375,684.0200805664062
ID_GX6BsX.jpeg,cssvd,0.4124443829059601,0.0,0.0,3314.25732421875,2542.08349609375
ID_mssdYp.jpg,healthy,0.44600844383239746,421.3462829589844,126.77597045898438,1139.9364013671875,960.0
ID_mssdYp.jpg,healthy,0.3427342176437378,751.6177368164062,99.18155670166016,1280.0,421.3127746582031
ID_mssdYp.jpg,healthy,0.3143663704395294,483.01275634765625,153.57566833496094,1117.3363037109375,811.7153930664062
ID_vFFcxB.jpg,healthy,0.54263836145401,314.4830322265625,506.86669921875,1313.200927734375,1027.851318359375
ID_AqSCmf.jpeg,anthracnose,0.5931219458580017,0.0,673.5579223632812,3125.310791015625,2446.133544921875
ID_fDgoZP.jpg,cssvd,0.6074493527412415,0.0,1.7455387115478516,977.510498046875,662.5303955078125
ID_GiSjPJ.jpg,cssvd,0.775783896446228,47.68409729003906,94.7564697265625,1158.3668212890625,832.9922485351562
ID_GiSjPJ.jpg,cssvd,0.2814357578754425,323.3646240234375,103.65921020507812,1269.6458740234375,842.06982421875
ID_fbXY3G.jpeg,healthy,0.27841874957084656,0.0,456.3725891113281,3262.031982421875,2330.085205078125
ID_TnGU2G.jpg,anthracnose,0.2698853611946106,660.862548828125,613.0814208984375,1524.136474609375,1370.8983154296875
ID_MUYBb1.jpg,healthy,0.4000170826911926,111.18400573730469,426.16015625,814.7245483398438,1280.0
ID_MUYBb1.jpg,healthy,0.27243298292160034,147.82432556152344,168.20651245117188,585.3712158203125,492.9696960449219
ID_Cy2zVL.jpg,cssvd,0.6361782550811768,18.2342529296875,5.6982421875,1039.092529296875,702.0632934570312
ID_ej2wFd.jpg,cssvd,0.37305355072021484,4.2522430419921875,33.51448059082031,960.0,909.4222412109375
ID_jlnthU.jpeg,None,,,,,
ID_Rh8XJd.jpg,anthracnose,0.32742565870285034,62.510948181152344,34.04959487915039,3596.0712890625,2185.87060546875
ID_wWJQ0F.jpeg,anthracnose,0.33342665433883667,151.80474853515625,1905.3297119140625,2486.830078125,3285.42724609375
ID_ZXL2eL.jpeg,cssvd,0.35885900259017944,223.67471313476562,660.5432739257812,2686.901611328125,3024.0
ID_ZXL2eL.jpeg,cssvd,0.3338460922241211,233.62474060058594,3.3574132919311523,2668.08251953125,2439.724609375
ID_cyOfnc.jpg,cssvd,0.4256080985069275,1350.3109130859375,0.0,2550.47607421875,1742.66943359375
ID_cyOfnc.jpg,cssvd,0.2929316759109497,1290.7576904296875,351.1915283203125,2428.865234375,1943.12353515625
ID_jvBAbL.jpg,healthy,0.5935912728309631,364.29400634765625,163.9829559326172,719.7313842773438,453.6619873046875
ID_scGOdn.jpeg,cssvd,0.746336817741394,0.0,1093.879638671875,2963.556396484375,3504.366455078125
ID_lO5Suu.jpeg,healthy,0.3154623806476593,642.76904296875,91.8754653930664,2705.692626953125,2094.8515625
ID_ScrLWI.jpeg,cssvd,0.6963964700698853,29.451459884643555,293.2666015625,3640.527587890625,2777.23291015625
ID_NJtHxD.jpeg,healthy,0.5527864694595337,0.0,699.3762817382812,3337.7216796875,2596.7412109375
ID_NJtHxD.jpeg,healthy,0.4293600916862488,21.697824478149414,0.4393157660961151,3376.305419921875,1280.3243408203125
ID_szH9Dd.jpg,healthy,0.46510159969329834,1.07373046875,42.834716796875,1710.1318359375,1257.007080078125
ID_ejxsiL.jpg,healthy,0.38355737924575806,211.14208984375,131.066162109375,1998.442138671875,1274.297119140625
ID_Pc5LPR.jpeg,healthy,0.2936266362667084,663.6896362304688,2503.635498046875,1595.3748779296875,3014.008056640625
ID_Pc5LPR.jpeg,cssvd,0.2552700638771057,396.7284851074219,1695.389404296875,2501.313232421875,2790.050048828125
ID_UGhrpz.jpg,healthy,0.5959721803665161,0.0,120.92547607421875,314.6457824707031,358.77825927734375
ID_UGhrpz.jpg,healthy,0.5727534890174866,0.0,0.0,181.1916961669922,160.38937377929688
ID_ZuLnag.jpg,healthy,0.2753234803676605,0.0,57.166866302490234,338.3356628417969,374.2821350097656
ID_rO4Ndj.jpg,healthy,0.2602636218070984,405.6646423339844,0.210113525390625,1105.5263671875,319.15625
ID_OyJQFx.jpg,cssvd,0.7320999503135681,11.950149536132812,0.0,1107.5643310546875,773.20751953125
ID_RC0I1m.jpg,cssvd,0.3959507644176483,0.0,39.29129409790039,810.0,794.7779541015625
ID_Sx5Cni.jpg,cssvd,0.7742079496383667,0.0,108.9117431640625,1165.5128173828125,936.1273193359375
ID_JTlzxh.jpeg,healthy,0.28472018241882324,2.525329351425171,13.347267150878906,3358.548583984375,1800.0
ID_FyajvQ.jpg,healthy,0.38288500905036926,817.6375122070312,9.328554153442383,1904.05859375,1609.0552978515625
ID_HREepb.jpg,None,,,,,
ID_HTPRRT.jpg,cssvd,0.7218165993690491,0.0,28.520980834960938,942.6912841796875,714.0477905273438
ID_uIkDoe.jpg,cssvd,0.666314423084259,0.0,0.0,881.3616333007812,586.1163940429688
ID_HuM6fN.jpg,healthy,0.5727700591087341,48.02475357055664,452.6567077636719,2276.1005859375,1796.511962890625
ID_HuM6fN.jpg,healthy,0.3892238140106201,440.7973327636719,1545.5504150390625,2357.727294921875,2654.22216796875
ID_V2UnP2.jpg,cssvd,0.8206052780151367,0.0,84.65567016601562,851.0380859375,670.2255859375
ID_ZGRNor.jpg,cssvd,0.42413440346717834,905.7025146484375,330.51202392578125,3093.83837890625,1471.3487548828125
ID_HBcXbz.jpg,cssvd,0.6548266410827637,5.655517578125,6.022796630859375,1161.84521484375,849.1058349609375
ID_TF3v0I.jpg,cssvd,0.5302730798721313,0.0,6.420629024505615,873.2678833007812,616.5242919921875
ID_tf5cZg.jpeg,healthy,0.5679810643196106,0.0,213.86001586914062,3405.786865234375,2388.4990234375
ID_ERLFdx.jpg,cssvd,0.8228764533996582,14.033203125,0.0,1167.34619140625,952.50244140625
ID_AopVga.jpg,healthy,0.33264219760894775,110.33242797851562,1.6786078214645386,323.70526123046875,117.27696228027344
ID_dRyjub.jpg,healthy,0.4401164948940277,1130.67919921875,17.529830932617188,1844.1953125,497.27227783203125
ID_wErPQs.jpg,healthy,0.5238701701164246,0.0,69.28684997558594,312.7447204589844,364.6298828125
ID_wErPQs.jpg,healthy,0.4238615334033966,0.0,12.113609313964844,290.8136901855469,324.1465759277344
ID_sVtcQI.jpeg,cssvd,0.5509973764419556,17.973493576049805,870.55419921875,2972.013427734375,3001.8955078125
ID_TbaWHO.jpeg,cssvd,0.8788020014762878,22.09364128112793,0.0,3542.853759765625,2276.157470703125
ID_JI3AOF.jpg,healthy,0.6214058995246887,1320.060791015625,824.0836791992188,2573.652587890625,1854.908203125
ID_FVwyw8.jpeg,cssvd,0.8288578391075134,56.8466911315918,138.58970642089844,3550.896240234375,2377.806884765625
ID_FVwyw8.jpeg,cssvd,0.3193884789943695,801.177734375,177.40786743164062,4032.0,2343.896728515625
ID_aVsPYb.jpg,cssvd,0.61398845911026,0.0,33.624114990234375,1122.0538330078125,944.84619140625
ID_VHvV8H.jpg,cssvd,0.5257557034492493,412.005126953125,291.2515869140625,1133.62060546875,796.07373046875
ID_iGN3un.jpg,None,,,,,
ID_k9lo30.jpg,cssvd,0.46340617537498474,984.1160888671875,50.28497314453125,1666.6361083984375,727.1041870117188
ID_k9lo30.jpg,cssvd,0.2819380760192871,900.9237670898438,601.206298828125,1975.189453125,1419.075439453125
ID_HSAN5m.jpeg,healthy,0.5686237215995789,853.9716796875,499.0891418457031,3862.284423828125,1920.459716796875
ID_D1Efw8.jpg,cssvd,0.2923835813999176,13.972099304199219,0.0,829.8765258789062,526.3618774414062
ID_Nbmn82.jpg,healthy,0.36575913429260254,793.88330078125,217.5439453125,2008.9150390625,1490.44482421875
ID_Nbmn82.jpg,healthy,0.3429286777973175,1406.8021240234375,1159.236083984375,1993.7569580078125,1526.104248046875
ID_zkewDU.jpg,cssvd,0.7226946353912354,0.0,34.41650390625,1087.7169189453125,850.0332641601562
ID_hBG2hR.jpg,cssvd,0.6592420935630798,2.903900146484375,15.224609375,1157.070556640625,945.7548217773438
ID_rANrt1.jpeg,healthy,0.33363640308380127,5.104281902313232,98.19500732421875,3638.635986328125,2682.485107421875
ID_flvZnD.jpeg,healthy,0.38996630907058716,1788.421875,767.95068359375,3182.603271484375,1669.8428955078125
ID_T4dbK0.jpeg,None,,,,,
ID_Ww6XF5.jpeg,cssvd,0.6893829703330994,11.4931058883667,0.0,3282.59521484375,1843.4100341796875
ID_Ww6XF5.jpeg,cssvd,0.33397915959358215,210.81509399414062,1639.2613525390625,2941.566162109375,2837.52783203125
ID_pEZw7i.jpg,cssvd,0.7220059633255005,52.788848876953125,12.373199462890625,1151.114501953125,734.4143676757812
ID_YGGSTX.jpg,healthy,0.6518917679786682,573.2454833984375,1647.0880126953125,1690.77001953125,2457.0166015625
ID_YGGSTX.jpg,healthy,0.5004711151123047,387.71002197265625,799.7150268554688,1480.0869140625,1881.0416259765625
ID_nBlDry.jpg,healthy,0.444477379322052,1574.209716796875,182.79296875,2048.0,505.19622802734375
ID_nBlDry.jpg,cssvd,0.2635199725627899,545.2880859375,413.8878479003906,1771.93212890625,1344.8355712890625
ID_Suoisd.JPG,cssvd,0.5463743805885315,168.5746612548828,426.5000915527344,3019.55517578125,2426.30712890625
ID_Suoisd.JPG,cssvd,0.4844001829624176,247.3074951171875,593.706298828125,2809.60888671875,2028.9461669921875
ID_GqsAlR.jpg,healthy,0.44143590331077576,0.0,89.77676391601562,1074.9893798828125,923.4464721679688
ID_Cc4hHM.jpg,cssvd,0.29092124104499817,253.59901428222656,108.97804260253906,906.5494384765625,516.175048828125
ID_CuBkOO.jpg,cssvd,0.4587302803993225,33.71463394165039,85.33709716796875,382.669921875,416.0
ID_CuBkOO.jpg,cssvd,0.25971025228500366,22.22220230102539,0.0,372.53802490234375,347.01812744140625
ID_g3WNqx.jpg,healthy,0.47828978300094604,693.827880859375,453.7843017578125,2711.1640625,1712.697509765625
ID_Cw5fwO.jpg,healthy,0.33350950479507446,93.5965576171875,479.28631591796875,1331.5196533203125,1998.291748046875
ID_uxLkJr.jpg,cssvd,0.7737393975257874,0.0,0.0,1099.92236328125,761.9846801757812
ID_uxLkJr.jpg,cssvd,0.4817093014717102,281.3377380371094,0.0,1244.4830322265625,725.6226806640625
ID_ROrXbg.jpg,cssvd,0.5337182879447937,0.0,0.0,517.924560546875,806.4749755859375
ID_ROrXbg.jpg,cssvd,0.391093909740448,390.2799072265625,71.0911865234375,1595.661376953125,1020.5985107421875
ID_yuZIAA.jpeg,cssvd,0.40096357464790344,115.1189956665039,555.6161499023438,3551.283447265625,2338.74658203125
ID_yuZIAA.jpeg,healthy,0.28925445675849915,676.4732666015625,1971.131103515625,2506.634765625,2896.155029296875
ID_pYkIQk.JPG,None,,,,,
ID_mNXgiD.jpg,anthracnose,0.292177677154541,671.01708984375,0.0,2918.532470703125,1304.7022705078125
ID_mNXgiD.jpg,anthracnose,0.280138224363327,463.39605712890625,860.6184692382812,3869.838623046875,3041.76123046875
ID_geqhfZ.jpg,cssvd,0.7526247501373291,0.0,0.0,945.5596923828125,810.0
ID_nT9Wsn.jpeg,cssvd,0.7288961410522461,942.9780883789062,505.0059814453125,3024.0,3063.899658203125
ID_RD8L7Q.jpg,cssvd,0.5009918212890625,29.0428524017334,41.86994934082031,791.6229858398438,1001.1878662109375
ID_AvhFY7.jpg,healthy,0.2585083246231079,20.032487869262695,0.0,1535.9798583984375,1964.1209716796875
ID_EDbrKH.jpg,cssvd,0.7484448552131653,11.802978515625,82.91748046875,1157.7529296875,937.8536987304688
ID_OpSbvu.jpg,cssvd,0.7299127578735352,0.0,0.0,1123.8580322265625,810.081787109375
ID_OpSbvu.jpg,cssvd,0.30093398690223694,372.899169921875,0.970001220703125,1261.1524658203125,810.34912109375
ID_MpNTbH.jpg,cssvd,0.6929978132247925,0.0,14.88143253326416,878.733642578125,615.2724609375
ID_GkVLBT.jpg,anthracnose,0.2651650011539459,413.95611572265625,516.7463989257812,2919.703857421875,1914.200439453125
ID_PH0j4i.jpg,cssvd,0.2646346986293793,62.5517578125,40.800048828125,1926.117431640625,1515.6173095703125
ID_ksM9yC.JPG,None,,,,,
ID_yE8O3e.jpeg,None,,,,,
ID_XSQdrt.jpeg,healthy,0.30180269479751587,963.8640747070312,421.0399475097656,4032.0,2228.225830078125
ID_gN3hhG.jpg,healthy,0.720860481262207,701.3614501953125,483.8692626953125,1656.5828857421875,1005.9085693359375
ID_vrrjg8.jpg,cssvd,0.7027539014816284,0.0,150.86692810058594,1160.5308837890625,960.0
ID_V7syTo.jpg,healthy,0.2538886070251465,596.7884521484375,273.98870849609375,1420.963134765625,885.3710327148438
ID_L7l34l.jpg,None,,,,,
ID_Q3N927.jpg,anthracnose,0.30632051825523376,617.03662109375,427.8064270019531,2018.833740234375,1393.9150390625
ID_Latri8.jpeg,None,,,,,
ID_RirekC.jpg,cssvd,0.3768860101699829,133.70651245117188,52.357025146484375,1172.2899169921875,710.2018432617188
ID_qd0l5v.jpeg,healthy,0.45272520184516907,0.0,399.7287902832031,3474.354736328125,2699.4208984375
ID_qd0l5v.jpeg,cssvd,0.3139575123786926,527.6466064453125,422.18701171875,4032.0,2687.158203125
ID_qA8Iv8.jpg,cssvd,0.4347213804721832,0.0,414.32757568359375,3613.954345703125,2786.582275390625
ID_k2TRcU.jpg,cssvd,0.6780608296394348,7.120234966278076,8.837836265563965,943.7389526367188,613.4788818359375
ID_smDdal.jpg,None,,,,,
ID_PH3bRp.jpg,cssvd,0.2693021297454834,74.70068359375,202.9697265625,1656.8291015625,1156.081787109375
ID_I039Xf.jpg,cssvd,0.406634658575058,16.386489868164062,51.156005859375,1146.5640869140625,798.6558227539062
ID_jSMFXp.jpg,anthracnose,0.3619570732116699,57.358245849609375,106.92771911621094,1135.457763671875,832.4224853515625
ID_ABDCyn.jpeg,healthy,0.5520138144493103,447.7598571777344,0.0,3467.84130859375,2244.533935546875
ID_ABDCyn.jpeg,healthy,0.3083532452583313,543.1144409179688,1570.9815673828125,3043.212890625,3005.771484375
ID_fMQTN0.jpg,cssvd,0.7529281973838806,0.0,0.0,853.87744140625,603.108642578125
ID_fMQTN0.jpg,cssvd,0.2931341528892517,136.2711181640625,23.312044143676758,1016.9598999023438,604.1917724609375
ID_ibtYVQ.jpg,None,,,,,
ID_u0EnNo.jpg,healthy,0.4172963500022888,352.65301513671875,119.1612319946289,830.8259887695312,566.5606689453125
ID_ki8k4f.jpg,cssvd,0.8082270622253418,0.0,0.0,1123.9091796875,960.0
ID_geuLOB.jpg,cssvd,0.8387774229049683,11.451187133789062,17.139739990234375,1129.076416015625,763.1067504882812
ID_rvTrG9.jpg,cssvd,0.5769569873809814,1.680457592010498,3.0566883087158203,915.8862915039062,567.1834716796875
ID_pO0cXq.jpeg,cssvd,0.7406595349311829,236.87384033203125,684.2526245117188,2104.524658203125,3014.407470703125
ID_pO0cXq.jpeg,cssvd,0.322252094745636,211.5669708251953,0.0,2130.5693359375,2698.286376953125
ID_Vy2tc0.jpg,cssvd,0.7047200202941895,0.0,47.36946105957031,1119.43017578125,896.4655151367188
ID_EWolCN.jpeg,healthy,0.3030414879322052,1336.350830078125,46.79433822631836,3373.095703125,2130.33154296875
ID_Ljsm1u.jpg,anthracnose,0.5923566818237305,235.16773986816406,976.8402099609375,3507.697265625,2748.990234375
ID_PU4EzR.JPG,healthy,0.36716756224632263,1912.6898193359375,1338.5013427734375,2692.171630859375,1829.28955078125
ID_PU4EzR.JPG,healthy,0.3013879656791687,1399.9432373046875,355.17529296875,2271.30419921875,1172.7171630859375
ID_BcNWAl.jpeg,None,,,,,
ID_azCzfu.jpg,cssvd,0.300758957862854,28.819671630859375,443.3798522949219,757.447021484375,807.5292358398438
ID_azCzfu.jpg,cssvd,0.28399550914764404,258.8445739746094,376.3779602050781,1034.6114501953125,810.0
ID_w3XyZ2.jpg,healthy,0.5143672227859497,0.0,120.92758178710938,330.407958984375,401.0972900390625
ID_w3XyZ2.jpg,healthy,0.3216070532798767,15.642657279968262,1.2446613311767578,220.1811981201172,231.5595703125
ID_w3XyZ2.jpg,healthy,0.26189157366752625,78.36802673339844,116.43954467773438,340.9517822265625,390.18682861328125
ID_nSawWh.jpg,None,,,,,
ID_WWkuVQ.jpg,cssvd,0.5001676678657532,15.015263557434082,0.0,795.9038696289062,570.4209594726562
ID_FagcvQ.jpg,cssvd,0.6489707827568054,12.224435806274414,1.2961506843566895,918.8214721679688,441.3658142089844
ID_Mm5qD3.JPG,healthy,0.6444476842880249,942.6669311523438,470.5580749511719,2452.273681640625,1501.4835205078125
ID_UrWagq.jpeg,cssvd,0.6707521080970764,27.048200607299805,0.0,3420.773681640625,1933.19677734375
ID_UrWagq.jpeg,cssvd,0.4951156675815582,948.6414794921875,1637.8828125,3756.691162109375,3021.373779296875
ID_yYAwAy.jpg,cssvd,0.68599534034729,138.5135498046875,596.7464599609375,1577.769775390625,1502.7550048828125
ID_x7GErW.jpg,cssvd,0.3982601761817932,1506.198974609375,417.1170654296875,2048.0,1005.035400390625
ID_x7GErW.jpg,cssvd,0.3162507712841034,197.0013427734375,230.234375,1646.599365234375,1254.5380859375
ID_cgUOgM.jpeg,None,,,,,
ID_L5vm7u.jpeg,healthy,0.4679935872554779,1550.72705078125,502.5890197753906,2925.070556640625,3024.0
ID_ZIewmk.jpg,None,,,,,
ID_nEPxrt.jpeg,cssvd,0.7367445826530457,0.0,0.0,3385.5849609375,2474.976806640625
ID_vWVDBR.jpg,healthy,0.6211098432540894,1019.9534912109375,369.785400390625,2812.325927734375,2968.326416015625
ID_vWVDBR.jpg,healthy,0.4198896884918213,1137.1099853515625,39.80806350708008,2745.760986328125,2572.86962890625
ID_vWVDBR.jpg,healthy,0.3736194372177124,891.4137573242188,1378.2669677734375,2561.0439453125,3124.059814453125
ID_vWVDBR.jpg,healthy,0.3693864047527313,954.3524780273438,810.736083984375,2678.584228515625,3185.279296875
ID_QZmSyW.jpg,cssvd,0.496575266122818,15.543365478515625,135.9063720703125,962.5526123046875,823.8700561523438
ID_VbGL5b.JPG,cssvd,0.6683094501495361,120.66079711914062,328.5352478027344,2497.96337890625,1653.6602783203125
ID_lAOfwa.jpg,cssvd,0.764464259147644,6.2973785400390625,14.520416259765625,1148.8232421875,863.9884033203125
ID_EBhZzJ.jpeg,anthracnose,0.4616089463233948,0.0,344.9269714355469,2504.072265625,2150.1767578125
ID_EmeUOz.jpg,healthy,0.337943971157074,20.767820358276367,62.8531494140625,260.4050598144531,222.739990234375
ID_EmeUOz.jpg,healthy,0.33168724179267883,0.0,146.2295684814453,316.083251953125,391.1610107421875
ID_lyD4g5.jpg,None,,,,,
ID_gzfe9f.jpg,healthy,0.31003662943840027,762.5634155273438,1675.92724609375,2004.1400146484375,2448.0
ID_gzfe9f.jpg,cssvd,0.29241272807121277,726.2322998046875,617.268798828125,3043.475341796875,1766.98095703125
ID_zHJAX9.jpg,cssvd,0.3481537699699402,704.7973022460938,399.6429138183594,1646.0458984375,991.2557373046875
ID_zHJAX9.jpg,healthy,0.32805925607681274,199.097900390625,0.0,1485.468994140625,611.6636962890625
ID_q4kHuE.jpg,cssvd,0.4240419268608093,206.53575134277344,0.0,2633.046875,1787.80810546875
ID_q4kHuE.jpg,cssvd,0.2889986038208008,251.97085571289062,0.0,2881.517822265625,1336.822509765625
ID_ZGTOCS.jpg,cssvd,0.49185070395469666,9.980796813964844,79.75004577636719,309.90887451171875,283.9013671875
ID_Mow1We.jpeg,None,,,,,
ID_xel9Ji.jpg,cssvd,0.38244664669036865,890.4354248046875,0.0,2125.530517578125,1932.2718505859375
ID_xel9Ji.jpg,cssvd,0.3399299085140228,2440.3203125,0.0,3264.0,1517.8466796875
ID_xel9Ji.jpg,cssvd,0.3373456299304962,476.1187744140625,16.05267333984375,2297.774658203125,1898.6795654296875
ID_TyCBsp.JPG,healthy,0.7976872324943542,752.3575439453125,1012.9391479492188,2147.402099609375,1810.1094970703125
ID_Cm5njC.jpg,cssvd,0.46374741196632385,576.109375,591.2025146484375,1952.11376953125,1502.0733642578125
ID_LULpZT.jpg,cssvd,0.6547030210494995,701.8674926757812,454.92572021484375,2885.27490234375,2191.952392578125
ID_WA7xU6.jpg,cssvd,0.5481919646263123,6.16307258605957,21.13713836669922,979.3816528320312,721.888916015625
ID_WA7xU6.jpg,cssvd,0.3995569944381714,33.1564826965332,4.585129261016846,794.0396118164062,442.8584289550781
ID_TcxKTh.jpg,cssvd,0.44478049874305725,86.485595703125,207.7471160888672,1169.5501708984375,835.5713500976562
ID_TcxKTh.jpg,cssvd,0.2707970440387726,0.0,0.0,1015.59765625,782.6565551757812
ID_xF7K2Q.jpg,healthy,0.30202141404151917,943.4880981445312,659.6880493164062,2025.796630859375,1526.279296875
ID_xF7K2Q.jpg,cssvd,0.2912167012691498,1439.22607421875,186.8609619140625,2033.7763671875,770.1136474609375
ID_f2hdmV.jpeg,cssvd,0.4871775507926941,116.69087219238281,31.096933364868164,3374.393310546875,1581.978271484375
ID_ZudzV1.jpg,cssvd,0.6595257520675659,0.0,94.57977294921875,1170.473876953125,947.0277099609375
ID_svY6TG.jpg,None,,,,,
ID_iA98wM.jpg,cssvd,0.6493025422096252,794.375,4.0038299560546875,3201.626220703125,1918.8250732421875
ID_iA98wM.jpg,cssvd,0.32257455587387085,931.5504150390625,54.08380126953125,2756.853271484375,1788.951416015625
ID_KQINTu.jpeg,cssvd,0.3951466381549835,17.993688583374023,0.0,2993.80859375,1758.53271484375
ID_BAszkB.jpeg,healthy,0.639640212059021,165.61651611328125,565.5758056640625,3463.492919921875,2304.507568359375
ID_I31J34.jpg,healthy,0.3243182897567749,50.4658203125,325.0338134765625,1359.739013671875,1481.336669921875
ID_yxi9rE.jpg,anthracnose,0.49630647897720337,0.0,251.58258056640625,3507.5078125,2427.83203125
ID_tzRoEe.jpeg,healthy,0.3856171667575836,112.33794403076172,940.582763671875,1879.01171875,4032.0
ID_tzRoEe.jpeg,healthy,0.3081773519515991,909.1541137695312,959.5332641601562,3003.375732421875,4032.0
ID_WdwYB4.jpeg,anthracnose,0.3613676130771637,0.0,58.371421813964844,3407.291748046875,1784.9266357421875
ID_CE3bfu.jpeg,cssvd,0.3873504400253296,57.774349212646484,360.2170715332031,3325.343994140625,2439.398681640625
ID_d0gpda.jpg,healthy,0.6718788743019104,1158.0859375,1088.2794189453125,2633.54736328125,1929.6002197265625
ID_d0gpda.jpg,healthy,0.5506901144981384,1835.69482421875,411.7696228027344,3227.533203125,1272.9315185546875
ID_zGfZpI.jpeg,None,,,,,
ID_HWOEX0.jpg,cssvd,0.692220151424408,0.0,151.61636352539062,1104.273193359375,960.0
ID_HWOEX0.jpg,cssvd,0.30623263120651245,0.0,9.581680297851562,1032.4703369140625,780.9512329101562
ID_PrV1eU.jpg,cssvd,0.6861392855644226,354.2646179199219,841.1856079101562,2460.904296875,1950.4310302734375
ID_PrV1eU.jpg,healthy,0.4999426603317261,2059.547119140625,1532.5196533203125,3214.72314453125,2350.678466796875
ID_PrV1eU.jpg,cssvd,0.38422277569770813,3.0630855560302734,1810.2703857421875,1340.4561767578125,2448.0
ID_UDb5Lu.jpg,cssvd,0.2596537470817566,614.8198852539062,207.01193237304688,1600.7412109375,1009.939208984375
ID_cWEAQI.jpeg,cssvd,0.3925742506980896,19.040584564208984,0.0,3392.361572265625,1715.431396484375
ID_iTLcyi.jpg,cssvd,0.8193845748901367,3.34869384765625,88.41476440429688,1150.85400390625,897.5205688476562
ID_fSRfJZ.jpg,cssvd,0.7007336020469666,9.985607147216797,0.0,875.4443969726562,810.0
ID_CBkuOC.jpg,cssvd,0.6811555027961731,0.0,55.33012390136719,1101.793212890625,883.0450439453125
ID_GoTWyR.jpg,cssvd,0.5765913724899292,301.6700439453125,400.5870361328125,1463.483154296875,1392.6826171875
ID_GoTWyR.jpg,cssvd,0.3646983802318573,1377.412109375,482.4830322265625,2008.446533203125,1502.96044921875
ID_GoTWyR.jpg,cssvd,0.2852681577205658,1377.209716796875,488.7679443359375,2014.87890625,1122.202880859375
ID_TIDJQb.jpg,anthracnose,0.5150129199028015,0.0,46.20235824584961,2437.093017578125,1596.6051025390625
ID_NWBp63.jpeg,None,,,,,
ID_t1Fv46.jpg,cssvd,0.751923143863678,0.0693511962890625,104.76409912109375,1167.57958984375,954.8538208007812
ID_Z3O1pX.jpeg,healthy,0.6249048709869385,118.92239379882812,555.8850708007812,3502.55419921875,2337.6806640625
ID_iFjogl.jpeg,None,,,,,
ID_nPqslt.jpg,cssvd,0.7351961731910706,0.0,10.950687408447266,910.7970581054688,624.4482421875
ID_QOB7Et.JPG,healthy,0.6373854279518127,1071.683837890625,1119.7169189453125,1993.9268798828125,1745.273681640625
ID_Lrp6tK.jpeg,healthy,0.46688008308410645,1046.4193115234375,340.45074462890625,3691.813720703125,2993.2783203125
ID_qI8vEm.jpeg,cssvd,0.45999252796173096,613.5390625,0.0,3612.909423828125,3002.56494140625
ID_XBQWUe.jpg,anthracnose,0.2832984924316406,390.4285888671875,96.27601623535156,1275.8897705078125,936.4359741210938
ID_R7eStk.jpg,cssvd,0.45955538749694824,0.0,173.84967041015625,810.0,1080.0
ID_R7eStk.jpg,cssvd,0.42671340703964233,0.0,6.214892864227295,810.0,800.4911499023438
ID_GMke3a.jpeg,anthracnose,0.45025184750556946,524.1497802734375,548.9368896484375,2609.648681640625,2981.7626953125
ID_W0HVPm.jpg,cssvd,0.47923192381858826,270.08074951171875,116.1165771484375,1894.762939453125,1122.39306640625
ID_w1EXx6.jpg,healthy,0.30045199394226074,308.0859375,148.870361328125,1979.6884765625,1269.7509765625
ID_FzkXs3.jpg,cssvd,0.7827736139297485,13.542327880859375,121.76727294921875,1049.5107421875,914.9711303710938
ID_FzkXs3.jpg,cssvd,0.4458915591239929,11.079254150390625,0.0,1053.6005859375,418.2558288574219
ID_Q1sJBq.jpg,cssvd,0.7281454205513,43.198394775390625,0.0,1189.574951171875,849.6183471679688
ID_p2RFAX.jpg,cssvd,0.4731309413909912,14.622138023376465,242.940673828125,792.7802124023438,1073.42138671875
ID_p2RFAX.jpg,cssvd,0.35462871193885803,13.734755516052246,28.81606674194336,742.732666015625,1009.5060424804688
ID_TNiZUE.jpg,cssvd,0.8375322222709656,0.0,3.103938102722168,887.0776977539062,676.9349365234375
ID_gynfQe.jpg,cssvd,0.7546394467353821,69.02938842773438,0.0,1144.797607421875,663.7879638671875
ID_c0U1lA.jpeg,cssvd,0.7116775512695312,86.0030288696289,24.178468704223633,3142.496826171875,1956.5035400390625
ID_c0U1lA.jpeg,cssvd,0.2880433201789856,703.6603393554688,125.55467224121094,3968.853271484375,2210.467529296875
ID_pWNuF0.jpg,anthracnose,0.5098423957824707,339.7175598144531,168.8410186767578,1240.6773681640625,719.4080810546875
ID_BkHj0e.jpg,cssvd,0.8409944772720337,0.0,0.0,1075.29296875,667.9614868164062
ID_fjshTf.jpg,None,,,,,
ID_qv2QJY.jpeg,healthy,0.3580656349658966,0.0,0.0,3461.58154296875,2554.768310546875
ID_NnGyQS.jpg,anthracnose,0.2754460871219635,52.177024841308594,290.8899230957031,2842.7900390625,2068.379150390625
ID_m7uq3u.jpg,None,,,,,
ID_UQFoy1.jpg,anthracnose,0.3160634934902191,572.64111328125,277.9617919921875,1911.3349609375,941.7174072265625
ID_wN6Niv.jpg,cssvd,0.9176300764083862,9.60601806640625,9.10980224609375,1128.8160400390625,736.5463256835938
ID_wN6Niv.jpg,cssvd,0.38104990124702454,271.4476013183594,17.718429565429688,1280.0,713.7106323242188
ID_d8RMUe.jpg,healthy,0.6113476753234863,95.80220031738281,103.7928695678711,314.3711242675781,386.91357421875
ID_d8RMUe.jpg,healthy,0.3788382112979889,107.54786682128906,47.66779708862305,316.8828430175781,348.2543640136719
ID_GM6Ads.JPG,None,,,,,
ID_WB3jGx.jpeg,cssvd,0.29299697279930115,97.84869384765625,597.313232421875,2955.5498046875,4032.0
ID_qBYpS9.jpg,healthy,0.42326945066452026,96.1790771484375,0.0,1759.819091796875,1166.2816162109375
ID_xRs1tX.jpg,healthy,0.5951418876647949,791.0849609375,557.4990844726562,2465.023193359375,1647.1041259765625
ID_xRs1tX.jpg,healthy,0.42605501413345337,209.1789093017578,0.0,1053.103759765625,1444.14501953125
ID_xRs1tX.jpg,healthy,0.3812040090560913,486.6878967285156,1431.3431396484375,1775.03857421875,2433.04248046875
ID_TtcmyS.jpg,healthy,0.6528165936470032,0.0,87.77422332763672,271.396484375,358.0547790527344
ID_TtcmyS.jpg,healthy,0.27642345428466797,27.00131607055664,67.13744354248047,295.37255859375,330.2797546386719
ID_TtcmyS.jpg,healthy,0.2549906075000763,119.06575012207031,14.468390464782715,353.9212951660156,279.4667053222656
ID_I4yQcX.jpg,anthracnose,0.5883212685585022,60.84569549560547,600.6963500976562,3280.342529296875,2369.364501953125
ID_ymfzFv.jpeg,cssvd,0.34694910049438477,828.6804809570312,0.0,3888.801025390625,1661.119384765625
ID_oVJDwV.jpg,cssvd,0.28435972332954407,5.051792144775391,78.94659423828125,368.6629943847656,307.9704284667969
ID_oVJDwV.jpg,healthy,0.2544556260108948,0.0,0.0,251.7739715576172,254.0164337158203
ID_iRB9YA.jpg,None,,,,,
ID_YX6bNA.jpg,cssvd,0.7988481521606445,0.0,10.563201904296875,1109.7069091796875,840.5264282226562
ID_z2AEPO.jpg,cssvd,0.4158526062965393,372.7765197753906,235.73345947265625,1247.1512451171875,926.5447387695312
ID_WS9KyG.jpeg,anthracnose,0.36086636781692505,0.0,267.83648681640625,3421.451416015625,2473.8251953125
ID_GCZ1T9.jpg,cssvd,0.35450243949890137,0.0,0.0,811.6814575195312,457.2125549316406
ID_GCZ1T9.jpg,cssvd,0.3304592967033386,178.24888610839844,0.0,1038.1978759765625,571.2754516601562
ID_XEbuST.jpg,cssvd,0.41884180903434753,254.25588989257812,317.2298889160156,3851.956787109375,2653.05224609375
ID_zEln95.jpeg,cssvd,0.6000226140022278,31.7763729095459,209.51132202148438,3649.086669921875,2903.198974609375
ID_Wklhuq.jpeg,cssvd,0.41325414180755615,207.74156188964844,949.3998413085938,2983.822021484375,3922.1064453125
ID_Wklhuq.jpeg,cssvd,0.2918834388256073,314.9204406738281,30.06092643737793,2853.7216796875,3113.609130859375
ID_zbueIx.jpeg,healthy,0.34750404953956604,363.9695129394531,391.1748352050781,3247.6640625,1893.0263671875
ID_p0sSar.jpeg,healthy,0.526038646697998,1472.70458984375,71.3344955444336,2964.630615234375,3023.265380859375
ID_zxvYPO.jpeg,cssvd,0.4418180584907532,925.3189086914062,221.34425354003906,2497.259765625,3007.489013671875
ID_zxvYPO.jpeg,cssvd,0.3962317109107971,914.4906005859375,511.52313232421875,2989.1318359375,3024.0
ID_zxvYPO.jpeg,cssvd,0.3707130253314972,1950.0118408203125,409.8191223144531,3305.26904296875,2982.57666015625
ID_zxvYPO.jpeg,cssvd,0.29559412598609924,1989.029541015625,218.89605712890625,3265.569580078125,2446.305908203125
ID_t4oxxC.jpg,cssvd,0.5099257230758667,0.0,126.1845703125,1778.78466796875,1494.793701171875
ID_V6RfQo.jpg,cssvd,0.44656693935394287,815.1083984375,433.3427734375,1582.265380859375,1003.899658203125
ID_OcteW7.jpg,cssvd,0.5959808230400085,0.0,15.203747749328613,924.753662109375,787.10791015625
ID_MYpc48.jpeg,cssvd,0.5793432593345642,0.0,23.217405319213867,3305.02783203125,2189.314453125
ID_S7R1dz.jpeg,cssvd,0.5020282864570618,0.0,4.320502281188965,3109.55517578125,1784.9912109375
ID_NbJj7a.jpg,cssvd,0.36253878474235535,352.3887634277344,912.048583984375,2360.629150390625,2578.251953125
ID_NbJj7a.jpg,cssvd,0.29876887798309326,418.4029541015625,556.2595825195312,2208.6787109375,2411.36474609375
ID_NbJj7a.jpg,cssvd,0.26270592212677,1137.156982421875,2400.974853515625,2426.0205078125,3253.20166015625
ID_flKCGq.jpeg,anthracnose,0.4198039472103119,0.0,342.33489990234375,3618.8408203125,2790.370361328125
ID_NU62Ug.jpg,cssvd,0.6837030649185181,39.940792083740234,124.6803970336914,1467.7227783203125,962.0562133789062
ID_szGNqN.jpeg,None,,,,,
ID_vJsw6z.jpg,healthy,0.2818606495857239,168.6483917236328,559.7371826171875,2622.28857421875,1895.4986572265625
ID_gFTNlV.jpg,anthracnose,0.3396509885787964,24.824371337890625,257.3237609863281,1106.37451171875,897.4380493164062
ID_ozIUhF.jpeg,cssvd,0.49412110447883606,533.729736328125,333.81317138671875,4032.0,2773.28076171875
ID_ozIUhF.jpeg,cssvd,0.30598098039627075,59.44173049926758,415.4249572753906,3635.025634765625,2979.607421875
ID_t0kbuH.jpg,healthy,0.5396299362182617,462.92864990234375,483.53173828125,856.02734375,775.4170532226562
ID_t0kbuH.jpg,healthy,0.42865338921546936,369.9609375,186.0542449951172,734.238037109375,603.3112182617188
ID_v4rouK.jpeg,healthy,0.5508056282997131,628.9946899414062,236.26296997070312,2578.98974609375,3544.981689453125
ID_v4rouK.jpeg,healthy,0.4304303824901581,801.16796875,728.0164184570312,2694.509033203125,3877.336669921875
ID_AFi8A1.jpg,None,,,,,
ID_YMRuoN.jpg,None,,,,,
ID_TLXVg2.jpg,None,,,,,
ID_F7a5DB.jpg,None,,,,,
ID_FyJ6Hz.jpeg,healthy,0.4919763505458832,1453.919189453125,1965.334716796875,3498.300537109375,3005.636474609375
ID_FyJ6Hz.jpeg,healthy,0.3863098919391632,942.3885498046875,23.61802864074707,3979.240478515625,2127.197998046875
ID_Opny9y.JPG,cssvd,0.6487445831298828,0.0,213.91326904296875,2765.9970703125,2115.339599609375
ID_THFPyF.jpeg,anthracnose,0.32099664211273193,0.0,90.88429260253906,3436.459228515625,2262.422119140625
ID_Ccy5YA.jpeg,healthy,0.3473033905029297,0.0,0.0,3380.1396484375,2569.666015625
ID_DxuEWw.jpg,cssvd,0.45343297719955444,8.672435760498047,62.89852523803711,327.3150939941406,304.0955505371094
ID_sTcTkI.jpeg,healthy,0.41081273555755615,53.23339080810547,1182.9654541015625,2965.8818359375,3103.29931640625
ID_F7Or4u.jpg,cssvd,0.6728533506393433,0.0,0.0,907.4133911132812,614.0530395507812
ID_AweW1B.jpg,healthy,0.5498073697090149,396.037109375,0.0,2048.0,842.9012451171875
ID_jr7JD5.jpg,cssvd,0.5345919132232666,0.0,0.0,1788.510009765625,1425.955322265625
ID_lEQZl6.jpg,None,,,,,
ID_NeDl7g.jpeg,cssvd,0.5759401321411133,0.0,300.4073791503906,3658.855712890625,2799.27490234375
ID_NeDl7g.jpeg,healthy,0.35831257700920105,343.5225830078125,0.0,3583.79150390625,1603.8046875
ID_Xwi9os.jpg,cssvd,0.39466071128845215,10.355237007141113,12.860569953918457,719.4267578125,968.8876953125
ID_Xwi9os.jpg,cssvd,0.38882359862327576,0.0,214.5096893310547,700.1199340820312,1080.0
ID_iyzP0z.jpeg,cssvd,0.3229634761810303,288.4800109863281,77.66083526611328,3517.55859375,2336.175537109375
ID_iyzP0z.jpeg,healthy,0.2787586748600006,424.7880554199219,237.2769012451172,3505.2197265625,2305.466552734375
ID_PDuPIE.jpeg,healthy,0.5575072169303894,459.8714599609375,0.0,3905.974853515625,2934.322021484375
ID_uywYHu.jpeg,healthy,0.37595516443252563,0.0,1024.89892578125,3024.0,3402.310546875
ID_uywYHu.jpeg,healthy,0.3458338975906372,36.856380462646484,145.5740509033203,3024.0,2650.685302734375
ID_GD1hTT.jpeg,cssvd,0.3042299449443817,965.2998046875,493.00457763671875,3739.34814453125,1682.6534423828125
ID_GD1hTT.jpeg,healthy,0.25182801485061646,975.4266357421875,502.0268859863281,3980.94482421875,1740.4500732421875
ID_bXrNN3.jpg,cssvd,0.3161235451698303,11.439599990844727,308.14715576171875,720.2632446289062,1080.0
ID_H2M4po.jpeg,cssvd,0.5610665678977966,0.0,0.0,3277.852783203125,2504.746826171875
ID_BMHFpr.jpeg,cssvd,0.6425172686576843,677.186279296875,0.0,3200.88720703125,2391.578857421875
ID_BMHFpr.jpeg,healthy,0.2630363702774048,0.0,1365.5703125,1159.33154296875,2652.307373046875
ID_hvQNV0.jpg,anthracnose,0.5958414077758789,0.0,248.19515991210938,1642.465576171875,1186.6365966796875
ID_WhUmEt.jpg,healthy,0.6459240317344666,4.683132171630859,31.26810646057129,349.54949951171875,290.4024963378906
ID_O6Y3Pp.jpeg,cssvd,0.37953364849090576,386.5325012207031,887.1890869140625,3506.506103515625,2421.47314453125
ID_O6Y3Pp.jpeg,healthy,0.34436383843421936,334.71368408203125,816.6543579101562,3639.699462890625,2589.868896484375
ID_G8FKIB.jpg,healthy,0.2918991446495056,293.263427734375,666.6619873046875,1496.10107421875,2035.9066162109375
ID_eKexBX.JPG,cssvd,0.5575355887413025,134.8300323486328,748.4871826171875,2632.975341796875,2190.99560546875
ID_YxvZO2.jpeg,healthy,0.3861324191093445,491.2417907714844,0.0,2718.01318359375,2710.570556640625
ID_YxvZO2.jpeg,healthy,0.2996247410774231,219.32672119140625,27.509626388549805,2806.858642578125,3507.720703125
ID_YxvZO2.jpeg,healthy,0.2606821358203888,335.39788818359375,921.349365234375,3014.57177734375,4017.1875
ID_R9pWyO.jpg,healthy,0.6026695370674133,105.55946350097656,140.1395263671875,261.2518005371094,279.7802429199219
ID_GQ9JKt.jpeg,cssvd,0.39978599548339844,195.40972900390625,591.9108276367188,2721.178466796875,1858.3079833984375
ID_WMbzmd.jpg,healthy,0.7396367788314819,0.0,70.16874694824219,340.5785217285156,325.17340087890625
ID_DldPpd.jpeg,anthracnose,0.4726645350456238,0.0,452.5673522949219,3519.789794921875,2935.43115234375
ID_dKqPTW.jpeg,None,,,,,
ID_Je3aTI.jpeg,cssvd,0.3262936472892761,283.7227783203125,571.6077880859375,2423.023681640625,2493.412841796875
ID_F5v3g7.JPG,cssvd,0.28087714314460754,392.716064453125,205.22662353515625,2973.129638671875,1688.3193359375
ID_F5v3g7.JPG,healthy,0.2717151343822479,333.01513671875,202.95697021484375,3073.5771484375,1694.479736328125
ID_hyZmLZ.jpg,healthy,0.26142460107803345,133.3648681640625,0.0,1202.6094970703125,332.32305908203125
ID_b9S74F.jpeg,healthy,0.38668256998062134,31.847509384155273,65.04204559326172,3598.144287109375,2328.109130859375
ID_KGAwoD.jpg,cssvd,0.5510518550872803,0.0,12.620329856872559,949.0676879882812,810.0
ID_IlLrNr.jpg,healthy,0.3981071710586548,72.29756927490234,13.452319145202637,397.6281433105469,289.543212890625
ID_fvOAVw.jpg,cssvd,0.605143666267395,6.073268890380859,109.87792205810547,377.361572265625,386.33209228515625
ID_xSf6zX.jpg,healthy,0.33718979358673096,768.8240356445312,352.1770935058594,1899.5806884765625,2151.636474609375
ID_hIdXy4.jpeg,healthy,0.4871099889278412,0.0,468.8994140625,3423.30078125,2427.7099609375
ID_hIdXy4.jpeg,healthy,0.2728000581264496,867.5337524414062,551.263427734375,3937.548828125,2294.258544921875
ID_ZNueIB.jpg,None,,,,,
ID_RFQ5Yy.jpg,cssvd,0.6123688220977783,0.0,149.0796661376953,883.1082763671875,779.4720458984375
ID_CBUJ2U.jpg,cssvd,0.3462086021900177,1035.735595703125,434.90570068359375,2481.767822265625,1359.96923828125
ID_CBUJ2U.jpg,cssvd,0.33725959062576294,2251.251220703125,0.0,3264.0,953.5811157226562
ID_ccmo9J.jpeg,healthy,0.3925280272960663,95.47715759277344,0.0,3626.321044921875,2325.48974609375
ID_nui0Fo.jpg,anthracnose,0.45442965626716614,0.0,18.63330078125,1603.154052734375,1049.726318359375
ID_IzC8zb.jpg,cssvd,0.7791762351989746,0.0,0.0,1084.7203369140625,706.7823486328125
ID_Jz9DKw.jpg,healthy,0.561860978603363,1082.7242431640625,570.989013671875,2893.33251953125,1468.6903076171875
ID_htu4s6.jpeg,healthy,0.379104346036911,1480.02587890625,566.672607421875,4023.942138671875,2180.489013671875
ID_ODaTAe.jpg,anthracnose,0.5293245911598206,0.0,127.47303009033203,3523.656982421875,2552.3525390625
ID_FmDuR4.jpeg,healthy,0.41213446855545044,199.2400360107422,26.73797607421875,853.6513671875,430.1231384277344
ID_FmDuR4.jpeg,cssvd,0.35017508268356323,193.3915557861328,25.722198486328125,809.7263793945312,419.5537414550781
ID_JJv0IC.jpeg,cssvd,0.5611717700958252,0.0,391.0828857421875,3459.902099609375,2364.73046875
ID_ofW5No.jpg,cssvd,0.4897562563419342,0.93353271484375,0.0,1170.8114013671875,947.76806640625
ID_kzDVp5.jpeg,None,,,,,
ID_oQqA0l.jpg,healthy,0.4543425440788269,1444.4346923828125,115.95989990234375,3264.0,1525.5340576171875
ID_IAXZXi.jpg,cssvd,0.41737091541290283,0.0,210.3819580078125,1709.35888671875,1420.0093994140625
ID_IAXZXi.jpg,anthracnose,0.3592800199985504,65.39083862304688,7.9061279296875,1056.79443359375,588.7318725585938
ID_u6G2wV.jpg,cssvd,0.5279521346092224,0.031092166900634766,43.342933654785156,878.5925903320312,804.710205078125
ID_RcvF8N.jpeg,cssvd,0.4287194609642029,319.0946350097656,66.72978210449219,3600.0947265625,1639.522705078125
ID_j4F4m6.jpg,cssvd,0.37252259254455566,6.534762382507324,241.49021911621094,793.638427734375,1080.0
ID_j4F4m6.jpg,cssvd,0.2767900824546814,12.920501708984375,0.0,750.192626953125,941.4728393554688
ID_ymEEXT.jpg,cssvd,0.6034337282180786,14.798906326293945,133.24803161621094,640.6222534179688,1014.5844116210938
ID_ymEEXT.jpg,cssvd,0.4985126554965973,7.897732257843018,0.0,635.9776000976562,890.4650268554688
ID_TEjtUB.jpg,cssvd,0.48735931515693665,4.722404479980469,0.0,885.821533203125,581.7733154296875
ID_cQuu6A.jpg,cssvd,0.31328001618385315,0.0,25.434486389160156,948.7297973632812,810.0
ID_iX1xev.jpg,None,,,,,
ID_uZ9kxH.jpg,cssvd,0.3537445068359375,99.71287536621094,321.4795227050781,2596.994873046875,1790.8406982421875
ID_kKNhQp.jpg,healthy,0.707453191280365,929.0316162109375,467.0807800292969,2461.53125,1546.7012939453125
ID_jFyEIK.jpg,anthracnose,0.44676893949508667,356.2432556152344,554.8539428710938,3819.924072265625,3046.248046875
ID_wB12vR.jpg,cssvd,0.6714780330657959,0.0,0.0,1026.538330078125,760.559814453125
ID_aXHYsK.JPG,cssvd,0.589034914970398,585.656982421875,57.578495025634766,2288.872314453125,1716.3994140625
ID_aXHYsK.JPG,cssvd,0.47164785861968994,221.58688354492188,375.09698486328125,1892.578857421875,2043.9130859375
ID_aXHYsK.JPG,cssvd,0.35709479451179504,134.11370849609375,634.2241821289062,1758.39892578125,2294.2060546875
ID_P8IJWT.jpg,cssvd,0.618108332157135,10.689849853515625,14.033737182617188,1163.7420654296875,951.6129150390625
ID_l5mhwr.jpeg,cssvd,0.5908498764038086,353.85845947265625,65.43421173095703,3662.763916015625,1754.596923828125
ID_T3gcBb.JPG,None,,,,,
ID_dNIcv3.jpg,cssvd,0.7871152758598328,59.26115417480469,223.51116943359375,2866.42724609375,2031.4385986328125
ID_sUjNoD.jpg,cssvd,0.42134955525398254,2194.994140625,1418.618408203125,3236.498779296875,2272.052001953125
ID_sUjNoD.jpg,cssvd,0.3136199116706848,164.7282257080078,522.1011352539062,2262.267333984375,1648.047119140625
ID_sY0Ns4.jpg,cssvd,0.6693028807640076,0.0,0.0,893.4801025390625,593.4966430664062
ID_wVucYf.jpg,cssvd,0.6750193238258362,0.0,34.794132232666016,947.1156616210938,747.9088134765625
ID_U9wv5h.jpg,healthy,0.6235714554786682,923.2483520507812,0.0,2237.52197265625,639.7362060546875
ID_U9wv5h.jpg,healthy,0.4745442569255829,910.88720703125,510.21710205078125,2530.24267578125,1483.00927734375
ID_UZ1rko.jpg,cssvd,0.36976972222328186,452.2420959472656,66.75617980957031,3022.87353515625,1882.3626708984375
ID_Az60r3.jpg,cssvd,0.6237018704414368,0.0,0.0,902.6461181640625,747.5550537109375
ID_BKGaS6.jpeg,cssvd,0.6795501708984375,393.62213134765625,0.0,4028.339599609375,2395.95947265625
ID_waxzBU.jpeg,None,,,,,
ID_yD91GY.jpg,healthy,0.4092895984649658,138.7530517578125,123.154296875,1798.875,1202.08544921875
ID_E5kGYT.jpeg,anthracnose,0.4232974052429199,56.875770568847656,956.4124755859375,2473.29736328125,2603.650146484375
ID_AXba1J.jpg,cssvd,0.4069776237010956,0.0,27.955463409423828,908.8436279296875,804.797119140625
ID_AXba1J.jpg,cssvd,0.37524452805519104,126.3434066772461,58.592769622802734,1080.0,746.2799072265625
ID_xhUdXZ.jpeg,healthy,0.5830138325691223,420.39886474609375,524.391845703125,3715.056396484375,2827.2587890625
ID_TJq3qJ.jpg,cssvd,0.41807955503463745,383.9256896972656,68.2225341796875,1203.6378173828125,782.35888671875
ID_OdAr6W.jpg,healthy,0.3562118709087372,606.31787109375,219.161376953125,900.7264404296875,469.0274963378906
ID_YKtTP5.jpg,healthy,0.6409502625465393,0.0,87.85533142089844,333.11962890625,331.247802734375
ID_YKtTP5.jpg,healthy,0.4430526793003082,3.595723867416382,0.0,281.6759338378906,256.9713134765625
ID_LNirTl.jpeg,anthracnose,0.563645601272583,559.26806640625,72.35708618164062,3945.930419921875,2392.8955078125
ID_X19ldl.jpg,anthracnose,0.7248620390892029,0.0,187.88116455078125,1077.9124755859375,819.4451904296875
ID_GmJxkz.jpg,cssvd,0.423618346452713,105.94558715820312,251.18125915527344,1175.1259765625,957.9495849609375
ID_GmJxkz.jpg,healthy,0.2590939700603485,229.583740234375,228.4326934814453,1224.5794677734375,757.2409057617188
ID_TIyJkf.jpg,anthracnose,0.60115647315979,1.69873046875,1.6358642578125,1740.2198486328125,840.4412841796875
ID_frWmBT.jpg,healthy,0.5793663859367371,13.965289115905762,105.20855712890625,384.794189453125,405.06884765625
ID_GeExO3.jpeg,anthracnose,0.7722821831703186,0.0,0.0,3330.829833984375,1798.599853515625
ID_GDhaPT.jpg,cssvd,0.721668004989624,5.048389434814453,5.6310296058654785,962.1876220703125,698.5962524414062
ID_gVLejj.jpeg,None,,,,,
ID_fXAcgg.jpg,healthy,0.36686277389526367,590.297607421875,242.952392578125,1459.806884765625,862.863037109375
ID_PQ3ccq.jpg,cssvd,0.5620194673538208,0.0,216.65614318847656,705.2092895507812,1079.1046142578125
ID_PQ3ccq.jpg,cssvd,0.3418220281600952,19.024028778076172,20.499780654907227,630.1744995117188,831.3326416015625
ID_XBLbYU.JPG,cssvd,0.4790305197238922,304.7282409667969,420.8032531738281,2266.071044921875,1427.1090087890625
ID_x9XzNo.jpg,healthy,0.3767718970775604,1031.2584228515625,1595.0341796875,1949.055419921875,2915.033447265625
ID_zHzByJ.jpg,cssvd,0.35170426964759827,65.54740905761719,149.97984313964844,1155.4375,753.9810180664062
ID_XzFO6w.jpg,cssvd,0.6060168743133545,551.822265625,704.2386474609375,1324.5611572265625,1172.155029296875
ID_GBF6WG.jpg,healthy,0.4494257867336273,1288.2164306640625,207.13792419433594,3244.816162109375,1788.9635009765625
ID_AuxMUi.jpeg,healthy,0.5796117186546326,0.0,325.5711975097656,3430.97265625,2334.86962890625
ID_wqplu9.jpg,healthy,0.37211713194847107,62.12098693847656,38.89620590209961,325.9393005371094,309.2714538574219
ID_wqplu9.jpg,healthy,0.30322664976119995,8.467748641967773,130.0749053955078,349.78253173828125,410.5327453613281
ID_hFfEUF.jpeg,anthracnose,0.5416356325149536,0.0,349.70391845703125,2457.00048828125,1758.5382080078125
ID_hFfEUF.jpeg,healthy,0.3976477384567261,1486.6346435546875,0.0,3024.0,708.8629760742188
ID_SEIr9S.jpg,None,,,,,
ID_EcA6Hq.jpg,None,,,,,
ID_vlAp0D.jpg,healthy,0.5526240468025208,431.51849365234375,574.5836181640625,2568.80517578125,1691.9892578125
ID_vlAp0D.jpg,healthy,0.3932066559791565,154.66329956054688,1184.9385986328125,1435.8681640625,2448.0
ID_iOTLqo.jpeg,healthy,0.33242130279541016,0.0,0.0,3024.0,1626.0018310546875
ID_Ibuz4I.jpg,cssvd,0.29901814460754395,0.0,0.0,801.5449829101562,407.6608581542969
ID_LIb04Q.jpg,cssvd,0.27053526043891907,511.5438232421875,424.8731384277344,1041.6339111328125,866.0684814453125
ID_kzlLQD.jpeg,anthracnose,0.5350425839424133,1009.8758544921875,87.27979278564453,3490.664794921875,1521.40087890625
ID_tkkwqj.jpg,None,,,,,
ID_wXk3xY.jpeg,healthy,0.36061981320381165,227.78811645507812,123.27229309082031,3728.02978515625,2621.22900390625
ID_NSarPy.jpg,healthy,0.40838882327079773,59.84324645996094,86.15795135498047,369.79339599609375,405.3463134765625
ID_NSarPy.jpg,healthy,0.25197118520736694,89.0035629272461,44.93550491333008,330.0478210449219,387.92474365234375
ID_OFLVcT.jpg,healthy,0.4819785952568054,89.57941436767578,131.43643188476562,278.2479553222656,337.99560546875
ID_GXD0Ks.jpg,anthracnose,0.5887176394462585,0.0,247.3702392578125,1764.66650390625,1408.357666015625
ID_mk1ErX.jpeg,healthy,0.44909486174583435,215.20896911621094,473.67132568359375,3466.18408203125,2162.189453125
ID_mk1ErX.jpeg,healthy,0.2653483748435974,65.00311279296875,1938.585205078125,2776.5927734375,2997.74365234375
ID_N58WHF.jpg,cssvd,0.7321686148643494,6.1731719970703125,0.0,1143.698974609375,848.15625
ID_J3dqOS.jpg,cssvd,0.7967811226844788,38.65119934082031,4.9102783203125,1192.68212890625,821.5792846679688
ID_db9KWW.jpg,healthy,0.39838889241218567,138.76480102539062,189.95460510253906,1147.7266845703125,845.2401733398438
ID_db9KWW.jpg,healthy,0.2859205901622772,137.84255981445312,369.38555908203125,1109.262451171875,960.0
ID_fYwTpc.jpg,anthracnose,0.4023599326610565,0.0,112.147216796875,1697.84326171875,1206.969482421875
ID_PzpVJN.jpg,cssvd,0.47703105211257935,19.569740295410156,281.2840270996094,2077.23779296875,1509.15185546875
ID_PzpVJN.jpg,healthy,0.35138002038002014,1618.4141845703125,625.7523803710938,2801.228759765625,1451.420654296875
ID_fVoX4C.jpg,cssvd,0.7013596296310425,6.6030120849609375,92.39593505859375,1151.4730224609375,875.3240356445312
ID_zmFEBY.jpg,cssvd,0.5390381813049316,4.2974853515625,0.0,936.1758422851562,1109.65087890625
ID_uUCRX7.jpeg,None,,,,,
ID_psMYBH.jpeg,healthy,0.29193323850631714,1793.6485595703125,16.489482879638672,4032.0,2927.405517578125
ID_g9HlX8.JPG,cssvd,0.5733616948127747,537.7997436523438,396.5620422363281,3145.247802734375,1842.0054931640625
ID_NMaiWl.jpg,cssvd,0.7446512579917908,13.6114501953125,32.129974365234375,1162.2528076171875,929.077880859375
ID_xB3PwL.jpeg,None,,,,,
ID_OwHyW3.jpg,cssvd,0.3014880418777466,744.7001953125,90.83551025390625,1930.3203125,915.68310546875
ID_YyYHcE.jpg,cssvd,0.6699814796447754,0.0,29.472349166870117,935.1270141601562,798.947998046875
ID_uqUrC3.jpg,cssvd,0.6255781650543213,210.36972045898438,156.49620056152344,1160.2470703125,840.0885620117188
ID_bl3IBt.jpeg,cssvd,0.45419690012931824,141.59774780273438,0.0,3522.035400390625,1676.3214111328125
ID_jiosRJ.jpeg,None,,,,,
ID_AUiVHv.jpeg,healthy,0.273071825504303,2363.35791015625,1630.659423828125,4032.0,3024.0
ID_IClv1d.jpg,cssvd,0.5139492750167847,0.0,117.59223175048828,3626.029541015625,2766.208740234375
ID_XqWUBD.jpg,cssvd,0.7556400299072266,23.21502685546875,34.549560546875,1157.4017333984375,960.0
ID_YATAta.jpeg,cssvd,0.3377712666988373,66.15643310546875,0.0,3512.3916015625,2058.05615234375
ID_YATAta.jpeg,healthy,0.2662470042705536,0.0,0.0,3431.099853515625,2018.824951171875
ID_h3ThXr.jpg,cssvd,0.6778067350387573,1306.5794677734375,97.85648345947266,3198.173095703125,1901.731201171875
ID_sMto8z.jpg,anthracnose,0.5983949303627014,0.0,257.3201599121094,3522.020263671875,2329.557373046875
ID_aTPpou.jpg,healthy,0.360530823469162,119.64830780029297,138.2831573486328,348.3408203125,313.8905334472656
ID_l3cQrk.jpeg,cssvd,0.6192230582237244,44.594696044921875,137.83700561523438,2009.043212890625,2655.227783203125
ID_l3cQrk.jpeg,cssvd,0.27984100580215454,2095.45654296875,345.60308837890625,3933.257080078125,2621.519775390625
ID_x5fJYT.jpg,healthy,0.3436063826084137,226.63177490234375,216.67564392089844,1228.4359130859375,776.5345458984375
ID_GzSAdm.jpg,cssvd,0.3435685932636261,0.0,6.741631984710693,348.35687255859375,370.6127014160156
ID_lE9I5s.jpg,cssvd,0.5853015184402466,116.25074768066406,341.45367431640625,2856.98583984375,1852.6336669921875
ID_y1htIj.jpeg,None,,,,,
ID_JedGVg.jpg,healthy,0.5044234395027161,284.6123352050781,158.95538330078125,943.494873046875,606.0577392578125
ID_jmNFmJ.jpg,healthy,0.414461225271225,74.464111328125,0.0,1075.5474853515625,788.9166259765625
ID_qhqOjL.jpg,cssvd,0.3695511519908905,24.030763626098633,121.25272369384766,366.72430419921875,407.99420166015625
ID_qhqOjL.jpg,cssvd,0.32689234614372253,0.0,60.06834030151367,326.7635803222656,352.53009033203125
ID_kIeaQ8.jpg,cssvd,0.7119519114494324,15.524520874023438,0.0,1142.09521484375,909.8875122070312
ID_dJzJiB.jpg,cssvd,0.5701302289962769,0.0,60.327274322509766,3706.075439453125,2647.163330078125
ID_eFa8g0.jpg,anthracnose,0.6496382355690002,260.52392578125,149.3758544921875,1982.431396484375,1166.0303955078125
ID_iravXa.jpeg,cssvd,0.26070061326026917,127.25784301757812,51.70005798339844,1053.0911865234375,564.3182983398438
ID_Ye6DAv.jpg,cssvd,0.800088107585907,0.0,33.47869873046875,1170.4315185546875,943.3740234375
ID_ysQprs.jpg,cssvd,0.7993858456611633,0.0,73.62922668457031,1145.3233642578125,803.8837280273438
ID_ysQprs.jpg,cssvd,0.2799712121486664,263.1556701660156,15.177459716796875,1218.842041015625,811.7050170898438
ID_aXtY9k.jpg,cssvd,0.5510638952255249,405.1152038574219,26.117305755615234,2530.056640625,1675.2430419921875
ID_aXtY9k.jpg,healthy,0.29505884647369385,418.68426513671875,1072.150390625,1712.5496826171875,2448.0
ID_qrMflt.jpg,healthy,0.5507158041000366,22.158096313476562,245.02786254882812,3461.814697265625,3085.6533203125
ID_qrMflt.jpg,healthy,0.26381388306617737,201.6934051513672,659.1692504882812,3346.020263671875,2686.48828125
ID_UWph9Z.jpg,cssvd,0.6060777902603149,405.8482360839844,216.6647186279297,1170.3822021484375,640.1585083007812
ID_YR5S4X.jpeg,healthy,0.565691351890564,141.20445251464844,296.45355224609375,2600.12060546875,3446.490478515625
ID_EmaVCt.jpg,healthy,0.5213887691497803,28.689098358154297,124.45497131347656,379.12054443359375,380.8606872558594
ID_EmaVCt.jpg,healthy,0.43225595355033875,0.0,116.21417236328125,291.568115234375,416.0
ID_EmaVCt.jpg,healthy,0.35961082577705383,0.0,3.724586248397827,305.55303955078125,243.2793731689453
ID_eFBxoD.jpg,cssvd,0.3771423399448395,13.818893432617188,98.03636169433594,911.018798828125,659.817626953125
ID_hNwMCv.jpg,healthy,0.372748464345932,0.0,80.47352600097656,350.239990234375,354.47625732421875
ID_hNwMCv.jpg,cssvd,0.25229549407958984,5.240486145019531,79.02310943603516,345.4753723144531,361.8350830078125
ID_SCraam.jpg,cssvd,0.3384116590023041,0.0,0.0,1111.2974853515625,918.1448364257812
ID_vdjKZ1.jpeg,healthy,0.3541823625564575,172.45668029785156,82.08451843261719,2993.4697265625,3243.628173828125
ID_vdjKZ1.jpeg,cssvd,0.3333383798599243,94.97583770751953,466.27203369140625,3024.0,3571.195556640625
ID_zasnLd.jpg,anthracnose,0.2850041687488556,38.491668701171875,207.95448303222656,1108.56201171875,734.6558837890625
ID_d5kn42.jpg,None,,,,,
ID_cYzrtu.jpg,None,,,,,
ID_HvcZGc.jpeg,cssvd,0.3949771523475647,26.00422477722168,447.1253967285156,3296.023681640625,2967.930908203125
ID_USK5r0.jpg,healthy,0.47545087337493896,507.1943054199219,449.2507629394531,1051.6943359375,977.491943359375
ID_HRfsSf.jpg,cssvd,0.611702024936676,36.85858154296875,433.8240966796875,2152.0009765625,1688.5350341796875
ID_iDEFh8.jpg,None,,,,,
ID_nl5wJe.jpeg,cssvd,0.3476791977882385,565.5396728515625,0.0,3870.59814453125,1779.5997314453125
ID_vqs2Dt.jpeg,healthy,0.4564150869846344,194.79161071777344,112.08944702148438,3548.243896484375,2222.775390625
ID_vqs2Dt.jpeg,healthy,0.3492763042449951,999.7036743164062,155.7946319580078,4002.34716796875,2211.595458984375
ID_ZOVQFd.jpg,None,,,,,
ID_wZPD6Z.jpeg,cssvd,0.6953518390655518,899.801025390625,0.0,3886.779052734375,2997.647705078125
ID_C1vtA9.jpg,cssvd,0.5535000562667847,3.4217071533203125,98.09242248535156,1061.9281005859375,791.7608032226562
ID_qfixBm.jpg,healthy,0.6446979641914368,1168.268310546875,669.72314453125,2310.529052734375,1639.8111572265625
ID_VC9GE4.jpg,cssvd,0.45162537693977356,1072.3101806640625,0.0,2735.6123046875,1954.302734375
ID_VC9GE4.jpg,cssvd,0.4370308518409729,933.2168579101562,462.00421142578125,2487.3505859375,2441.28125
ID_VC9GE4.jpg,cssvd,0.39120110869407654,1045.26416015625,0.0,2200.32275390625,1961.5115966796875
ID_VC9GE4.jpg,cssvd,0.34586966037750244,955.7330322265625,263.498291015625,2062.005615234375,2445.51123046875
ID_VC9GE4.jpg,cssvd,0.2526390850543976,2322.016357421875,420.5019226074219,3248.239501953125,1748.2574462890625
ID_o9xGiZ.jpeg,cssvd,0.38610178232192993,7.815398693084717,475.3060302734375,3553.683349609375,2746.03173828125
ID_hW0piA.jpg,None,,,,,
ID_c3MlPZ.jpg,None,,,,,
ID_ItYYic.jpeg,None,,,,,
ID_bu374h.jpg,healthy,0.47650837898254395,97.1639175415039,130.4541015625,317.47216796875,414.65850830078125
ID_QFxDQP.jpg,None,,,,,
ID_BBmctK.jpeg,healthy,0.4946977198123932,9.12998104095459,820.1155395507812,2994.290771484375,3759.099609375
ID_VltktB.jpg,anthracnose,0.6319088935852051,74.04961395263672,179.67112731933594,3486.9814453125,2039.7266845703125
ID_VltktB.jpg,anthracnose,0.4680446982383728,1013.5928955078125,1743.945068359375,4007.6015625,3066.75830078125
ID_Kwi9j2.jpg,cssvd,0.637817919254303,248.34405517578125,448.18011474609375,2540.2744140625,1820.0423583984375
ID_Kwi9j2.jpg,cssvd,0.40537044405937195,69.61294555664062,1402.4251708984375,2329.52392578125,2438.26318359375
ID_U0BYn7.jpg,anthracnose,0.4444965422153473,275.3670654296875,442.5802001953125,1953.6456298828125,1531.4576416015625
ID_yDLrwU.jpg,cssvd,0.38970139622688293,13.771209716796875,0.0,1144.1961669921875,883.8209228515625
ID_AQc6Fa.jpeg,cssvd,0.3492688536643982,74.61109924316406,691.4775390625,3181.108154296875,2341.2509765625
ID_WWsoGz.jpeg,healthy,0.3539477288722992,591.3353881835938,530.8246459960938,4032.0,2598.877197265625
ID_Rs5wX2.jpeg,healthy,0.27298933267593384,4.98808479309082,0.0,1287.7386474609375,1103.3980712890625
ID_BhOD7h.jpg,cssvd,0.6030319929122925,452.52874755859375,11.250244140625,1668.3125,1216.111328125
ID_BhOD7h.jpg,cssvd,0.42974716424942017,1562.211181640625,7.2884521484375,2048.0,1115.0467529296875
ID_qYyhqa.jpg,cssvd,0.7945316433906555,0.0,0.0,934.5777587890625,670.3683471679688
ID_qYyhqa.jpg,cssvd,0.27020204067230225,157.6890106201172,0.0,1000.33544921875,613.4147338867188
ID_dJM3bo.jpg,None,,,,,
ID_auLOPi.jpg,cssvd,0.4293389320373535,0.0,393.4931945800781,3442.323974609375,3019.640380859375
ID_bMiFgw.jpg,cssvd,0.5952602028846741,262.701171875,124.34759521484375,1166.7952880859375,880.7301025390625
ID_su28vA.jpg,None,,,,,
ID_dtV9ls.jpg,healthy,0.3510546088218689,1009.6180419921875,472.07177734375,2753.4462890625,1752.734130859375
ID_kEdXYw.jpg,None,,,,,
ID_lSL4hv.jpeg,anthracnose,0.36340925097465515,0.0,114.03704833984375,3421.11572265625,2166.35009765625
ID_msJc8y.jpg,cssvd,0.3900652825832367,6.022281646728516,437.1156921386719,1288.25048828125,1662.3397216796875
ID_AcCl43.jpg,cssvd,0.8559883832931519,0.0,0.0,868.4990234375,595.0985717773438
ID_AcCl43.jpg,cssvd,0.27685555815696716,47.45939254760742,544.8020629882812,751.8626708984375,809.9003295898438
ID_vEfoRu.jpeg,cssvd,0.26830461621284485,69.59910583496094,156.24789428710938,3566.5751953125,2731.20068359375
ID_UhxunN.jpg,cssvd,0.6790696978569031,23.340835571289062,7.92236328125,1011.1340942382812,726.5098266601562
ID_XTDdUo.jpg,healthy,0.47334447503089905,127.27742767333984,357.3232727050781,2859.9189453125,1789.9091796875
ID_lbQnF2.jpeg,cssvd,0.6150223016738892,10.205920219421387,71.60414123535156,3229.40478515625,2301.597412109375
ID_lbQnF2.jpeg,healthy,0.39213159680366516,438.4426574707031,2125.86572265625,3157.44677734375,3024.0
ID_WMLEOB.jpg,cssvd,0.3824416399002075,191.27639770507812,268.7377014160156,1205.035888671875,775.9805297851562
ID_WMLEOB.jpg,cssvd,0.3795842230319977,162.50335693359375,233.45375061035156,1245.6728515625,954.5781860351562
ID_rmWA87.jpeg,None,,,,,
ID_uns3aa.jpeg,cssvd,0.563118577003479,56.011962890625,0.0,1127.420654296875,540.803466796875
ID_uI5zKb.jpg,healthy,0.3554811179637909,17.769420623779297,117.84112548828125,274.0434265136719,403.4534912109375
ID_uI5zKb.jpg,healthy,0.32186153531074524,0.0,147.92999267578125,329.2718505859375,406.2070007324219
ID_uI5zKb.jpg,healthy,0.2608194053173065,110.29693603515625,10.038694381713867,394.37139892578125,277.0096130371094
ID_FiJeqW.jpg,cssvd,0.5614242553710938,2.2233123779296875,65.10445404052734,2931.793701171875,1945.67724609375
ID_K6TSq2.jpg,healthy,0.38177984952926636,422.96826171875,291.1185302734375,1499.694091796875,1509.4453125
ID_fk4Rso.jpeg,healthy,0.45329350233078003,0.0,150.51995849609375,3443.739990234375,2810.978759765625
ID_ElTBwd.jpg,anthracnose,0.5607080459594727,0.0,581.1640625,3518.955810546875,2916.658935546875
ID_KNTwFY.jpg,cssvd,0.7217625975608826,165.150146484375,40.8612060546875,1908.659423828125,1189.0797119140625
ID_WFjGy8.jpeg,healthy,0.6694785952568054,1690.93310546875,415.13104248046875,3386.842041015625,3024.0
ID_lNiY4Q.jpg,cssvd,0.7805727124214172,4.75555419921875,30.24200439453125,1161.5001220703125,851.656494140625
ID_UyHi47.jpg,healthy,0.45221519470214844,483.16265869140625,527.6744384765625,1893.3193359375,1422.08154296875
ID_FbsP3U.JPG,None,,,,,
ID_SxZRvt.jpg,cssvd,0.7561022639274597,15.15411376953125,4.157257080078125,1140.12353515625,825.5498657226562
ID_SxZRvt.jpg,cssvd,0.33292198181152344,263.48297119140625,11.755447387695312,1268.4334716796875,791.4041137695312
ID_NCY6kS.jpg,cssvd,0.5856578350067139,1133.687744140625,56.6802978515625,2048.0,1168.426025390625
ID_NCY6kS.jpg,cssvd,0.48395806550979614,1150.783447265625,208.8021240234375,2035.881103515625,1416.0201416015625
ID_gUEBGE.jpg,cssvd,0.56586092710495,32.63481903076172,138.83428955078125,3323.231689453125,2353.241455078125
ID_jBitM8.jpeg,healthy,0.2908838391304016,0.0,21.076704025268555,2546.5029296875,1846.2291259765625
ID_G3jSd8.jpg,anthracnose,0.4856816530227661,280.5599060058594,954.2037963867188,3744.375244140625,2773.50830078125
ID_ikSYAy.jpg,cssvd,0.6415977478027344,18.362274169921875,0.0,1129.502197265625,793.2632446289062
ID_Yc3rtZ.jpg,anthracnose,0.3393186330795288,962.9325561523438,450.0173034667969,2530.279296875,2053.70703125
ID_nGvx5q.jpg,None,,,,,
ID_XPNfsS.jpg,cssvd,0.7762691378593445,8.802108764648438,37.130279541015625,1156.81787109375,863.1669311523438
ID_LEar2W.jpeg,healthy,0.6644316911697388,100.35794067382812,714.1892700195312,3304.596923828125,2249.460205078125
ID_JqWr5O.jpg,cssvd,0.45618265867233276,15.458343505859375,0.0,888.4125366210938,372.4912414550781
ID_rtVHRR.jpg,cssvd,0.3609384000301361,21.207351684570312,307.2869567871094,959.5617065429688,1275.5267333984375
ID_rtVHRR.jpg,cssvd,0.3171723186969757,12.120590209960938,12.410964965820312,933.59814453125,974.5504150390625
ID_DbrLAf.jpeg,cssvd,0.6943000555038452,0.0,0.0,3408.05615234375,2581.376220703125
ID_QyOLdv.jpg,healthy,0.2873089015483856,25.388988494873047,110.77101135253906,330.1744079589844,290.9783020019531
ID_Frr32r.jpg,cssvd,0.7944033145904541,3.394012451171875,129.82711791992188,1156.3140869140625,923.9263916015625
ID_L0ItNr.jpg,cssvd,0.6980437636375427,762.3140258789062,349.5601501464844,1989.00830078125,1107.7374267578125
ID_biAp3Y.jpg,cssvd,0.6896942257881165,0.0,0.0,898.3361206054688,637.8001098632812
ID_YIrpjW.jpg,cssvd,0.6590022444725037,2.0223236083984375,5.7350921630859375,1106.41650390625,779.6740112304688
ID_QWF4Qa.jpg,healthy,0.32716211676597595,267.1287841796875,329.2154541015625,1515.8101806640625,1032.13037109375
ID_QWF4Qa.jpg,cssvd,0.3131263256072998,135.44921875,317.72314453125,1451.182373046875,1078.5687255859375
ID_iJ345X.jpg,cssvd,0.5373392105102539,1.8508529663085938,0.0,911.25439453125,524.2332153320312
ID_RynouZ.jpg,None,,,,,
ID_JCXrae.jpg,healthy,0.3576226830482483,1056.3997802734375,236.66622924804688,2495.040771484375,1476.4371337890625
ID_JCXrae.jpg,cssvd,0.2882099151611328,1065.2012939453125,262.7281188964844,2514.11376953125,1518.751708984375
ID_aY2yXb.jpg,cssvd,0.7036458849906921,0.0,920.6588745117188,3473.380615234375,3067.105712890625
ID_WKbWLx.jpeg,cssvd,0.6500657796859741,61.66426467895508,0.0,3292.888427734375,2349.623779296875
ID_WKbWLx.jpeg,cssvd,0.35540756583213806,610.7498779296875,99.03013610839844,4032.0,2667.060791015625
ID_WKbWLx.jpeg,cssvd,0.3010956943035126,5.490245342254639,0.0,3152.5234375,1171.84521484375
ID_FZMdSa.jpeg,None,,,,,
ID_Gpjk0X.JPG,healthy,0.3458879888057709,444.3383483886719,249.27284240722656,2849.020263671875,1555.72314453125
ID_K6IE1l.jpeg,cssvd,0.6641740798950195,643.624267578125,329.1530456542969,2540.2412109375,2923.869873046875
ID_K6IE1l.jpeg,cssvd,0.532058835029602,627.0418090820312,1064.1322021484375,2537.117919921875,3024.0
ID_K6IE1l.jpeg,cssvd,0.5306177139282227,697.7305908203125,62.68144989013672,2511.942626953125,2262.97265625
ID_ACg6Qf.jpeg,None,,,,,
ID_l0JoKq.jpg,cssvd,0.6916149854660034,0.0,211.58226013183594,1103.4351806640625,960.0
ID_l0JoKq.jpg,healthy,0.3244207203388214,0.0,0.0,1095.518310546875,600.6704711914062
ID_ZmNdnp.jpg,cssvd,0.8197917342185974,0.0,60.70152282714844,1164.9847412109375,952.3342895507812
ID_uR3O2z.jpg,anthracnose,0.32892709970474243,0.0,172.325439453125,1745.5452880859375,1287.495849609375
ID_a15jyy.jpg,None,,,,,
ID_rSy9ed.JPG,None,,,,,
ID_l0jVj6.jpg,None,,,,,
ID_XjtU7g.jpg,cssvd,0.25022998452186584,399.2840576171875,0.0,3221.171630859375,2173.32666015625
ID_r5wbRA.jpeg,None,,,,,
ID_qvUEPr.jpg,healthy,0.586384117603302,1435.157958984375,369.42120361328125,3206.60009765625,1747.4931640625
ID_x9OuTG.jpeg,None,,,,,
ID_dOlj9R.jpeg,healthy,0.6054035425186157,79.13159942626953,18.042564392089844,3503.201904296875,1800.0
ID_ucTw2L.jpg,cssvd,0.7311517596244812,1095.161865234375,41.36337661743164,2442.63427734375,1941.1337890625
ID_ucTw2L.jpg,cssvd,0.331954687833786,1959.76806640625,0.48287197947502136,3264.0,1072.5008544921875
ID_bwH4Zt.jpg,anthracnose,0.31885358691215515,44.978515625,128.1319580078125,1788.556884765625,1290.2310791015625
ID_xCrN1e.jpg,cssvd,0.7748037576675415,0.497283935546875,28.761215209960938,1167.1094970703125,856.9348754882812
ID_zyGKPp.jpg,healthy,0.250408411026001,98.93114471435547,145.31063842773438,395.0882263183594,401.69366455078125
ID_eNUmPw.jpg,cssvd,0.6212520599365234,25.07339096069336,55.03730010986328,381.7922668457031,320.59185791015625
ID_a76tQV.jpg,None,,,,,
ID_ErnMWK.jpg,cssvd,0.8143683671951294,0.0,191.5802001953125,1051.10546875,960.0
ID_p9zgFE.jpg,cssvd,0.4775910973548889,0.0,0.0,1092.15087890625,899.8258666992188
ID_wbijTg.jpg,None,,,,,
ID_YD3bof.jpg,healthy,0.36907368898391724,387.05926513671875,679.3921508789062,2049.10107421875,1693.223876953125
ID_CjxpRk.JPG,cssvd,0.4794594943523407,0.0,9.226707458496094,2473.0380859375,2064.3984375
ID_cHlyPN.jpg,None,,,,,
ID_IlKAAg.jpg,None,,,,,
ID_HiEYk8.jpg,None,,,,,
ID_LbEE0d.jpg,cssvd,0.7768670320510864,0.0,110.65837860107422,946.5771484375,809.8026733398438
ID_MaKmbG.jpg,cssvd,0.6861077547073364,13.369503021240234,30.623273849487305,979.495849609375,759.8067016601562
ID_MaKmbG.jpg,cssvd,0.3145374059677124,5.323519706726074,0.0,881.0698852539062,310.6154479980469
ID_A1Euyz.jpg,None,,,,,
ID_MAbZNE.jpg,None,,,,,
ID_NgQOzy.jpeg,None,,,,,
ID_xAwVqs.jpg,healthy,0.3153464198112488,24.646808624267578,144.28607177734375,363.1865539550781,403.1459045410156
ID_xAwVqs.jpg,cssvd,0.27170804142951965,13.553534507751465,148.8253173828125,385.0057678222656,413.6224365234375
ID_ARfduS.jpg,None,,,,,
ID_ZWjgkt.jpg,cssvd,0.5369316935539246,81.48280334472656,156.8450164794922,2269.535400390625,1503.32177734375
ID_Ho3Skn.jpg,cssvd,0.682140052318573,94.47624206542969,0.0,1243.64794921875,933.244140625
ID_McJOoX.jpg,cssvd,0.2934388220310211,28.165206909179688,51.311275482177734,393.5361633300781,324.4107360839844
ID_cGsLV1.jpg,None,,,,,
ID_b0zwXq.jpeg,healthy,0.45825085043907166,7.3275370597839355,57.383819580078125,3279.288330078125,2464.578125
ID_gvnAED.jpg,cssvd,0.8718792796134949,6.9476318359375,22.21466064453125,1112.280517578125,735.2750854492188
ID_gvnAED.jpg,cssvd,0.27828913927078247,277.3427429199219,29.866714477539062,1227.4937744140625,742.821044921875
ID_mcczYA.jpg,None,,,,,
ID_JegXI4.jpg,cssvd,0.670642614364624,27.618896484375,393.6693115234375,1216.9559326171875,1151.9927978515625
ID_AX61Qc.jpg,cssvd,0.6233826279640198,0.0,300.6571960449219,960.0,1280.0
ID_AX61Qc.jpg,cssvd,0.2833337187767029,3.426666259765625,0.0,932.7593994140625,1161.322021484375
ID_H5UsYj.jpg,cssvd,0.4417778253555298,5.924835205078125,31.6522216796875,1156.2918701171875,960.0
ID_yl1h4y.jpg,cssvd,0.5195993781089783,183.35128784179688,0.0,2902.48681640625,1987.7618408203125
ID_yl1h4y.jpg,cssvd,0.3279717266559601,344.5384216308594,879.9491577148438,2928.93212890625,2159.205810546875
ID_yQNYRc.jpg,healthy,0.5064451694488525,926.6795043945312,605.86083984375,1392.291259765625,959.0496826171875
ID_yQNYRc.jpg,healthy,0.42999017238616943,405.3643798828125,466.424560546875,990.78466796875,1046.480224609375
ID_yEGJej.jpg,cssvd,0.6430436968803406,1260.4407958984375,326.1352844238281,2976.20263671875,1744.960693359375
ID_yEGJej.jpg,cssvd,0.3684667646884918,1250.5509033203125,0.0,3241.65576171875,1031.271240234375
ID_yEGJej.jpg,cssvd,0.2996050715446472,56.072486877441406,453.9225769042969,974.738037109375,1424.361083984375
ID_yEGJej.jpg,cssvd,0.2514441907405853,0.0,0.0,883.95458984375,814.9254760742188
ID_Dw2paJ.jpg,cssvd,0.7211825251579285,47.73109436035156,14.121246337890625,1196.79833984375,947.4618530273438
ID_kjTAmo.jpg,cssvd,0.27313941717147827,749.8338623046875,65.452392578125,1365.1019287109375,1231.56298828125
ID_XV81fD.jpg,anthracnose,0.3716706931591034,0.0,150.411376953125,1740.842041015625,1176.311279296875
ID_vKDGJD.jpeg,cssvd,0.6782050132751465,124.93630981445312,629.4364013671875,2247.72509765625,2389.29541015625
ID_vKDGJD.jpeg,cssvd,0.40404629707336426,2094.260498046875,51.03248596191406,3082.68359375,2283.087158203125
ID_vKDGJD.jpeg,cssvd,0.37892237305641174,516.7124633789062,795.2257080078125,2098.367431640625,2259.157470703125
ID_T22A5T.jpg,cssvd,0.8216741681098938,1.5415191650390625,0.0,1118.15478515625,755.6006469726562
ID_anegvH.jpeg,None,,,,,
ID_pnZVaB.jpg,None,,,,,
ID_vKfUee.jpg,healthy,0.4021340012550354,608.2943115234375,387.9842224121094,1310.5101318359375,1101.3275146484375
ID_LxkN0r.jpg,cssvd,0.5358235836029053,0.0,268.8208312988281,810.0,1073.738037109375
ID_LxkN0r.jpg,cssvd,0.45682260394096375,0.0,13.166341781616211,781.5695190429688,806.7198486328125
ID_jBlpYQ.jpg,cssvd,0.7111790180206299,358.8984069824219,0.0,3097.5751953125,2072.120849609375
ID_jBlpYQ.jpg,cssvd,0.28027409315109253,662.1976318359375,0.0,2623.048095703125,1774.466064453125
ID_NHrOVD.jpg,cssvd,0.6247737407684326,69.26813507080078,37.800479888916016,690.0464477539062,701.4060668945312
ID_NHrOVD.jpg,cssvd,0.3422541320323944,58.03607177734375,314.829345703125,546.076416015625,976.2245483398438
ID_NHrOVD.jpg,cssvd,0.2837108075618744,67.25737762451172,167.4267578125,563.7255859375,888.8731689453125
ID_Wx4GqF.jpg,cssvd,0.689079225063324,65.57296752929688,36.502685546875,1167.3519287109375,710.8172607421875
ID_wnuBs6.jpg,healthy,0.6327059864997864,68.16692352294922,147.07284545898438,253.7305908203125,307.0706787109375
ID_Gc703Q.jpg,anthracnose,0.25787559151649475,414.97186279296875,0.0,2379.188720703125,670.9783325195312
ID_ThtV0C.jpg,healthy,0.3646937310695648,75.7213134765625,1.1698780059814453,299.64825439453125,247.3004608154297
ID_wUoMHJ.jpg,None,,,,,
ID_NJY4EZ.jpg,cssvd,0.514317512512207,1097.6038818359375,519.93896484375,2801.956787109375,1539.910888671875
ID_NJY4EZ.jpg,cssvd,0.36706507205963135,1986.376220703125,1001.4381713867188,3109.243896484375,1763.1092529296875
ID_A5SFUW.jpeg,cssvd,0.29520687460899353,31.244050979614258,85.49378204345703,3681.08056640625,2792.52685546875
ID_PKIRRi.jpeg,anthracnose,0.48170602321624756,54.2132568359375,46.35353088378906,1104.4765625,560.7941284179688
ID_Fj6l3x.jpg,cssvd,0.8416634798049927,38.78997802734375,12.65411376953125,1186.9200439453125,807.9803466796875
ID_PZvJCn.jpeg,None,,,,,
ID_vY8dnC.jpg,cssvd,0.7863275408744812,0.934906005859375,9.9151611328125,1164.5484619140625,951.0836791992188
ID_WWzTQf.jpg,None,,,,,
ID_LuOSty.JPG,None,,,,,
ID_tnbptN.jpg,cssvd,0.6507396697998047,25.116119384765625,182.38723754882812,1052.187744140625,894.99951171875
ID_TWMyl4.jpg,anthracnose,0.6483285427093506,0.0,86.3731689453125,1832.3123779296875,1329.3802490234375
ID_eohNCj.jpg,healthy,0.6892232894897461,5.700071334838867,138.11846923828125,335.2008361816406,333.4574279785156
ID_GBHM9n.jpeg,cssvd,0.6926355957984924,0.0,148.7756805419922,3457.389404296875,2687.755126953125
ID_hnVy96.jpg,cssvd,0.6503075361251831,0.0,337.5303955078125,1682.235595703125,1529.8260498046875
ID_qinFuE.jpg,cssvd,0.37678879499435425,0.0,320.822265625,1824.7314453125,1472.942626953125
ID_q6l1gT.jpg,cssvd,0.7845645546913147,3.3164215087890625,29.92156982421875,1158.1573486328125,850.3114013671875
ID_CrSUii.jpeg,cssvd,0.6802608370780945,14.518328666687012,610.0745849609375,3283.940673828125,2583.842041015625
ID_ykD8wr.JPG,healthy,0.6141682267189026,26.343372344970703,192.49180603027344,2907.97021484375,2118.501953125
ID_UkxRz8.jpg,None,,,,,
ID_CUByHJ.jpg,healthy,0.721695601940155,122.69190979003906,129.35231018066406,294.7500305175781,267.443359375
ID_OC53ff.jpg,cssvd,0.6601186394691467,12.063760757446289,0.0,951.57958984375,786.4378051757812
ID_Nnz8UH.jpg,healthy,0.314393550157547,62.98151779174805,4.306512832641602,400.97406005859375,249.4044189453125
ID_Nnz8UH.jpg,healthy,0.2838423252105713,0.0,3.6346280574798584,330.151611328125,288.66650390625
ID_Nnz8UH.jpg,cssvd,0.2673484683036804,4.610729217529297,64.2035140991211,379.88568115234375,416.0
ID_vdPy4g.jpeg,cssvd,0.7133523225784302,0.0,2.377784490585327,3382.83251953125,2294.805908203125
ID_vdPy4g.jpeg,cssvd,0.3304676115512848,853.5113525390625,0.0,3659.005859375,2283.736328125
ID_vhqF3p.jpg,cssvd,0.5128411054611206,0.0,0.0,909.9351196289062,806.4449462890625
ID_p6OqyL.jpg,cssvd,0.7911165952682495,45.878753662109375,12.4273681640625,1208.1722412109375,953.1362915039062
ID_qKOiUh.jpeg,healthy,0.5431317090988159,852.2067260742188,16.34168243408203,2283.75439453125,2551.634765625
ID_FyMh9k.jpg,None,,,,,
ID_JTyCTv.jpg,cssvd,0.47893959283828735,183.45440673828125,353.2695007324219,1865.890869140625,1308.4228515625
ID_ZiomN9.jpg,anthracnose,0.6132855415344238,306.9849548339844,507.5320129394531,3760.608154296875,2654.043212890625
ID_TFEa8E.jpeg,healthy,0.5053781270980835,92.25102233886719,1601.2392578125,2966.706787109375,3341.716064453125
ID_H1mmQM.jpg,cssvd,0.7229108214378357,25.150604248046875,16.93115234375,1012.4558715820312,663.5511474609375
ID_XkOWhr.jpg,cssvd,0.5999273657798767,5.5696821212768555,8.126128196716309,973.9086303710938,708.6632080078125
ID_wBzpKl.JPG,healthy,0.37695077061653137,1793.3955078125,1543.0086669921875,3095.662109375,2434.22119140625
ID_wBzpKl.JPG,healthy,0.30267390608787537,2190.19677734375,17.151975631713867,2947.676025390625,837.889892578125
ID_wBzpKl.JPG,healthy,0.2538588047027588,389.181640625,726.5777587890625,1615.4892578125,1579.9036865234375
ID_P9mdIe.jpg,anthracnose,0.2875497043132782,0.0,376.58380126953125,3503.633056640625,3048.216552734375
ID_cGKXRw.jpg,None,,,,,
ID_DWOFob.jpg,anthracnose,0.2906603515148163,249.1583251953125,191.1148681640625,2010.4190673828125,1324.178955078125
ID_uldgmr.jpg,cssvd,0.5672134160995483,8.726638793945312,4.7807769775390625,347.66180419921875,265.3075866699219
ID_rlaZur.jpeg,None,,,,,
ID_onW3aY.jpg,healthy,0.47826269268989563,517.0166625976562,332.6225891113281,827.802490234375,714.5506591796875
ID_EsG9PW.jpeg,None,,,,,
ID_ewBCM4.jpg,None,,,,,
ID_JQ2NT8.jpg,cssvd,0.5365263819694519,56.766056060791016,464.52459716796875,2733.75244140625,1835.9447021484375
ID_R3h05n.jpg,None,,,,,
ID_BaQafS.jpeg,cssvd,0.5703288316726685,45.87413024902344,788.4132080078125,3579.8095703125,3020.7275390625
ID_tuijN0.jpg,healthy,0.6455839276313782,31.42943000793457,956.571533203125,2251.6416015625,2903.125244140625
ID_ySwQ19.jpeg,anthracnose,0.2584074139595032,795.6830444335938,894.9559326171875,3863.392333984375,2379.065673828125
ID_WDtwi8.JPG,cssvd,0.31535956263542175,1161.2452392578125,0.0,2448.0,952.4520874023438
ID_LdUYMx.jpg,cssvd,0.3627825975418091,1270.4278564453125,34.79869079589844,3222.154052734375,2035.0081787109375
ID_cTHWwG.jpg,None,,,,,
ID_Oi6sQ7.jpg,cssvd,0.6601707935333252,61.88951873779297,264.2757873535156,2646.9375,1764.1585693359375
ID_Oi6sQ7.jpg,cssvd,0.411354124546051,1836.4100341796875,1477.5352783203125,3157.38525390625,2436.216552734375
ID_xGu1Jv.JPG,None,,,,,
ID_FoiHnH.jpg,cssvd,0.505733847618103,0.0,289.6713562011719,960.0,1272.3922119140625
ID_FoiHnH.jpg,cssvd,0.2847472131252289,18.346023559570312,12.1368408203125,915.799072265625,975.6046142578125
ID_bWrGAE.JPG,cssvd,0.7252033352851868,667.5797119140625,356.9853515625,2726.9228515625,1971.6697998046875
ID_xlz2aO.jpg,anthracnose,0.45367923378944397,367.64520263671875,253.0904541015625,1995.863525390625,1212.8135986328125
ID_tSlG9I.jpg,cssvd,0.7153826355934143,12.053525924682617,0.0,836.021240234375,566.840087890625
ID_tSlG9I.jpg,cssvd,0.45407533645629883,19.327611923217773,0.0,885.402587890625,278.8424072265625
ID_tSlG9I.jpg,cssvd,0.3462425470352173,5.3986430168151855,0.0,928.73095703125,384.5110778808594
ID_UUlIeC.jpeg,healthy,0.36975207924842834,977.2910766601562,32.051307678222656,3285.73193359375,2591.6083984375
ID_nB9g92.jpg,cssvd,0.3678547739982605,764.1550903320312,26.1292724609375,1413.295654296875,1123.882568359375
ID_nB9g92.jpg,cssvd,0.29218679666519165,806.2435913085938,227.7314453125,1444.36767578125,1308.111083984375
ID_wAVndk.jpeg,cssvd,0.7243868112564087,687.8350219726562,0.0,3069.4091796875,1220.65234375
ID_QcU601.jpg,None,,,,,
ID_IkNDOi.jpg,healthy,0.673560619354248,4.210206985473633,62.963687896728516,324.3317565917969,307.7826232910156
ID_b2RRNg.jpeg,None,,,,,
ID_MXBdgR.jpg,None,,,,,
ID_mY7Knk.jpg,cssvd,0.7454570531845093,0.0,0.0,911.9806518554688,597.6616821289062
ID_lwv8qe.JPG,healthy,0.4286218583583832,1447.89892578125,546.5072021484375,2880.019287109375,1754.3070068359375
ID_U4mJjc.JPG,healthy,0.42524752020835876,1413.317138671875,934.5604248046875,2397.00439453125,1745.551513671875
ID_U4mJjc.JPG,healthy,0.3573865294456482,1004.81884765625,17.665878295898438,2373.3828125,1864.8890380859375
ID_U4mJjc.JPG,healthy,0.29774609208106995,1428.12646484375,934.0975952148438,2432.78564453125,2374.9384765625
ID_U4mJjc.JPG,healthy,0.2655646800994873,2210.537841796875,445.5099182128906,3264.0,1436.2713623046875
ID_eQxB51.jpg,cssvd,0.46017614006996155,0.0,0.0,925.5859985351562,810.0
ID_EcfejA.jpg,cssvd,0.29958221316337585,15.175294876098633,258.27923583984375,745.383544921875,1075.916015625
ID_EcfejA.jpg,cssvd,0.2521320879459381,0.0,25.34063148498535,810.0,820.4481811523438
ID_abLPBK.jpg,cssvd,0.44286978244781494,2096.0244140625,610.1124267578125,3264.0,1501.0692138671875
ID_abLPBK.jpg,cssvd,0.301901251077652,475.6734619140625,654.1917724609375,2742.064697265625,1689.302978515625
ID_abLPBK.jpg,cssvd,0.2894708514213562,533.3054809570312,640.5930786132812,2218.596923828125,1616.920654296875
ID_UP8Zp9.jpeg,healthy,0.4210366904735565,170.26840209960938,12.009620666503906,1131.526123046875,528.8982543945312
ID_t8itH3.jpg,cssvd,0.42018598318099976,15.333251953125,132.5452423095703,1127.6519775390625,960.0
ID_X9vG7x.jpg,cssvd,0.26738762855529785,282.7955627441406,191.51397705078125,966.7520141601562,651.964111328125
ID_JQeL3x.jpeg,healthy,0.5011890530586243,251.75125122070312,17.527694702148438,1209.88330078125,576.0
ID_w7N6iO.jpg,anthracnose,0.643359363079071,333.4077453613281,68.00865173339844,1202.058349609375,707.1190795898438
ID_TkQFgc.jpg,cssvd,0.274279922246933,492.1690368652344,204.04266357421875,1280.0,918.0033569335938
ID_rdRpPa.jpg,cssvd,0.901680052280426,0.0,0.0,1142.080078125,769.3058471679688
ID_rdRpPa.jpg,cssvd,0.31471723318099976,261.0677185058594,1.9724273681640625,1264.2935791015625,762.6142578125
ID_LrMSIZ.jpg,cssvd,0.38190925121307373,187.8778076171875,255.7427978515625,1040.24560546875,709.0091552734375
ID_Gbv0j3.jpg,None,,,,,
ID_TVonwa.jpg,None,,,,,
ID_TVcIQU.jpeg,anthracnose,0.2701718807220459,647.99755859375,422.428466796875,2736.989990234375,2981.04736328125
ID_O3r16M.jpg,healthy,0.630581796169281,330.1210632324219,28.28828239440918,1923.6729736328125,2419.413818359375
ID_O3r16M.jpg,healthy,0.2519262731075287,547.9841918945312,2248.96923828125,2986.198486328125,3302.1455078125
ID_ddlMiZ.jpg,cssvd,0.7950760126113892,0.0,0.0,1109.5323486328125,776.8203735351562
ID_y5rsMY.jpg,cssvd,0.6442041993141174,0.0,0.0,938.68310546875,758.6674194335938
ID_i2TnLh.jpg,None,,,,,
ID_rduPKu.jpg,healthy,0.28856927156448364,566.1975708007812,322.9286804199219,1899.737060546875,896.101318359375
ID_v6mMNG.jpg,cssvd,0.6636545658111572,60.78194808959961,354.1070861816406,2594.71826171875,1778.805419921875
ID_dt3E5p.jpg,None,,,,,
ID_E9zHw7.jpg,healthy,0.5033925771713257,0.0,83.47003936767578,306.084228515625,345.0191955566406
ID_E9zHw7.jpg,healthy,0.2718985676765442,0.0,6.1292572021484375,282.3198547363281,264.9599304199219
ID_E9zHw7.jpg,healthy,0.2507096230983734,0.0,108.50946044921875,228.13706970214844,352.3811340332031
ID_WhVb38.jpg,cssvd,0.2681483328342438,2092.029541015625,821.84423828125,3264.0,2448.0
ID_RjjcEf.jpeg,cssvd,0.6229310631752014,0.0,69.62794494628906,3475.1357421875,2580.05908203125
ID_zZzDQd.jpg,cssvd,0.25465837121009827,381.00048828125,531.237548828125,1883.782470703125,1374.222412109375
ID_Fa4Q6u.jpg,cssvd,0.5690119862556458,768.250732421875,28.68603515625,1986.624267578125,692.168701171875
ID_Fa4Q6u.jpg,cssvd,0.5055040121078491,719.371826171875,524.21142578125,1764.626708984375,1409.0362548828125
ID_yZYd0h.jpg,cssvd,0.7163189053535461,0.0,0.0,1077.5694580078125,716.898193359375
ID_IUVTcM.jpeg,healthy,0.3854537904262543,603.8427124023438,85.15953826904297,3670.38623046875,1232.814697265625
ID_yze4gA.jpg,None,,,,,
ID_xRuM49.jpg,cssvd,0.36054909229278564,81.85066223144531,166.8524932861328,1046.208740234375,955.878662109375
ID_PAeN73.jpg,cssvd,0.5655249953269958,2.044229507446289,247.78651428222656,810.0,1076.3748779296875
ID_PAeN73.jpg,cssvd,0.4472538232803345,6.835062503814697,8.553178787231445,793.2093505859375,968.7203979492188
ID_Mk7gjf.jpg,cssvd,0.7015352845191956,139.48561096191406,485.3519287109375,2440.051513671875,1862.85791015625
ID_Mk7gjf.jpg,cssvd,0.32577231526374817,68.5489501953125,1622.619873046875,2057.69384765625,2446.8134765625
ID_AVXfJI.jpg,cssvd,0.5391036868095398,6.8712615966796875,43.62701416015625,1151.94482421875,835.9676513671875
ID_nu8inE.jpg,cssvd,0.8876585960388184,0.0,0.0,880.16796875,581.1376342773438
ID_nu8inE.jpg,cssvd,0.4453381299972534,151.11363220214844,0.0,1038.23486328125,569.7880859375
ID_NaZ0w7.jpeg,None,,,,,
ID_l7Rbyv.jpeg,None,,,,,
ID_TDtaFB.jpg,healthy,0.4641322195529938,396.4462585449219,1363.9046630859375,1695.1033935546875,2922.0888671875
ID_AWsPwc.jpg,healthy,0.3442493677139282,976.5597534179688,581.806884765625,2548.278564453125,1858.55810546875
ID_TFsB9a.jpeg,healthy,0.5843994617462158,0.0,149.85816955566406,3355.457763671875,2154.125244140625
ID_Fk76ZX.jpeg,healthy,0.34643685817718506,107.40646362304688,179.92881774902344,978.0756225585938,639.1265869140625
ID_tCXIxT.jpeg,cssvd,0.5471022129058838,0.0,976.9325561523438,2982.736083984375,3650.315673828125
ID_N1yqEo.jpg,None,,,,,
ID_erqIoE.jpg,None,,,,,
ID_XUxHSs.jpg,cssvd,0.29476654529571533,0.0,0.0,1059.462890625,482.9749755859375
ID_wP5rv5.jpeg,None,,,,,
ID_Yp9GTH.jpg,healthy,0.3128260672092438,365.6349792480469,1368.0889892578125,1614.9136962890625,3515.53076171875
ID_yqdRp3.jpg,cssvd,0.680008590221405,44.456634521484375,31.344757080078125,1202.837646484375,838.8258056640625
ID_toOsZ9.jpg,healthy,0.35635828971862793,1357.05810546875,991.7406005859375,4081.458251953125,2205.107421875
ID_PtAIIA.jpeg,cssvd,0.5677323341369629,0.0,209.8581085205078,3521.408203125,2793.528564453125
ID_LeHkk9.jpg,None,,,,,
ID_q23bLN.jpg,cssvd,0.3575446903705597,1.861572265625,45.98388671875,1817.935302734375,1178.6357421875
ID_Ngls3X.jpg,cssvd,0.40862688422203064,63.671302795410156,52.35834503173828,1169.802001953125,1798.890380859375
ID_Ngls3X.jpg,healthy,0.3260937035083771,1723.3082275390625,1.5289649963378906,2859.063720703125,858.3471069335938
ID_Ngls3X.jpg,cssvd,0.2947397232055664,721.8751220703125,680.9634399414062,2982.609375,1968.820068359375
ID_jxQ6gJ.jpeg,cssvd,0.7064148783683777,300.210693359375,77.972412109375,3652.7978515625,1800.0
ID_PTbJZD.jpg,None,,,,,
ID_mSGps9.jpeg,cssvd,0.2551977336406708,1544.379150390625,351.3106994628906,3956.993896484375,1755.172119140625
ID_sIIix8.jpg,cssvd,0.7737531661987305,0.0,27.961257934570312,950.4627075195312,810.0
ID_D57TlR.jpeg,cssvd,0.5711467862129211,0.0,39.97917556762695,3414.109375,2407.0634765625
ID_WYxe7D.jpeg,cssvd,0.8661474585533142,1376.5352783203125,406.31134033203125,3037.22412109375,3024.0
ID_WYxe7D.jpeg,cssvd,0.2841964662075043,1404.773193359375,0.0,2959.29345703125,2395.1220703125
ID_zYKCq8.jpg,cssvd,0.45703834295272827,43.24859619140625,149.82162475585938,1185.23876953125,890.4258422851562
ID_R6trN8.jpeg,None,,,,,
ID_vkidYy.jpeg,anthracnose,0.3324128985404968,69.55453491210938,1160.6748046875,2341.498291015625,2247.177490234375
ID_EljkV9.jpg,anthracnose,0.3995864689350128,0.862884521484375,168.53866577148438,1023.6021118164062,876.5615844726562
ID_E7haV4.jpeg,healthy,0.3155418932437897,1397.301025390625,112.61768341064453,2867.62744140625,2298.145751953125
ID_RO5ieN.jpg,healthy,0.32809847593307495,1583.88671875,184.7827606201172,4051.939697265625,2012.951416015625
ID_zkdTGk.jpg,None,,,,,
ID_ZR2coE.jpg,healthy,0.3198932409286499,63.8632698059082,31.93475914001465,337.1127014160156,265.8682556152344
ID_VzT72C.jpeg,cssvd,0.7856923937797546,0.0,150.3765106201172,2564.521484375,2581.81494140625
ID_VzT72C.jpeg,cssvd,0.3685908615589142,364.0343933105469,63.96569061279297,3024.0,2717.28466796875
ID_QcvY64.jpeg,cssvd,0.4644455909729004,0.0,82.94319915771484,3431.796142578125,2377.57470703125
ID_QcvY64.jpeg,cssvd,0.40599435567855835,159.29714965820312,1566.8975830078125,1899.4305419921875,2980.748291015625
ID_xQH3S6.jpeg,healthy,0.5117965936660767,2105.344970703125,352.0954284667969,4032.0,2339.90087890625
ID_xQH3S6.jpeg,healthy,0.30851179361343384,1288.450439453125,691.799560546875,2671.219482421875,3024.0
ID_dizWLx.jpg,cssvd,0.5011082291603088,558.3697509765625,21.227783203125,1442.105712890625,1067.6649169921875
ID_EQ9YWy.jpg,cssvd,0.3389918804168701,212.33197021484375,664.5711669921875,2711.6064453125,1777.5733642578125
ID_NIl2vH.jpeg,healthy,0.3586851954460144,319.8299255371094,6.889190673828125,1264.3634033203125,564.224609375
ID_AZMNHM.jpeg,cssvd,0.850419282913208,55.195892333984375,151.08135986328125,3561.319091796875,2374.098876953125
ID_AZMNHM.jpeg,cssvd,0.2821960151195526,897.610107421875,174.26824951171875,4032.0,2343.99560546875
ID_u9M7lL.jpeg,healthy,0.2650611400604248,372.0129699707031,0.0,3558.939453125,1114.671630859375
ID_SyT2xj.jpg,anthracnose,0.37452051043510437,13.854223251342773,785.6257934570312,3677.121826171875,3096.0
ID_YOPMwb.jpg,cssvd,0.3842840790748596,109.23373413085938,472.2830505371094,2859.71923828125,1943.7059326171875
ID_MKDqil.jpg,cssvd,0.3868671655654907,23.659658432006836,197.5159912109375,786.9405517578125,976.6672973632812
ID_vdGXxv.jpg,healthy,0.4147733151912689,690.3869018554688,287.2559814453125,1441.806884765625,931.6165771484375
ID_vdGXxv.jpg,cssvd,0.36105263233184814,669.156494140625,285.95697021484375,1436.433837890625,930.2175903320312
ID_z3a4Pz.jpg,anthracnose,0.2805972695350647,0.0,68.7891845703125,1690.29052734375,1260.05517578125
ID_EGzXyJ.jpg,None,,,,,
ID_xUaz1f.jpg,cssvd,0.5161892771720886,0.0,1.624131202697754,905.1033935546875,697.156982421875
ID_oBo2uW.jpeg,healthy,0.5683039426803589,177.69985961914062,77.43096923828125,3400.981689453125,1687.1998291015625
ID_loMvz3.jpeg,healthy,0.6636486649513245,0.0,862.053955078125,2968.323974609375,3369.278076171875
ID_KCP4Sw.jpg,cssvd,0.8119476437568665,0.0,21.296653747558594,893.4945678710938,613.79443359375
ID_LADJTN.jpeg,cssvd,0.40281879901885986,410.3646240234375,965.4193725585938,2345.552490234375,3911.968994140625
ID_LADJTN.jpeg,cssvd,0.31102728843688965,525.931884765625,174.679443359375,2128.010009765625,3139.67822265625
ID_Ymp9xT.jpg,cssvd,0.5415170192718506,80.5650634765625,162.9306640625,1758.69580078125,1513.890625
ID_Ymp9xT.jpg,cssvd,0.4994540214538574,307.080322265625,119.17529296875,1428.6678466796875,1473.416015625
ID_jV4fto.jpg,cssvd,0.6973128914833069,39.363861083984375,149.36904907226562,1129.27880859375,822.3807983398438
ID_fWXNNI.jpg,cssvd,0.5306602120399475,63.645328521728516,222.36410522460938,1407.311279296875,2448.0
ID_fWXNNI.jpg,cssvd,0.5057528614997864,267.3393859863281,38.19144058227539,1415.78173828125,2000.0350341796875
ID_NOFmdO.jpg,anthracnose,0.60414057970047,0.0,231.455078125,1727.780517578125,1340.973388671875
ID_NOFmdO.jpg,anthracnose,0.44303271174430847,265.373779296875,176.83642578125,2043.576171875,1345.4384765625
ID_dPWfDI.JPG,None,,,,,
ID_TTSL8r.JPG,cssvd,0.2556394040584564,46.52497100830078,450.63726806640625,2526.701416015625,2013.4149169921875
ID_XMbiwv.jpg,cssvd,0.3838585615158081,102.02099609375,0.0,989.2860107421875,532.3997802734375
ID_KoFvdp.jpg,cssvd,0.6164106130599976,0.0,126.2786865234375,1080.6214599609375,949.6510009765625
ID_laVQRn.jpeg,anthracnose,0.26545196771621704,1114.1004638671875,0.0,3732.81689453125,1426.418212890625
ID_BhKgBW.jpg,cssvd,0.8004687428474426,3.5329437255859375,129.29107666015625,1162.8865966796875,960.0
ID_ooG7KY.jpg,anthracnose,0.4080571234226227,262.429443359375,506.847900390625,2033.1474609375,1579.3935546875
ID_ooG7KY.jpg,healthy,0.3715858459472656,55.76529312133789,0.0,1400.65966796875,1234.150390625
ID_ooG7KY.jpg,healthy,0.330139696598053,229.38851928710938,522.1551513671875,2035.0960693359375,1577.0040283203125
ID_g4lg7p.jpg,cssvd,0.3883397579193115,465.3033752441406,131.0287322998047,2674.568603515625,2066.380859375
ID_g4lg7p.jpg,cssvd,0.274611234664917,1014.0303955078125,30.197980880737305,3047.187744140625,2004.1826171875
ID_g4lg7p.jpg,cssvd,0.25026872754096985,653.363525390625,359.9306945800781,2373.80322265625,2102.25341796875
ID_BMR78x.jpg,cssvd,0.43589919805526733,1139.1171875,180.8396453857422,2888.413330078125,1760.653564453125
ID_ZcnJnE.jpeg,cssvd,0.3093498945236206,57.517921447753906,0.0,2914.073486328125,1798.2034912109375
ID_ggiw4m.jpg,healthy,0.5565648078918457,89.84523010253906,135.55697631835938,327.6871337890625,403.8175964355469
ID_ggiw4m.jpg,healthy,0.4808330237865448,117.91399383544922,0.9502143263816833,327.8078918457031,199.47317504882812
ID_ggiw4m.jpg,healthy,0.29870370030403137,0.0,147.2971649169922,343.63714599609375,409.7917175292969
ID_ggiw4m.jpg,healthy,0.2649759352207184,88.0595703125,157.92979431152344,309.9129333496094,346.0732116699219
ID_loZek4.jpeg,healthy,0.403426855802536,365.8423156738281,223.11984252929688,3207.075439453125,1390.39990234375
ID_loZek4.jpeg,healthy,0.3451261818408966,325.43634033203125,1045.0074462890625,1796.5621337890625,1800.0
ID_PP5TqC.jpg,cssvd,0.26373493671417236,0.0,653.1400146484375,2524.34228515625,2426.6591796875
ID_nyecpJ.jpg,cssvd,0.2804390490055084,459.703369140625,502.9634094238281,1331.698974609375,1490.83837890625
ID_A4ZdJC.jpeg,None,,,,,
ID_pu7dUH.jpg,cssvd,0.4276849329471588,0.0,9.251432418823242,906.3203125,810.0
ID_pu7dUH.jpg,cssvd,0.2939901649951935,93.08106231689453,0.0,971.166748046875,631.936767578125
ID_WHOggx.jpg,cssvd,0.5037223696708679,230.5280303955078,124.1766357421875,1237.991943359375,671.2969970703125
ID_WHOggx.jpg,healthy,0.29105064272880554,442.1511535644531,567.0347290039062,1257.641845703125,960.0
ID_UgxSUm.jpeg,healthy,0.47737494111061096,1003.097900390625,518.3668823242188,3879.376953125,1770.142822265625
ID_UgxSUm.jpeg,healthy,0.38882866501808167,1206.2293701171875,0.0,2917.284423828125,1143.4754638671875
ID_ymE9HE.jpg,healthy,0.6193364858627319,151.548095703125,201.79417419433594,363.80865478515625,362.9204406738281
ID_C0Uehq.jpg,cssvd,0.37216803431510925,0.0,76.16441345214844,926.715576171875,810.0
ID_VhNzV9.jpeg,cssvd,0.37001290917396545,80.77497863769531,815.3609619140625,3040.11767578125,2407.093505859375
ID_VhNzV9.jpeg,healthy,0.2571147382259369,2348.760986328125,1925.4619140625,4032.0,3003.986328125
ID_R8GMXi.jpg,healthy,0.46348440647125244,804.3494873046875,902.7896728515625,3199.207763671875,1995.8331298828125
ID_T8tTQr.jpeg,anthracnose,0.3481382727622986,356.67633056640625,1.5248059034347534,3507.990966796875,1367.79931640625
ID_Dz7nGM.jpeg,healthy,0.28990766406059265,564.8272094726562,0.0,3173.57666015625,3024.0
ID_Dz7nGM.jpeg,cssvd,0.28444379568099976,2924.526123046875,1338.453369140625,4032.0,3024.0
ID_j63MMY.jpeg,cssvd,0.5277100205421448,0.0,1130.2685546875,2400.25,3024.0
ID_j63MMY.jpeg,cssvd,0.4567924737930298,164.78741455078125,324.8275451660156,2560.545654296875,1569.752197265625
ID_xC735g.jpg,cssvd,0.31462016701698303,259.390380859375,85.31813049316406,798.3486328125,699.0466918945312
ID_s56Oky.jpg,cssvd,0.5295035243034363,0.0,7.625241279602051,942.9146118164062,791.4994506835938
ID_g0tFhP.jpeg,cssvd,0.28253814578056335,0.0,70.18766021728516,2835.100341796875,2314.486572265625
ID_WIPv18.jpg,None,,,,,
ID_cMaGkt.jpg,None,,,,,
ID_sWApFk.jpeg,healthy,0.3941679000854492,0.0,1321.71484375,2817.85205078125,4020.150390625
ID_sWApFk.jpeg,healthy,0.2613786458969116,668.3384399414062,1442.7899169921875,2930.145263671875,4030.04638671875
ID_DcMUYA.jpg,healthy,0.2789413630962372,941.417724609375,560.023681640625,2936.794677734375,1851.6865234375
ID_wSnNtD.JPG,healthy,0.4510941505432129,75.43270111083984,210.8646697998047,2873.9189453125,1801.3642578125
ID_wSnNtD.JPG,healthy,0.29006192088127136,4.3213348388671875,0.0,2702.542724609375,1317.1060791015625
ID_ras2bs.jpg,anthracnose,0.4421100318431854,67.72842407226562,300.0511169433594,1025.835205078125,705.5115356445312
ID_ras2bs.jpg,anthracnose,0.33568429946899414,131.6966552734375,282.86627197265625,1235.2037353515625,915.3436889648438
ID_ras2bs.jpg,anthracnose,0.32148873805999756,161.2340545654297,4.9793243408203125,1175.7889404296875,383.65789794921875
ID_kHJXVe.jpg,cssvd,0.43013888597488403,38.399169921875,231.2222900390625,1664.4420166015625,1379.791259765625
ID_xhV160.jpeg,healthy,0.6005076766014099,0.0,319.6579895019531,2952.027099609375,3705.8154296875
ID_xhV160.jpeg,healthy,0.33642134070396423,258.3186340332031,0.0,2662.3564453125,2900.7548828125
ID_xhV160.jpeg,healthy,0.26084980368614197,227.22238159179688,1048.097412109375,2899.815673828125,3995.564453125
ID_sBkTP4.jpg,cssvd,0.31885987520217896,25.773086547851562,254.31906127929688,1016.3004150390625,799.487060546875
ID_fYpTjz.jpeg,anthracnose,0.36843612790107727,359.13104248046875,543.1082153320312,3279.09521484375,2312.8779296875
ID_yWCG8L.jpg,healthy,0.30004093050956726,876.2645874023438,1562.3223876953125,2072.749755859375,2380.373046875
ID_G88tEZ.JPG,cssvd,0.41376152634620667,532.98681640625,0.0,2173.302978515625,1887.588623046875
ID_h4jJyb.jpg,cssvd,0.7245168089866638,18.871002197265625,16.167755126953125,1129.9876708984375,781.0922241210938
ID_hyg7lD.jpeg,healthy,0.6356951594352722,673.741943359375,2007.7652587890625,3417.582275390625,3000.558349609375
ID_hyg7lD.jpeg,healthy,0.5394750833511353,656.3550415039062,575.6367797851562,3385.96240234375,2162.63671875
ID_hyg7lD.jpeg,healthy,0.29059749841690063,491.616455078125,0.0,3914.189697265625,1889.820068359375
ID_xjnuvj.jpg,healthy,0.5247570872306824,43.49671936035156,122.2063980102539,355.95159912109375,313.4885559082031
ID_dVZmRt.jpeg,healthy,0.4074441194534302,0.0,350.3961486816406,3358.78857421875,2411.06591796875
ID_dVZmRt.jpeg,healthy,0.38258612155914307,0.0,0.0,3176.772216796875,1309.04150390625
ID_MISf6G.jpeg,None,,,,,
ID_UMhEPd.jpeg,cssvd,0.3737906515598297,183.3184814453125,488.48388671875,567.9573974609375,1280.0
ID_vOd4du.jpeg,healthy,0.5022327899932861,281.4245300292969,64.94819641113281,3198.415283203125,1262.5662841796875
ID_u4wMMp.jpg,None,,,,,
ID_xEe0aD.jpg,anthracnose,0.3488485813140869,44.53074645996094,339.9989318847656,2499.67822265625,3879.364013671875
ID_xMdu8u.jpg,cssvd,0.35425570607185364,0.0,11.305317878723145,898.476806640625,810.0
ID_nFwzTz.jpeg,cssvd,0.42933189868927,116.22113037109375,95.09720611572266,3531.75732421875,2182.599853515625
ID_AypcIr.jpeg,healthy,0.5230253338813782,376.190185546875,51.892547607421875,1246.8712158203125,430.8841552734375
ID_deLiI1.jpeg,cssvd,0.6985408663749695,140.26573181152344,24.23494529724121,3489.154052734375,2372.508056640625
ID_deLiI1.jpeg,cssvd,0.4463196396827698,722.16064453125,0.0,3751.16455078125,2108.022705078125
ID_Lm86ip.jpg,cssvd,0.7804481387138367,0.0,13.507518768310547,920.1181640625,688.2575073242188
ID_SEpvrY.jpeg,cssvd,0.3356771469116211,57.676055908203125,722.4456787109375,2954.388671875,2002.6214599609375
ID_HXYnQl.jpeg,cssvd,0.35322511196136475,1000.814208984375,137.0013885498047,3770.35546875,2491.5966796875
ID_wlkIm8.jpg,cssvd,0.6200226545333862,356.6342468261719,329.455078125,2732.574951171875,1723.4844970703125
ID_FfJt83.JPG,healthy,0.3896861970424652,0.0,328.5078125,2799.575439453125,2388.582275390625
ID_SwIxej.jpg,cssvd,0.4642948508262634,142.62974548339844,0.0,1039.361572265625,789.2599487304688
ID_SwIxej.jpg,cssvd,0.30143600702285767,0.0,0.0,860.4190673828125,806.1839599609375
ID_OGZ0NT.jpeg,cssvd,0.4806402325630188,0.0,308.2311706542969,2725.078369140625,2207.37744140625
ID_CqDi1f.jpg,cssvd,0.3798534572124481,0.0,57.68974685668945,779.4324340820312,967.9320678710938
ID_y680f0.jpeg,cssvd,0.5845494866371155,315.28021240234375,869.7356567382812,2728.822021484375,3979.490966796875
ID_VxelQD.jpg,healthy,0.2576984465122223,870.4240112304688,265.6371765136719,3115.0048828125,1765.0382080078125
ID_BB69K4.jpg,cssvd,0.358223021030426,0.0,996.9260864257812,3240.705322265625,3096.0
ID_wUf2JH.jpg,cssvd,0.7330136299133301,15.048904418945312,120.18943786621094,1155.8450927734375,960.0
ID_pIZoja.jpeg,healthy,0.46518054604530334,394.224853515625,185.55401611328125,3606.334228515625,1775.7379150390625
ID_XlQcW0.JPG,cssvd,0.3741269111633301,0.0,221.91683959960938,2924.0810546875,2054.8115234375
ID_yxPJao.jpg,None,,,,,
ID_xjXxDQ.jpg,None,,,,,
ID_E27ZzV.jpg,None,,,,,
ID_QtgSTU.JPG,cssvd,0.3851214051246643,0.0,2.8505401611328125,2863.302001953125,2448.0
ID_dysUbD.jpg,cssvd,0.6086234450340271,9.4158935546875,1.7120361328125,1151.645751953125,930.4603271484375
ID_Byn4Lt.JPG,healthy,0.3809516131877899,1135.658935546875,826.96923828125,2853.84814453125,2175.14306640625
ID_Byn4Lt.JPG,healthy,0.32328107953071594,1081.5189208984375,1947.8795166015625,2281.95849609375,2444.977294921875
ID_u9WVkY.jpeg,cssvd,0.38329336047172546,833.2996826171875,384.35443115234375,4032.0,3006.64599609375
ID_xQCzG9.jpg,cssvd,0.427791029214859,880.753662109375,45.26856994628906,1817.82080078125,1830.0257568359375
ID_xQCzG9.jpg,cssvd,0.4087999761104584,1932.1253662109375,60.094215393066406,3243.524658203125,2019.335693359375
ID_u0rBGo.jpg,cssvd,0.271369606256485,893.7931518554688,403.9053039550781,2121.520751953125,1590.16259765625
ID_dQUYHz.jpg,cssvd,0.8101899027824402,11.06231689453125,101.43394470214844,1148.2825927734375,922.5213623046875
ID_W1qnJU.jpg,None,,,,,
ID_kzvDfU.jpg,cssvd,0.8125312328338623,10.388031005859375,62.861480712890625,1140.8807373046875,891.800537109375
ID_kzvDfU.jpg,cssvd,0.3170728087425232,197.65151977539062,141.59713745117188,1280.0,920.2874755859375
ID_VKEJtT.jpg,cssvd,0.3836832344532013,284.7364501953125,297.06329345703125,1236.607666015625,874.1895141601562
ID_mn0W1x.jpeg,cssvd,0.6126561760902405,214.90185546875,678.876220703125,2131.72021484375,3016.2431640625
ID_mn0W1x.jpeg,cssvd,0.2915375828742981,105.55709838867188,8.552238464355469,2570.572021484375,2316.688720703125
ID_Genxyu.jpg,cssvd,0.2838141620159149,1078.3428955078125,827.461669921875,3134.4638671875,1788.55126953125
ID_RFzAKt.jpg,cssvd,0.5516849160194397,26.181182861328125,1.2531661987304688,976.4042358398438,618.8201293945312
ID_y48AlE.jpeg,cssvd,0.4543391764163971,0.0,96.58097839355469,3660.2001953125,2690.19677734375
ID_WkurxP.jpg,cssvd,0.5195223093032837,128.8812255859375,55.497779846191406,1080.0,807.14794921875
ID_WkurxP.jpg,cssvd,0.47127625346183777,0.0,0.0,860.30322265625,805.4246215820312
ID_cJnedj.jpg,healthy,0.2681497037410736,672.93896484375,150.5372314453125,1740.72802734375,809.4342041015625
ID_W4FtX5.jpeg,anthracnose,0.34436124563217163,566.7783813476562,0.0,3394.57177734375,1389.7235107421875
ID_JbpQxv.jpg,cssvd,0.5756568908691406,14.390652656555176,124.83041381835938,832.697998046875,800.5849609375
ID_CP7YI8.jpg,cssvd,0.7267252802848816,12.4609375,36.63543701171875,1156.5987548828125,960.0
ID_IQXVr3.jpg,healthy,0.37346893548965454,81.92765045166016,117.79734802246094,275.55535888671875,285.8663024902344
ID_RhqCpy.jpg,cssvd,0.6724791526794434,0.0,13.171234130859375,1111.102783203125,960.0
ID_kHv0oq.jpeg,cssvd,0.40816783905029297,842.2966918945312,31.556594848632812,3862.6787109375,1643.469482421875
ID_rDTwtK.jpg,anthracnose,0.43868547677993774,607.1201171875,106.67385864257812,2413.7177734375,1683.5787353515625
ID_JlqtTb.jpg,cssvd,0.5833292603492737,0.0,0.0,924.162841796875,640.3495483398438
ID_jLH9Ls.jpg,cssvd,0.30602824687957764,24.322433471679688,361.639404296875,831.9488525390625,1280.0
ID_NoKFT1.jpeg,healthy,0.47490203380584717,0.0,0.0,3138.625,1583.8099365234375
ID_NoKFT1.jpeg,healthy,0.4533044397830963,37.580963134765625,432.1418151855469,3367.907470703125,2050.2255859375
ID_NoKFT1.jpeg,healthy,0.30460822582244873,515.1953125,0.0,2596.972900390625,949.8535766601562
ID_ZLCtK8.jpeg,anthracnose,0.7254096269607544,170.99838256835938,7.324172496795654,3677.8427734375,2105.44873046875
ID_rcw57Y.JPG,None,,,,,
ID_MZzLPS.jpg,cssvd,0.8184439539909363,0.0,0.0,919.2456665039062,594.3958129882812
ID_qnh2w8.jpg,anthracnose,0.26255127787590027,0.0,149.11196899414062,3566.026123046875,2692.472900390625
ID_ZAPBMc.jpg,None,,,,,
ID_fnfBmB.jpg,cssvd,0.5842961668968201,14.203777313232422,17.687387466430664,832.2308959960938,712.1925659179688
ID_RVvzmV.jpeg,healthy,0.44635772705078125,643.1004638671875,641.00927734375,3980.966064453125,2508.874267578125
ID_DzdeNP.jpg,healthy,0.6211273670196533,0.0,93.70598602294922,364.8273620605469,400.5788879394531
ID_DzdeNP.jpg,healthy,0.2936721742153168,52.01120376586914,110.52220916748047,416.0,394.8736877441406
ID_MgUkMn.jpeg,None,,,,,
ID_Ut8r1t.jpg,cssvd,0.7244875431060791,0.0,0.0,907.8178100585938,622.46337890625
ID_yFxM4p.jpg,healthy,0.579520046710968,130.75460815429688,309.972900390625,2824.016845703125,1821.32080078125
ID_hJ9RCx.jpeg,None,,,,,
ID_lGeS0D.jpg,healthy,0.3053426444530487,48.710201263427734,308.6172790527344,268.3685302734375,405.2048034667969
ID_A1HcV0.jpeg,healthy,0.31173181533813477,3.3234670162200928,0.0,2596.240966796875,1637.592041015625
ID_A1HcV0.jpeg,healthy,0.29752326011657715,1.0011978149414062,0.0,2654.1220703125,1134.24560546875
ID_A1HcV0.jpeg,healthy,0.2654840648174286,744.693115234375,827.8530883789062,3781.16162109375,3015.84033203125
ID_SXgYVp.jpg,healthy,0.7354350686073303,449.30908203125,930.606201171875,1863.795654296875,1733.8131103515625
ID_whmkuD.jpg,None,,,,,
ID_WILZpn.jpg,cssvd,0.6950492262840271,0.0,32.205963134765625,1061.3519287109375,752.8775024414062
ID_OF78RK.jpeg,cssvd,0.7129610776901245,71.20039367675781,375.2845458984375,3556.22119140625,2477.32470703125
ID_d9Rp5A.jpeg,cssvd,0.39526286721229553,30.915525436401367,750.615234375,2964.105712890625,2986.30322265625
ID_d9Rp5A.jpeg,healthy,0.2895999252796173,111.31944274902344,0.0,2869.956298828125,959.2738647460938
ID_XIQOkX.jpg,healthy,0.5575425624847412,28.33709716796875,5.95245361328125,1060.9136962890625,676.0662841796875
ID_bu0b88.jpg,cssvd,0.31801578402519226,601.1455688476562,224.20416259765625,2777.222900390625,1935.8270263671875
ID_OQADav.jpg,cssvd,0.574969470500946,251.09817504882812,317.7272033691406,960.0,1280.0
ID_XWdLBZ.jpg,anthracnose,0.5233963131904602,44.35359191894531,815.8768920898438,3253.548095703125,2776.810302734375
ID_JfM7dx.jpg,cssvd,0.5094963908195496,804.2593383789062,327.887451171875,1919.14404296875,1142.7373046875
ID_JfM7dx.jpg,cssvd,0.4181768000125885,74.06259155273438,630.641357421875,1097.9283447265625,1415.0478515625
ID_bOtZ4G.JPG,healthy,0.6291143298149109,0.0,605.9041748046875,2769.435546875,2349.1923828125
ID_bOtZ4G.JPG,healthy,0.3543982207775116,257.0978088378906,0.0,2273.3583984375,866.699951171875
ID_bOtZ4G.JPG,healthy,0.32842394709587097,99.47454833984375,23.98261070251465,2700.2119140625,1402.5255126953125
ID_bOtZ4G.JPG,healthy,0.31355878710746765,689.412109375,4.269390106201172,3264.0,1012.3994750976562
ID_bOtZ4G.JPG,healthy,0.2608596384525299,607.949462890625,698.77197265625,3264.0,2328.5537109375
ID_ByeZGA.jpg,cssvd,0.7575068473815918,0.0,11.964035034179688,1053.39111328125,771.4024047851562
ID_oLdD1g.jpeg,anthracnose,0.5322436690330505,0.0,381.5045166015625,2611.71142578125,2170.049072265625
ID_c7a5gM.jpeg,healthy,0.4894091486930847,0.0,333.4007873535156,3435.890625,2484.1513671875
ID_c7a5gM.jpeg,cssvd,0.3406917154788971,516.5070190429688,280.2087097167969,4027.92529296875,2474.105224609375
ID_Pt0I7A.jpeg,healthy,0.5211116671562195,399.05401611328125,264.6971740722656,913.685546875,575.3635864257812
ID_Pt0I7A.jpeg,healthy,0.33125749230384827,446.8450927734375,1.4222240447998047,910.8236694335938,319.65869140625
ID_iUsEQV.jpg,None,,,,,
ID_YqssVm.jpg,None,,,,,
ID_MzjZem.jpeg,cssvd,0.6592060327529907,193.09877014160156,701.0647583007812,2108.143798828125,3006.364990234375
ID_MzjZem.jpeg,cssvd,0.28638410568237305,153.79051208496094,3.5659561157226562,2064.522216796875,2694.8017578125
ID_g4XGP8.jpg,cssvd,0.7369568943977356,1.3157844543457031,179.60934448242188,860.0330200195312,810.0
ID_j45oce.jpeg,cssvd,0.410310834646225,310.8677673339844,10.242080688476562,1247.707763671875,398.53948974609375
ID_j45oce.jpeg,healthy,0.3232307434082031,197.8752899169922,291.2379150390625,754.9874877929688,576.0
ID_Fb4rRp.jpg,None,,,,,
ID_tjZYmM.jpg,healthy,0.49000585079193115,471.8080139160156,69.82772827148438,1740.8177490234375,1104.78759765625
ID_tjZYmM.jpg,cssvd,0.43556568026542664,735.9788208007812,618.4908447265625,2455.538818359375,1474.3363037109375
ID_tjZYmM.jpg,cssvd,0.29402098059654236,709.8054809570312,1282.8570556640625,2423.853515625,2284.48486328125
ID_YBVOuf.jpg,None,,,,,
ID_nztqNY.jpg,healthy,0.26288583874702454,1433.2283935546875,699.3963623046875,2427.9794921875,2242.80224609375
ID_hwc9lN.jpeg,cssvd,0.5313753485679626,152.45819091796875,67.79801177978516,3392.724853515625,1653.3692626953125
ID_niJqUH.jpg,healthy,0.5240782499313354,285.96197509765625,273.7213134765625,1065.401611328125,812.91943359375
ID_N0xnjL.jpg,cssvd,0.43193748593330383,6.369838714599609,173.52365112304688,810.0,1074.85400390625
ID_QJU0Hd.jpeg,healthy,0.482084721326828,361.07574462890625,117.59603881835938,2710.820068359375,3414.005615234375
ID_QJU0Hd.jpeg,cssvd,0.29483404755592346,382.6692810058594,839.8895874023438,2773.476806640625,3930.488525390625
ID_gUL19k.jpg,healthy,0.3435540199279785,27.5137939453125,93.06640625,1826.0107421875,1385.957275390625
ID_XEfi5Q.jpg,cssvd,0.516390323638916,274.765869140625,160.2523193359375,1805.65185546875,1034.824951171875
ID_fWyBOZ.jpg,cssvd,0.6961104869842529,39.3658447265625,71.67953491210938,1208.5120849609375,928.5245971679688
ID_rp6bRP.jpg,healthy,0.6761698126792908,224.65162658691406,780.11376953125,2942.36328125,2066.810546875
ID_XAcZ89.jpeg,healthy,0.528490424156189,307.59222412109375,63.75762939453125,974.0221557617188,502.95947265625
ID_MTiY0w.jpeg,None,,,,,
ID_zgeF64.jpg,cssvd,0.4310976564884186,307.39306640625,229.938720703125,1961.218017578125,1521.809326171875
ID_zgeF64.jpg,cssvd,0.27677372097969055,719.0342407226562,42.398681640625,1826.361328125,929.7383422851562
ID_zgeF64.jpg,cssvd,0.25407102704048157,744.2557373046875,49.0201416015625,1756.3353271484375,562.7301025390625
ID_oN03zx.jpg,cssvd,0.5034151077270508,141.7486572265625,44.84331130981445,996.0206298828125,652.10693359375
ID_JB5iiu.JPG,healthy,0.5190687775611877,1072.3450927734375,496.34716796875,2088.1201171875,1179.3104248046875
ID_JB5iiu.JPG,healthy,0.3389787971973419,0.4894866645336151,1334.8394775390625,1145.3028564453125,2062.13818359375
ID_IjYDze.jpg,cssvd,0.41481688618659973,76.63131713867188,0.0,941.06298828125,479.1492004394531
ID_vznFRe.jpeg,anthracnose,0.2716793417930603,0.0,276.3714294433594,3413.5673828125,2347.437744140625
ID_C0Cmx7.jpg,cssvd,0.33765652775764465,1865.8465576171875,0.0,3250.50244140625,1542.9527587890625
ID_kh5ilZ.JPG,None,,,,,
ID_p4aJv5.jpg,cssvd,0.5543379187583923,192.62939453125,0.0,1011.9444580078125,418.59844970703125
ID_p4aJv5.jpg,cssvd,0.3212873637676239,246.41140747070312,0.0,821.23828125,434.3527526855469
ID_Tgr1P1.jpeg,None,,,,,
ID_aMdVkL.JPG,cssvd,0.46795928478240967,2310.292724609375,1315.062255859375,3264.0,1989.180419921875
ID_aMdVkL.JPG,cssvd,0.3619456887245178,2644.07080078125,138.33465576171875,3264.0,1303.3939208984375
ID_aMdVkL.JPG,cssvd,0.29644304513931274,1408.3408203125,645.5076293945312,2490.779296875,1430.7117919921875
ID_LkGCye.jpeg,cssvd,0.6798540949821472,225.1042022705078,230.7818603515625,640.1580810546875,457.03466796875
ID_LkGCye.jpeg,cssvd,0.45774272084236145,759.6851806640625,175.07577514648438,1277.6783447265625,446.9151916503906
ID_ZkKMR6.jpg,cssvd,0.7186647653579712,0.0,80.78529357910156,1119.2113037109375,927.4445190429688
ID_uxGyKi.jpg,healthy,0.37052252888679504,517.172607421875,706.3502197265625,966.72900390625,1085.260498046875
ID_vmENtL.jpg,cssvd,0.791473925113678,0.0,1.73797607421875,1086.503173828125,802.8336791992188
ID_jqWVUC.jpeg,None,,,,,
ID_NHHRG9.jpg,anthracnose,0.4314383566379547,28.7198486328125,259.898681640625,1717.970947265625,1092.2232666015625
ID_SFMi0L.jpeg,anthracnose,0.48763611912727356,0.0,198.82595825195312,3273.0087890625,2237.990966796875
ID_o3rhh5.jpg,cssvd,0.3566819727420807,28.63298988342285,0.0,880.9906005859375,427.4562683105469
ID_o3rhh5.jpg,cssvd,0.33904871344566345,21.07765769958496,348.2740478515625,743.2987670898438,802.9702758789062
ID_KmwJ73.jpg,None,,,,,
ID_sqjPvs.jpg,healthy,0.385790079832077,1.3493871688842773,43.82341384887695,686.0902099609375,700.853515625
ID_z2lQYj.jpg,cssvd,0.7424077391624451,0.0,0.0,899.23095703125,665.0026245117188
ID_Josquf.JPG,healthy,0.5870409607887268,0.0,419.0509948730469,2773.31640625,1895.11181640625
ID_Josquf.JPG,healthy,0.5443146824836731,0.0,0.0,2575.48095703125,1088.51220703125
ID_VS5coP.jpeg,None,,,,,
ID_GOuZI2.jpg,healthy,0.2626250088214874,1157.8204345703125,1374.2320556640625,1926.3900146484375,2797.559326171875
ID_sw44Lu.jpeg,cssvd,0.7007462382316589,640.608642578125,0.0,3609.67626953125,2481.419921875
ID_sw44Lu.jpeg,cssvd,0.3051811754703522,766.5509643554688,0.0,3017.605712890625,2221.5380859375
ID_dFCixl.jpg,cssvd,0.39842548966407776,0.0,836.6630249023438,3515.966064453125,3096.0
ID_JIXDdd.jpeg,None,,,,,
ID_TAZIJ7.jpeg,None,,,,,
ID_pn5Moa.jpeg,cssvd,0.39313021302223206,557.861328125,0.0,3633.35302734375,3024.0
ID_bdRL7B.jpeg,None,,,,,
ID_zjLRFm.JPG,healthy,0.5565926432609558,0.0,868.0693969726562,2412.503173828125,2387.85791015625
ID_zjLRFm.JPG,healthy,0.40111467242240906,1636.410400390625,1441.266845703125,2703.98046875,2321.287353515625
ID_LqD6nA.jpeg,healthy,0.5465389490127563,0.0,201.06651306152344,3395.047119140625,2219.60107421875
ID_w4Fsqv.jpeg,anthracnose,0.28736600279808044,0.0,296.52252197265625,3443.61474609375,2514.268310546875
ID_nLjVPq.jpeg,cssvd,0.5473929047584534,345.0875244140625,245.3946990966797,3249.145751953125,1800.0
ID_jxvYQ8.JPG,cssvd,0.34417077898979187,17.282421112060547,216.1501922607422,2631.7275390625,1832.199462890625
ID_jxvYQ8.JPG,healthy,0.33461859822273254,1077.4700927734375,1502.4486083984375,3053.243408203125,2375.6328125
ID_s8kkQp.jpg,None,,,,,
ID_JYM214.jpg,cssvd,0.702610433101654,0.0,26.981048583984375,1124.1387939453125,836.0413818359375
ID_fYQixb.jpeg,None,,,,,
ID_YMWl03.jpg,cssvd,0.4134005308151245,37.520751953125,359.7091064453125,1723.6212158203125,1459.644287109375
ID_cb1Wwh.jpg,cssvd,0.34229162335395813,1059.5164794921875,225.45530700683594,2415.139404296875,2316.98388671875
ID_cb1Wwh.jpg,cssvd,0.2650408446788788,2445.89013671875,2.5776844024658203,3264.0,1510.489013671875
ID_Ivijgf.jpg,None,,,,,
ID_PSqZfs.jpg,cssvd,0.6254488825798035,3.2878873348236084,78.32635498046875,377.91864013671875,382.806396484375
ID_LzFwB3.jpg,anthracnose,0.6460931301116943,0.0,231.49520874023438,1091.858154296875,932.1641235351562
ID_LzFwB3.jpg,anthracnose,0.298622727394104,133.3294677734375,237.7532196044922,1218.575927734375,861.7822875976562
ID_NnZXiB.jpg,cssvd,0.8713338375091553,2.6995086669921875,51.80427551269531,1145.2279052734375,834.5391235351562
ID_yoaJnY.jpg,healthy,0.40463289618492126,697.5513916015625,1205.6800537109375,1602.841064453125,2263.814453125
ID_jIHTPo.jpg,cssvd,0.6895023584365845,16.0760498046875,14.780807495117188,1026.6192626953125,673.1299438476562
ID_jXoAFl.jpg,cssvd,0.688780665397644,52.949066162109375,203.66622924804688,1119.697265625,816.3668823242188
ID_S1PHIl.jpg,healthy,0.3347266912460327,155.22271728515625,237.08807373046875,457.8068542480469,422.5960388183594
ID_UbLWzh.jpg,cssvd,0.7009263634681702,0.0,37.79075622558594,1117.2142333984375,960.0
ID_XvjhVZ.JPG,healthy,0.3084280490875244,853.1612548828125,583.8589477539062,1960.957763671875,1748.2779541015625
ID_m8whrH.jpg,healthy,0.3945907652378082,0.0,125.62248229980469,361.8699951171875,396.76995849609375
ID_m8whrH.jpg,healthy,0.33414798974990845,24.280521392822266,12.357721328735352,225.1348876953125,238.21258544921875
ID_m8whrH.jpg,healthy,0.2522515058517456,14.135733604431152,0.0,390.78485107421875,283.626708984375
ID_qQRBL9.jpeg,cssvd,0.36463919281959534,54.846343994140625,130.38330078125,563.14697265625,927.2088623046875
ID_qQRBL9.jpeg,healthy,0.30018630623817444,59.74742889404297,429.0716247558594,541.980224609375,1125.5792236328125
ID_MF2EXB.jpg,cssvd,0.4342646598815918,0.949244499206543,200.3536834716797,799.5756225585938,1080.0
ID_kNIJrZ.jpeg,healthy,0.38269129395484924,88.84320068359375,1429.03857421875,2971.87158203125,3330.34326171875
ID_zpqJjo.jpg,None,,,,,
ID_dp4YLN.jpg,cssvd,0.6425322890281677,0.0,5.4461669921875,1108.3538818359375,840.1234130859375
ID_YdrGaW.jpg,cssvd,0.35292983055114746,195.88638305664062,162.06590270996094,723.9998779296875,824.3352661132812
ID_WSLns6.jpg,anthracnose,0.41906142234802246,522.6979370117188,331.4932861328125,4128.0,2966.90380859375
ID_YZMjWN.jpg,cssvd,0.2947797179222107,0.0,301.4817810058594,960.0,1276.38916015625
ID_TCRFEQ.JPG,healthy,0.3973667025566101,0.0,0.0,968.629150390625,516.47412109375
ID_TCRFEQ.JPG,healthy,0.38261866569519043,0.0,339.6883544921875,1761.9022216796875,1723.721435546875
ID_TCRFEQ.JPG,healthy,0.38229990005493164,1149.5576171875,790.4330444335938,1871.9305419921875,1352.1456298828125
ID_rJ0U1a.jpg,cssvd,0.6509684920310974,0.0,0.0,893.3668212890625,657.173828125
ID_VbcDXI.jpg,None,,,,,
ID_asy8YG.jpeg,None,,,,,
ID_KRBWR8.jpeg,cssvd,0.46351996064186096,1753.005615234375,0.0,3526.763671875,2467.5126953125
ID_KRBWR8.jpeg,healthy,0.3083943724632263,680.8070068359375,642.0452270507812,1693.6070556640625,1662.7542724609375
ID_KRBWR8.jpeg,cssvd,0.28911203145980835,1695.5574951171875,355.7059020996094,3163.45947265625,2559.097900390625
ID_TiQ6ML.jpg,cssvd,0.6190004944801331,17.055816650390625,271.7127990722656,611.00537109375,849.5733642578125
ID_LuM0zS.jpg,cssvd,0.6105902791023254,110.83305358886719,207.5757598876953,1145.7203369140625,781.3458862304688
ID_ZNZFXJ.jpg,cssvd,0.3099523186683655,60.259857177734375,93.85873413085938,1065.6165771484375,685.9667358398438
ID_WPRGm9.jpg,cssvd,0.6332979798316956,6.319305896759033,232.5818328857422,945.9141235351562,805.0283813476562
ID_li2g5F.jpeg,None,,,,,
ID_vpcwW4.jpeg,healthy,0.3217211067676544,1693.535888671875,206.802001953125,2671.42578125,1272.6151123046875
ID_KG6mrx.jpeg,None,,,,,
ID_Tm3kkv.jpeg,healthy,0.5499097108840942,0.0,0.0,3336.336181640625,1504.3922119140625
ID_Tm3kkv.jpeg,healthy,0.41344547271728516,0.0,434.7303466796875,3426.063720703125,2791.381103515625
ID_Tm3kkv.jpeg,healthy,0.252425879240036,68.63707733154297,0.0,3001.6806640625,1049.96142578125
ID_GCKgNj.jpg,cssvd,0.7493191957473755,122.3882064819336,576.1793212890625,2070.65673828125,1648.143798828125
ID_W0bQti.jpg,healthy,0.3320837616920471,427.0294494628906,351.41156005859375,2260.283447265625,1409.47314453125
ID_W0bQti.jpg,cssvd,0.2950974106788635,440.4819641113281,382.306396484375,2229.129150390625,1414.1820068359375
ID_wwzx75.jpg,cssvd,0.4341356158256531,0.0,98.695068359375,1873.91357421875,1446.658935546875
ID_vTg3mr.jpg,cssvd,0.7256296277046204,0.0,11.39254379272461,922.8619995117188,707.4060668945312
ID_o6Mto0.JPG,None,,,,,
ID_tTFNac.jpg,anthracnose,0.3462124168872833,254.0484619140625,213.6066436767578,1179.13232421875,679.7257080078125
ID_NGfv6g.jpeg,None,,,,,
ID_vG16Zg.jpeg,healthy,0.26866117119789124,0.0,96.00491333007812,2646.6591796875,3006.54296875
ID_RhFTLb.jpg,None,,,,,
ID_dfvqZz.jpg,cssvd,0.35627689957618713,184.85565185546875,222.41392517089844,717.0478515625,513.7345581054688
ID_kWKsnF.jpg,healthy,0.33742180466651917,2340.72802734375,1291.5047607421875,3230.480224609375,1874.8612060546875
ID_KtDmpI.jpg,None,,,,,
ID_SVJoQs.jpeg,healthy,0.27817511558532715,26.137845993041992,0.0,3313.157470703125,1760.62109375
ID_TEq9KZ.jpg,cssvd,0.5576208233833313,599.4415283203125,414.7567443847656,1999.5174560546875,1280.2557373046875
ID_TEq9KZ.jpg,cssvd,0.3034164011478424,56.0081787109375,1052.030029296875,601.3115234375,1534.925537109375
ID_AHlc9P.jpg,healthy,0.7472098469734192,222.78628540039062,411.1695861816406,2533.09326171875,1370.2486572265625
ID_AHlc9P.jpg,healthy,0.41001835465431213,498.6452941894531,446.1622314453125,2180.82177734375,1350.8582763671875
ID_BWl0VT.jpg,healthy,0.623995840549469,0.0,66.31428527832031,345.20074462890625,333.4859924316406
ID_BWl0VT.jpg,healthy,0.3884526193141937,1.102372169494629,0.0,200.44044494628906,227.6500244140625
ID_BWl0VT.jpg,healthy,0.33803048729896545,0.0,2.654783248901367,328.0195007324219,248.73545837402344
ID_BWl0VT.jpg,healthy,0.281683087348938,0.0,150.66665649414062,321.51953125,408.4061279296875
ID_BWl0VT.jpg,healthy,0.25013241171836853,0.7275009155273438,0.0,252.53318786621094,176.2303924560547
ID_aCgBad.jpg,cssvd,0.5380996465682983,297.8595886230469,269.9752502441406,1670.35302734375,2430.660888671875
ID_aCgBad.jpg,cssvd,0.26588234305381775,304.9891052246094,28.206960678100586,1905.55029296875,2091.60107421875
ID_gmo2BZ.jpg,cssvd,0.6996698379516602,0.0,72.1201171875,1677.269775390625,1236.359375
ID_TOmUKb.jpg,healthy,0.3931214511394501,14.988030433654785,74.85549926757812,271.9815979003906,310.2129211425781
ID_TOmUKb.jpg,healthy,0.32808640599250793,0.0,165.76162719726562,316.2442321777344,414.1876525878906
ID_TOmUKb.jpg,healthy,0.3264525532722473,108.64875793457031,184.13742065429688,366.43927001953125,413.9670104980469
ID_HSnv88.jpg,cssvd,0.45369404554367065,729.9796752929688,88.86695861816406,1258.3538818359375,959.1580810546875
ID_HSnv88.jpg,cssvd,0.26542478799819946,1.0540771484375,165.60348510742188,862.7554321289062,955.574462890625
ID_HSnv88.jpg,cssvd,0.25973209738731384,752.37548828125,10.03570556640625,1250.0673828125,764.1953735351562
ID_y01vv2.jpg,healthy,0.4202837347984314,0.0,7.772506237030029,346.2830810546875,370.1541748046875
ID_DFyyru.jpg,cssvd,0.7207388877868652,901.3972778320312,349.3080749511719,3093.890625,1608.5283203125
ID_vQJj2Y.jpg,None,,,,,
ID_LW5x6q.jpg,anthracnose,0.3370975852012634,50.40234375,521.4464111328125,1784.33349609375,1520.431640625
ID_IcsbIu.jpg,None,,,,,
ID_czKe5P.jpeg,healthy,0.3318414092063904,0.0,573.321044921875,2989.01904296875,3514.54052734375
ID_GV0avy.jpeg,None,,,,,
ID_JoCDQf.jpg,healthy,0.26657533645629883,17.344499588012695,75.497802734375,327.5404968261719,367.545166015625
ID_mPuur5.jpg,cssvd,0.2906223237514496,255.3209228515625,529.26123046875,1720.1260986328125,1326.14990234375
ID_DLYLty.jpg,cssvd,0.5204010009765625,710.308349609375,848.408447265625,1936.68212890625,1480.406494140625
ID_ZwY4OM.jpg,cssvd,0.48611700534820557,153.66165161132812,198.22537231445312,2688.111328125,1414.8792724609375
ID_ZwY4OM.jpg,cssvd,0.44936373829841614,153.67391967773438,1187.856201171875,2853.080810546875,2448.0
ID_rGRsVE.jpg,cssvd,0.747380793094635,0.0,39.3719482421875,1159.075927734375,842.8660278320312
ID_Qe7Lg1.jpeg,cssvd,0.5017343759536743,78.88553619384766,912.51123046875,2914.150146484375,4003.03515625
ID_Qe7Lg1.jpeg,cssvd,0.3744182586669922,131.4188690185547,0.0,2833.7958984375,3480.192138671875
ID_ekVh3Z.jpeg,cssvd,0.6483162641525269,411.2286376953125,0.0,3998.117431640625,3024.0
ID_JfmHHi.jpeg,None,,,,,
ID_M55N8h.jpg,cssvd,0.4235994219779968,82.09754943847656,159.95941162109375,1176.1097412109375,912.3701171875
ID_d6xoGf.jpg,cssvd,0.6538146734237671,0.0,0.0,1092.743408203125,732.0956420898438
ID_eCoRYk.jpeg,anthracnose,0.5206488370895386,0.0,117.85895538330078,3420.865234375,2517.262451171875
ID_TKpRMW.jpg,None,,,,,
ID_iKFHn5.jpg,healthy,0.6001238226890564,351.10980224609375,375.8588562011719,2937.607666015625,2303.105712890625
ID_pwg2a0.jpeg,None,,,,,
ID_zSiC0w.jpg,healthy,0.498576283454895,954.3497924804688,530.5420532226562,2961.853271484375,1891.10595703125
ID_TnbSXI.jpeg,cssvd,0.5359702706336975,145.3740997314453,834.1528930664062,3541.98291015625,2442.269775390625
ID_TnbSXI.jpeg,healthy,0.2950320243835449,0.0,51.29372024536133,3456.76171875,2016.682373046875
ID_h2CK7l.jpeg,cssvd,0.3844500482082367,631.7387084960938,1549.9036865234375,1688.0521240234375,4029.33837890625
ID_h2CK7l.jpeg,cssvd,0.3082815408706665,1676.10693359375,1849.6995849609375,2810.4775390625,3939.317138671875
ID_BWoPJE.jpg,anthracnose,0.5197653770446777,596.9459838867188,524.2094116210938,4128.0,2536.113525390625
ID_GAVVFt.jpg,anthracnose,0.48722922801971436,111.8067626953125,147.3941650390625,1842.07373046875,1191.518798828125
ID_Rs0rTN.jpg,None,,,,,
ID_s9aN3f.jpg,cssvd,0.44400596618652344,981.178955078125,722.4083862304688,1963.3055419921875,2301.366943359375
ID_s9aN3f.jpg,cssvd,0.390446275472641,910.9813842773438,214.72064208984375,1855.3046875,2021.8177490234375
ID_s9aN3f.jpg,cssvd,0.28213903307914734,42.54433822631836,1909.1875,1630.070556640625,3172.30517578125
ID_oU6d6Q.jpg,cssvd,0.48572292923927307,191.2379150390625,103.706787109375,1754.0225830078125,1267.285400390625
ID_oU6d6Q.jpg,cssvd,0.45221859216690063,393.502197265625,446.6358642578125,1624.809326171875,1225.66943359375
ID_oU6d6Q.jpg,cssvd,0.29439714550971985,321.59423828125,130.4033203125,1519.996337890625,1190.0760498046875
ID_MOZV95.jpg,cssvd,0.32883718609809875,0.0,371.77252197265625,2781.290771484375,2448.0
ID_BPRGb0.jpg,cssvd,0.590598464012146,0.0,201.7243194580078,1022.1574096679688,954.5740966796875
ID_BPRGb0.jpg,cssvd,0.35671374201774597,296.78985595703125,137.03857421875,1227.552490234375,946.9886474609375
ID_FI7oJn.jpg,cssvd,0.609950065612793,193.0396270751953,10.297164916992188,797.7332763671875,808.3267822265625
ID_xXnK2V.jpg,cssvd,0.7785733938217163,7.709054946899414,13.604722023010254,884.8826904296875,648.3660888671875
ID_pFpDqu.jpg,cssvd,0.4913235008716583,723.36962890625,387.977783203125,1988.239990234375,1242.7353515625
ID_QCZLFs.jpeg,cssvd,0.6057031750679016,2114.23779296875,810.1763916015625,4029.6181640625,3008.2734375
ID_QCZLFs.jpeg,cssvd,0.49527761340141296,2537.728271484375,72.0114974975586,4032.0,854.3712158203125
ID_QCZLFs.jpeg,cssvd,0.26243075728416443,1021.9083251953125,707.4973754882812,2216.1318359375,2995.5966796875
ID_HcsqZd.jpeg,None,,,,,
ID_Zz62xP.jpg,cssvd,0.34678253531455994,255.4124755859375,383.7113037109375,1152.509521484375,1621.2862548828125
ID_ZCMudK.jpg,healthy,0.3479292094707489,910.8206787109375,445.1609802246094,1675.009033203125,983.6411743164062
ID_ItkmQn.jpg,healthy,0.6658792495727539,0.0,35.226219177246094,322.3603515625,326.9095764160156
ID_ItkmQn.jpg,healthy,0.46972283720970154,12.753011703491211,60.63047790527344,279.66864013671875,346.5019836425781
ID_ItkmQn.jpg,healthy,0.3072151839733124,26.205528259277344,107.55362701416016,243.3711395263672,362.48394775390625
ID_y9PmTs.JPG,healthy,0.577984094619751,1261.77099609375,694.24560546875,2392.9736328125,1295.8675537109375
ID_GruvRf.jpeg,cssvd,0.5918225049972534,309.6714782714844,0.0,3666.73291015625,1533.60400390625
ID_GruvRf.jpeg,cssvd,0.5859309434890747,579.8535766601562,1260.093505859375,4027.968994140625,2995.6005859375
ID_GruvRf.jpeg,cssvd,0.40009772777557373,107.84793853759766,1231.34912109375,3393.789794921875,2952.22607421875
ID_LOckOg.jpeg,anthracnose,0.26553773880004883,281.1302490234375,311.9946594238281,3005.0478515625,2154.28662109375
ID_I5eBPX.jpeg,cssvd,0.4273868799209595,107.57131958007812,370.0667724609375,3495.432861328125,2380.229248046875
ID_lCVw1q.jpg,None,,,,,
ID_DdPn6R.jpg,anthracnose,0.29283177852630615,83.486083984375,440.0390625,1806.459716796875,1464.65625
ID_WQpdRN.jpg,healthy,0.534396231174469,216.8828125,283.852294921875,1806.43310546875,1364.144287109375
ID_sAx23j.jpg,None,,,,,
ID_QXeZ8d.jpeg,cssvd,0.2544757127761841,21.909332275390625,0.0,1095.263916015625,576.0
ID_chDAE3.jpeg,cssvd,0.4940251410007477,0.0,146.98548889160156,3454.7373046875,2375.30908203125
ID_rRNCOR.jpeg,healthy,0.6131999492645264,482.3473205566406,521.10205078125,2314.71435546875,3408.491943359375
ID_q6Rgy9.jpg,cssvd,0.6407492160797119,0.0,215.4439697265625,1798.408447265625,1526.8460693359375
ID_waQg2t.jpg,cssvd,0.7859334349632263,0.0,86.44119262695312,1164.629638671875,909.1318969726562
ID_MFOg23.jpg,cssvd,0.473760187625885,141.97280883789062,0.0,1222.452880859375,723.71533203125
ID_G7Rbzj.jpg,cssvd,0.6728589534759521,5.9264373779296875,5.79559326171875,1163.629150390625,860.77099609375
ID_ypcsKv.jpg,cssvd,0.2770076394081116,3.3267974853515625,6.593148708343506,788.4553833007812,681.9446411132812
ID_ypcsKv.jpg,cssvd,0.25959110260009766,0.0,130.81690979003906,774.6004028320312,1047.139404296875
ID_l7lYFT.jpg,anthracnose,0.4423763155937195,75.1385498046875,0.0,1110.58740234375,317.4568786621094
ID_wBDH5r.jpg,None,,,,,
ID_uINVVX.jpg,cssvd,0.7936225533485413,0.0,4.1338419914245605,983.1943359375,715.9529418945312
ID_Iz48Er.jpg,cssvd,0.6358054876327515,7.498321533203125,27.401657104492188,1145.9549560546875,765.5756225585938
ID_Iz48Er.jpg,cssvd,0.2556014358997345,299.8028564453125,22.417449951171875,1249.3282470703125,769.1886596679688
ID_phlu23.jpg,None,,,,,
ID_hz9Je6.jpg,healthy,0.41705918312072754,1330.91357421875,97.46278381347656,1813.72119140625,415.291259765625
ID_uPiHNH.jpeg,anthracnose,0.6132116913795471,70.46499633789062,6.304229259490967,3566.4052734375,2085.314208984375
ID_bJZocr.JPG,healthy,0.695472002029419,1268.313720703125,491.207763671875,2642.526123046875,1314.9429931640625
ID_UEtuEF.jpg,cssvd,0.4566049873828888,2323.619384765625,1406.475830078125,3264.0,2448.0
ID_UEtuEF.jpg,healthy,0.4261908233165741,236.7881622314453,1032.2955322265625,1434.9605712890625,1865.64306640625
ID_PuzySs.jpg,cssvd,0.6596567630767822,50.72593688964844,242.1436309814453,1063.40478515625,944.29833984375
ID_ttf2eL.JPG,cssvd,0.3749302625656128,50.031768798828125,209.37319946289062,3240.756591796875,2141.4580078125
ID_Un7EbF.jpeg,cssvd,0.6616528630256653,44.92665100097656,482.7348327636719,2718.1396484375,2430.276123046875
ID_MRAHmq.jpg,healthy,0.38103246688842773,137.88442993164062,0.34830284118652344,387.2980651855469,133.30606079101562
ID_MRAHmq.jpg,healthy,0.32189619541168213,39.27803039550781,77.26044464111328,385.5443115234375,346.37933349609375
ID_MRAHmq.jpg,healthy,0.29422369599342346,0.0,67.81131744384766,336.4379577636719,416.0
ID_zDhQnl.jpg,cssvd,0.3806810975074768,19.08402442932129,1.60050630569458,917.109619140625,443.3598327636719
ID_XVGCaw.jpg,cssvd,0.40942326188087463,1193.5263671875,0.0,2537.72216796875,776.095703125
ID_XVGCaw.jpg,cssvd,0.3141002058982849,269.1056213378906,576.543701171875,2725.752197265625,1828.755126953125
ID_XVGCaw.jpg,cssvd,0.26276135444641113,344.808349609375,699.1947631835938,2068.4482421875,2390.89892578125
ID_agHwYS.jpeg,cssvd,0.7046868801116943,60.86518096923828,26.810998916625977,3558.947998046875,2398.54736328125
ID_oiYNeG.jpeg,anthracnose,0.6481920480728149,0.0,114.83637237548828,3445.000732421875,2386.558349609375
ID_Sode5O.jpeg,cssvd,0.411711722612381,0.0,110.72535705566406,3432.165283203125,2512.455078125
ID_ooSmq3.jpg,cssvd,0.6408920884132385,0.0,92.96113586425781,975.0466918945312,791.8284301757812
ID_uCCU3R.jpeg,cssvd,0.3593599796295166,0.0,426.3655700683594,3464.7119140625,2668.515380859375
ID_clveDG.jpg,healthy,0.291758269071579,121.13227081298828,4.688512802124023,376.2164001464844,249.26853942871094
ID_MdOA7y.jpg,cssvd,0.6826670169830322,292.62451171875,360.1099853515625,1700.9384765625,1299.1807861328125
ID_iVdvqB.jpg,cssvd,0.6545358896255493,710.4803466796875,478.12420654296875,2084.87109375,2273.109130859375
ID_zzaEcN.jpg,healthy,0.32052987813949585,477.21319580078125,514.18701171875,982.0972290039062,930.377685546875
ID_CBsr8I.jpg,cssvd,0.4616844952106476,479.9596862792969,282.083251953125,1185.5478515625,1450.831298828125
ID_CBsr8I.jpg,cssvd,0.4089911878108978,488.255615234375,89.26416015625,1365.279296875,1204.842529296875
ID_EmTTcz.jpg,None,,,,,
ID_tW9laK.jpeg,healthy,0.3931736350059509,861.132080078125,168.57980346679688,3854.4013671875,1413.253662109375
ID_eNeH9u.jpg,anthracnose,0.4823915660381317,243.56787109375,243.07080078125,1917.955322265625,1321.488525390625
ID_pdHz5y.jpeg,cssvd,0.4915100634098053,68.18093872070312,48.92963409423828,3318.31689453125,2391.98095703125
ID_EsaBbF.jpeg,healthy,0.683741569519043,832.44091796875,0.0,2859.53271484375,2927.093017578125
ID_EsaBbF.jpeg,healthy,0.2798466384410858,2757.841796875,563.0054931640625,3997.430419921875,3024.0
ID_nRwW2A.jpg,healthy,0.4306561350822449,0.9343099594116211,0.0,903.4356689453125,708.9462280273438
ID_z4YpAE.jpeg,anthracnose,0.6886244416236877,2.629279851913452,0.0,3362.140869140625,1676.5653076171875
ID_kVPZX8.jpg,cssvd,0.3557049036026001,0.0,338.2212829589844,2728.857666015625,1857.869873046875
ID_iPhQrE.jpg,cssvd,0.6912384033203125,0.0,0.0,1103.1165771484375,676.9835815429688
ID_aatE8l.jpeg,None,,,,,
ID_MocvF0.jpg,cssvd,0.5498573184013367,0.0,55.05426025390625,350.94140625,332.6556701660156
ID_SdD2yO.JPG,cssvd,0.3793189823627472,412.35516357421875,267.312255859375,2854.8583984375,1496.4442138671875
ID_pliOuX.jpg,None,,,,,
ID_gs6Jao.jpg,cssvd,0.7132684588432312,43.74534606933594,25.931167602539062,1205.2947998046875,910.91943359375
ID_UIaTe7.jpg,anthracnose,0.4995535910129547,354.7773132324219,1125.9361572265625,3040.88720703125,2385.438232421875
ID_UIaTe7.jpg,anthracnose,0.32349327206611633,0.0,0.29267406463623047,3207.8828125,1340.5054931640625
ID_iZFxet.jpg,cssvd,0.8482577204704285,0.0,6.525750160217285,914.4161987304688,606.0669555664062
ID_l4spjA.JPG,healthy,0.6032052040100098,257.002685546875,670.9442138671875,2778.359619140625,2222.7158203125
ID_l4spjA.JPG,healthy,0.49452757835388184,528.8673706054688,1.784213900566101,2303.60009765625,926.3270874023438
ID_zUj61k.jpg,None,,,,,
ID_FoWi5J.jpeg,None,,,,,
ID_cF8g1J.jpg,cssvd,0.445810467004776,32.098388671875,28.645477294921875,1044.11181640625,956.4404907226562
ID_F604TY.jpg,cssvd,0.2566778063774109,93.15868377685547,319.9123229980469,3348.7783203125,2117.61669921875
ID_fBSCLP.jpg,cssvd,0.8579177260398865,0.0,0.0,906.8680419921875,679.5775756835938
ID_slp0C2.jpg,anthracnose,0.3283248245716095,0.0,32.082763671875,1747.408935546875,1214.968994140625
ID_zcSpGG.jpg,healthy,0.604087233543396,1035.3724365234375,258.4250793457031,2553.03564453125,1380.33740234375
ID_gwKLiE.jpg,cssvd,0.3119216561317444,535.598876953125,37.1236572265625,2007.475830078125,1153.540771484375
ID_L7VuIR.jpg,None,,,,,
ID_P8RwEx.jpeg,healthy,0.5056595206260681,1725.6839599609375,414.3038024902344,4018.12451171875,2278.642822265625
ID_MFVwJx.jpg,None,,,,,
ID_Q1KDRy.jpeg,cssvd,0.7451246976852417,653.269287109375,0.0,3381.013671875,2081.8798828125
ID_RN998C.jpeg,healthy,0.49186766147613525,909.25390625,19.68485450744629,2584.243408203125,2563.18212890625
ID_eWFKty.jpg,None,,,,,
ID_s762So.jpg,anthracnose,0.5291653871536255,412.1715087890625,615.7012939453125,2660.662841796875,1722.552490234375
ID_s762So.jpg,anthracnose,0.2585582137107849,1695.01025390625,1243.4024658203125,3264.0,2310.8388671875
ID_g5ysGT.jpg,anthracnose,0.459322065114975,87.56787109375,404.291015625,1625.8681640625,1237.92041015625
ID_XrMSwO.jpg,healthy,0.49178582429885864,48.40901184082031,172.3892059326172,322.5406799316406,399.6719665527344
ID_yIcAt3.jpg,healthy,0.6052029728889465,26.72991371154785,0.0,3536.1484375,1487.9481201171875
ID_yIcAt3.jpg,anthracnose,0.44859200716018677,0.0,589.2672119140625,3564.857666015625,2896.95703125
ID_l8hBRM.JPG,healthy,0.3687136173248291,1208.935546875,391.21551513671875,2590.778564453125,1544.8916015625
ID_l8hBRM.JPG,healthy,0.2786024212837219,1316.6160888671875,86.50179290771484,2501.744140625,600.5076293945312
ID_l8hBRM.JPG,healthy,0.27513742446899414,1049.596435546875,1085.45654296875,1957.97314453125,1711.7728271484375
ID_l8hBRM.JPG,healthy,0.2682996690273285,1080.9495849609375,391.67999267578125,2666.554443359375,1950.042724609375
ID_eYU5gV.jpeg,healthy,0.41065776348114014,0.0,201.8502197265625,3358.07763671875,2534.869873046875
ID_eYU5gV.jpeg,cssvd,0.30496665835380554,0.0,159.90228271484375,3268.8818359375,2541.74853515625
ID_eYU5gV.jpeg,healthy,0.2730875611305237,868.337890625,470.59014892578125,4032.0,2390.74658203125
ID_qfbYv3.jpg,anthracnose,0.4254142642021179,0.0,0.0,1664.534912109375,771.5980224609375
ID_qfbYv3.jpg,anthracnose,0.4060089886188507,163.9337158203125,206.79129028320312,1840.044189453125,1040.678466796875
ID_qfbYv3.jpg,anthracnose,0.3437928855419159,0.0,166.45053100585938,1630.173095703125,1135.4869384765625
ID_qfbYv3.jpg,anthracnose,0.28016090393066406,126.713623046875,0.0,1628.76171875,516.09130859375
ID_PR4rHy.jpeg,cssvd,0.2799836993217468,428.3573913574219,143.08619689941406,2450.760986328125,3150.833251953125
ID_bVaZn7.jpeg,cssvd,0.4774806797504425,58.0540885925293,406.9085388183594,3338.0302734375,2318.817626953125
ID_ch54d8.jpg,healthy,0.7237890958786011,920.07861328125,450.3411560058594,2633.837646484375,1653.58984375
ID_g8otVB.jpg,cssvd,0.6757951974868774,0.0,275.0631103515625,1732.51025390625,1484.0255126953125
ID_b0uf2A.jpg,cssvd,0.48361435532569885,0.0,641.6552124023438,3684.142333984375,3096.0
ID_p9fhXN.jpg,cssvd,0.486469030380249,1548.570068359375,1033.97021484375,3237.041259765625,2157.450439453125
ID_p9fhXN.jpg,cssvd,0.4551166296005249,2323.659423828125,16.308895111083984,3250.56201171875,1239.56396484375
ID_Mag0Kw.jpeg,anthracnose,0.39030012488365173,853.3939819335938,19.1640682220459,2936.54248046875,3267.924560546875
ID_Mag0Kw.jpeg,anthracnose,0.2715385854244232,859.7835083007812,652.0585327148438,3013.604248046875,3706.334716796875
ID_UTMPlH.jpeg,healthy,0.2801722288131714,1470.023681640625,50.63402557373047,3955.07373046875,1759.1796875
ID_d9Kawp.jpg,healthy,0.33037087321281433,27.5150146484375,637.7353515625,1089.2108154296875,1379.09814453125
ID_d9Kawp.jpg,cssvd,0.3225928246974945,79.75,2.866943359375,1770.4263916015625,1067.257080078125
ID_HsUaJs.jpg,cssvd,0.5573662519454956,537.0550537109375,63.884033203125,1902.3404541015625,1212.9796142578125
ID_HsUaJs.jpg,healthy,0.3884250819683075,70.53228759765625,9.435760498046875,901.2600708007812,391.3053894042969
ID_HsUaJs.jpg,cssvd,0.32862091064453125,455.03912353515625,219.416259765625,1608.0732421875,1117.7105712890625
ID_QnHz8A.jpg,cssvd,0.3867543041706085,213.8043212890625,285.825927734375,2037.5015869140625,1517.43212890625
ID_jO4Pjm.jpeg,anthracnose,0.646819531917572,0.0,0.0,3332.940185546875,1761.5391845703125
ID_ocMDD4.jpg,cssvd,0.6512653827667236,9.292631149291992,0.0,888.6326904296875,787.40869140625
ID_QqFVxR.jpeg,None,,,,,
ID_lmbhOa.jpg,anthracnose,0.26923710107803345,191.2908172607422,17.998809814453125,1069.0048828125,800.890625
ID_tARLwW.jpeg,healthy,0.48731356859207153,138.127197265625,8.25735855102539,1712.9498291015625,2317.080322265625
ID_tARLwW.jpeg,healthy,0.3536795377731323,681.4965209960938,17.63751792907715,4032.0,2568.543701171875
ID_IJpSTi.jpg,None,,,,,
ID_Ev1UJ0.jpg,healthy,0.2820892035961151,1387.2476806640625,375.32110595703125,2924.656005859375,1851.5401611328125
ID_czixZy.jpg,cssvd,0.7450713515281677,11.4605712890625,13.673477172851562,1150.3861083984375,863.01220703125
ID_ZXdMsB.jpg,None,,,,,
ID_LbTNkR.jpg,cssvd,0.7038790583610535,16.312942504882812,8.799362182617188,1143.6541748046875,778.6148681640625
ID_LbTNkR.jpg,cssvd,0.5402361750602722,255.85433959960938,12.663421630859375,1267.026611328125,756.669921875
ID_hQA5Qv.jpg,healthy,0.5143172740936279,0.0,0.0,315.70074462890625,184.3776092529297
ID_hQA5Qv.jpg,healthy,0.47414320707321167,0.0,26.63186264038086,377.0859375,310.2017822265625
ID_hQA5Qv.jpg,healthy,0.30586934089660645,4.409191131591797,0.0,271.7455749511719,150.3447723388672
ID_uSTE1c.jpg,cssvd,0.3828817307949066,11.084671020507812,430.6462097167969,960.0,1280.0
ID_W1Ldy3.jpg,anthracnose,0.5959290862083435,0.0,568.5009765625,3526.00390625,2867.685302734375
ID_f6eOd7.jpeg,anthracnose,0.6551437973976135,0.0,0.0,3418.40673828125,1498.9180908203125
ID_Ko3wiJ.jpg,cssvd,0.7534116506576538,0.49753904342651367,19.625659942626953,889.083251953125,574.1998291015625
ID_Ko3wiJ.jpg,cssvd,0.2927693724632263,161.0762176513672,505.1676025390625,547.9798583984375,804.2740478515625
ID_deS0wq.jpg,cssvd,0.7494648098945618,117.81881713867188,373.15655517578125,2626.34814453125,2036.864990234375
ID_zfVZ2p.jpg,cssvd,0.7440564036369324,0.6387090682983398,92.6468734741211,880.4071044921875,752.3743896484375
ID_tvu9FP.jpg,cssvd,0.6508496403694153,10.900955200195312,0.0,1079.8392333984375,651.304443359375
ID_tvu9FP.jpg,cssvd,0.3802531957626343,21.350173950195312,0.0,1097.4315185546875,396.1518859863281
ID_tvu9FP.jpg,healthy,0.25343024730682373,171.1651611328125,533.2349243164062,758.168701171875,958.2840576171875
ID_gyfUir.jpg,None,,,,,
ID_ibwcq7.jpg,cssvd,0.6431578397750854,0.0,88.62078857421875,927.5297241210938,797.0758666992188
ID_r0VhGy.jpeg,None,,,,,
ID_SO8UBg.jpg,None,,,,,
ID_iWDZvd.jpeg,cssvd,0.3049960136413574,1338.5177001953125,626.3403930664062,3503.56982421875,1855.596923828125
ID_nShX8a.jpg,cssvd,0.808603823184967,0.0,2.1400809288024902,898.3875732421875,627.5399169921875
ID_nShX8a.jpg,cssvd,0.3244105577468872,24.14271354675293,12.586469650268555,705.1303100585938,583.3517456054688
ID_nShX8a.jpg,cssvd,0.30046704411506653,24.725933074951172,258.30755615234375,816.897705078125,810.0
ID_tq5475.jpg,healthy,0.4621450901031494,217.2017364501953,466.0850524902344,2311.4521484375,1441.42236328125
ID_CTJaUE.jpg,anthracnose,0.2982095777988434,35.50275421142578,235.7468719482422,3598.21337890625,2263.777099609375
ID_WBEKHx.jpeg,healthy,0.3102135956287384,141.07876586914062,449.0251770019531,3524.8525390625,2682.87158203125
ID_AaL0uh.jpeg,cssvd,0.78067946434021,0.0,0.0,3434.943359375,2099.57421875
ID_AaL0uh.jpeg,cssvd,0.5927029848098755,815.5430908203125,0.0,3759.214111328125,1988.29736328125
ID_msd0pU.jpg,anthracnose,0.49179312586784363,0.0,129.3016815185547,1087.6585693359375,826.1776733398438
ID_GSj4su.jpeg,None,,,,,
ID_XuSm0l.jpg,cssvd,0.6440491676330566,244.1423797607422,452.7586364746094,2770.62451171875,1726.6385498046875
ID_S4UOLv.jpg,cssvd,0.4672481119632721,36.07581329345703,93.08931732177734,384.2908020019531,318.2829284667969
ID_S4UOLv.jpg,healthy,0.25786444544792175,41.03975296020508,0.0,207.20870971679688,156.94203186035156
ID_bqjNRc.JPG,cssvd,0.296328604221344,55.64408874511719,2.3805084228515625,1665.459716796875,847.3353881835938
ID_RcDJTg.jpg,cssvd,0.28305917978286743,188.77651977539062,1.5665321350097656,416.0,264.561279296875
ID_RpAD1x.jpg,anthracnose,0.3111642897129059,0.0,224.018310546875,3516.224365234375,2506.648681640625
ID_XYvWnu.jpg,None,,,,,
ID_HiQLuc.jpg,cssvd,0.44883039593696594,170.164794921875,61.61341094970703,647.0952758789062,733.4131469726562
ID_HiQLuc.jpg,cssvd,0.4026852548122406,186.16412353515625,332.4791564941406,603.9016723632812,1077.73681640625
ID_HiQLuc.jpg,cssvd,0.29788485169410706,172.83279418945312,180.9847412109375,611.1354370117188,944.9552001953125
ID_oxrYai.jpg,anthracnose,0.3134412467479706,0.0,464.9308166503906,2560.42822265625,1869.609130859375
ID_J45fgy.jpg,cssvd,0.4822893440723419,13.052659034729004,34.48958206176758,952.9161987304688,691.9466552734375
ID_J45fgy.jpg,cssvd,0.2836233675479889,57.79216384887695,94.754638671875,751.4642333984375,705.795166015625
ID_QegU5S.jpeg,healthy,0.304589182138443,38.1992073059082,0.0,2463.731201171875,769.4515991210938
ID_QegU5S.jpeg,healthy,0.2944815754890442,3.2573776245117188,0.0,2553.396240234375,1086.3148193359375
ID_lU7egE.jpg,cssvd,0.4868493974208832,6.027374267578125,282.160400390625,960.0,1254.9906005859375
ID_lU7egE.jpg,cssvd,0.34121036529541016,0.0,70.89096069335938,948.4762573242188,1095.693359375
ID_lU7egE.jpg,cssvd,0.2931433320045471,16.597976684570312,0.4862213134765625,960.0,827.9633178710938
ID_zpXC4u.JPG,healthy,0.7714770436286926,152.4198455810547,709.5640258789062,2798.215576171875,2062.2275390625
ID_sbu14T.jpg,None,,,,,
ID_L7jdBx.jpg,None,,,,,
ID_xXWJsa.jpg,cssvd,0.7276514768600464,122.75064849853516,18.910411834716797,2981.036865234375,2018.1116943359375
ID_xXWJsa.jpg,cssvd,0.39827316999435425,825.237548828125,25.14767074584961,3222.6171875,2005.572021484375
ID_Y83vnf.jpeg,healthy,0.511478841304779,557.538330078125,439.3467712402344,3805.620361328125,2068.414306640625
ID_vyuFDL.jpg,cssvd,0.4007757604122162,86.83500671386719,481.97698974609375,3299.9423828125,2102.102783203125
ID_vyuFDL.jpg,cssvd,0.2713417112827301,49.35894775390625,1600.0589599609375,3222.34619140625,3096.0
ID_tIC8Rp.jpg,None,,,,,
ID_Gd3VXA.jpg,None,,,,,
ID_QgrbIr.jpg,cssvd,0.3586762845516205,1348.875244140625,53.40190887451172,3211.7958984375,1902.070556640625
ID_f2N5AI.jpeg,anthracnose,0.31192055344581604,20.46675682067871,381.69305419921875,2687.5302734375,2206.15234375
ID_mirK4L.JPG,healthy,0.41331747174263,270.48126220703125,662.1140747070312,1037.97509765625,1131.453857421875
ID_mirK4L.JPG,healthy,0.29268088936805725,1084.9512939453125,834.2055053710938,1874.34423828125,1596.8052978515625
ID_mirK4L.JPG,healthy,0.2806529998779297,1599.1883544921875,726.683349609375,2441.12255859375,1406.5748291015625
ID_ws8Esn.jpg,cssvd,0.3054816722869873,7.834711074829102,36.01921463012695,792.1376342773438,708.9908447265625
ID_Tl30M7.jpeg,None,,,,,
ID_RgKZv7.jpeg,healthy,0.3657424747943878,1354.3331298828125,68.45154571533203,2940.8095703125,1628.8316650390625
ID_Ra1OWt.jpg,cssvd,0.7975475192070007,0.0,82.78488159179688,1125.5052490234375,923.9102172851562
ID_mHoDGw.JPG,None,,,,,
ID_EdzwdN.jpg,anthracnose,0.2756584584712982,0.0,487.97686767578125,3516.998046875,2886.832763671875
ID_fO7fgj.jpg,cssvd,0.43982577323913574,0.0,0.0,903.1493530273438,798.6427001953125
ID_OgEb5I.jpg,None,,,,,
ID_zPqRJN.jpeg,healthy,0.5501264333724976,0.0,109.08056640625,3447.720458984375,2351.935546875
ID_rHask9.jpg,cssvd,0.835983157157898,0.0,137.0233154296875,1101.5157470703125,946.5076904296875
ID_FQ4xbi.jpg,anthracnose,0.5590901970863342,103.58917236328125,249.89120483398438,1149.8182373046875,733.8168334960938
ID_tUm5mY.jpg,healthy,0.28116723895072937,976.2889404296875,830.4781494140625,2787.793212890625,1715.238525390625
ID_SQy8i7.jpeg,cssvd,0.5142591595649719,0.0,341.1130676269531,2962.93408203125,2772.49072265625
ID_eUljiC.jpg,cssvd,0.8734257221221924,0.0,19.86785888671875,1098.0526123046875,802.5655517578125
ID_OVVyOZ.jpg,None,,,,,
ID_KlqixB.jpg,cssvd,0.5895761251449585,45.30128479003906,309.901123046875,942.2649536132812,1270.302978515625
ID_KlqixB.jpg,cssvd,0.4233185052871704,146.41464233398438,18.620529174804688,948.1559448242188,1135.1903076171875
ID_J2PCAO.jpeg,None,,,,,
ID_LqMAW4.jpeg,cssvd,0.7832084894180298,0.0,458.8749694824219,2746.447265625,2408.096923828125
ID_kz9PiB.jpeg,cssvd,0.36938780546188354,2419.771484375,634.7445068359375,4032.0,2998.85498046875
ID_aH8VDa.jpeg,anthracnose,0.2895088791847229,0.0,21.700468063354492,2970.859375,2993.3525390625
ID_waXjb4.jpg,cssvd,0.6290013790130615,6.361212730407715,29.521852493286133,949.3780517578125,688.3325805664062
ID_tK5PSV.jpeg,None,,,,,
ID_jcfiYK.jpeg,cssvd,0.570287823677063,0.0,149.45748901367188,3469.52734375,2602.337890625
ID_kvMeX2.JPG,cssvd,0.619669497013092,630.233154296875,359.6013488769531,3028.009033203125,1648.5224609375
ID_p8IW20.jpeg,None,,,,,
ID_oUmw03.jpeg,healthy,0.506784200668335,98.09791564941406,1722.13427734375,2961.46240234375,3252.27392578125
ID_oUmw03.jpeg,healthy,0.39429426193237305,103.34855651855469,714.0135498046875,3024.0,2537.369873046875
ID_oUmw03.jpeg,cssvd,0.3939145803451538,75.14942932128906,2930.40771484375,2194.74462890625,3904.294921875
ID_B9DYFf.jpg,cssvd,0.48695486783981323,55.94453048706055,0.0,959.7708740234375,802.6551513671875
ID_P2WvnN.jpg,None,,,,,
ID_FC7Nif.jpg,None,,,,,
ID_V0D6Lp.jpeg,anthracnose,0.2921059727668762,473.636474609375,70.68405151367188,1065.005615234375,471.3677978515625
ID_XzSqhK.JPG,None,,,,,
ID_GMWGve.jpg,cssvd,0.41891834139823914,9.771051406860352,6.322524547576904,977.9505004882812,810.0
ID_cLSG16.jpg,None,,,,,
ID_Vt07u8.jpg,healthy,0.3579544126987457,669.1407470703125,595.3211669921875,1247.9835205078125,1123.7156982421875
ID_ksQokG.jpg,cssvd,0.4043353497982025,27.686256408691406,210.90377807617188,785.895751953125,1080.0
ID_xYJaCN.jpg,cssvd,0.3229617774486542,47.02321243286133,328.01861572265625,3156.9833984375,2111.111328125
ID_RvIRbs.jpeg,healthy,0.3617629408836365,101.17047882080078,0.0,2437.97412109375,3565.8837890625
ID_RvIRbs.jpeg,healthy,0.3138068616390228,14.979514122009277,1013.1861572265625,3010.193603515625,3980.67138671875
ID_uybmws.jpg,cssvd,0.6841626763343811,98.98574829101562,150.91148376464844,1206.505126953125,826.8815307617188
ID_mk4EeG.jpg,healthy,0.3959658443927765,97.62804412841797,133.6132049560547,367.6180419921875,322.70025634765625
ID_VqylTD.jpeg,None,,,,,
ID_kLKJFt.jpg,None,,,,,
ID_zwPCo9.jpg,cssvd,0.7189748287200928,19.31884765625,9.254150390625,1114.311279296875,782.051025390625
ID_ddUcmh.jpeg,cssvd,0.4666396975517273,140.8804931640625,12.399374961853027,3631.643310546875,2424.86279296875
ID_h4waf5.jpeg,healthy,0.373381108045578,426.5640869140625,454.82916259765625,2959.076171875,3668.763427734375
ID_AKu1Rh.jpeg,cssvd,0.3661259412765503,876.4971923828125,686.7250366210938,3024.0,3579.6064453125
ID_AKu1Rh.jpeg,cssvd,0.31690847873687744,1013.3795166015625,132.3546905517578,3024.0,2900.256103515625
ID_RxjY1r.jpg,healthy,0.6551305055618286,626.3947143554688,974.5888671875,1640.91943359375,2490.455322265625
ID_iTTByS.jpg,None,,,,,
ID_UjUA9i.jpg,cssvd,0.42376548051834106,415.4613952636719,151.1932373046875,1347.62841796875,1470.5201416015625
ID_FM0sbd.JPG,healthy,0.44535908102989197,1680.2171630859375,838.52294921875,3264.0,2448.0
ID_FM0sbd.JPG,healthy,0.3642449676990509,1168.85400390625,0.0,2675.0380859375,1991.18603515625
ID_j5mVgB.JPG,cssvd,0.39258891344070435,0.0,3.283802032470703,2693.976806640625,1748.4798583984375
ID_PStxKH.jpg,healthy,0.6126632690429688,41.57352828979492,140.62220764160156,359.4170837402344,376.1701354980469
ID_aaSu0i.jpg,healthy,0.726018488407135,17.041820526123047,109.91690063476562,382.0854797363281,362.4778747558594
ID_aaSu0i.jpg,healthy,0.6054984927177429,0.0,0.0,299.2733459472656,253.64637756347656
ID_aaSu0i.jpg,healthy,0.47331345081329346,0.0,41.323638916015625,329.4623718261719,317.3817443847656
ID_aaSu0i.jpg,healthy,0.2998599112033844,0.0,155.36770629882812,318.132080078125,409.5008239746094
ID_y3kw3c.jpg,cssvd,0.7087803483009338,7.982635498046875,34.59861755371094,1162.3797607421875,850.9873657226562
ID_L9vR9c.jpeg,cssvd,0.4038478136062622,68.36863708496094,36.7376594543457,2962.91748046875,2086.428466796875
ID_L9vR9c.jpeg,healthy,0.36107566952705383,74.94347381591797,1970.117431640625,2955.674072265625,3816.854736328125
ID_aTp7Wk.jpeg,cssvd,0.2852311134338379,341.2599182128906,107.4900894165039,2857.801513671875,3068.401123046875
ID_fNXlqL.jpeg,None,,,,,
ID_YCzZMn.jpg,None,,,,,
ID_xiDYGL.jpg,cssvd,0.7810700535774231,0.0,46.6180305480957,365.45086669921875,360.87139892578125
ID_H8j5jt.jpeg,healthy,0.3361191153526306,118.34970092773438,68.67625427246094,3646.41845703125,3024.0
ID_UeBBfA.jpg,healthy,0.26386016607284546,475.03662109375,404.8398132324219,1514.0888671875,1053.107421875
ID_yAA9sh.jpeg,cssvd,0.5152835249900818,42.15232849121094,233.6177215576172,2734.760009765625,2490.373046875
ID_Ve7W8p.jpeg,healthy,0.4558430016040802,2.7582204341888428,0.0,3260.946533203125,2425.90673828125
ID_XOILgQ.jpg,cssvd,0.42742159962654114,0.0,194.0838623046875,873.2139282226562,1280.0
ID_YdYAzU.jpg,healthy,0.46801379323005676,104.99181365966797,456.48211669921875,775.6988525390625,778.4190063476562
ID_YdYAzU.jpg,healthy,0.4512086510658264,57.988372802734375,102.8740005493164,909.7138061523438,628.9862060546875
ID_q6BhHX.jpeg,None,,,,,
ID_wbgAMO.jpg,cssvd,0.5205848813056946,122.34664916992188,106.8182373046875,1161.113525390625,780.144775390625
ID_HzGJHG.jpg,cssvd,0.817295491695404,0.2526092529296875,132.45712280273438,1153.2330322265625,926.2998657226562
ID_HzGJHG.jpg,healthy,0.26155415177345276,43.68560791015625,0.0,1094.6248779296875,493.1062927246094
ID_LnbQQF.jpg,anthracnose,0.31004267930984497,0.0,248.11428833007812,3758.190673828125,2969.357666015625
ID_FQs6k1.jpg,cssvd,0.5729264616966248,11.716064453125,43.587890625,1714.43603515625,1293.4814453125
ID_C3AIRq.jpg,cssvd,0.6845343112945557,6.4475250244140625,3.3965301513671875,1155.49755859375,832.3270874023438
ID_pZxwNH.jpg,cssvd,0.8353846073150635,3.5791397094726562,10.058670043945312,879.1087646484375,652.0737915039062
ID_hxlQYU.jpg,healthy,0.38370880484580994,214.92874145507812,121.16676330566406,809.1575317382812,524.1396484375
ID_hxlQYU.jpg,healthy,0.35325533151626587,32.76741027832031,268.0516662597656,417.8887023925781,771.9439086914062
ID_hxlQYU.jpg,healthy,0.33590126037597656,52.58636474609375,1.22039794921875,981.3323974609375,514.40283203125
ID_cF0WSr.jpg,None,,,,,
ID_wKhaSp.jpg,None,,,,,
ID_IemiUM.jpg,cssvd,0.25378480553627014,4.411199569702148,87.78227996826172,369.4116516113281,405.5734558105469
ID_DQIbC9.jpeg,cssvd,0.394916296005249,165.06874084472656,0.0,747.1817016601562,303.400146484375
ID_VLFJSv.jpg,cssvd,0.3051455616950989,11.441650390625,10.889892578125,1829.366943359375,1320.63330078125
ID_hZNoLp.jpg,healthy,0.259652704000473,2228.187744140625,32.27134323120117,3264.0,1602.726318359375
ID_EFetFh.jpg,cssvd,0.5406917929649353,0.0,307.9518127441406,926.0736694335938,1280.0
ID_wjNoYf.jpeg,healthy,0.42522087693214417,511.09698486328125,75.35514831542969,2278.027587890625,3022.688720703125
ID_wjNoYf.jpeg,healthy,0.38547995686531067,438.0581359863281,570.1408081054688,2335.0078125,3742.209716796875
ID_W4b7ZX.jpg,healthy,0.31042301654815674,331.4774169921875,0.0,2217.513427734375,811.2758178710938
ID_W4b7ZX.jpg,healthy,0.26471659541130066,1056.095947265625,360.83746337890625,2092.51513671875,1892.2611083984375
ID_DyHG2r.jpg,cssvd,0.3160020411014557,0.0,113.64166259765625,931.3493041992188,1280.0
ID_hHQBc3.jpg,healthy,0.47285693883895874,255.2976531982422,348.2231140136719,2414.928466796875,1728.3427734375
ID_LEiRHI.jpg,cssvd,0.28192833065986633,349.1357116699219,4.1298980712890625,2263.3447265625,1865.0279541015625
ID_yUCeOK.JPG,healthy,0.34701892733573914,619.6052856445312,1438.9356689453125,1453.0233154296875,1953.8203125
ID_REmUN4.jpeg,None,,,,,
